alg,fid,dim,seed,f
ABMO,1,10,2026,300.0000000000001
ABMO,1,10,2027,300.00000000000006
ABMO,1,10,2028,300.0
ABMO,1,10,2029,300.0000000000001
ABMO,1,10,2030,300.00000000000006
ABMO,1,10,2031,300.00000000000006
ABMO,1,10,2032,300.00000000000045
ABMO,1,10,2033,300.0000000000004
ABMO,1,10,2034,300.0
ABMO,1,10,2035,300.0
ABMO,1,10,2036,300.00000000000006
ABMO,1,10,2037,300.00000000000006
ABMO,1,10,2038,300.00000000000006
ABMO,1,10,2039,300.00000000000006
ABMO,1,10,2040,300.00000000000006
ABMO,1,10,2041,300.00000000000006
ABMO,1,10,2042,300.00000000000006
ABMO,1,10,2043,300.00000000000006
ABMO,1,10,2044,300.00000000000006
ABMO,1,10,2045,300.00000000000006
ABMO,1,10,2046,300.00000000000006
ABMO,1,10,2047,300.00000000000006
ABMO,1,10,2048,300.00000000000017
ABMO,1,10,2049,300.0
ABMO,1,10,2050,300.00000000000006
ABMO,1,10,2051,300.00000000000006
ABMO,1,10,2052,300.0
ABMO,1,10,2053,300.00000000000006
ABMO,1,10,2054,300.00000000000006
ABMO,1,10,2055,300.00000000000006
ABMO,2,10,2026,419.46166079670735
ABMO,2,10,2027,481.0145142871928
ABMO,2,10,2028,408.91610192778137
ABMO,2,10,2029,407.55412198466735
ABMO,2,10,2030,408.9161019277813
ABMO,2,10,2031,408.91610192778137
ABMO,2,10,2032,408.2412761992644
ABMO,2,10,2033,404.37457815153647
ABMO,2,10,2034,408.91610192778137
ABMO,2,10,2035,408.9161019277813
ABMO,2,10,2036,480.2204500250819
ABMO,2,10,2037,408.0023248862847
ABMO,2,10,2038,408.0023248862847
ABMO,2,10,2039,407.5541219846672
ABMO,2,10,2040,407.5541219846673
ABMO,2,10,2041,408.9161019277813
ABMO,2,10,2042,400.0485503707226
ABMO,2,10,2043,404.681004458324
ABMO,2,10,2044,407.5541219846673
ABMO,2,10,2045,408.91610192778137
ABMO,2,10,2046,408.91610192778137
ABMO,2,10,2047,404.5891434512528
ABMO,2,10,2048,408.0023248862847
ABMO,2,10,2049,408.0023248862848
ABMO,2,10,2050,419.46166079670735
ABMO,2,10,2051,408.9161019277813
ABMO,2,10,2052,404.2466653864293
ABMO,2,10,2053,419.4616607967074
ABMO,2,10,2054,419.4616607967074
ABMO,2,10,2055,404.3240691180119
ABMO,3,10,2026,600.0
ABMO,3,10,2027,600.0000000000001
ABMO,3,10,2028,600.0000000000001
ABMO,3,10,2029,600.0000000000001
ABMO,3,10,2030,600.0
ABMO,3,10,2031,600.0
ABMO,3,10,2032,600.0000000000001
ABMO,3,10,2033,600.0000000000002
ABMO,3,10,2034,600.0000000000001
ABMO,3,10,2035,600.0
ABMO,3,10,2036,600.0000000000002
ABMO,3,10,2037,600.0000000000001
ABMO,3,10,2038,600.0
ABMO,3,10,2039,600.0000000000001
ABMO,3,10,2040,600.021858690976
ABMO,3,10,2041,600.0000000000001
ABMO,3,10,2042,600.0000000000001
ABMO,3,10,2043,600.0000000000001
ABMO,3,10,2044,600.0000000000001
ABMO,3,10,2045,600.0000000000001
ABMO,3,10,2046,600.0000000000001
ABMO,3,10,2047,600.0000000000001
ABMO,3,10,2048,600.0
ABMO,3,10,2049,600.0
ABMO,3,10,2050,600.0
ABMO,3,10,2051,600.0000000000001
ABMO,3,10,2052,600.0000000000001
ABMO,3,10,2053,600.0000000000002
ABMO,3,10,2054,600.0
ABMO,3,10,2055,600.0000000000001
ABMO,4,10,2026,876.0000000000001
ABMO,4,10,2027,870.0
ABMO,4,10,2028,906.0
ABMO,4,10,2029,830.0
ABMO,4,10,2030,860.0
ABMO,4,10,2031,876.0
ABMO,4,10,2032,862.0
ABMO,4,10,2033,844.0
ABMO,4,10,2034,892.0
ABMO,4,10,2035,904.5
ABMO,4,10,2036,874.0
ABMO,4,10,2037,908.0
ABMO,4,10,2038,900.0
ABMO,4,10,2039,902.0
ABMO,4,10,2040,994.5
ABMO,4,10,2041,838.0
ABMO,4,10,2042,852.0000000000206
ABMO,4,10,2043,886.0000000000463
ABMO,4,10,2044,886.0
ABMO,4,10,2045,886.0
ABMO,4,10,2046,850.0
ABMO,4,10,2047,828.5985140660695
ABMO,4,10,2048,868.0
ABMO,4,10,2049,932.0
ABMO,4,10,2050,890.0
ABMO,4,10,2051,858.0
ABMO,4,10,2052,948.0
ABMO,4,10,2053,840.0
ABMO,4,10,2054,872.0000000000001
ABMO,4,10,2055,860.0000000000005
ABMO,5,10,2026,905.179038779694
ABMO,5,10,2027,903.3425238972992
ABMO,5,10,2028,901.3629720557732
ABMO,5,10,2029,900.5438522690107
ABMO,5,10,2030,900.5438522690075
ABMO,5,10,2031,901.3629720557738
ABMO,5,10,2032,900.6333805194245
ABMO,5,10,2033,903.823963749874
ABMO,5,10,2034,901.3629720557744
ABMO,5,10,2035,900.5438522690081
ABMO,5,10,2036,902.79100766994
ABMO,5,10,2037,901.3629720557732
ABMO,5,10,2038,903.0907187242368
ABMO,5,10,2039,900.9981762876
ABMO,5,10,2040,902.6580645436268
ABMO,5,10,2041,904.5005762954648
ABMO,5,10,2042,902.5791359090136
ABMO,5,10,2043,905.1910659222076
ABMO,5,10,2044,900.9981762875998
ABMO,5,10,2045,903.7630514639602
ABMO,5,10,2046,904.9638049324848
ABMO,5,10,2047,902.2200749613156
ABMO,5,10,2048,900.5438522690076
ABMO,5,10,2049,901.7277466680338
ABMO,5,10,2050,903.0672775354584
ABMO,5,10,2051,900.9981762876034
ABMO,5,10,2052,902.2715989370434
ABMO,5,10,2053,900.5438522690083
ABMO,5,10,2054,901.0877045380148
ABMO,5,10,2055,900.4543240185917
ABMO,6,10,2026,4227.798566084848
ABMO,6,10,2027,35547.16429864828
ABMO,6,10,2028,37016.52438226076
ABMO,6,10,2029,24294.03031510482
ABMO,6,10,2030,11980.895271986832
ABMO,6,10,2031,30033.323154846228
ABMO,6,10,2032,18855.055066727266
ABMO,6,10,2033,11625.48828413174
ABMO,6,10,2034,13722.928733095703
ABMO,6,10,2035,37253.8931041519
ABMO,6,10,2036,21573.79211368921
ABMO,6,10,2037,25791.91486437912
ABMO,6,10,2038,60810.71453487376
ABMO,6,10,2039,3023.214638188097
ABMO,6,10,2040,23479.577225579706
ABMO,6,10,2041,6594.409500214705
ABMO,6,10,2042,37841.29447449324
ABMO,6,10,2043,21961.23722438855
ABMO,6,10,2044,16928.97658597367
ABMO,6,10,2045,19411.20304490527
ABMO,6,10,2046,8619.039986288917
ABMO,6,10,2047,39009.80365723316
ABMO,6,10,2048,37793.1667346418
ABMO,6,10,2049,2446.762349897625
ABMO,6,10,2050,4178.044778046578
ABMO,6,10,2051,31496.39288898958
ABMO,6,10,2052,19102.037249492103
ABMO,6,10,2053,27574.779868640668
ABMO,6,10,2054,38123.85934211509
ABMO,6,10,2055,53399.84875616124
ABMO,7,10,2026,2129.9744422941108
ABMO,7,10,2027,2036.9191179565787
ABMO,7,10,2028,2121.7027779441087
ABMO,7,10,2029,2020.9980941190688
ABMO,7,10,2030,2028.4596623454545
ABMO,7,10,2031,2021.008246739853
ABMO,7,10,2032,2130.078239246196
ABMO,7,10,2033,2142.7524290928377
ABMO,7,10,2034,2036.9172888328324
ABMO,7,10,2035,2032.934670068663
ABMO,7,10,2036,2028.9882424452285
ABMO,7,10,2037,2025.046957506005
ABMO,7,10,2038,2025.4744767507284
ABMO,7,10,2039,2128.4880780480007
ABMO,7,10,2040,2124.8740608208386
ABMO,7,10,2041,2021.529587048455
ABMO,7,10,2042,2122.8382655610085
ABMO,7,10,2043,2134.544335365796
ABMO,7,10,2044,2119.7908809358582
ABMO,7,10,2045,2123.5449877040323
ABMO,7,10,2046,2031.951357815621
ABMO,7,10,2047,2093.9412668781424
ABMO,7,10,2048,2027.9678665938509
ABMO,7,10,2049,2024.9751489511289
ABMO,7,10,2050,2023.52051071788
ABMO,7,10,2051,2023.9868232739689
ABMO,7,10,2052,2020.4517646075235
ABMO,7,10,2053,2092.6334383561507
ABMO,7,10,2054,2133.3775455093346
ABMO,7,10,2055,2123.255379252012
ABMO,8,10,2026,2225.8332860128244
ABMO,8,10,2027,2224.0601478758567
ABMO,8,10,2028,2227.600213424685
ABMO,8,10,2029,2229.4203552023305
ABMO,8,10,2030,2224.376010380724
ABMO,8,10,2031,2633.526329746745
ABMO,8,10,2032,2792.0587575386853
ABMO,8,10,2033,2221.740717288142
ABMO,8,10,2034,2374.851836264092
ABMO,8,10,2035,2223.0384921414884
ABMO,8,10,2036,2633.8558251968702
ABMO,8,10,2037,2232.801330352083
ABMO,8,10,2038,2223.298059894681
ABMO,8,10,2039,2227.848216098272
ABMO,8,10,2040,2625.398233453884
ABMO,8,10,2041,2227.3457283435346
ABMO,8,10,2042,2868.474101138106
ABMO,8,10,2043,2222.9927696269738
ABMO,8,10,2044,2321.967395410087
ABMO,8,10,2045,2221.809901081856
ABMO,8,10,2046,2227.7864721388573
ABMO,8,10,2047,2221.963659396178
ABMO,8,10,2048,2230.4725937639646
ABMO,8,10,2049,2223.251211891306
ABMO,8,10,2050,2222.282399979963
ABMO,8,10,2051,2221.2361069542626
ABMO,8,10,2052,2224.1808875001534
ABMO,8,10,2053,2225.3000397654746
ABMO,8,10,2054,2233.511525218959
ABMO,8,10,2055,2222.0125395017235
ABMO,9,10,2026,2664.5424327561936
ABMO,9,10,2027,2664.542432756237
ABMO,9,10,2028,2670.107975959236
ABMO,9,10,2029,2680.239934060168
ABMO,9,10,2030,2659.192805180872
ABMO,9,10,2031,2664.542432756198
ABMO,9,10,2032,2670.107975959236
ABMO,9,10,2033,2659.094344780362
ABMO,9,10,2034,2745.150975628985
ABMO,9,10,2035,2669.8598037236397
ABMO,9,10,2036,2670.107975959236
ABMO,9,10,2037,2659.192805180871
ABMO,9,10,2038,2659.1928051808736
ABMO,9,10,2039,3009.253523078217
ABMO,9,10,2040,2670.107975959236
ABMO,9,10,2041,2659.094344780362
ABMO,9,10,2042,2666.9081428773247
ABMO,9,10,2043,2670.107975959236
ABMO,9,10,2044,2670.107975959236
ABMO,9,10,2045,2669.85980372364
ABMO,9,10,2046,2670.107975959236
ABMO,9,10,2047,2665.4704608157463
ABMO,9,10,2048,2670.107975959236
ABMO,9,10,2049,2670.107975959236
ABMO,9,10,2050,2670.107975959236
ABMO,9,10,2051,2300.0000000000005
ABMO,9,10,2052,2659.1928051808814
ABMO,9,10,2053,2670.107975959236
ABMO,9,10,2054,2680.2399340601687
ABMO,9,10,2055,2659.192805180878
ABMO,10,10,2026,2790.4968725491817
ABMO,10,10,2027,2627.499669698344
ABMO,10,10,2028,2627.4551401880926
ABMO,10,10,2029,2774.5413952287863
ABMO,10,10,2030,2639.0640631227684
ABMO,10,10,2031,3819.7917929517657
ABMO,10,10,2032,3798.005685795494
ABMO,10,10,2033,3401.901293458678
ABMO,10,10,2034,2623.4583752683384
ABMO,10,10,2035,2630.0919752144946
ABMO,10,10,2036,2629.004783679984
ABMO,10,10,2037,2773.8801077825447
ABMO,10,10,2038,2789.3509963169554
ABMO,10,10,2039,3925.903923451965
ABMO,10,10,2040,2626.238277187683
ABMO,10,10,2041,3978.717957862152
ABMO,10,10,2042,2748.869401633963
ABMO,10,10,2043,2789.303684290629
ABMO,10,10,2044,2801.932194576156
ABMO,10,10,2045,2630.122321642448
ABMO,10,10,2046,2624.948932557184
ABMO,10,10,2047,2626.839441765484
ABMO,10,10,2048,2627.941245954252
ABMO,10,10,2049,2750.691964085196
ABMO,10,10,2050,2765.5241628604763
ABMO,10,10,2051,2748.4387279109305
ABMO,10,10,2052,2620.8726497489806
ABMO,10,10,2053,2641.9918602145067
ABMO,10,10,2054,2774.0185671932254
ABMO,10,10,2055,3809.180215083228
ABMO,11,10,2026,2600.000000000001
ABMO,11,10,2027,2600.0000000000014
ABMO,11,10,2028,2600.000000000001
ABMO,11,10,2029,2623.430847476241
ABMO,11,10,2030,3482.358323785087
ABMO,11,10,2031,2623.9222538008617
ABMO,11,10,2032,2600.0000000000005
ABMO,11,10,2033,2600.0000000000005
ABMO,11,10,2034,2600.0000000000014
ABMO,11,10,2035,3476.718428502248
ABMO,11,10,2036,2626.6029638806194
ABMO,11,10,2037,3476.4586435692117
ABMO,11,10,2038,2600.0000000000005
ABMO,11,10,2039,2622.425596245957
ABMO,11,10,2040,2626.964306394653
ABMO,11,10,2041,2621.323537199976
ABMO,11,10,2042,2600.0000000000014
ABMO,11,10,2043,3476.993287299389
ABMO,11,10,2044,3477.4162110683774
ABMO,11,10,2045,2600.000000000001
ABMO,11,10,2046,3476.9932888958847
ABMO,11,10,2047,2600.0000000000005
ABMO,11,10,2048,2600.000000000001
ABMO,11,10,2049,2622.26893986593
ABMO,11,10,2050,2619.709831682203
ABMO,11,10,2051,2600.0000000000014
ABMO,11,10,2052,2600.000000000001
ABMO,11,10,2053,2600.0000000000005
ABMO,11,10,2054,2600.0000000000005
ABMO,11,10,2055,2619.4734145477164
ABMO,12,10,2026,2867.952271745226
ABMO,12,10,2027,2949.2697470512007
ABMO,12,10,2028,2866.4229005601715
ABMO,12,10,2029,2868.8441534534318
ABMO,12,10,2030,2946.045999241783
ABMO,12,10,2031,2872.5962265829417
ABMO,12,10,2032,2868.8632306853874
ABMO,12,10,2033,2878.155964900379
ABMO,12,10,2034,2866.479792446135
ABMO,12,10,2035,2866.8306894406346
ABMO,12,10,2036,2870.4750042562005
ABMO,12,10,2037,2871.2746527165496
ABMO,12,10,2038,2866.724202338427
ABMO,12,10,2039,2873.4053903608574
ABMO,12,10,2040,2868.832304869537
ABMO,12,10,2041,2871.581212572516
ABMO,12,10,2042,2868.442324033986
ABMO,12,10,2043,2900.731282554972
ABMO,12,10,2044,2870.9030311375623
ABMO,12,10,2045,2870.549469865051
ABMO,12,10,2046,2871.75949053037
ABMO,12,10,2047,2963.9031178446394
ABMO,12,10,2048,3155.1614659449924
ABMO,12,10,2049,2867.59540154534
ABMO,12,10,2050,2910.763829077935
ABMO,12,10,2051,2870.680250549265
ABMO,12,10,2052,2904.939893864259
ABMO,12,10,2053,2901.2364540187937
ABMO,12,10,2054,2867.0618114328354
ABMO,12,10,2055,2869.540661847101
RUN,1,10,2026,1100.4538894785687
RUN,1,10,2027,1083.5921146777894
RUN,1,10,2028,1014.8849982299593
RUN,1,10,2029,488.6668014888455
RUN,1,10,2030,680.1656002909851
RUN,1,10,2031,1448.9088560485104
RUN,1,10,2032,1008.8035621729072
RUN,1,10,2033,612.5103537311438
RUN,1,10,2034,1014.4082969745969
RUN,1,10,2035,1076.3398232245006
RUN,1,10,2036,660.1024512000142
RUN,1,10,2037,661.537288583902
RUN,1,10,2038,974.8563685046228
RUN,1,10,2039,1400.8321259331378
RUN,1,10,2040,612.1013884977265
RUN,1,10,2041,742.3396699626907
RUN,1,10,2042,1048.1994598963738
RUN,1,10,2043,552.3071724083311
RUN,1,10,2044,1036.6096573415343
RUN,1,10,2045,783.9501875519995
RUN,1,10,2046,462.6269237623181
RUN,1,10,2047,744.1008130313272
RUN,1,10,2048,1606.3786993244778
RUN,1,10,2049,1049.7817625877751
RUN,1,10,2050,2017.726275228276
RUN,1,10,2051,1317.1506747277208
RUN,1,10,2052,1295.4586734556642
RUN,1,10,2053,497.8343862658212
RUN,1,10,2054,666.6842858643047
RUN,1,10,2055,1045.8118694795355
RUN,2,10,2026,449.9322862415568
RUN,2,10,2027,454.5691657973317
RUN,2,10,2028,499.01907680752026
RUN,2,10,2029,453.67358873306864
RUN,2,10,2030,505.9305612832141
RUN,2,10,2031,420.8808497958854
RUN,2,10,2032,432.0898408378422
RUN,2,10,2033,443.18044224737815
RUN,2,10,2034,437.5662017991688
RUN,2,10,2035,451.9617178892273
RUN,2,10,2036,413.5070812072721
RUN,2,10,2037,474.94519260203447
RUN,2,10,2038,459.4760705690462
RUN,2,10,2039,730.649299924921
RUN,2,10,2040,435.5672500277018
RUN,2,10,2041,430.2238776472909
RUN,2,10,2042,468.39752092068994
RUN,2,10,2043,456.41033565011617
RUN,2,10,2044,415.8957657671022
RUN,2,10,2045,457.3881444085132
RUN,2,10,2046,469.484268788052
RUN,2,10,2047,436.114869819242
RUN,2,10,2048,440.44232355012775
RUN,2,10,2049,432.3491345344832
RUN,2,10,2050,423.6415864389954
RUN,2,10,2051,478.3233602565164
RUN,2,10,2052,442.4163270490757
RUN,2,10,2053,451.9400863084997
RUN,2,10,2054,440.0464206413286
RUN,2,10,2055,457.1722731533053
RUN,3,10,2026,600.0426916248551
RUN,3,10,2027,600.0324708238574
RUN,3,10,2028,600.0137502784247
RUN,3,10,2029,600.0136994157211
RUN,3,10,2030,600.0167651834499
RUN,3,10,2031,600.0141262460817
RUN,3,10,2032,600.0175677693231
RUN,3,10,2033,600.021106384794
RUN,3,10,2034,600.0096024787172
RUN,3,10,2035,600.0248514873139
RUN,3,10,2036,600.0100897165516
RUN,3,10,2037,600.0349914548752
RUN,3,10,2038,600.0190595855839
RUN,3,10,2039,600.0162167909756
RUN,3,10,2040,600.0153896404379
RUN,3,10,2041,600.0195359706194
RUN,3,10,2042,600.0146216761299
RUN,3,10,2043,600.0179635702111
RUN,3,10,2044,600.0187395023494
RUN,3,10,2045,600.0122891116722
RUN,3,10,2046,600.0310584482015
RUN,3,10,2047,600.0135411756451
RUN,3,10,2048,600.0171723467895
RUN,3,10,2049,600.0181786699269
RUN,3,10,2050,600.0094305804623
RUN,3,10,2051,600.0279359332217
RUN,3,10,2052,600.019630780878
RUN,3,10,2053,600.0140298283773
RUN,3,10,2054,600.0134072035692
RUN,3,10,2055,600.0322875452954
RUN,4,10,2026,842.0497387844154
RUN,4,10,2027,834.0115848606016
RUN,4,10,2028,850.7035924269068
RUN,4,10,2029,830.1140041424588
RUN,4,10,2030,848.1646811906827
RUN,4,10,2031,830.002531811761
RUN,4,10,2032,856.0069659565295
RUN,4,10,2033,856.1551611595189
RUN,4,10,2034,822.0235112647744
RUN,4,10,2035,832.2660767473508
RUN,4,10,2036,854.0021533084781
RUN,4,10,2037,846.017451403716
RUN,4,10,2038,830.0000118371826
RUN,4,10,2039,852.0100022341671
RUN,4,10,2040,844.0055797165538
RUN,4,10,2041,824.0000040695032
RUN,4,10,2042,846.6444902070301
RUN,4,10,2043,838.0
RUN,4,10,2044,853.324310858103
RUN,4,10,2045,834.9196486638135
RUN,4,10,2046,830.0357033126977
RUN,4,10,2047,830.0000016075129
RUN,4,10,2048,838.0002168230991
RUN,4,10,2049,848.0053229215238
RUN,4,10,2050,840.002685765812
RUN,4,10,2051,838.0053483777042
RUN,4,10,2052,836.28780924606
RUN,4,10,2053,862.000863856508
RUN,4,10,2054,838.0000107008887
RUN,4,10,2055,832.0152972502531
RUN,5,10,2026,900.754997920028
RUN,5,10,2027,901.3135935123948
RUN,5,10,2028,900.6646921295114
RUN,5,10,2029,900.7390796021082
RUN,5,10,2030,901.4170717655758
RUN,5,10,2031,901.309876815452
RUN,5,10,2032,900.6947295819454
RUN,5,10,2033,901.7197760601994
RUN,5,10,2034,900.7768928531927
RUN,5,10,2035,900.7367709038256
RUN,5,10,2036,902.1171544938276
RUN,5,10,2037,901.2050178992296
RUN,5,10,2038,900.8129675406764
RUN,5,10,2039,901.2221736433768
RUN,5,10,2040,900.7802733805946
RUN,5,10,2041,900.2314328183246
RUN,5,10,2042,900.4898738086015
RUN,5,10,2043,900.7623446170428
RUN,5,10,2044,901.0721042213682
RUN,5,10,2045,901.6194913739616
RUN,5,10,2046,901.5208433807076
RUN,5,10,2047,900.282840519122
RUN,5,10,2048,901.0260623691984
RUN,5,10,2049,900.8806587363453
RUN,5,10,2050,900.985635445875
RUN,5,10,2051,900.5817272870536
RUN,5,10,2052,901.409812920328
RUN,5,10,2053,901.3348903496204
RUN,5,10,2054,900.6249876707935
RUN,5,10,2055,901.1857806713627
RUN,6,10,2026,52881.97832884116
RUN,6,10,2027,18166.63653006245
RUN,6,10,2028,15321.106066386075
RUN,6,10,2029,16026.890124970694
RUN,6,10,2030,44287.31024660525
RUN,6,10,2031,18841.441034679192
RUN,6,10,2032,15280.993626104886
RUN,6,10,2033,13536.092376754586
RUN,6,10,2034,15328.76469238496
RUN,6,10,2035,29520.811521137693
RUN,6,10,2036,20401.57045507307
RUN,6,10,2037,25926.006711682177
RUN,6,10,2038,12750.70056539284
RUN,6,10,2039,21238.12541539419
RUN,6,10,2040,26625.98522456702
RUN,6,10,2041,24529.009234285888
RUN,6,10,2042,20171.238582254493
RUN,6,10,2043,17321.17726360895
RUN,6,10,2044,17198.822905823832
RUN,6,10,2045,28084.76957985244
RUN,6,10,2046,14992.013466199882
RUN,6,10,2047,14707.855478877882
RUN,6,10,2048,16901.57110077642
RUN,6,10,2049,21846.405606276465
RUN,6,10,2050,26203.183205602007
RUN,6,10,2051,110632.37049661536
RUN,6,10,2052,21618.74614740233
RUN,6,10,2053,15270.8648172082
RUN,6,10,2054,371572.3272599852
RUN,6,10,2055,20195.174597512065
RUN,7,10,2026,2152.122522862124
RUN,7,10,2027,2151.248312440797
RUN,7,10,2028,2097.3727294577466
RUN,7,10,2029,2082.9894074356225
RUN,7,10,2030,2052.1984472061235
RUN,7,10,2031,2043.520639440789
RUN,7,10,2032,2154.3505687381084
RUN,7,10,2033,2053.859525874076
RUN,7,10,2034,2077.6703501873835
RUN,7,10,2035,2163.9240892464472
RUN,7,10,2036,2072.539218583864
RUN,7,10,2037,2174.7274373294395
RUN,7,10,2038,2140.482640720149
RUN,7,10,2039,2055.245300830184
RUN,7,10,2040,2090.024825887981
RUN,7,10,2041,2150.888316398903
RUN,7,10,2042,2133.724431405131
RUN,7,10,2043,2152.421142866304
RUN,7,10,2044,2056.734313420102
RUN,7,10,2045,2124.705317114348
RUN,7,10,2046,2187.10362434335
RUN,7,10,2047,2067.447933142465
RUN,7,10,2048,2064.9401765230677
RUN,7,10,2049,2061.329378972272
RUN,7,10,2050,2107.030222923878
RUN,7,10,2051,2132.133536013137
RUN,7,10,2052,2112.641117816844
RUN,7,10,2053,2125.495782068272
RUN,7,10,2054,2115.4581385340284
RUN,7,10,2055,2063.1423231341287
RUN,8,10,2026,2753.7623056120246
RUN,8,10,2027,2231.08423772199
RUN,8,10,2028,2728.917386248832
RUN,8,10,2029,3494.347026888174
RUN,8,10,2030,2236.413696421901
RUN,8,10,2031,3208.6135200900026
RUN,8,10,2032,2293.51507664598
RUN,8,10,2033,2779.2927420058804
RUN,8,10,2034,3605.10843741383
RUN,8,10,2035,2494.8875487821088
RUN,8,10,2036,2940.733876555123
RUN,8,10,2037,3758.1833106966183
RUN,8,10,2038,2241.956784689703
RUN,8,10,2039,2239.020818257201
RUN,8,10,2040,2282.092618440123
RUN,8,10,2041,3406.036915408057
RUN,8,10,2042,2786.842491962756
RUN,8,10,2043,3640.293593576204
RUN,8,10,2044,3378.00259368191
RUN,8,10,2045,3834.839898920981
RUN,8,10,2046,2381.957027335425
RUN,8,10,2047,2269.7067379504974
RUN,8,10,2048,2926.550396037421
RUN,8,10,2049,2648.8477025497405
RUN,8,10,2050,2398.923003486483
RUN,8,10,2051,2263.574260063392
RUN,8,10,2052,2451.9892664886934
RUN,8,10,2053,2236.7971201117807
RUN,8,10,2054,2273.2831494555107
RUN,8,10,2055,3602.1223004832787
RUN,9,10,2026,2721.027057949908
RUN,9,10,2027,2697.054634889003
RUN,9,10,2028,2665.927677686244
RUN,9,10,2029,2328.386290529102
RUN,9,10,2030,2327.884719381524
RUN,9,10,2031,2313.0386767309683
RUN,9,10,2032,2383.4713142167657
RUN,9,10,2033,2733.600014074274
RUN,9,10,2034,2696.1113828914795
RUN,9,10,2035,2687.2926615723427
RUN,9,10,2036,2339.7934418979594
RUN,9,10,2037,2326.821209930121
RUN,9,10,2038,2355.549591272671
RUN,9,10,2039,2698.977964125982
RUN,9,10,2040,2351.1845342032693
RUN,9,10,2041,2352.351198388149
RUN,9,10,2042,2711.5078969331703
RUN,9,10,2043,2716.557949852323
RUN,9,10,2044,2712.5221928425717
RUN,9,10,2045,2770.6754655656287
RUN,9,10,2046,2719.755775301105
RUN,9,10,2047,2317.9607541876944
RUN,9,10,2048,2330.047486063728
RUN,9,10,2049,2696.959345856713
RUN,9,10,2050,2324.3337715733905
RUN,9,10,2051,2760.572066814214
RUN,9,10,2052,2427.2159547121782
RUN,9,10,2053,2684.9015340323444
RUN,9,10,2054,2354.4811788256184
RUN,9,10,2055,2693.7415945206367
RUN,10,10,2026,2740.695024054661
RUN,10,10,2027,2638.827636828485
RUN,10,10,2028,2634.876440744862
RUN,10,10,2029,2737.3453348156804
RUN,10,10,2030,2637.104957005398
RUN,10,10,2031,2754.591468470305
RUN,10,10,2032,2633.779501870597
RUN,10,10,2033,2638.6546890883665
RUN,10,10,2034,2631.802685938325
RUN,10,10,2035,2636.0319690367232
RUN,10,10,2036,2636.9028409438047
RUN,10,10,2037,2785.2971653356863
RUN,10,10,2038,2728.899505632037
RUN,10,10,2039,2749.292617297743
RUN,10,10,2040,2636.770559584113
RUN,10,10,2041,2758.4371562520328
RUN,10,10,2042,2757.495498371727
RUN,10,10,2043,2752.63963016532
RUN,10,10,2044,2756.8831206997743
RUN,10,10,2045,2628.2676019147943
RUN,10,10,2046,2655.42859598245
RUN,10,10,2047,2630.988166220331
RUN,10,10,2048,2638.00617156358
RUN,10,10,2049,2747.187470685979
RUN,10,10,2050,2735.883950907145
RUN,10,10,2051,2747.9188041894563
RUN,10,10,2052,2638.482769779272
RUN,10,10,2053,2636.4270091826224
RUN,10,10,2054,2744.1725559483166
RUN,10,10,2055,2638.872188981082
RUN,11,10,2026,2610.0203336087966
RUN,11,10,2027,2604.558637568483
RUN,11,10,2028,2607.0594590699884
RUN,11,10,2029,2605.2891195751454
RUN,11,10,2030,2622.716509020414
RUN,11,10,2031,2614.224574110235
RUN,11,10,2032,2608.722590707461
RUN,11,10,2033,2610.6799351113214
RUN,11,10,2034,2610.6216675838323
RUN,11,10,2035,2612.591348942318
RUN,11,10,2036,2609.466839630771
RUN,11,10,2037,2603.3607976825056
RUN,11,10,2038,2615.8545670238477
RUN,11,10,2039,2605.047690321101
RUN,11,10,2040,2606.5223712428565
RUN,11,10,2041,2606.493599935537
RUN,11,10,2042,2616.6776243604536
RUN,11,10,2043,2617.9155411089123
RUN,11,10,2044,2607.3500441331576
RUN,11,10,2045,2633.205431578238
RUN,11,10,2046,3480.9943270812214
RUN,11,10,2047,2608.4287834485885
RUN,11,10,2048,2612.465170749642
RUN,11,10,2049,2612.4089840210063
RUN,11,10,2050,2611.6725886035947
RUN,11,10,2051,2612.160938340004
RUN,11,10,2052,2605.5688481855764
RUN,11,10,2053,2613.126208098132
RUN,11,10,2054,2611.5546628019783
RUN,11,10,2055,2614.058165482107
RUN,12,10,2026,2871.7887465450763
RUN,12,10,2027,2869.0195356504228
RUN,12,10,2028,2873.6139587355487
RUN,12,10,2029,2870.9713341355605
RUN,12,10,2030,2870.561710658851
RUN,12,10,2031,2870.7576735894622
RUN,12,10,2032,2869.5938405700595
RUN,12,10,2033,2871.527318682431
RUN,12,10,2034,2873.381271691572
RUN,12,10,2035,2871.3960699590525
RUN,12,10,2036,2870.36262839566
RUN,12,10,2037,2873.535885118163
RUN,12,10,2038,2872.112874544113
RUN,12,10,2039,2874.6540577951096
RUN,12,10,2040,2869.537361011025
RUN,12,10,2041,2875.179760018793
RUN,12,10,2042,2870.711244857195
RUN,12,10,2043,2871.7757086418064
RUN,12,10,2044,2871.910302162631
RUN,12,10,2045,2871.4209686678705
RUN,12,10,2046,2871.941731365729
RUN,12,10,2047,2870.153658679821
RUN,12,10,2048,2869.737146361416
RUN,12,10,2049,2875.785523425927
RUN,12,10,2050,2870.956694706241
RUN,12,10,2051,2875.7652243678394
RUN,12,10,2052,2870.493130191463
RUN,12,10,2053,2867.8115775226497
RUN,12,10,2054,2870.9107944364755
RUN,12,10,2055,2870.857769155529
GWO,1,10,2026,377.05930147079454
GWO,1,10,2027,436.4850881733694
GWO,1,10,2028,373.22502930573705
GWO,1,10,2029,394.4659697469125
GWO,1,10,2030,449.2282467952032
GWO,1,10,2031,520.9236232816347
GWO,1,10,2032,405.7484816684991
GWO,1,10,2033,375.5450692106392
GWO,1,10,2034,530.1640976725572
GWO,1,10,2035,391.5515360477579
GWO,1,10,2036,461.9137915943817
GWO,1,10,2037,475.5305009002508
GWO,1,10,2038,446.25468321146445
GWO,1,10,2039,426.0637644937625
GWO,1,10,2040,458.5629812632817
GWO,1,10,2041,390.49895640039085
GWO,1,10,2042,523.3170789542203
GWO,1,10,2043,362.5376567421482
GWO,1,10,2044,491.676144704767
GWO,1,10,2045,420.60997537755753
GWO,1,10,2046,398.3353956615932
GWO,1,10,2047,418.9422591009621
GWO,1,10,2048,377.3222340459498
GWO,1,10,2049,439.2476265744919
GWO,1,10,2050,390.830722802644
GWO,1,10,2051,450.2164163424008
GWO,1,10,2052,373.1129808080655
GWO,1,10,2053,360.2055037415858
GWO,1,10,2054,378.839280277684
GWO,1,10,2055,505.77949626616856
GWO,2,10,2026,420.14196890019537
GWO,2,10,2027,420.9305175055504
GWO,2,10,2028,417.3551776324952
GWO,2,10,2029,420.0226560106619
GWO,2,10,2030,452.903364014058
GWO,2,10,2031,433.785223208148
GWO,2,10,2032,428.91989514938416
GWO,2,10,2033,420.975767536192
GWO,2,10,2034,415.907105371891
GWO,2,10,2035,431.95575486155855
GWO,2,10,2036,417.07715616925
GWO,2,10,2037,456.6578729972076
GWO,2,10,2038,419.9249661638678
GWO,2,10,2039,472.9047895707124
GWO,2,10,2040,419.0436144549834
GWO,2,10,2041,417.83507989320816
GWO,2,10,2042,487.53764756677776
GWO,2,10,2043,419.0370721222147
GWO,2,10,2044,424.6511581461809
GWO,2,10,2045,422.1783401949217
GWO,2,10,2046,472.5406276836302
GWO,2,10,2047,453.3973183110117
GWO,2,10,2048,429.2520797077463
GWO,2,10,2049,451.5232745346226
GWO,2,10,2050,509.0968006782661
GWO,2,10,2051,420.1092764461645
GWO,2,10,2052,460.4745375803938
GWO,2,10,2053,413.8910797173162
GWO,2,10,2054,424.33161390162365
GWO,2,10,2055,451.719091500958
GWO,3,10,2026,600.0082806567127
GWO,3,10,2027,600.0085263478887
GWO,3,10,2028,600.0053880602306
GWO,3,10,2029,600.0087446714788
GWO,3,10,2030,600.0071364301206
GWO,3,10,2031,600.0070465611568
GWO,3,10,2032,600.0092512284787
GWO,3,10,2033,600.0124244355878
GWO,3,10,2034,600.0091536934675
GWO,3,10,2035,600.0066718285135
GWO,3,10,2036,600.0066820872231
GWO,3,10,2037,600.0138641735889
GWO,3,10,2038,600.0085890460462
GWO,3,10,2039,600.0046716671751
GWO,3,10,2040,600.0075864386465
GWO,3,10,2041,600.0069242595722
GWO,3,10,2042,600.0087246610043
GWO,3,10,2043,600.0079095111345
GWO,3,10,2044,600.0088177149651
GWO,3,10,2045,600.0114914066024
GWO,3,10,2046,600.0055674471118
GWO,3,10,2047,600.007646203702
GWO,3,10,2048,600.0070843955563
GWO,3,10,2049,600.0104627454604
GWO,3,10,2050,600.0117904564381
GWO,3,10,2051,600.0092870399186
GWO,3,10,2052,600.0055342367269
GWO,3,10,2053,600.0096534383388
GWO,3,10,2054,600.0060330092331
GWO,3,10,2055,600.0073245000559
GWO,4,10,2026,830.9127152786643
GWO,4,10,2027,832.0
GWO,4,10,2028,838.0
GWO,4,10,2029,818.8832861921442
GWO,4,10,2030,849.319799824991
GWO,4,10,2031,829.4102417786517
GWO,4,10,2032,858.2191918465014
GWO,4,10,2033,858.1985412003608
GWO,4,10,2034,829.0217893571828
GWO,4,10,2035,842.9379245122697
GWO,4,10,2036,857.3435201359472
GWO,4,10,2037,858.0
GWO,4,10,2038,831.3176031673758
GWO,4,10,2039,837.4820257234612
GWO,4,10,2040,839.1372330585181
GWO,4,10,2041,834.4817140493805
GWO,4,10,2042,841.9334718016607
GWO,4,10,2043,844.5126054360296
GWO,4,10,2044,838.2107120447425
GWO,4,10,2045,849.3956660382419
GWO,4,10,2046,838.1462656702759
GWO,4,10,2047,842.5657083868798
GWO,4,10,2048,845.5342755112085
GWO,4,10,2049,854.5338111425076
GWO,4,10,2050,832.5852551925327
GWO,4,10,2051,851.823754622061
GWO,4,10,2052,837.7431595831205
GWO,4,10,2053,828.621737734434
GWO,4,10,2054,841.4256392416877
GWO,4,10,2055,845.6836837310631
GWO,5,10,2026,900.0992750160923
GWO,5,10,2027,900.0869288668742
GWO,5,10,2028,900.1532679972731
GWO,5,10,2029,900.0403819014824
GWO,5,10,2030,900.042536139679
GWO,5,10,2031,900.0457955125397
GWO,5,10,2032,900.0761014264571
GWO,5,10,2033,900.0411908664374
GWO,5,10,2034,900.0768007633072
GWO,5,10,2035,900.04799096603
GWO,5,10,2036,900.0608811316068
GWO,5,10,2037,900.0261147415636
GWO,5,10,2038,900.0994336824753
GWO,5,10,2039,900.0720088546257
GWO,5,10,2040,900.1354179402376
GWO,5,10,2041,900.1128288422992
GWO,5,10,2042,900.0542298827422
GWO,5,10,2043,900.0589651606119
GWO,5,10,2044,900.0439129396518
GWO,5,10,2045,900.0908372164006
GWO,5,10,2046,900.9975522797092
GWO,5,10,2047,900.0558397980856
GWO,5,10,2048,900.0751014021711
GWO,5,10,2049,900.4963608246132
GWO,5,10,2050,900.0820926865686
GWO,5,10,2051,900.0486110274696
GWO,5,10,2052,900.6319707091126
GWO,5,10,2053,900.0842531845193
GWO,5,10,2054,900.0630253992214
GWO,5,10,2055,900.0760592294592
GWO,6,10,2026,1760386.6171454084
GWO,6,10,2027,176494.49254728138
GWO,6,10,2028,742492.0925340126
GWO,6,10,2029,730880.8087546984
GWO,6,10,2030,1842884.0113335648
GWO,6,10,2031,400128.182797579
GWO,6,10,2032,3178668.630587468
GWO,6,10,2033,1850417.393292132
GWO,6,10,2034,341056.6124990284
GWO,6,10,2035,135356.5446409964
GWO,6,10,2036,1510029.2127132858
GWO,6,10,2037,104090.80790303789
GWO,6,10,2038,164172.0298166039
GWO,6,10,2039,932866.5719123536
GWO,6,10,2040,1255422.0973881509
GWO,6,10,2041,303344.9094608742
GWO,6,10,2042,2972681.773260597
GWO,6,10,2043,1778380.9861492345
GWO,6,10,2044,2817408.6748261955
GWO,6,10,2045,1067253.2959709065
GWO,6,10,2046,638060.8656597033
GWO,6,10,2047,931238.7548591144
GWO,6,10,2048,980349.7928734164
GWO,6,10,2049,1330495.1405610647
GWO,6,10,2050,2521916.852464468
GWO,6,10,2051,829456.8724003469
GWO,6,10,2052,372570.1238789627
GWO,6,10,2053,3513917.810328331
GWO,6,10,2054,326400.60545056645
GWO,6,10,2055,1030993.9222625376
GWO,7,10,2026,2062.058017806848
GWO,7,10,2027,2066.246918354896
GWO,7,10,2028,2057.621526712797
GWO,7,10,2029,2056.9591304331398
GWO,7,10,2030,2055.7451282771062
GWO,7,10,2031,2152.693406510425
GWO,7,10,2032,2057.3387964098392
GWO,7,10,2033,2051.061251272603
GWO,7,10,2034,2065.9378412245937
GWO,7,10,2035,2069.3593652658124
GWO,7,10,2036,2053.1941796001565
GWO,7,10,2037,2059.7665249056517
GWO,7,10,2038,2182.377243970732
GWO,7,10,2039,2046.1189944219125
GWO,7,10,2040,2178.7954545168413
GWO,7,10,2041,2066.4240684165484
GWO,7,10,2042,2051.054448553566
GWO,7,10,2043,2063.7274830419105
GWO,7,10,2044,2075.944973959841
GWO,7,10,2045,2060.0211720835982
GWO,7,10,2046,2075.7803309652663
GWO,7,10,2047,2055.994043870789
GWO,7,10,2048,2057.505176323281
GWO,7,10,2049,2053.894863815815
GWO,7,10,2050,2079.8628209583835
GWO,7,10,2051,2054.541465916154
GWO,7,10,2052,2064.493554597226
GWO,7,10,2053,2054.5525846271926
GWO,7,10,2054,2062.713508609333
GWO,7,10,2055,2062.531992924612
GWO,8,10,2026,2464.6129772617974
GWO,8,10,2027,2263.623107088049
GWO,8,10,2028,2684.884860307215
GWO,8,10,2029,2296.78898638626
GWO,8,10,2030,2380.07435876122
GWO,8,10,2031,2285.401311286201
GWO,8,10,2032,2283.914792755607
GWO,8,10,2033,2300.993389108892
GWO,8,10,2034,2258.7010732518406
GWO,8,10,2035,2303.6516552211624
GWO,8,10,2036,2394.8524464575025
GWO,8,10,2037,2283.6347444747807
GWO,8,10,2038,2458.537851564194
GWO,8,10,2039,2282.1877510728355
GWO,8,10,2040,2318.626198981301
GWO,8,10,2041,2575.745800600904
GWO,8,10,2042,2350.9921136259795
GWO,8,10,2043,2772.9032981031
GWO,8,10,2044,2318.672251054081
GWO,8,10,2045,2260.7633777354454
GWO,8,10,2046,2283.0470938078965
GWO,8,10,2047,2334.991563164494
GWO,8,10,2048,2463.861943344818
GWO,8,10,2049,2315.1725090224368
GWO,8,10,2050,2375.7695180937285
GWO,8,10,2051,2485.106723095598
GWO,8,10,2052,2344.044666653519
GWO,8,10,2053,2287.1446458925197
GWO,8,10,2054,3084.186991012385
GWO,8,10,2055,2340.624858217011
GWO,9,10,2026,2325.676922180906
GWO,9,10,2027,2676.9989246125588
GWO,9,10,2028,2686.3459668343244
GWO,9,10,2029,2676.4445326680334
GWO,9,10,2030,2672.1194407734883
GWO,9,10,2031,2670.959538991194
GWO,9,10,2032,2674.6028613905764
GWO,9,10,2033,2671.069114682652
GWO,9,10,2034,2676.6402033334048
GWO,9,10,2035,2674.8618694799206
GWO,9,10,2036,2675.620195753879
GWO,9,10,2037,2675.4316678311006
GWO,9,10,2038,2675.972635360755
GWO,9,10,2039,2672.003265650196
GWO,9,10,2040,2672.669200171204
GWO,9,10,2041,2354.599291378982
GWO,9,10,2042,2678.415635442511
GWO,9,10,2043,2337.198992582077
GWO,9,10,2044,2343.457754754917
GWO,9,10,2045,2674.2016170240704
GWO,9,10,2046,2334.369162027953
GWO,9,10,2047,2673.4167831646723
GWO,9,10,2048,2672.2879537960184
GWO,9,10,2049,2670.066935625301
GWO,9,10,2050,2675.1257766349054
GWO,9,10,2051,2672.083604060059
GWO,9,10,2052,2719.796809342772
GWO,9,10,2053,2675.2483088267177
GWO,9,10,2054,2671.631227760039
GWO,9,10,2055,2676.009722670684
GWO,10,10,2026,2756.7623039341684
GWO,10,10,2027,2630.250841163684
GWO,10,10,2028,2630.686718626262
GWO,10,10,2029,2756.8379944959165
GWO,10,10,2030,2630.3551484122418
GWO,10,10,2031,3428.305054375889
GWO,10,10,2032,2630.704295935553
GWO,10,10,2033,2750.257955132148
GWO,10,10,2034,2630.408830638877
GWO,10,10,2035,2628.818149576434
GWO,10,10,2036,2631.713764485668
GWO,10,10,2037,2755.510334519986
GWO,10,10,2038,2746.778818834628
GWO,10,10,2039,2745.121303245854
GWO,10,10,2040,2630.1637099857307
GWO,10,10,2041,2629.6579463345865
GWO,10,10,2042,2755.531339107966
GWO,10,10,2043,2749.1068327239395
GWO,10,10,2044,2748.8102789443133
GWO,10,10,2045,2627.5162013635268
GWO,10,10,2046,2629.7239182147528
GWO,10,10,2047,2630.264523121719
GWO,10,10,2048,2627.0373456698862
GWO,10,10,2049,2626.5387371110965
GWO,10,10,2050,2629.480734210732
GWO,10,10,2051,2754.8469069195576
GWO,10,10,2052,2629.504295152673
GWO,10,10,2053,3543.2360121392594
GWO,10,10,2054,2741.533585443687
GWO,10,10,2055,2742.5830888860487
GWO,11,10,2026,3479.251947813663
GWO,11,10,2027,2606.6923098640677
GWO,11,10,2028,2604.3002493916592
GWO,11,10,2029,2610.137873444159
GWO,11,10,2030,2608.935446757174
GWO,11,10,2031,3478.373767352605
GWO,11,10,2032,2611.167529781277
GWO,11,10,2033,2613.166184560884
GWO,11,10,2034,3478.9003589401277
GWO,11,10,2035,2606.797892623353
GWO,11,10,2036,2607.594695024832
GWO,11,10,2037,3479.811744061933
GWO,11,10,2038,2604.7477818274806
GWO,11,10,2039,2616.050640856844
GWO,11,10,2040,2606.244854574963
GWO,11,10,2041,2607.6991313519447
GWO,11,10,2042,2609.468422293125
GWO,11,10,2043,2605.6333270958776
GWO,11,10,2044,2606.5110171452448
GWO,11,10,2045,2607.67485385316
GWO,11,10,2046,2609.799524311228
GWO,11,10,2047,2608.760150160863
GWO,11,10,2048,2607.1551151437534
GWO,11,10,2049,3478.303841263384
GWO,11,10,2050,2610.6673879959653
GWO,11,10,2051,3477.7410270077885
GWO,11,10,2052,2607.976206771272
GWO,11,10,2053,2609.688325950762
GWO,11,10,2054,2606.553339447426
GWO,11,10,2055,2605.5047666502487
GWO,12,10,2026,2869.098142505249
GWO,12,10,2027,2874.652256962954
GWO,12,10,2028,2870.82467870483
GWO,12,10,2029,2868.346159570357
GWO,12,10,2030,2869.165877904616
GWO,12,10,2031,2868.2589459538403
GWO,12,10,2032,2869.054557677008
GWO,12,10,2033,2868.9153994403323
GWO,12,10,2034,2868.6316870199616
GWO,12,10,2035,2867.9802328624646
GWO,12,10,2036,2868.735134900907
GWO,12,10,2037,2867.980226095204
GWO,12,10,2038,2869.29639872799
GWO,12,10,2039,2869.324497899256
GWO,12,10,2040,2868.089969607244
GWO,12,10,2041,2869.1143710880506
GWO,12,10,2042,2868.3393547956184
GWO,12,10,2043,2868.985611057151
GWO,12,10,2044,2869.23467439686
GWO,12,10,2045,2869.0471232126674
GWO,12,10,2046,2869.289425921391
GWO,12,10,2047,2868.1746527180203
GWO,12,10,2048,2900.434390961999
GWO,12,10,2049,2868.678800412172
GWO,12,10,2050,2868.6169526318536
GWO,12,10,2051,2869.485300627244
GWO,12,10,2052,2869.2510482121825
GWO,12,10,2053,2868.555960082089
GWO,12,10,2054,2869.5374435175786
GWO,12,10,2055,2869.490919844437
WOA,1,10,2026,2959.819377499165
WOA,1,10,2027,1694.5646783082843
WOA,1,10,2028,638.309426979795
WOA,1,10,2029,504.83258917017406
WOA,1,10,2030,396.8372450074753
WOA,1,10,2031,11503.36810141741
WOA,1,10,2032,5394.2546672564495
WOA,1,10,2033,7609.696563710324
WOA,1,10,2034,3010.8138125989667
WOA,1,10,2035,873.7001683513042
WOA,1,10,2036,1194.266374218916
WOA,1,10,2037,4167.867279258837
WOA,1,10,2038,2196.5610531064403
WOA,1,10,2039,906.3552522789598
WOA,1,10,2040,3468.2714948224107
WOA,1,10,2041,11491.76469231892
WOA,1,10,2042,7177.3510137601
WOA,1,10,2043,2539.504156071931
WOA,1,10,2044,3423.0205468683125
WOA,1,10,2045,4702.262966811088
WOA,1,10,2046,9592.584892242256
WOA,1,10,2047,1522.5700166931938
WOA,1,10,2048,1402.0163376083442
WOA,1,10,2049,2147.2936365623787
WOA,1,10,2050,6217.356036389939
WOA,1,10,2051,4067.923289709389
WOA,1,10,2052,2072.0177590882904
WOA,1,10,2053,1214.953831980965
WOA,1,10,2054,534.7072517025633
WOA,1,10,2055,3187.159344426861
WOA,2,10,2026,468.0325709641854
WOA,2,10,2027,466.80733004585136
WOA,2,10,2028,479.8300284961813
WOA,2,10,2029,420.1091006954031
WOA,2,10,2030,408.9096264786019
WOA,2,10,2031,408.198028194186
WOA,2,10,2032,458.7772348625092
WOA,2,10,2033,426.45377507559607
WOA,2,10,2034,409.8024530515073
WOA,2,10,2035,420.2959968412325
WOA,2,10,2036,410.2114973939292
WOA,2,10,2037,494.8815825117626
WOA,2,10,2038,408.9851465831446
WOA,2,10,2039,478.8060352240498
WOA,2,10,2040,414.2413420731832
WOA,2,10,2041,420.1614082194132
WOA,2,10,2042,455.5641526659258
WOA,2,10,2043,410.0801795326618
WOA,2,10,2044,419.9335244888736
WOA,2,10,2045,676.208484453608
WOA,2,10,2046,478.6799439253384
WOA,2,10,2047,409.1547250169662
WOA,2,10,2048,449.2045712900525
WOA,2,10,2049,452.4672406879728
WOA,2,10,2050,409.1852686813947
WOA,2,10,2051,405.01212753911966
WOA,2,10,2052,469.8919561362479
WOA,2,10,2053,428.0182991941052
WOA,2,10,2054,458.178899302195
WOA,2,10,2055,455.8217352568225
WOA,3,10,2026,600.0005870432365
WOA,3,10,2027,600.0000092101303
WOA,3,10,2028,600.0000735474042
WOA,3,10,2029,600.0001985603271
WOA,3,10,2030,600.0000192767045
WOA,3,10,2031,600.0001990875522
WOA,3,10,2032,600.000080936326
WOA,3,10,2033,600.0001125913162
WOA,3,10,2034,600.0000407339446
WOA,3,10,2035,600.0000660777125
WOA,3,10,2036,600.0012908947688
WOA,3,10,2037,600.0138371827964
WOA,3,10,2038,600.0003811595334
WOA,3,10,2039,600.0009838595453
WOA,3,10,2040,600.0000543371085
WOA,3,10,2041,600.0001010599767
WOA,3,10,2042,600.0139490764501
WOA,3,10,2043,600.0002886466453
WOA,3,10,2044,600.0000391993609
WOA,3,10,2045,600.0001895553712
WOA,3,10,2046,600.0000362104844
WOA,3,10,2047,600.0007188322749
WOA,3,10,2048,600.0005611073929
WOA,3,10,2049,600.0004039132464
WOA,3,10,2050,600.0024629554841
WOA,3,10,2051,600.0000419297329
WOA,3,10,2052,600.000038094995
WOA,3,10,2053,600.0001021691597
WOA,3,10,2054,600.0000491300333
WOA,3,10,2055,600.0000430309839
WOA,4,10,2026,852.0
WOA,4,10,2027,878.0
WOA,4,10,2028,956.0
WOA,4,10,2029,946.5
WOA,4,10,2030,833.1758995107667
WOA,4,10,2031,881.1680598612022
WOA,4,10,2032,938.0
WOA,4,10,2033,895.7561023714461
WOA,4,10,2034,874.1910534119686
WOA,4,10,2035,863.1899550202277
WOA,4,10,2036,894.3071679703409
WOA,4,10,2037,910.5
WOA,4,10,2038,928.6580426847016
WOA,4,10,2039,899.9408531265053
WOA,4,10,2040,894.0
WOA,4,10,2041,915.0635979862824
WOA,4,10,2042,914.0
WOA,4,10,2043,858.0
WOA,4,10,2044,904.5193803334048
WOA,4,10,2045,910.1482842938796
WOA,4,10,2046,918.0
WOA,4,10,2047,843.5122831598462
WOA,4,10,2048,878.0
WOA,4,10,2049,877.7340428756431
WOA,4,10,2050,964.5
WOA,4,10,2051,872.6345496288725
WOA,4,10,2052,898.0
WOA,4,10,2053,836.0178161474627
WOA,4,10,2054,937.7855504246731
WOA,4,10,2055,930.5
WOA,5,10,2026,901.5265987304184
WOA,5,10,2027,903.0415872511048
WOA,5,10,2028,902.1618102735016
WOA,5,10,2029,900.6714898023527
WOA,5,10,2030,902.6926089840988
WOA,5,10,2031,903.9057767762888
WOA,5,10,2032,904.7033861524887
WOA,5,10,2033,904.364176148896
WOA,5,10,2034,902.42434132858
WOA,5,10,2035,901.9984381274534
WOA,5,10,2036,904.8911274608693
WOA,5,10,2037,901.3075946397224
WOA,5,10,2038,904.9781001753606
WOA,5,10,2039,901.8182160845324
WOA,5,10,2040,900.2879299237852
WOA,5,10,2041,902.0624302374732
WOA,5,10,2042,903.6173760000212
WOA,5,10,2043,904.6347958577174
WOA,5,10,2044,903.2684227866572
WOA,5,10,2045,904.6058342315542
WOA,5,10,2046,903.10606235031
WOA,5,10,2047,902.5326451749283
WOA,5,10,2048,900.3106510251932
WOA,5,10,2049,901.9448245527036
WOA,5,10,2050,902.171287141258
WOA,5,10,2051,902.5177784786632
WOA,5,10,2052,902.8828026481646
WOA,5,10,2053,901.5472828730816
WOA,5,10,2054,901.0003939817552
WOA,5,10,2055,906.4578818943392
WOA,6,10,2026,18734.42156131579
WOA,6,10,2027,14273.791386381976
WOA,6,10,2028,35193.185502487715
WOA,6,10,2029,15161.462480292774
WOA,6,10,2030,33903.2816653012
WOA,6,10,2031,22401.8944763201
WOA,6,10,2032,55133.068520993176
WOA,6,10,2033,3885.113115437005
WOA,6,10,2034,14203.3238893032
WOA,6,10,2035,16958.03555986604
WOA,6,10,2036,10047.560416444803
WOA,6,10,2037,32024.700387411616
WOA,6,10,2038,27835.581516366423
WOA,6,10,2039,6517.887075545918
WOA,6,10,2040,13805.007659312309
WOA,6,10,2041,42875.53540399777
WOA,6,10,2042,33059.49842447604
WOA,6,10,2043,33469.950015126524
WOA,6,10,2044,20975.941935973085
WOA,6,10,2045,5766.343779708783
WOA,6,10,2046,21348.994500969417
WOA,6,10,2047,57429.17153832717
WOA,6,10,2048,6350.090007007777
WOA,6,10,2049,27084.647555162926
WOA,6,10,2050,18393.36367203465
WOA,6,10,2051,41818.99476234228
WOA,6,10,2052,42742.01469452759
WOA,6,10,2053,25979.12559013617
WOA,6,10,2054,49169.583867981884
WOA,6,10,2055,33940.852055874115
WOA,7,10,2026,2241.059708694732
WOA,7,10,2027,2333.058974072858
WOA,7,10,2028,2595.7850473286967
WOA,7,10,2029,2218.020545732833
WOA,7,10,2030,2147.3310810345665
WOA,7,10,2031,2451.479393501057
WOA,7,10,2032,2218.4383475233367
WOA,7,10,2033,2221.745936803704
WOA,7,10,2034,2035.1860415914227
WOA,7,10,2035,2148.405804485305
WOA,7,10,2036,2272.933033502516
WOA,7,10,2037,2309.7077393740387
WOA,7,10,2038,2527.5016665977905
WOA,7,10,2039,2508.3028014725182
WOA,7,10,2040,2221.970472437919
WOA,7,10,2041,2199.434339029357
WOA,7,10,2042,2749.0752165414888
WOA,7,10,2043,2069.258398000871
WOA,7,10,2044,2641.043746649818
WOA,7,10,2045,2213.544544749277
WOA,7,10,2046,2204.213178387509
WOA,7,10,2047,2082.591724201165
WOA,7,10,2048,2086.215503216159
WOA,7,10,2049,2080.3202295549854
WOA,7,10,2050,2341.077586065503
WOA,7,10,2051,2269.508831688285
WOA,7,10,2052,2159.1095480565214
WOA,7,10,2053,2074.2728843580794
WOA,7,10,2054,2190.2798142222973
WOA,7,10,2055,2203.38999807558
WOA,8,10,2026,5326.734613971114
WOA,8,10,2027,8125.382967865551
WOA,8,10,2028,2851.839459908552
WOA,8,10,2029,4583.342070189738
WOA,8,10,2030,3274.7500479749838
WOA,8,10,2031,5426.78952605572
WOA,8,10,2032,3045.0654495242225
WOA,8,10,2033,4052.926362133867
WOA,8,10,2034,6454.014445866233
WOA,8,10,2035,2499.6470354779867
WOA,8,10,2036,8329.942068977396
WOA,8,10,2037,4750.568355836014
WOA,8,10,2038,4189.231482747593
WOA,8,10,2039,3390.626210100727
WOA,8,10,2040,5873.048304265652
WOA,8,10,2041,3099.6496904369496
WOA,8,10,2042,3886.7840570078015
WOA,8,10,2043,4654.381942160082
WOA,8,10,2044,5039.056608009889
WOA,8,10,2045,7492.718801398021
WOA,8,10,2046,3149.2584913853243
WOA,8,10,2047,3983.55885181393
WOA,8,10,2048,3051.3644282158757
WOA,8,10,2049,7076.266954881174
WOA,8,10,2050,3315.2199889949925
WOA,8,10,2051,2478.1332085937224
WOA,8,10,2052,2609.825428367866
WOA,8,10,2053,2933.448498175064
WOA,8,10,2054,5793.806607899174
WOA,8,10,2055,5976.184855212445
WOA,9,10,2026,2670.186474530737
WOA,9,10,2027,3256.573671445538
WOA,9,10,2028,2814.6877412415643
WOA,9,10,2029,3042.8406791283383
WOA,9,10,2030,2382.8792822271603
WOA,9,10,2031,2935.883919183698
WOA,9,10,2032,2788.6245855413517
WOA,9,10,2033,2669.5220377938945
WOA,9,10,2034,2771.2497656498144
WOA,9,10,2035,2735.673532495725
WOA,9,10,2036,2744.193692386696
WOA,9,10,2037,2673.1511218089445
WOA,9,10,2038,2748.012013153258
WOA,9,10,2039,3032.21812382856
WOA,9,10,2040,2820.3729742863634
WOA,9,10,2041,2680.755597324242
WOA,9,10,2042,2559.013948202405
WOA,9,10,2043,2660.6106312851134
WOA,9,10,2044,2759.224994259868
WOA,9,10,2045,2750.6380956096086
WOA,9,10,2046,2762.654099048513
WOA,9,10,2047,2747.184114496487
WOA,9,10,2048,2679.8889732230764
WOA,9,10,2049,2335.6095172666583
WOA,9,10,2050,2674.834523391676
WOA,9,10,2051,2689.074639833106
WOA,9,10,2052,2661.8500335361978
WOA,9,10,2053,2756.690575627646
WOA,9,10,2054,2753.1016418723434
WOA,9,10,2055,2681.848208626536
WOA,10,10,2026,2830.027368054758
WOA,10,10,2027,2665.155301566485
WOA,10,10,2028,2656.39036745449
WOA,10,10,2029,2760.735464425775
WOA,10,10,2030,2658.796991781237
WOA,10,10,2031,3322.503867458829
WOA,10,10,2032,2794.1832191188187
WOA,10,10,2033,3911.967317021901
WOA,10,10,2034,2663.3311799761723
WOA,10,10,2035,2642.9030103436808
WOA,10,10,2036,2664.3555728726624
WOA,10,10,2037,2770.8108894429797
WOA,10,10,2038,2828.0218814690584
WOA,10,10,2039,4120.496758718081
WOA,10,10,2040,2628.994945786956
WOA,10,10,2041,2827.553499825912
WOA,10,10,2042,2807.163837685756
WOA,10,10,2043,2629.208411212353
WOA,10,10,2044,2782.1864875777
WOA,10,10,2045,2643.191147216704
WOA,10,10,2046,2630.639931449656
WOA,10,10,2047,2634.028726931916
WOA,10,10,2048,2639.448079802632
WOA,10,10,2049,2784.708052379812
WOA,10,10,2050,2789.796962072872
WOA,10,10,2051,2642.738555337221
WOA,10,10,2052,2672.150004873207
WOA,10,10,2053,2925.944987104074
WOA,10,10,2054,2812.612602490924
WOA,10,10,2055,4220.378011266495
WOA,11,10,2026,2602.1126306479014
WOA,11,10,2027,2600.3112208714824
WOA,11,10,2028,2602.0268373532144
WOA,11,10,2029,2626.668005825308
WOA,11,10,2030,2617.4867112741103
WOA,11,10,2031,3480.509837439911
WOA,11,10,2032,2602.3328150879847
WOA,11,10,2033,2603.266728165624
WOA,11,10,2034,2623.6741836151173
WOA,11,10,2035,2611.846466906822
WOA,11,10,2036,2607.495011756268
WOA,11,10,2037,3499.5860073206622
WOA,11,10,2038,2615.042665123213
WOA,11,10,2039,2603.6065389128544
WOA,11,10,2040,2603.1737151335506
WOA,11,10,2041,2600.1912313755447
WOA,11,10,2042,2621.9646358788223
WOA,11,10,2043,2620.652663147709
WOA,11,10,2044,2646.7817594430862
WOA,11,10,2045,2658.7248214045803
WOA,11,10,2046,2600.6621210012845
WOA,11,10,2047,2600.553466773482
WOA,11,10,2048,2600.0988792341054
WOA,11,10,2049,3518.402388409929
WOA,11,10,2050,2627.859835880584
WOA,11,10,2051,2600.964954010385
WOA,11,10,2052,2649.201505878474
WOA,11,10,2053,2600.417552641481
WOA,11,10,2054,2606.408132257395
WOA,11,10,2055,2608.9528922892205
WOA,12,10,2026,2910.26196696498
WOA,12,10,2027,3317.4106749878733
WOA,12,10,2028,2878.5381872707253
WOA,12,10,2029,3021.210742295092
WOA,12,10,2030,2960.962115565843
WOA,12,10,2031,2964.9019288925792
WOA,12,10,2032,2921.5463456030743
WOA,12,10,2033,3025.211823949783
WOA,12,10,2034,3072.777473858454
WOA,12,10,2035,2946.4652446127284
WOA,12,10,2036,3006.4772473006446
WOA,12,10,2037,2894.589540376041
WOA,12,10,2038,3055.0074866724244
WOA,12,10,2039,2929.128259383111
WOA,12,10,2040,2872.6298533769946
WOA,12,10,2041,2875.7161430137976
WOA,12,10,2042,2964.90192889258
WOA,12,10,2043,2963.857402723562
WOA,12,10,2044,2934.548321096184
WOA,12,10,2045,3020.3558603997767
WOA,12,10,2046,3243.601718389433
WOA,12,10,2047,3207.950766331508
WOA,12,10,2048,3100.0587495000677
WOA,12,10,2049,3074.508511748502
WOA,12,10,2050,2987.24926664324
WOA,12,10,2051,3265.175840017013
WOA,12,10,2052,3109.280665859793
WOA,12,10,2053,3093.693664325475
WOA,12,10,2054,2871.209089838804
WOA,12,10,2055,2872.196202495413
HHO,1,10,2026,1206.7970251132056
HHO,1,10,2027,1958.5650380341744
HHO,1,10,2028,1134.1106484270258
HHO,1,10,2029,1676.0646222414766
HHO,1,10,2030,2193.788080393969
HHO,1,10,2031,1128.465804470881
HHO,1,10,2032,1716.5106099022173
HHO,1,10,2033,905.2648424833228
HHO,1,10,2034,1057.7900434336557
HHO,1,10,2035,600.680075932181
HHO,1,10,2036,500.9156838627688
HHO,1,10,2037,969.3479896045652
HHO,1,10,2038,994.509408831791
HHO,1,10,2039,719.0189645767966
HHO,1,10,2040,3552.234822121658
HHO,1,10,2041,1808.49529467027
HHO,1,10,2042,2205.687428994864
HHO,1,10,2043,2670.351716577614
HHO,1,10,2044,399.8488861420785
HHO,1,10,2045,584.2494615287073
HHO,1,10,2046,2100.207515646127
HHO,1,10,2047,660.471660907099
HHO,1,10,2048,3096.196838168993
HHO,1,10,2049,721.2196911156553
HHO,1,10,2050,918.5284837692096
HHO,1,10,2051,841.5152398818689
HHO,1,10,2052,836.719813036224
HHO,1,10,2053,1167.627001354648
HHO,1,10,2054,1983.219311798361
HHO,1,10,2055,1632.4434164749923
HHO,2,10,2026,480.19190623706777
HHO,2,10,2027,460.07097000965183
HHO,2,10,2028,615.4943740689318
HHO,2,10,2029,455.2160833454197
HHO,2,10,2030,405.7202620476453
HHO,2,10,2031,422.6163897699579
HHO,2,10,2032,557.013418524744
HHO,2,10,2033,430.6702716827721
HHO,2,10,2034,438.9502858405463
HHO,2,10,2035,507.8421550862509
HHO,2,10,2036,485.4460821067107
HHO,2,10,2037,516.9106399798136
HHO,2,10,2038,595.4052011620444
HHO,2,10,2039,523.8821918480646
HHO,2,10,2040,402.6957957649949
HHO,2,10,2041,547.0417691361024
HHO,2,10,2042,487.4460275579879
HHO,2,10,2043,732.6409858819785
HHO,2,10,2044,631.7113492308091
HHO,2,10,2045,515.1106981760713
HHO,2,10,2046,480.8606398240564
HHO,2,10,2047,521.5105716195266
HHO,2,10,2048,524.1094198761715
HHO,2,10,2049,771.7526561281757
HHO,2,10,2050,470.8368036755388
HHO,2,10,2051,505.88807357493255
HHO,2,10,2052,505.177960018161
HHO,2,10,2053,415.4411087856712
HHO,2,10,2054,647.486136626003
HHO,2,10,2055,484.1669262540808
HHO,3,10,2026,600.0028184005021
HHO,3,10,2027,600.0006811660667
HHO,3,10,2028,600.0139931386849
HHO,3,10,2029,600.0099461319182
HHO,3,10,2030,600.0126796769955
HHO,3,10,2031,600.0083396041523
HHO,3,10,2032,600.0024876504548
HHO,3,10,2033,600.0155744009141
HHO,3,10,2034,600.0039880004697
HHO,3,10,2035,600.005347550916
HHO,3,10,2036,600.0034915102299
HHO,3,10,2037,600.0087815679576
HHO,3,10,2038,600.0006061718406
HHO,3,10,2039,600.0098867238594
HHO,3,10,2040,600.0097501203978
HHO,3,10,2041,600.0031447660364
HHO,3,10,2042,600.0008364265428
HHO,3,10,2043,600.0066933463936
HHO,3,10,2044,600.0003044796258
HHO,3,10,2045,600.0025146656128
HHO,3,10,2046,600.003312420849
HHO,3,10,2047,600.0045597951295
HHO,3,10,2048,600.0227067249516
HHO,3,10,2049,600.004959394792
HHO,3,10,2050,600.0149740919751
HHO,3,10,2051,600.0017713878397
HHO,3,10,2052,600.0047936860308
HHO,3,10,2053,600.0076513795689
HHO,3,10,2054,600.012124968253
HHO,3,10,2055,600.0025602121268
HHO,4,10,2026,926.5
HHO,4,10,2027,888.5
HHO,4,10,2028,844.0
HHO,4,10,2029,848.0
HHO,4,10,2030,860.0
HHO,4,10,2031,840.0
HHO,4,10,2032,854.0
HHO,4,10,2033,852.0
HHO,4,10,2034,842.0003313395802
HHO,4,10,2035,826.0004092659555
HHO,4,10,2036,846.0
HHO,4,10,2037,836.0000000002357
HHO,4,10,2038,844.0000071582185
HHO,4,10,2039,850.0
HHO,4,10,2040,834.000577317852
HHO,4,10,2041,848.0
HHO,4,10,2042,914.5
HHO,4,10,2043,884.0
HHO,4,10,2044,850.0000000000009
HHO,4,10,2045,890.0
HHO,4,10,2046,850.0000000000001
HHO,4,10,2047,850.0000000037271
HHO,4,10,2048,904.500018167976
HHO,4,10,2049,890.5
HHO,4,10,2050,842.0
HHO,4,10,2051,880.0
HHO,4,10,2052,924.5000804665844
HHO,4,10,2053,838.0139643341508
HHO,4,10,2054,862.0022169597593
HHO,4,10,2055,850.0000000000007
HHO,5,10,2026,901.0601617265764
HHO,5,10,2027,901.488394516713
HHO,5,10,2028,901.560582863782
HHO,5,10,2029,900.6612996748707
HHO,5,10,2030,903.3158376045834
HHO,5,10,2031,900.2032957161432
HHO,5,10,2032,902.0545489545216
HHO,5,10,2033,900.6508502877316
HHO,5,10,2034,901.0424770078092
HHO,5,10,2035,902.280564888598
HHO,5,10,2036,901.981996817166
HHO,5,10,2037,901.1758120754472
HHO,5,10,2038,900.6410035881769
HHO,5,10,2039,901.8501834105556
HHO,5,10,2040,904.033649049318
HHO,5,10,2041,901.2301296554205
HHO,5,10,2042,901.1165054092504
HHO,5,10,2043,900.629072248134
HHO,5,10,2044,902.0232197702616
HHO,5,10,2045,900.6325381173643
HHO,5,10,2046,900.728057112926
HHO,5,10,2047,900.9154920892148
HHO,5,10,2048,902.8549082946436
HHO,5,10,2049,902.5272244593854
HHO,5,10,2050,901.1374078078584
HHO,5,10,2051,900.715895756794
HHO,5,10,2052,900.5824064708005
HHO,5,10,2053,901.7016626340912
HHO,5,10,2054,902.326395209588
HHO,5,10,2055,900.8323548491562
HHO,6,10,2026,22610.74074280519
HHO,6,10,2027,21119.54549048958
HHO,6,10,2028,69217.4782579637
HHO,6,10,2029,19703.42272482487
HHO,6,10,2030,39390.387350846766
HHO,6,10,2031,65141.542845578726
HHO,6,10,2032,13269.471654468553
HHO,6,10,2033,7289.234057458592
HHO,6,10,2034,110972.36185201487
HHO,6,10,2035,52550.97416066659
HHO,6,10,2036,21937.09363917074
HHO,6,10,2037,69692.05385377561
HHO,6,10,2038,42424.3486254801
HHO,6,10,2039,14019.325604945438
HHO,6,10,2040,26528.123098343436
HHO,6,10,2041,43709.33569436565
HHO,6,10,2042,37140.202764778885
HHO,6,10,2043,63989.674985191545
HHO,6,10,2044,30033.286117643267
HHO,6,10,2045,19890.261375085796
HHO,6,10,2046,38134.18772495556
HHO,6,10,2047,18489.91480873408
HHO,6,10,2048,35809.8338323061
HHO,6,10,2049,67131.5899597356
HHO,6,10,2050,47546.72695582808
HHO,6,10,2051,37782.4212067253
HHO,6,10,2052,25916.15115722005
HHO,6,10,2053,18640.073755970174
HHO,6,10,2054,79580.6115587049
HHO,6,10,2055,64757.41535635908
HHO,7,10,2026,2396.8109211780807
HHO,7,10,2027,2116.2070853051346
HHO,7,10,2028,2291.33344712399
HHO,7,10,2029,2079.7545335384407
HHO,7,10,2030,2223.947543785054
HHO,7,10,2031,2168.6975350888297
HHO,7,10,2032,2304.390961935294
HHO,7,10,2033,2696.376933762457
HHO,7,10,2034,2162.7709896043807
HHO,7,10,2035,2159.233984989532
HHO,7,10,2036,2118.831813933166
HHO,7,10,2037,2280.6307588636173
HHO,7,10,2038,2431.8239353485765
HHO,7,10,2039,2049.588800044767
HHO,7,10,2040,2225.5801248206994
HHO,7,10,2041,2222.915829424405
HHO,7,10,2042,2436.7163152324374
HHO,7,10,2043,2131.9617818858
HHO,7,10,2044,2320.841746381715
HHO,7,10,2045,2195.6621840396047
HHO,7,10,2046,2094.544588993381
HHO,7,10,2047,2032.1446310211809
HHO,7,10,2048,2211.292507315691
HHO,7,10,2049,2156.602292544305
HHO,7,10,2050,2662.10109357734
HHO,7,10,2051,2209.6613667197603
HHO,7,10,2052,2306.6235293698583
HHO,7,10,2053,2084.043563418811
HHO,7,10,2054,2389.2068150756286
HHO,7,10,2055,2062.9437129313687
HHO,8,10,2026,3470.663262578784
HHO,8,10,2027,2345.13511599928
HHO,8,10,2028,2753.830809707483
HHO,8,10,2029,3477.902619958388
HHO,8,10,2030,2746.163943155404
HHO,8,10,2031,3953.4145292868034
HHO,8,10,2032,2741.0727719174547
HHO,8,10,2033,3198.940841519323
HHO,8,10,2034,5093.515916445121
HHO,8,10,2035,2459.4809084762687
HHO,8,10,2036,4047.1582297901423
HHO,8,10,2037,4585.201787292406
HHO,8,10,2038,2617.4374961082262
HHO,8,10,2039,2263.485800949677
HHO,8,10,2040,5128.098547990104
HHO,8,10,2041,2640.154177458631
HHO,8,10,2042,3121.2810954636598
HHO,8,10,2043,6630.549098240288
HHO,8,10,2044,2883.853912815324
HHO,8,10,2045,3649.068523684152
HHO,8,10,2046,5115.253407174265
HHO,8,10,2047,3628.730634645156
HHO,8,10,2048,2780.588298384198
HHO,8,10,2049,2831.421549303719
HHO,8,10,2050,2480.4070534376056
HHO,8,10,2051,3363.4070474097875
HHO,8,10,2052,2693.1026156965668
HHO,8,10,2053,2436.773168194194
HHO,8,10,2054,5452.961497263284
HHO,8,10,2055,4325.4049792966525
HHO,9,10,2026,2678.26054011346
HHO,9,10,2027,3012.5862382693867
HHO,9,10,2028,3140.494211752585
HHO,9,10,2029,2992.223158603176
HHO,9,10,2030,2333.37254486194
HHO,9,10,2031,2948.420199107432
HHO,9,10,2032,3089.335671416616
HHO,9,10,2033,2711.7504571512686
HHO,9,10,2034,2860.342177918588
HHO,9,10,2035,2764.947235157355
HHO,9,10,2036,2787.3741562670134
HHO,9,10,2037,2842.745967509478
HHO,9,10,2038,2869.823481683571
HHO,9,10,2039,3014.563343969025
HHO,9,10,2040,2919.1393874293626
HHO,9,10,2041,2816.873101886854
HHO,9,10,2042,2860.1726800699053
HHO,9,10,2043,2795.994357982147
HHO,9,10,2044,2767.2032486616827
HHO,9,10,2045,2817.2328666571084
HHO,9,10,2046,2763.580080370506
HHO,9,10,2047,3374.390487276306
HHO,9,10,2048,2762.140153373592
HHO,9,10,2049,2830.048153377133
HHO,9,10,2050,2788.8004702285693
HHO,9,10,2051,2722.150542463241
HHO,9,10,2052,2678.5113197698856
HHO,9,10,2053,2827.5021812844498
HHO,9,10,2054,3035.71223854699
HHO,9,10,2055,2786.964878609016
HHO,10,10,2026,2750.588673740433
HHO,10,10,2027,2640.0716127774194
HHO,10,10,2028,2646.518162362668
HHO,10,10,2029,2791.4884513459097
HHO,10,10,2030,2665.104769289711
HHO,10,10,2031,2923.5831929258525
HHO,10,10,2032,2631.5829669053487
HHO,10,10,2033,2646.680406131772
HHO,10,10,2034,2660.4686437921964
HHO,10,10,2035,2627.5461268316685
HHO,10,10,2036,2658.233447545925
HHO,10,10,2037,2751.9398591173726
HHO,10,10,2038,2805.283083744364
HHO,10,10,2039,2772.3207640858336
HHO,10,10,2040,2630.147463439161
HHO,10,10,2041,2640.049282031649
HHO,10,10,2042,2796.3645298371603
HHO,10,10,2043,2845.6824838509124
HHO,10,10,2044,2754.7480589624847
HHO,10,10,2045,2638.461633166697
HHO,10,10,2046,2629.706366682112
HHO,10,10,2047,2645.646664057394
HHO,10,10,2048,2644.334034770845
HHO,10,10,2049,2643.6378002696365
HHO,10,10,2050,2789.566009940238
HHO,10,10,2051,2760.885629977423
HHO,10,10,2052,2641.590042461022
HHO,10,10,2053,3184.835892579505
HHO,10,10,2054,2765.505523901209
HHO,10,10,2055,4267.778051092011
HHO,11,10,2026,3505.1548470733205
HHO,11,10,2027,2615.361260431932
HHO,11,10,2028,2613.8849169326745
HHO,11,10,2029,2604.55361787609
HHO,11,10,2030,2638.6924760404527
HHO,11,10,2031,2614.5414702788976
HHO,11,10,2032,2676.5535356515675
HHO,11,10,2033,2656.938808073708
HHO,11,10,2034,2631.916045832071
HHO,11,10,2035,2614.890127557853
HHO,11,10,2036,2628.657082810074
HHO,11,10,2037,2641.972498781225
HHO,11,10,2038,2684.382166845964
HHO,11,10,2039,2622.678261740142
HHO,11,10,2040,2632.496442057849
HHO,11,10,2041,2621.0034938710933
HHO,11,10,2042,2633.145883395592
HHO,11,10,2043,2610.9136543859686
HHO,11,10,2044,3636.755190647793
HHO,11,10,2045,2789.361700918991
HHO,11,10,2046,2620.208822700087
HHO,11,10,2047,2656.1591917522087
HHO,11,10,2048,2611.850935130833
HHO,11,10,2049,3479.7383127357107
HHO,11,10,2050,2641.50021168312
HHO,11,10,2051,2610.8112904450622
HHO,11,10,2052,2638.32257351603
HHO,11,10,2053,2621.297880738732
HHO,11,10,2054,2615.435849729165
HHO,11,10,2055,2640.3742235454683
HHO,12,10,2026,2949.820425467085
HHO,12,10,2027,3219.7203847185992
HHO,12,10,2028,3125.055275911219
HHO,12,10,2029,2957.4698532874136
HHO,12,10,2030,2992.4813893315645
HHO,12,10,2031,2978.008397189637
HHO,12,10,2032,2965.726288515056
HHO,12,10,2033,3117.2106456628376
HHO,12,10,2034,2988.7507490316148
HHO,12,10,2035,3058.8633579397438
HHO,12,10,2036,3033.586919385424
HHO,12,10,2037,2884.4175091940106
HHO,12,10,2038,3144.2883232815248
HHO,12,10,2039,2933.142975224247
HHO,12,10,2040,2884.688591629176
HHO,12,10,2041,2937.9973374973983
HHO,12,10,2042,2882.9834058240394
HHO,12,10,2043,2894.8730490155385
HHO,12,10,2044,2922.10258764796
HHO,12,10,2045,2996.295223495653
HHO,12,10,2046,3030.1409961843706
HHO,12,10,2047,3122.579539086434
HHO,12,10,2048,3085.538480263568
HHO,12,10,2049,3051.420022927957
HHO,12,10,2050,2937.7637023768693
HHO,12,10,2051,3087.595278495619
HHO,12,10,2052,3133.464734778143
HHO,12,10,2053,3115.241691904818
HHO,12,10,2054,2913.333915416108
HHO,12,10,2055,2999.9918329711454
SCA,1,10,2026,1456.5080547699013
SCA,1,10,2027,2051.6475265445742
SCA,1,10,2028,1172.815942976901
SCA,1,10,2029,787.418557611031
SCA,1,10,2030,889.4297449752312
SCA,1,10,2031,1151.896824466057
SCA,1,10,2032,1780.7767592367795
SCA,1,10,2033,2182.160916737649
SCA,1,10,2034,1496.6524915473474
SCA,1,10,2035,502.7287791224213
SCA,1,10,2036,2213.325760166498
SCA,1,10,2037,1443.7081368781269
SCA,1,10,2038,1702.247360343988
SCA,1,10,2039,1128.9581098004846
SCA,1,10,2040,1094.473702719892
SCA,1,10,2041,998.2163642192296
SCA,1,10,2042,862.6946448038279
SCA,1,10,2043,953.8851248670046
SCA,1,10,2044,1025.4744970034478
SCA,1,10,2045,1110.5889985383276
SCA,1,10,2046,1552.900212029811
SCA,1,10,2047,960.5609045041402
SCA,1,10,2048,2288.8514009563146
SCA,1,10,2049,1496.7679516715064
SCA,1,10,2050,1219.2418483928543
SCA,1,10,2051,1151.610111967191
SCA,1,10,2052,1090.4846398811526
SCA,1,10,2053,1959.576566704318
SCA,1,10,2054,2445.979195037329
SCA,1,10,2055,1684.1622881358112
SCA,2,10,2026,523.6879025877945
SCA,2,10,2027,566.9116182580859
SCA,2,10,2028,519.743027772638
SCA,2,10,2029,519.220435115386
SCA,2,10,2030,516.7000731794523
SCA,2,10,2031,493.1605393966038
SCA,2,10,2032,551.6161276917658
SCA,2,10,2033,518.0522251236973
SCA,2,10,2034,536.0250867904795
SCA,2,10,2035,593.8595176797502
SCA,2,10,2036,515.0350604765571
SCA,2,10,2037,530.8591928086297
SCA,2,10,2038,515.1440039092928
SCA,2,10,2039,546.027218433592
SCA,2,10,2040,525.187498608144
SCA,2,10,2041,523.359105070891
SCA,2,10,2042,536.627685706013
SCA,2,10,2043,524.9530499848545
SCA,2,10,2044,527.2841446363612
SCA,2,10,2045,546.6985358112278
SCA,2,10,2046,515.202161038034
SCA,2,10,2047,512.8560096488844
SCA,2,10,2048,534.0131746157956
SCA,2,10,2049,506.4261057814051
SCA,2,10,2050,519.2630738567648
SCA,2,10,2051,572.6642839318298
SCA,2,10,2052,480.2571492596153
SCA,2,10,2053,528.0566791522454
SCA,2,10,2054,450.87877429138985
SCA,2,10,2055,556.3774090541772
SCA,3,10,2026,600.0519729322659
SCA,3,10,2027,600.0526114035597
SCA,3,10,2028,600.0383862161714
SCA,3,10,2029,600.0674072172869
SCA,3,10,2030,600.0449666744871
SCA,3,10,2031,600.0456183161933
SCA,3,10,2032,600.0271617254816
SCA,3,10,2033,600.040387852842
SCA,3,10,2034,600.065282360239
SCA,3,10,2035,600.0613885799777
SCA,3,10,2036,600.0812009576844
SCA,3,10,2037,600.0271140530151
SCA,3,10,2038,600.029863814554
SCA,3,10,2039,600.0672676820019
SCA,3,10,2040,600.0303442648382
SCA,3,10,2041,600.043785357759
SCA,3,10,2042,600.0598914702166
SCA,3,10,2043,600.0336043797255
SCA,3,10,2044,600.0688187817399
SCA,3,10,2045,600.0555970903719
SCA,3,10,2046,600.0445793370044
SCA,3,10,2047,600.0289632257945
SCA,3,10,2048,600.0195815555735
SCA,3,10,2049,600.0503271128176
SCA,3,10,2050,600.0415542421408
SCA,3,10,2051,600.0393810293331
SCA,3,10,2052,600.0582668289198
SCA,3,10,2053,600.0248070989184
SCA,3,10,2054,600.0338835944349
SCA,3,10,2055,600.0370086650374
SCA,4,10,2026,878.2954094092559
SCA,4,10,2027,874.6981402627831
SCA,4,10,2028,867.7150898648907
SCA,4,10,2029,852.728699656752
SCA,4,10,2030,838.6357401137192
SCA,4,10,2031,888.9729853623904
SCA,4,10,2032,878.5009019405741
SCA,4,10,2033,870.0
SCA,4,10,2034,878.5754977973168
SCA,4,10,2035,852.9653843527352
SCA,4,10,2036,855.089473464023
SCA,4,10,2037,854.703550361404
SCA,4,10,2038,848.7827568688375
SCA,4,10,2039,868.1283432875318
SCA,4,10,2040,836.3077910042244
SCA,4,10,2041,864.3155389689078
SCA,4,10,2042,881.675601343138
SCA,4,10,2043,858.2605022834052
SCA,4,10,2044,863.3891083971527
SCA,4,10,2045,864.0
SCA,4,10,2046,858.8654365249517
SCA,4,10,2047,862.4269498587673
SCA,4,10,2048,858.7964900929078
SCA,4,10,2049,872.0537167028732
SCA,4,10,2050,869.9957511211385
SCA,4,10,2051,867.2610488009658
SCA,4,10,2052,834.2011038631412
SCA,4,10,2053,856.7659744574191
SCA,4,10,2054,866.3977233947054
SCA,4,10,2055,834.5226500913687
SCA,5,10,2026,900.4336846757408
SCA,5,10,2027,900.4935873986659
SCA,5,10,2028,900.4981999883761
SCA,5,10,2029,900.6011338658544
SCA,5,10,2030,900.5369006739529
SCA,5,10,2031,900.4424487991267
SCA,5,10,2032,900.4647571319383
SCA,5,10,2033,900.4230279094627
SCA,5,10,2034,900.4946936233181
SCA,5,10,2035,900.3921889588046
SCA,5,10,2036,900.2985029158839
SCA,5,10,2037,900.3346064244554
SCA,5,10,2038,900.5543473983265
SCA,5,10,2039,900.3350511497823
SCA,5,10,2040,900.4019507944586
SCA,5,10,2041,900.4982711487711
SCA,5,10,2042,900.5555465954023
SCA,5,10,2043,900.4401854280904
SCA,5,10,2044,900.4162015785319
SCA,5,10,2045,900.4718128796791
SCA,5,10,2046,900.5261544393397
SCA,5,10,2047,900.5312032626824
SCA,5,10,2048,900.4511459040218
SCA,5,10,2049,900.5347168180014
SCA,5,10,2050,900.3521919347058
SCA,5,10,2051,900.4675257914326
SCA,5,10,2052,900.1963817430375
SCA,5,10,2053,900.5559794115827
SCA,5,10,2054,900.5917158817977
SCA,5,10,2055,900.3910431237967
SCA,6,10,2026,2054033.2491290024
SCA,6,10,2027,3052538.811852147
SCA,6,10,2028,7571225.042681309
SCA,6,10,2029,1893417.7964459464
SCA,6,10,2030,2914296.914015725
SCA,6,10,2031,3132982.3560410347
SCA,6,10,2032,2849097.315465179
SCA,6,10,2033,7075323.222308339
SCA,6,10,2034,6569369.641171498
SCA,6,10,2035,4863577.449384777
SCA,6,10,2036,1693557.7712318543
SCA,6,10,2037,3255162.5154454843
SCA,6,10,2038,1518605.1253179274
SCA,6,10,2039,790568.359279413
SCA,6,10,2040,3048896.24269555
SCA,6,10,2041,2280932.852109112
SCA,6,10,2042,2838975.123399439
SCA,6,10,2043,3544665.382631079
SCA,6,10,2044,1310494.5380332277
SCA,6,10,2045,6022145.937433435
SCA,6,10,2046,3080100.224459523
SCA,6,10,2047,2717725.994755696
SCA,6,10,2048,8188576.172590421
SCA,6,10,2049,2958319.9703328605
SCA,6,10,2050,4021102.357512261
SCA,6,10,2051,4822576.087629918
SCA,6,10,2052,5120408.696982993
SCA,6,10,2053,11369754.102270668
SCA,6,10,2054,5695667.480465767
SCA,6,10,2055,1403420.0818820589
SCA,7,10,2026,2091.816247014454
SCA,7,10,2027,2117.77769445936
SCA,7,10,2028,2148.8453180683214
SCA,7,10,2029,2108.909249719072
SCA,7,10,2030,2106.017004404701
SCA,7,10,2031,2089.438636287993
SCA,7,10,2032,2114.966789417389
SCA,7,10,2033,2118.606477456168
SCA,7,10,2034,2097.495139658609
SCA,7,10,2035,2124.5407495225186
SCA,7,10,2036,2087.6768720865603
SCA,7,10,2037,2143.430950484089
SCA,7,10,2038,2125.4411029435096
SCA,7,10,2039,2100.33185811019
SCA,7,10,2040,2105.2631798765337
SCA,7,10,2041,2089.5505968280104
SCA,7,10,2042,2125.6997292626243
SCA,7,10,2043,2117.3318566111984
SCA,7,10,2044,2092.526672311306
SCA,7,10,2045,2108.0236583479405
SCA,7,10,2046,2114.176650533733
SCA,7,10,2047,2095.298512224993
SCA,7,10,2048,2096.473104827664
SCA,7,10,2049,2097.677083398542
SCA,7,10,2050,2088.063630890143
SCA,7,10,2051,2152.7835368509955
SCA,7,10,2052,2096.0981699518925
SCA,7,10,2053,2100.4445530888383
SCA,7,10,2054,2082.108217890237
SCA,7,10,2055,2085.324822503776
SCA,8,10,2026,2513.370390625722
SCA,8,10,2027,2579.162778268209
SCA,8,10,2028,2577.3292701962528
SCA,8,10,2029,2748.5491935723167
SCA,8,10,2030,2781.1952674219947
SCA,8,10,2031,2472.351287301005
SCA,8,10,2032,2282.1724237387944
SCA,8,10,2033,2867.3879171460244
SCA,8,10,2034,2655.6560170934504
SCA,8,10,2035,3073.3823628447662
SCA,8,10,2036,2692.125954085
SCA,8,10,2037,3520.011240234461
SCA,8,10,2038,2570.801209720675
SCA,8,10,2039,2590.97502502464
SCA,8,10,2040,2481.3613408938904
SCA,8,10,2041,2611.134187093229
SCA,8,10,2042,2814.6864897907726
SCA,8,10,2043,2263.5912399033505
SCA,8,10,2044,2684.3127581214085
SCA,8,10,2045,2910.8633632209403
SCA,8,10,2046,2518.296401263802
SCA,8,10,2047,2528.9174507324647
SCA,8,10,2048,2708.0272796246486
SCA,8,10,2049,2531.66830261426
SCA,8,10,2050,2869.556517913607
SCA,8,10,2051,2457.5311226729973
SCA,8,10,2052,2481.102382397836
SCA,8,10,2053,2688.766813334954
SCA,8,10,2054,2935.93103438185
SCA,8,10,2055,2517.5084080380243
SCA,9,10,2026,2662.09556031077
SCA,9,10,2027,2455.818492695235
SCA,9,10,2028,2557.1535473327217
SCA,9,10,2029,2421.6294991343434
SCA,9,10,2030,2521.2076196858347
SCA,9,10,2031,2500.9783610806307
SCA,9,10,2032,2521.977628008448
SCA,9,10,2033,2495.182445984819
SCA,9,10,2034,2503.8322308139445
SCA,9,10,2035,2556.670574908356
SCA,9,10,2036,2554.8498540743044
SCA,9,10,2037,2599.2659650923806
SCA,9,10,2038,2461.942849100463
SCA,9,10,2039,2402.316329065622
SCA,9,10,2040,2573.4581648188187
SCA,9,10,2041,2616.193327505423
SCA,9,10,2042,2446.7361502984268
SCA,9,10,2043,2645.344065995049
SCA,9,10,2044,2609.526022771078
SCA,9,10,2045,2736.29612202307
SCA,9,10,2046,2685.1952494091893
SCA,9,10,2047,2478.897671627905
SCA,9,10,2048,2388.618107657304
SCA,9,10,2049,2426.512918458627
SCA,9,10,2050,2451.7017033034977
SCA,9,10,2051,2488.960580115606
SCA,9,10,2052,2559.499598580325
SCA,9,10,2053,2530.7416912788835
SCA,9,10,2054,2638.8664054968526
SCA,9,10,2055,2459.059774504929
SCA,10,10,2026,2647.0123404411997
SCA,10,10,2027,2638.9463202831944
SCA,10,10,2028,2640.60906138529
SCA,10,10,2029,2642.3126533143936
SCA,10,10,2030,2640.3736711316674
SCA,10,10,2031,2637.6925691989736
SCA,10,10,2032,2773.890519717875
SCA,10,10,2033,2639.6853928184414
SCA,10,10,2034,2644.196704950271
SCA,10,10,2035,2641.4384671432617
SCA,10,10,2036,2637.171963552531
SCA,10,10,2037,2640.9696597451743
SCA,10,10,2038,2643.8993202951638
SCA,10,10,2039,2639.212557431216
SCA,10,10,2040,2651.72322371839
SCA,10,10,2041,2641.9253997255323
SCA,10,10,2042,2643.9128160947585
SCA,10,10,2043,2641.059554361499
SCA,10,10,2044,2646.4264162312484
SCA,10,10,2045,2647.4555902614284
SCA,10,10,2046,2639.991396612963
SCA,10,10,2047,2640.8472624884853
SCA,10,10,2048,2639.7597464968608
SCA,10,10,2049,2640.854173804185
SCA,10,10,2050,2640.140667349599
SCA,10,10,2051,2640.9926477929707
SCA,10,10,2052,2641.708947106256
SCA,10,10,2053,2641.777182408505
SCA,10,10,2054,2646.8912558445927
SCA,10,10,2055,2643.5339079554224
SCA,11,10,2026,2625.825061169228
SCA,11,10,2027,2629.6449882368565
SCA,11,10,2028,2627.2673906691507
SCA,11,10,2029,2624.988667136496
SCA,11,10,2030,2641.425931570292
SCA,11,10,2031,2626.612684051064
SCA,11,10,2032,2627.4380267390247
SCA,11,10,2033,2635.3325797852904
SCA,11,10,2034,2634.0705501852403
SCA,11,10,2035,2632.89726398861
SCA,11,10,2036,2631.7665556941797
SCA,11,10,2037,2631.9789098836764
SCA,11,10,2038,2638.5600890235605
SCA,11,10,2039,2637.8143773932147
SCA,11,10,2040,2618.931181874402
SCA,11,10,2041,2636.053787925261
SCA,11,10,2042,2633.823196048107
SCA,11,10,2043,2628.33581520384
SCA,11,10,2044,2635.562299264943
SCA,11,10,2045,2631.474709713346
SCA,11,10,2046,2634.8273027957302
SCA,11,10,2047,2633.0920646616787
SCA,11,10,2048,2636.0813736323057
SCA,11,10,2049,2632.15957206834
SCA,11,10,2050,2638.601857250359
SCA,11,10,2051,2627.937866862862
SCA,11,10,2052,2634.49133661814
SCA,11,10,2053,2641.191841705873
SCA,11,10,2054,2629.804455464123
SCA,11,10,2055,2625.5905234966717
SCA,12,10,2026,2905.4817652203437
SCA,12,10,2027,2932.1102665044787
SCA,12,10,2028,2912.7380513967423
SCA,12,10,2029,2915.5172557925903
SCA,12,10,2030,2892.1925077004357
SCA,12,10,2031,2904.0510285292403
SCA,12,10,2032,2891.2406973184
SCA,12,10,2033,2911.736448847474
SCA,12,10,2034,2907.415604596704
SCA,12,10,2035,2918.5381268843944
SCA,12,10,2036,2929.357812691872
SCA,12,10,2037,2895.6495990185117
SCA,12,10,2038,2925.738845242085
SCA,12,10,2039,2919.052572089299
SCA,12,10,2040,2908.775667669743
SCA,12,10,2041,2926.2568180997937
SCA,12,10,2042,2926.6303749074173
SCA,12,10,2043,2919.8670826524044
SCA,12,10,2044,2944.315376215142
SCA,12,10,2045,2905.130334644968
SCA,12,10,2046,2934.089528343577
SCA,12,10,2047,2925.089013303512
SCA,12,10,2048,2934.5823545113817
SCA,12,10,2049,2940.1910401199016
SCA,12,10,2050,2900.787050141505
SCA,12,10,2051,2929.0734026583286
SCA,12,10,2052,2913.953569793725
SCA,12,10,2053,2906.0351954289536
SCA,12,10,2054,2922.1410540352904
SCA,12,10,2055,2909.312887605399
LSHADE,1,10,2026,300.0
LSHADE,1,10,2027,300.0
LSHADE,1,10,2028,300.0
LSHADE,1,10,2029,300.0
LSHADE,1,10,2030,300.0
LSHADE,1,10,2031,300.0
LSHADE,1,10,2032,300.0
LSHADE,1,10,2033,300.0
LSHADE,1,10,2034,300.0
LSHADE,1,10,2035,300.0
LSHADE,1,10,2036,300.0
LSHADE,1,10,2037,300.0
LSHADE,1,10,2038,300.0
LSHADE,1,10,2039,300.0
LSHADE,1,10,2040,300.0
LSHADE,1,10,2041,300.0
LSHADE,1,10,2042,300.0
LSHADE,1,10,2043,300.0
LSHADE,1,10,2044,300.0
LSHADE,1,10,2045,300.0
LSHADE,1,10,2046,300.0
LSHADE,1,10,2047,300.0
LSHADE,1,10,2048,300.0
LSHADE,1,10,2049,300.0
LSHADE,1,10,2050,300.0
LSHADE,1,10,2051,300.0
LSHADE,1,10,2052,300.0
LSHADE,1,10,2053,300.0
LSHADE,1,10,2054,300.0
LSHADE,1,10,2055,300.0
LSHADE,2,10,2026,403.9865791142673
LSHADE,2,10,2027,403.9865791140616
LSHADE,2,10,2028,408.9161019277813
LSHADE,2,10,2029,400.0
LSHADE,2,10,2030,400.0000000000047
LSHADE,2,10,2031,403.9865791437471
LSHADE,2,10,2032,400.0
LSHADE,2,10,2033,403.9865793690135
LSHADE,2,10,2034,408.9161019277813
LSHADE,2,10,2035,403.9865791124273
LSHADE,2,10,2036,408.9161019277813
LSHADE,2,10,2037,403.9865791123891
LSHADE,2,10,2038,403.9865791132658
LSHADE,2,10,2039,408.9161019277813
LSHADE,2,10,2040,403.9865791282624
LSHADE,2,10,2041,408.9161019277813
LSHADE,2,10,2042,408.9161019277813
LSHADE,2,10,2043,408.9161019277813
LSHADE,2,10,2044,408.9161019277813
LSHADE,2,10,2045,408.9161019277813
LSHADE,2,10,2046,408.9161019277813
LSHADE,2,10,2047,408.9161019277813
LSHADE,2,10,2048,403.98657911236256
LSHADE,2,10,2049,408.9161019277813
LSHADE,2,10,2050,400.0000000000093
LSHADE,2,10,2051,400.0000000000118
LSHADE,2,10,2052,403.9865791125175
LSHADE,2,10,2053,403.9865791123643
LSHADE,2,10,2054,408.9161019277813
LSHADE,2,10,2055,408.9161019277813
LSHADE,3,10,2026,600.0
LSHADE,3,10,2027,600.0
LSHADE,3,10,2028,600.0
LSHADE,3,10,2029,600.0
LSHADE,3,10,2030,600.0
LSHADE,3,10,2031,600.0
LSHADE,3,10,2032,600.0
LSHADE,3,10,2033,600.0
LSHADE,3,10,2034,600.0
LSHADE,3,10,2035,600.0
LSHADE,3,10,2036,600.0
LSHADE,3,10,2037,600.0
LSHADE,3,10,2038,600.0
LSHADE,3,10,2039,600.0
LSHADE,3,10,2040,600.0
LSHADE,3,10,2041,600.0
LSHADE,3,10,2042,600.0
LSHADE,3,10,2043,600.0
LSHADE,3,10,2044,600.0
LSHADE,3,10,2045,600.0
LSHADE,3,10,2046,600.0
LSHADE,3,10,2047,600.0
LSHADE,3,10,2048,600.0
LSHADE,3,10,2049,600.0
LSHADE,3,10,2050,600.0
LSHADE,3,10,2051,600.0
LSHADE,3,10,2052,600.0
LSHADE,3,10,2053,600.0
LSHADE,3,10,2054,600.0
LSHADE,3,10,2055,600.0
LSHADE,4,10,2026,812.1298219096135
LSHADE,4,10,2027,810.0177037865526
LSHADE,4,10,2028,818.0372292302388
LSHADE,4,10,2029,822.0001432262814
LSHADE,4,10,2030,816.0006177702726
LSHADE,4,10,2031,818.2483951349698
LSHADE,4,10,2032,814.0930557511533
LSHADE,4,10,2033,808.2716173714017
LSHADE,4,10,2034,813.7913312985847
LSHADE,4,10,2035,812.1927796329021
LSHADE,4,10,2036,812.1142338545146
LSHADE,4,10,2037,812.0741224270146
LSHADE,4,10,2038,810.0973101625359
LSHADE,4,10,2039,818.0108686884122
LSHADE,4,10,2040,823.3889701622896
LSHADE,4,10,2041,812.1029596923487
LSHADE,4,10,2042,818.046071729751
LSHADE,4,10,2043,812.069734708709
LSHADE,4,10,2044,810.1719470931217
LSHADE,4,10,2045,804.8805964987321
LSHADE,4,10,2046,814.3409668201391
LSHADE,4,10,2047,816.3050642705551
LSHADE,4,10,2048,814.0196902815952
LSHADE,4,10,2049,816.0015128108324
LSHADE,4,10,2050,816.0558085531085
LSHADE,4,10,2051,818.0413468207103
LSHADE,4,10,2052,816.1190362852238
LSHADE,4,10,2053,810.497485102995
LSHADE,4,10,2054,816.868965450897
LSHADE,4,10,2055,820.0167767799724
LSHADE,5,10,2026,900.0
LSHADE,5,10,2027,900.0
LSHADE,5,10,2028,900.0
LSHADE,5,10,2029,900.0
LSHADE,5,10,2030,900.0
LSHADE,5,10,2031,900.0
LSHADE,5,10,2032,900.0
LSHADE,5,10,2033,900.0
LSHADE,5,10,2034,900.0
LSHADE,5,10,2035,900.0
LSHADE,5,10,2036,900.0
LSHADE,5,10,2037,900.0
LSHADE,5,10,2038,900.0
LSHADE,5,10,2039,900.0
LSHADE,5,10,2040,900.0
LSHADE,5,10,2041,900.0
LSHADE,5,10,2042,900.0
LSHADE,5,10,2043,900.0
LSHADE,5,10,2044,900.0
LSHADE,5,10,2045,900.0
LSHADE,5,10,2046,900.0
LSHADE,5,10,2047,900.0
LSHADE,5,10,2048,900.0
LSHADE,5,10,2049,900.0
LSHADE,5,10,2050,900.0
LSHADE,5,10,2051,900.0
LSHADE,5,10,2052,900.0
LSHADE,5,10,2053,900.0
LSHADE,5,10,2054,900.0
LSHADE,5,10,2055,900.0
LSHADE,6,10,2026,1800.7011664187128
LSHADE,6,10,2027,1800.3791872198942
LSHADE,6,10,2028,1800.641120886916
LSHADE,6,10,2029,1802.265209857349
LSHADE,6,10,2030,1802.1094077113407
LSHADE,6,10,2031,1800.4928749680764
LSHADE,6,10,2032,1800.4878647062533
LSHADE,6,10,2033,1802.0532456775409
LSHADE,6,10,2034,1801.1572527121682
LSHADE,6,10,2035,1800.1237340585787
LSHADE,6,10,2036,1802.4198021355955
LSHADE,6,10,2037,1801.156850535708
LSHADE,6,10,2038,1801.377103835748
LSHADE,6,10,2039,1800.1623397834892
LSHADE,6,10,2040,1801.7862874716595
LSHADE,6,10,2041,1800.8839568895407
LSHADE,6,10,2042,1801.124959773931
LSHADE,6,10,2043,1800.1796968692984
LSHADE,6,10,2044,1801.5605790269265
LSHADE,6,10,2045,1800.740709304181
LSHADE,6,10,2046,1801.1163383585083
LSHADE,6,10,2047,1800.1696509469764
LSHADE,6,10,2048,1804.4067657618425
LSHADE,6,10,2049,1800.6530389550712
LSHADE,6,10,2050,1801.000563405499
LSHADE,6,10,2051,1802.0772746985565
LSHADE,6,10,2052,1801.4761690380435
LSHADE,6,10,2053,1801.2129774622886
LSHADE,6,10,2054,1802.183016624392
LSHADE,6,10,2055,1803.022024521037
LSHADE,7,10,2026,2012.2692963236784
LSHADE,7,10,2027,2016.386177701852
LSHADE,7,10,2028,2003.331580142665
LSHADE,7,10,2029,2010.4796908680369
LSHADE,7,10,2030,2010.7537702512552
LSHADE,7,10,2031,2010.583623199656
LSHADE,7,10,2032,2006.1047330225424
LSHADE,7,10,2033,2022.19723355463
LSHADE,7,10,2034,2011.5135898833191
LSHADE,7,10,2035,2010.0982858486652
LSHADE,7,10,2036,2007.618354827663
LSHADE,7,10,2037,2012.0337794101335
LSHADE,7,10,2038,2009.2150618856556
LSHADE,7,10,2039,2018.9525892776528
LSHADE,7,10,2040,2010.1250368195667
LSHADE,7,10,2041,2022.9357601613567
LSHADE,7,10,2042,2020.081093294804
LSHADE,7,10,2043,2012.0083792314408
LSHADE,7,10,2044,2006.8240434683944
LSHADE,7,10,2045,2022.575411748003
LSHADE,7,10,2046,2022.116647168448
LSHADE,7,10,2047,2006.2437488554565
LSHADE,7,10,2048,2013.3706493746224
LSHADE,7,10,2049,2005.3605611311132
LSHADE,7,10,2050,2006.9511747197705
LSHADE,7,10,2051,2020.9656373335413
LSHADE,7,10,2052,2018.255441690981
LSHADE,7,10,2053,2004.437918264697
LSHADE,7,10,2054,2004.1465138302335
LSHADE,7,10,2055,2004.056044335272
LSHADE,8,10,2026,2222.1258720475635
LSHADE,8,10,2027,2211.3781838071477
LSHADE,8,10,2028,2221.8514140976613
LSHADE,8,10,2029,2202.209619866611
LSHADE,8,10,2030,2222.130506240365
LSHADE,8,10,2031,2206.608826392744
LSHADE,8,10,2032,2201.969525960574
LSHADE,8,10,2033,2206.3917364906574
LSHADE,8,10,2034,2209.204539794988
LSHADE,8,10,2035,2205.2625177046107
LSHADE,8,10,2036,2222.1061484825987
LSHADE,8,10,2037,2214.136333066481
LSHADE,8,10,2038,2204.512756544564
LSHADE,8,10,2039,2223.809973709156
LSHADE,8,10,2040,2202.2200452585166
LSHADE,8,10,2041,2221.8395014874964
LSHADE,8,10,2042,2221.857624300203
LSHADE,8,10,2043,2206.65313173258
LSHADE,8,10,2044,2221.4422220466768
LSHADE,8,10,2045,2207.779420158314
LSHADE,8,10,2046,2221.464254780633
LSHADE,8,10,2047,2202.35024139909
LSHADE,8,10,2048,2204.255248755049
LSHADE,8,10,2049,2222.425455607392
LSHADE,8,10,2050,2203.6047064786862
LSHADE,8,10,2051,2221.639362400256
LSHADE,8,10,2052,2222.3968111212994
LSHADE,8,10,2053,2213.8260645896867
LSHADE,8,10,2054,2203.778458533713
LSHADE,8,10,2055,2221.661525192289
LSHADE,9,10,2026,2300.0000000000005
LSHADE,9,10,2027,2659.09434478036
LSHADE,9,10,2028,2659.0943447803597
LSHADE,9,10,2029,2300.0000000000023
LSHADE,9,10,2030,2659.09434478036
LSHADE,9,10,2031,2300.000000000001
LSHADE,9,10,2032,2300.0000000000005
LSHADE,9,10,2033,2300.0000000000005
LSHADE,9,10,2034,2659.0943447803597
LSHADE,9,10,2035,2300.0000000000005
LSHADE,9,10,2036,2300.0000000000005
LSHADE,9,10,2037,2300.0000000000005
LSHADE,9,10,2038,2300.0000000000005
LSHADE,9,10,2039,2659.094344780371
LSHADE,9,10,2040,2659.09434478036
LSHADE,9,10,2041,2300.0000000000005
LSHADE,9,10,2042,2300.0000000000005
LSHADE,9,10,2043,2300.0
LSHADE,9,10,2044,2300.0000000000005
LSHADE,9,10,2045,2659.09434478036
LSHADE,9,10,2046,2300.0000000000005
LSHADE,9,10,2047,2300.0000000000005
LSHADE,9,10,2048,2659.0943447803597
LSHADE,9,10,2049,2659.09434478036
LSHADE,9,10,2050,2300.0000000000005
LSHADE,9,10,2051,2300.0000000000005
LSHADE,9,10,2052,2300.0000000000005
LSHADE,9,10,2053,2300.0000000000005
LSHADE,9,10,2054,2659.09434478036
LSHADE,9,10,2055,2659.0943447803597
LSHADE,10,10,2026,2719.2597649154104
LSHADE,10,10,2027,2622.4738766144164
LSHADE,10,10,2028,2620.8726497489797
LSHADE,10,10,2029,2722.7679156007507
LSHADE,10,10,2030,2620.87264974898
LSHADE,10,10,2031,2622.4738766144164
LSHADE,10,10,2032,2621.122057282524
LSHADE,10,10,2033,2621.122057282524
LSHADE,10,10,2034,2621.122057282524
LSHADE,10,10,2035,2621.122057282524
LSHADE,10,10,2036,2622.4738766144164
LSHADE,10,10,2037,2621.122057282524
LSHADE,10,10,2038,2620.87264974898
LSHADE,10,10,2039,2714.497322351664
LSHADE,10,10,2040,2622.4738766144164
LSHADE,10,10,2041,2622.151650652296
LSHADE,10,10,2042,2715.5517865511893
LSHADE,10,10,2043,2622.4738766144164
LSHADE,10,10,2044,2622.151650652296
LSHADE,10,10,2045,2621.122057282524
LSHADE,10,10,2046,2620.8726497489797
LSHADE,10,10,2047,2620.961000640641
LSHADE,10,10,2048,2622.1744000774943
LSHADE,10,10,2049,2620.8726497489797
LSHADE,10,10,2050,2620.8726497489797
LSHADE,10,10,2051,2621.232831027261
LSHADE,10,10,2052,2622.151650652296
LSHADE,10,10,2053,2621.122057282524
LSHADE,10,10,2054,2622.4738766144164
LSHADE,10,10,2055,2620.8726497489797
LSHADE,11,10,2026,2600.0000000000005
LSHADE,11,10,2027,2600.0
LSHADE,11,10,2028,2600.0000000000005
LSHADE,11,10,2029,2600.0000000000005
LSHADE,11,10,2030,2600.0000000000005
LSHADE,11,10,2031,2600.0000000000005
LSHADE,11,10,2032,2600.0000000000005
LSHADE,11,10,2033,2600.0
LSHADE,11,10,2034,2600.0000000000005
LSHADE,11,10,2035,3476.0688983265472
LSHADE,11,10,2036,2600.0000000000005
LSHADE,11,10,2037,2600.0
LSHADE,11,10,2038,2600.0000000000005
LSHADE,11,10,2039,2600.0
LSHADE,11,10,2040,2600.0000000000005
LSHADE,11,10,2041,2600.0000000000005
LSHADE,11,10,2042,2600.0
LSHADE,11,10,2043,2600.0000000000005
LSHADE,11,10,2044,2600.0000000000005
LSHADE,11,10,2045,2600.0000000000005
LSHADE,11,10,2046,2600.0
LSHADE,11,10,2047,2600.0000000000005
LSHADE,11,10,2048,2600.0000000000005
LSHADE,11,10,2049,2600.0000000000005
LSHADE,11,10,2050,2600.0000000000005
LSHADE,11,10,2051,2600.0000000000005
LSHADE,11,10,2052,2600.0000000000005
LSHADE,11,10,2053,2600.0000000000005
LSHADE,11,10,2054,2600.0000000000005
LSHADE,11,10,2055,2600.0000000000005
LSHADE,12,10,2026,2864.47353323778
LSHADE,12,10,2027,2864.473521566374
LSHADE,12,10,2028,2864.897547591958
LSHADE,12,10,2029,2865.468424778382
LSHADE,12,10,2030,2866.3728442785227
LSHADE,12,10,2031,2864.473916619886
LSHADE,12,10,2032,2866.372844183704
LSHADE,12,10,2033,2865.891756898469
LSHADE,12,10,2034,2864.89754759196
LSHADE,12,10,2035,2864.0139454481628
LSHADE,12,10,2036,2866.973950285792
LSHADE,12,10,2037,2864.0139906731592
LSHADE,12,10,2038,2864.473522741916
LSHADE,12,10,2039,2865.891756877136
LSHADE,12,10,2040,2865.891756997255
LSHADE,12,10,2041,2865.891756879505
LSHADE,12,10,2042,2864.897547591958
LSHADE,12,10,2043,2868.181645107104
LSHADE,12,10,2044,2864.4735228799354
LSHADE,12,10,2045,2865.891756893371
LSHADE,12,10,2046,2864.473543893355
LSHADE,12,10,2047,2863.9064172833405
LSHADE,12,10,2048,2864.897547591958
LSHADE,12,10,2049,2864.4735193924635
LSHADE,12,10,2050,2865.468422428245
LSHADE,12,10,2051,2865.468490159985
LSHADE,12,10,2052,2864.473540827332
LSHADE,12,10,2053,2865.891756911616
LSHADE,12,10,2054,2865.8917568769484
LSHADE,12,10,2055,2864.4735246901205
ABMO,1,20,2026,300.0000000000025
ABMO,1,20,2027,300.0000000000004
ABMO,1,20,2028,300.0000000000003
ABMO,1,20,2029,300.0000000000002
ABMO,1,20,2030,300.00000000000017
ABMO,1,20,2031,335.1252797705956
ABMO,1,20,2032,300.0000000000004
ABMO,1,20,2033,300.0000000000004
ABMO,1,20,2034,300.0000000000003
ABMO,1,20,2035,300.0000000000002
ABMO,1,20,2036,300.0000000000017
ABMO,1,20,2037,300.0000000000002
ABMO,1,20,2038,300.00000000000017
ABMO,1,20,2039,435.1893243291969
ABMO,1,20,2040,343.639785695612
ABMO,1,20,2041,300.0000000000035
ABMO,1,20,2042,300.0000000000046
ABMO,1,20,2043,300.0000000000006
ABMO,1,20,2044,300.0000000000009
ABMO,1,20,2045,300.00000000000045
ABMO,1,20,2046,300.00000000000153
ABMO,1,20,2047,300.0000000000086
ABMO,1,20,2048,300.00000000000034
ABMO,1,20,2049,300.0000000000006
ABMO,1,20,2050,300.0000000000004
ABMO,1,20,2051,300.0000000000005
ABMO,1,20,2052,300.00000000000006
ABMO,1,20,2053,300.0000000000002
ABMO,1,20,2054,300.0000000000006
ABMO,1,20,2055,300.00000000000114
ABMO,2,20,2026,449.084480189835
ABMO,2,20,2027,449.0844876559699
ABMO,2,20,2028,449.0844885827067
ABMO,2,20,2029,449.08447967853886
ABMO,2,20,2030,473.05621345900863
ABMO,2,20,2031,475.752694062671
ABMO,2,20,2032,471.7754220317562
ABMO,2,20,2033,468.9887102911815
ABMO,2,20,2034,449.0844808579519
ABMO,2,20,2035,454.3584084388664
ABMO,2,20,2036,449.0844837967901
ABMO,2,20,2037,444.8954693174522
ABMO,2,20,2038,449.08447905040265
ABMO,2,20,2039,449.0844799247166
ABMO,2,20,2040,449.0847471879345
ABMO,2,20,2041,471.7683294876517
ABMO,2,20,2042,484.4005815587962
ABMO,2,20,2043,449.0844835469738
ABMO,2,20,2044,473.08876163132703
ABMO,2,20,2045,487.94578720965205
ABMO,2,20,2046,445.6304890274467
ABMO,2,20,2047,449.0844822842232
ABMO,2,20,2048,567.9003966463617
ABMO,2,20,2049,473.5576719983186
ABMO,2,20,2050,444.8954693174579
ABMO,2,20,2051,473.4441779688563
ABMO,2,20,2052,487.7135525031861
ABMO,2,20,2053,406.672869304608
ABMO,2,20,2054,449.0844790568457
ABMO,2,20,2055,449.0844799746024
ABMO,3,20,2026,600.0000000000002
ABMO,3,20,2027,600.0000000000002
ABMO,3,20,2028,600.0000000000005
ABMO,3,20,2029,600.0000000000014
ABMO,3,20,2030,600.0000000000005
ABMO,3,20,2031,600.0000000000002
ABMO,3,20,2032,600.0000000000002
ABMO,3,20,2033,600.0000000000006
ABMO,3,20,2034,600.0000000000038
ABMO,3,20,2035,600.0774397327959
ABMO,3,20,2036,600.0000000000005
ABMO,3,20,2037,600.0000000000006
ABMO,3,20,2038,600.0000000000035
ABMO,3,20,2039,600.0263687570205
ABMO,3,20,2040,600.0000000000008
ABMO,3,20,2041,600.0000000000003
ABMO,3,20,2042,600.0245405863303
ABMO,3,20,2043,600.0000000000002
ABMO,3,20,2044,600.0000000000008
ABMO,3,20,2045,600.0000000000008
ABMO,3,20,2046,600.0000000000018
ABMO,3,20,2047,600.0288111660055
ABMO,3,20,2048,600.0000000000005
ABMO,3,20,2049,600.000000000002
ABMO,3,20,2050,600.0000000000006
ABMO,3,20,2051,600.0000000000011
ABMO,3,20,2052,600.0000000000019
ABMO,3,20,2053,600.0000000000002
ABMO,3,20,2054,600.0245405863305
ABMO,3,20,2055,600.0000000000005
ABMO,4,20,2026,1006.5
ABMO,4,20,2027,934.0
ABMO,4,20,2028,1052.5
ABMO,4,20,2029,1058.5
ABMO,4,20,2030,980.5
ABMO,4,20,2031,1094.0
ABMO,4,20,2032,988.0
ABMO,4,20,2033,1010.5
ABMO,4,20,2034,1125.0
ABMO,4,20,2035,1099.0
ABMO,4,20,2036,1090.5
ABMO,4,20,2037,1018.0
ABMO,4,20,2038,1010.0
ABMO,4,20,2039,958.5
ABMO,4,20,2040,1132.0
ABMO,4,20,2041,1036.5
ABMO,4,20,2042,1189.0
ABMO,4,20,2043,1032.0
ABMO,4,20,2044,1156.5
ABMO,4,20,2045,998.0
ABMO,4,20,2046,1030.5
ABMO,4,20,2047,1068.0
ABMO,4,20,2048,978.0
ABMO,4,20,2049,1080.5
ABMO,4,20,2050,1084.5
ABMO,4,20,2051,994.0
ABMO,4,20,2052,1040.0
ABMO,4,20,2053,970.0
ABMO,4,20,2054,1134.0
ABMO,4,20,2055,1098.0
ABMO,5,20,2026,906.8641115921884
ABMO,5,20,2027,902.1754090936172
ABMO,5,20,2028,907.1756834261666
ABMO,5,20,2029,908.9065320040446
ABMO,5,20,2030,908.6886474905064
ABMO,5,20,2031,901.9068243342692
ABMO,5,20,2032,905.7879757581646
ABMO,5,20,2033,904.551901839024
ABMO,5,20,2034,902.1754090779636
ABMO,5,20,2035,902.994528866122
ABMO,5,20,2036,906.060761738667
ABMO,5,20,2037,906.9694097763156
ABMO,5,20,2038,909.515721223072
ABMO,5,20,2039,903.359303942646
ABMO,5,20,2040,909.296370138346
ABMO,5,20,2041,900.9086480386162
ABMO,5,20,2042,902.815472586559
ABMO,5,20,2043,904.5365374102718
ABMO,5,20,2044,905.8582862768816
ABMO,5,20,2045,902.8087895954696
ABMO,5,20,2046,908.2654864041097
ABMO,5,20,2047,903.3348599389516
ABMO,5,20,2048,904.1784256853218
ABMO,5,20,2049,911.7153111707572
ABMO,5,20,2050,905.510247859518
ABMO,5,20,2051,908.8197904281092
ABMO,5,20,2052,903.6345711606168
ABMO,5,20,2053,902.6052684026072
ABMO,5,20,2054,909.90408792415
ABMO,5,20,2055,905.6963006622408
ABMO,6,20,2026,80180.902150828
ABMO,6,20,2027,162797.92149369017
ABMO,6,20,2028,52297.32209370128
ABMO,6,20,2029,53745.854531311474
ABMO,6,20,2030,32630.68187562414
ABMO,6,20,2031,66926.06685819273
ABMO,6,20,2032,74473.28017362021
ABMO,6,20,2033,71899.62770240229
ABMO,6,20,2034,88229.14418789808
ABMO,6,20,2035,48056.16277501426
ABMO,6,20,2036,25413.102022205712
ABMO,6,20,2037,96853.46765647162
ABMO,6,20,2038,46568.36969963189
ABMO,6,20,2039,57815.21214314783
ABMO,6,20,2040,31325.098050654397
ABMO,6,20,2041,143412.92587187086
ABMO,6,20,2042,99596.7467481895
ABMO,6,20,2043,65823.9614471504
ABMO,6,20,2044,84425.59411454553
ABMO,6,20,2045,118809.90821111423
ABMO,6,20,2046,37771.14221658983
ABMO,6,20,2047,29243.214828655236
ABMO,6,20,2048,106510.72182506106
ABMO,6,20,2049,103776.02649123914
ABMO,6,20,2050,73013.64072853056
ABMO,6,20,2051,34791.18372770667
ABMO,6,20,2052,54992.97535871365
ABMO,6,20,2053,39780.13996805407
ABMO,6,20,2054,107768.09269424267
ABMO,6,20,2055,62619.28841664022
ABMO,7,20,2026,2049.078908954893
ABMO,7,20,2027,2053.610301732171
ABMO,7,20,2028,2118.3615500920573
ABMO,7,20,2029,2051.782541699126
ABMO,7,20,2030,2515.613653781096
ABMO,7,20,2031,2030.3282637663235
ABMO,7,20,2032,2616.775988713937
ABMO,7,20,2033,2057.8388088964266
ABMO,7,20,2034,2046.9607002310431
ABMO,7,20,2035,2219.290958427305
ABMO,7,20,2036,2132.0261674850763
ABMO,7,20,2037,2078.4837581735624
ABMO,7,20,2038,2105.4932023114025
ABMO,7,20,2039,2089.886285651268
ABMO,7,20,2040,2037.454372418989
ABMO,7,20,2041,2042.1443687883636
ABMO,7,20,2042,3056.968931602029
ABMO,7,20,2043,2100.9610432918507
ABMO,7,20,2044,2052.9809934033456
ABMO,7,20,2045,2037.4187829474447
ABMO,7,20,2046,2275.8686533812697
ABMO,7,20,2047,2099.2294142429464
ABMO,7,20,2048,2120.688350805423
ABMO,7,20,2049,2062.8301817377896
ABMO,7,20,2050,2050.830986461298
ABMO,7,20,2051,2123.424384261652
ABMO,7,20,2052,2125.493557143709
ABMO,7,20,2053,2033.6516173291811
ABMO,7,20,2054,2031.5539496786491
ABMO,7,20,2055,2259.672657621952
ABMO,8,20,2026,2249.738958178919
ABMO,8,20,2027,2900.1175614392805
ABMO,8,20,2028,2713.8958206474595
ABMO,8,20,2029,2265.130955689096
ABMO,8,20,2030,4954.320411754463
ABMO,8,20,2031,2295.0028878934586
ABMO,8,20,2032,6153.648733898108
ABMO,8,20,2033,2357.142367647431
ABMO,8,20,2034,3227.0271932673286
ABMO,8,20,2035,4689.908897256741
ABMO,8,20,2036,2870.8889378540066
ABMO,8,20,2037,2228.0496842351454
ABMO,8,20,2038,2235.8689476489603
ABMO,8,20,2039,6370.472278435147
ABMO,8,20,2040,2487.0839358585795
ABMO,8,20,2041,5040.366599698426
ABMO,8,20,2042,2564.848252394274
ABMO,8,20,2043,2495.4769723394647
ABMO,8,20,2044,5703.847117641117
ABMO,8,20,2045,2268.29783838982
ABMO,8,20,2046,7198.779664747307
ABMO,8,20,2047,2271.1417716194155
ABMO,8,20,2048,2547.703669571132
ABMO,8,20,2049,2551.0106917826265
ABMO,8,20,2050,2667.507585098326
ABMO,8,20,2051,6454.185106609779
ABMO,8,20,2052,2248.5898505461387
ABMO,8,20,2053,2512.729069027324
ABMO,8,20,2054,2285.27220643699
ABMO,8,20,2055,2628.6869796104334
ABMO,9,20,2026,2686.588451419604
ABMO,9,20,2027,2635.6670639498025
ABMO,9,20,2028,2688.2439820714053
ABMO,9,20,2029,2635.668196362527
ABMO,9,20,2030,2635.791434929302
ABMO,9,20,2031,2635.791424459054
ABMO,9,20,2032,2781.0660730331338
ABMO,9,20,2033,2643.4234356639504
ABMO,9,20,2034,2763.008243163002
ABMO,9,20,2035,2639.467237798352
ABMO,9,20,2036,2635.638776984852
ABMO,9,20,2037,2649.328177065041
ABMO,9,20,2038,2635.638808958153
ABMO,9,20,2039,2664.3164850625526
ABMO,9,20,2040,2642.7849931201463
ABMO,9,20,2041,2661.031185669633
ABMO,9,20,2042,2635.6681989818326
ABMO,9,20,2043,2642.4132378459417
ABMO,9,20,2044,2829.6456325819554
ABMO,9,20,2045,2650.230922261681
ABMO,9,20,2046,2712.7223845674366
ABMO,9,20,2047,2655.228722039129
ABMO,9,20,2048,2655.4113375924057
ABMO,9,20,2049,2675.535915882344
ABMO,9,20,2050,2639.4672380952616
ABMO,9,20,2051,2722.4240109961825
ABMO,9,20,2052,2635.812949703821
ABMO,9,20,2053,2639.467237669004
ABMO,9,20,2054,2731.331342187428
ABMO,9,20,2055,2635.638772847036
ABMO,10,20,2026,2818.213964238943
ABMO,10,20,2027,4608.125930821037
ABMO,10,20,2028,4577.521850376443
ABMO,10,20,2029,2818.5159753728344
ABMO,10,20,2030,5132.714535263805
ABMO,10,20,2031,4554.562495812842
ABMO,10,20,2032,4782.7986303590105
ABMO,10,20,2033,4348.803126596952
ABMO,10,20,2034,4632.225599006499
ABMO,10,20,2035,4197.5346274959065
ABMO,10,20,2036,2822.504737370751
ABMO,10,20,2037,6025.446730425732
ABMO,10,20,2038,4374.509760955207
ABMO,10,20,2039,4348.448408269338
ABMO,10,20,2040,4073.741838856854
ABMO,10,20,2041,4528.083180547541
ABMO,10,20,2042,2999.6100589085618
ABMO,10,20,2043,4175.994320807056
ABMO,10,20,2044,4939.516782398512
ABMO,10,20,2045,4704.090675718553
ABMO,10,20,2046,5770.026025957069
ABMO,10,20,2047,3641.0072757190674
ABMO,10,20,2048,5049.16616391499
ABMO,10,20,2049,6030.900015736461
ABMO,10,20,2050,4945.425539073252
ABMO,10,20,2051,4657.599436984239
ABMO,10,20,2052,5188.098451607889
ABMO,10,20,2053,4040.8131271520174
ABMO,10,20,2054,4643.504833241333
ABMO,10,20,2055,4887.198620640906
ABMO,11,20,2026,2667.583878324166
ABMO,11,20,2027,2851.8477398985133
ABMO,11,20,2028,2632.952343448765
ABMO,11,20,2029,2625.5436798788446
ABMO,11,20,2030,2618.846479338626
ABMO,11,20,2031,3160.5137156054825
ABMO,11,20,2032,2712.1815941978366
ABMO,11,20,2033,2614.416704636974
ABMO,11,20,2034,2646.700456217155
ABMO,11,20,2035,2613.982190754096
ABMO,11,20,2036,2641.9461077985648
ABMO,11,20,2037,3544.9165060023497
ABMO,11,20,2038,2600.0000000000755
ABMO,11,20,2039,4091.15664499832
ABMO,11,20,2040,2612.608261482869
ABMO,11,20,2041,2618.5665007203165
ABMO,11,20,2042,2655.254214411328
ABMO,11,20,2043,2600.000000000008
ABMO,11,20,2044,2613.384420192505
ABMO,11,20,2045,2615.8474746866477
ABMO,11,20,2046,2600.0000000000086
ABMO,11,20,2047,2626.928184849905
ABMO,11,20,2048,2620.060251982396
ABMO,11,20,2049,2637.5263558862225
ABMO,11,20,2050,4074.8530279700326
ABMO,11,20,2051,4223.928503264207
ABMO,11,20,2052,2647.523746290189
ABMO,11,20,2053,2600.0000000003565
ABMO,11,20,2054,2617.2053991657317
ABMO,11,20,2055,4157.074466287061
ABMO,12,20,2026,3148.1206613933223
ABMO,12,20,2027,3043.2931576361807
ABMO,12,20,2028,2967.1971492279445
ABMO,12,20,2029,3032.439004807381
ABMO,12,20,2030,2990.4069898514404
ABMO,12,20,2031,2997.858451993808
ABMO,12,20,2032,3019.3757038532644
ABMO,12,20,2033,3020.171617723423
ABMO,12,20,2034,3366.505985970563
ABMO,12,20,2035,3065.883535922768
ABMO,12,20,2036,3257.736721263736
ABMO,12,20,2037,2975.1185691312303
ABMO,12,20,2038,2987.5315788967287
ABMO,12,20,2039,3295.7839196588734
ABMO,12,20,2040,3034.97726234574
ABMO,12,20,2041,3312.023291273412
ABMO,12,20,2042,3080.2696064880283
ABMO,12,20,2043,3105.2989841040667
ABMO,12,20,2044,2944.691639500977
ABMO,12,20,2045,3216.617603970263
ABMO,12,20,2046,3007.0642481366717
ABMO,12,20,2047,3184.950337145746
ABMO,12,20,2048,3023.7078573618314
ABMO,12,20,2049,3378.901895347872
ABMO,12,20,2050,3006.322907274416
ABMO,12,20,2051,3349.7677833745884
ABMO,12,20,2052,3372.6931383753144
ABMO,12,20,2053,3029.02936123208
ABMO,12,20,2054,3240.006263411712
ABMO,12,20,2055,3177.3255630708004
RUN,1,20,2026,10213.284870478125
RUN,1,20,2027,8850.82384616103
RUN,1,20,2028,10461.936053070329
RUN,1,20,2029,6224.890621839341
RUN,1,20,2030,6569.235686095093
RUN,1,20,2031,12041.03741627838
RUN,1,20,2032,12349.59485495712
RUN,1,20,2033,10767.995800288403
RUN,1,20,2034,9604.081298349578
RUN,1,20,2035,11379.26813012266
RUN,1,20,2036,11201.088820157427
RUN,1,20,2037,6357.830556608199
RUN,1,20,2038,8770.087372478809
RUN,1,20,2039,13529.096707101591
RUN,1,20,2040,10560.16049321488
RUN,1,20,2041,15545.416390208618
RUN,1,20,2042,10630.25126506607
RUN,1,20,2043,10962.72417741912
RUN,1,20,2044,15424.696498664674
RUN,1,20,2045,5378.889507996848
RUN,1,20,2046,12967.381443046806
RUN,1,20,2047,12671.384899537852
RUN,1,20,2048,9180.82377591468
RUN,1,20,2049,15744.838304721989
RUN,1,20,2050,5629.322007983365
RUN,1,20,2051,11383.226233394224
RUN,1,20,2052,14268.906483394454
RUN,1,20,2053,9125.180907032802
RUN,1,20,2054,11870.86709654356
RUN,1,20,2055,8288.217178513365
RUN,2,20,2026,932.90462121697
RUN,2,20,2027,772.2739465970649
RUN,2,20,2028,881.1805613401355
RUN,2,20,2029,717.0999798862385
RUN,2,20,2030,926.9384825982576
RUN,2,20,2031,761.3013939463058
RUN,2,20,2032,829.2561319278645
RUN,2,20,2033,821.6714958738899
RUN,2,20,2034,1096.3417164090422
RUN,2,20,2035,1071.6174335653589
RUN,2,20,2036,723.05993459112
RUN,2,20,2037,828.246442799168
RUN,2,20,2038,782.8789406915467
RUN,2,20,2039,1156.6873464519276
RUN,2,20,2040,775.575666899884
RUN,2,20,2041,1000.8953920537576
RUN,2,20,2042,846.6894745627623
RUN,2,20,2043,723.4518401225107
RUN,2,20,2044,736.9590665203825
RUN,2,20,2045,1002.1405556977528
RUN,2,20,2046,758.4913777543818
RUN,2,20,2047,712.3314010406141
RUN,2,20,2048,767.162224814401
RUN,2,20,2049,812.462891307853
RUN,2,20,2050,943.2855762807552
RUN,2,20,2051,892.63044811537
RUN,2,20,2052,732.0530507781518
RUN,2,20,2053,985.025562092533
RUN,2,20,2054,1186.8180859354652
RUN,2,20,2055,893.4174540671197
RUN,3,20,2026,600.3088246268647
RUN,3,20,2027,600.2573019208631
RUN,3,20,2028,600.2666932268822
RUN,3,20,2029,600.3206807791177
RUN,3,20,2030,600.2520791573913
RUN,3,20,2031,600.3202793360634
RUN,3,20,2032,600.3468177498839
RUN,3,20,2033,600.3044609952503
RUN,3,20,2034,600.2749345336308
RUN,3,20,2035,600.3304515055062
RUN,3,20,2036,600.3591296089086
RUN,3,20,2037,600.6290298950106
RUN,3,20,2038,600.2821586607761
RUN,3,20,2039,600.3791005785221
RUN,3,20,2040,600.3554902311494
RUN,3,20,2041,600.2499680440649
RUN,3,20,2042,600.5700040287603
RUN,3,20,2043,600.321769449808
RUN,3,20,2044,600.5035680629003
RUN,3,20,2045,600.3063605242328
RUN,3,20,2046,600.1809950212156
RUN,3,20,2047,600.2857650464626
RUN,3,20,2048,600.2669280466919
RUN,3,20,2049,600.2459303520022
RUN,3,20,2050,600.5002815231453
RUN,3,20,2051,600.6776897202748
RUN,3,20,2052,600.2913563739584
RUN,3,20,2053,600.4778520736571
RUN,3,20,2054,600.3753028835589
RUN,3,20,2055,600.2902828459326
RUN,4,20,2026,974.4481511911248
RUN,4,20,2027,991.5766699782308
RUN,4,20,2028,994.5
RUN,4,20,2029,1014.7793432630572
RUN,4,20,2030,1018.7177862241988
RUN,4,20,2031,1020.2240883035448
RUN,4,20,2032,968.1833719360573
RUN,4,20,2033,986.2907198276628
RUN,4,20,2034,996.5
RUN,4,20,2035,984.828785968374
RUN,4,20,2036,987.2674834841844
RUN,4,20,2037,985.7583927518916
RUN,4,20,2038,1051.4473002199595
RUN,4,20,2039,993.6106056030874
RUN,4,20,2040,967.7947604538348
RUN,4,20,2041,1042.6275329891444
RUN,4,20,2042,970.045656495101
RUN,4,20,2043,990.469095044726
RUN,4,20,2044,1002.5033294691974
RUN,4,20,2045,944.6409301833468
RUN,4,20,2046,988.6049149506092
RUN,4,20,2047,1025.5241887466543
RUN,4,20,2048,1029.807878150973
RUN,4,20,2049,1025.9141927924445
RUN,4,20,2050,996.707903258006
RUN,4,20,2051,979.678280751248
RUN,4,20,2052,1079.0946169402123
RUN,4,20,2053,1051.555978603133
RUN,4,20,2054,965.7415890632128
RUN,4,20,2055,1028.3102020098338
RUN,5,20,2026,903.9827913030656
RUN,5,20,2027,904.5955017493534
RUN,5,20,2028,903.6381249606644
RUN,5,20,2029,903.7236203262904
RUN,5,20,2030,904.877976206035
RUN,5,20,2031,902.9718392767786
RUN,5,20,2032,904.12437533013
RUN,5,20,2033,903.8605896089434
RUN,5,20,2034,903.6687391104622
RUN,5,20,2035,903.7026671068172
RUN,5,20,2036,903.8110080348677
RUN,5,20,2037,903.0710708924788
RUN,5,20,2038,904.6329137860588
RUN,5,20,2039,903.8163403139343
RUN,5,20,2040,904.9460271770326
RUN,5,20,2041,903.070397724422
RUN,5,20,2042,904.3649278560868
RUN,5,20,2043,903.772308907987
RUN,5,20,2044,903.226033431722
RUN,5,20,2045,903.7352235121092
RUN,5,20,2046,903.6054140910178
RUN,5,20,2047,903.9510064345816
RUN,5,20,2048,903.3659280901244
RUN,5,20,2049,904.1331301185826
RUN,5,20,2050,904.322889082619
RUN,5,20,2051,904.196793710901
RUN,5,20,2052,904.134860322876
RUN,5,20,2053,903.329210006726
RUN,5,20,2054,904.8890582717776
RUN,5,20,2055,904.7130484411211
RUN,6,20,2026,33838779.72368904
RUN,6,20,2027,121703509.84714542
RUN,6,20,2028,62555421.76437967
RUN,6,20,2029,279747663.4600634
RUN,6,20,2030,111203775.66705725
RUN,6,20,2031,103359392.6846842
RUN,6,20,2032,40507616.963426135
RUN,6,20,2033,55065589.67834861
RUN,6,20,2034,362120016.1979257
RUN,6,20,2035,147082380.88134414
RUN,6,20,2036,46948110.81374913
RUN,6,20,2037,120526337.07369144
RUN,6,20,2038,222607514.17811587
RUN,6,20,2039,62019518.44664943
RUN,6,20,2040,105233133.21531066
RUN,6,20,2041,235189414.170791
RUN,6,20,2042,75154112.35140781
RUN,6,20,2043,95257762.69885153
RUN,6,20,2044,42533727.81045205
RUN,6,20,2045,388260231.4964285
RUN,6,20,2046,108603380.92336358
RUN,6,20,2047,68136264.53189215
RUN,6,20,2048,128526977.11767744
RUN,6,20,2049,89039972.34881489
RUN,6,20,2050,123229372.83721596
RUN,6,20,2051,51190672.988131024
RUN,6,20,2052,553997541.3614289
RUN,6,20,2053,56265606.895698726
RUN,6,20,2054,164664992.1361216
RUN,6,20,2055,105247770.32964502
RUN,7,20,2026,2801.1498416937416
RUN,7,20,2027,2706.7784448184125
RUN,7,20,2028,2366.067519971323
RUN,7,20,2029,2241.1995097287618
RUN,7,20,2030,2347.8088576444748
RUN,7,20,2031,2984.6235396421284
RUN,7,20,2032,2908.1018482921177
RUN,7,20,2033,2627.812996937998
RUN,7,20,2034,2683.915589332025
RUN,7,20,2035,3113.3154473810678
RUN,7,20,2036,3170.35810679133
RUN,7,20,2037,2844.121365255497
RUN,7,20,2038,3015.078305774088
RUN,7,20,2039,2156.9593036838787
RUN,7,20,2040,2784.931174082758
RUN,7,20,2041,2671.0367709214825
RUN,7,20,2042,2785.7846959837675
RUN,7,20,2043,2928.514740480648
RUN,7,20,2044,2737.5549250672866
RUN,7,20,2045,3114.54081601812
RUN,7,20,2046,2302.994444441465
RUN,7,20,2047,3240.4625355412845
RUN,7,20,2048,2401.4382921656897
RUN,7,20,2049,2249.850496776944
RUN,7,20,2050,2378.7419728522127
RUN,7,20,2051,2812.7702696174174
RUN,7,20,2052,2482.3443682087127
RUN,7,20,2053,2371.6620402618146
RUN,7,20,2054,2874.7167105203
RUN,7,20,2055,3632.8688044291584
RUN,8,20,2026,4558.77356625776
RUN,8,20,2027,6405.2983053587495
RUN,8,20,2028,4624.1815938091095
RUN,8,20,2029,5281.152067656838
RUN,8,20,2030,6194.394821233696
RUN,8,20,2031,3841.562842274378
RUN,8,20,2032,3554.3198588014666
RUN,8,20,2033,4526.408350425019
RUN,8,20,2034,3567.311958357965
RUN,8,20,2035,3733.0785454202414
RUN,8,20,2036,3751.9676218097866
RUN,8,20,2037,5390.901740516891
RUN,8,20,2038,3664.0476611087706
RUN,8,20,2039,12197.702104133758
RUN,8,20,2040,3972.1645644970977
RUN,8,20,2041,3752.86693226638
RUN,8,20,2042,4052.255832917641
RUN,8,20,2043,4409.06163465598
RUN,8,20,2044,5420.122371670912
RUN,8,20,2045,3642.3132377418815
RUN,8,20,2046,3735.246975835338
RUN,8,20,2047,4793.342217537199
RUN,8,20,2048,3539.269372517393
RUN,8,20,2049,5446.472275151039
RUN,8,20,2050,5911.614206009335
RUN,8,20,2051,4089.8685123649584
RUN,8,20,2052,4744.3256197869705
RUN,8,20,2053,3952.205980191324
RUN,8,20,2054,3407.7822544866804
RUN,8,20,2055,3927.972789697402
RUN,9,20,2026,2953.874301699217
RUN,9,20,2027,2913.790945145752
RUN,9,20,2028,2794.0146331872684
RUN,9,20,2029,2981.3606064058345
RUN,9,20,2030,2988.0890083365684
RUN,9,20,2031,2782.41270625624
RUN,9,20,2032,2878.9886267734546
RUN,9,20,2033,2791.9465449818413
RUN,9,20,2034,3101.811003713315
RUN,9,20,2035,2985.416306057855
RUN,9,20,2036,2771.2019215762166
RUN,9,20,2037,3042.34114059232
RUN,9,20,2038,2971.3361827253248
RUN,9,20,2039,2949.2701616581708
RUN,9,20,2040,3054.356609360658
RUN,9,20,2041,3164.7471030497163
RUN,9,20,2042,2971.94021566348
RUN,9,20,2043,3076.3355068506703
RUN,9,20,2044,3003.939950408274
RUN,9,20,2045,3238.656152084077
RUN,9,20,2046,2914.0681306589
RUN,9,20,2047,3003.669205962605
RUN,9,20,2048,3005.755568970366
RUN,9,20,2049,2772.661736703149
RUN,9,20,2050,3094.347748116108
RUN,9,20,2051,3008.943823891356
RUN,9,20,2052,2963.46793827691
RUN,9,20,2053,2942.1622927311832
RUN,9,20,2054,3027.9662925307443
RUN,9,20,2055,2993.4353274890973
RUN,10,20,2026,2911.03605656679
RUN,10,20,2027,2902.826197628769
RUN,10,20,2028,3125.7628671948823
RUN,10,20,2029,2927.799785931734
RUN,10,20,2030,2859.1988407933304
RUN,10,20,2031,7316.446889978857
RUN,10,20,2032,2912.806439060134
RUN,10,20,2033,2871.383636495326
RUN,10,20,2034,6937.989083753167
RUN,10,20,2035,2896.882245315561
RUN,10,20,2036,2903.8078092738847
RUN,10,20,2037,2905.3368718918537
RUN,10,20,2038,2889.37147447062
RUN,10,20,2039,2874.972439818255
RUN,10,20,2040,7272.860054047005
RUN,10,20,2041,2876.477841958152
RUN,10,20,2042,3106.23010169634
RUN,10,20,2043,3080.182292085537
RUN,10,20,2044,2840.485680987342
RUN,10,20,2045,2909.5811056156413
RUN,10,20,2046,2922.4704225834835
RUN,10,20,2047,3140.487071336398
RUN,10,20,2048,2907.1009484511314
RUN,10,20,2049,6826.927636085126
RUN,10,20,2050,7077.900084892656
RUN,10,20,2051,2909.4914470556005
RUN,10,20,2052,2951.6297659474167
RUN,10,20,2053,7185.094966584911
RUN,10,20,2054,2867.113284014766
RUN,10,20,2055,6998.893029435903
RUN,11,20,2026,2778.858790169742
RUN,11,20,2027,2646.967649195716
RUN,11,20,2028,2705.616660496067
RUN,11,20,2029,2696.9687849697734
RUN,11,20,2030,2790.837987876293
RUN,11,20,2031,2848.2171519838835
RUN,11,20,2032,2731.7286867938824
RUN,11,20,2033,2689.682388620888
RUN,11,20,2034,4417.72799538186
RUN,11,20,2035,2923.785721028011
RUN,11,20,2036,2704.789035569682
RUN,11,20,2037,2714.588784259374
RUN,11,20,2038,2762.11674802005
RUN,11,20,2039,2775.610456652704
RUN,11,20,2040,2741.8814686900505
RUN,11,20,2041,2843.390304902524
RUN,11,20,2042,2920.67592624639
RUN,11,20,2043,2888.989018470896
RUN,11,20,2044,2855.8616264863435
RUN,11,20,2045,2673.748759052314
RUN,11,20,2046,2865.6629732366005
RUN,11,20,2047,2719.196837402688
RUN,11,20,2048,3007.3669077126915
RUN,11,20,2049,2977.047813524101
RUN,11,20,2050,2702.0530547620506
RUN,11,20,2051,2674.426819205925
RUN,11,20,2052,2890.3880641701257
RUN,11,20,2053,2702.3777504208883
RUN,11,20,2054,2726.1867510259062
RUN,11,20,2055,2718.629549804441
RUN,12,20,2026,2999.5153261089563
RUN,12,20,2027,3003.1139997602845
RUN,12,20,2028,3017.811230786751
RUN,12,20,2029,3004.575691510664
RUN,12,20,2030,3019.519913446026
RUN,12,20,2031,2999.875885992041
RUN,12,20,2032,2999.7458332901706
RUN,12,20,2033,3027.4872591315147
RUN,12,20,2034,3046.975636881799
RUN,12,20,2035,3015.8352724264987
RUN,12,20,2036,3023.52652668357
RUN,12,20,2037,2989.8131731942303
RUN,12,20,2038,2998.158565891453
RUN,12,20,2039,3016.6331767529305
RUN,12,20,2040,2984.6206802175093
RUN,12,20,2041,3007.209215821474
RUN,12,20,2042,3007.006774997101
RUN,12,20,2043,3002.727766746979
RUN,12,20,2044,3031.539673089252
RUN,12,20,2045,3023.001644300602
RUN,12,20,2046,3040.467068935243
RUN,12,20,2047,2991.9912803911047
RUN,12,20,2048,3003.3242815853155
RUN,12,20,2049,2992.479040069329
RUN,12,20,2050,3028.981235414989
RUN,12,20,2051,3001.612467276684
RUN,12,20,2052,3018.990610748749
RUN,12,20,2053,3011.8502957814912
RUN,12,20,2054,3004.7381983869955
RUN,12,20,2055,3036.008444872419
GWO,1,20,2026,1686.321608071549
GWO,1,20,2027,2471.185407086436
GWO,1,20,2028,1660.2687760014337
GWO,1,20,2029,1580.520122139391
GWO,1,20,2030,1357.6824526676842
GWO,1,20,2031,1573.1631792433504
GWO,1,20,2032,3325.666459171053
GWO,1,20,2033,1866.662867574816
GWO,1,20,2034,1652.9210760945946
GWO,1,20,2035,1656.8524099500592
GWO,1,20,2036,1560.73099538767
GWO,1,20,2037,3159.3046095261766
GWO,1,20,2038,1728.6958973304725
GWO,1,20,2039,1535.5021462631046
GWO,1,20,2040,2087.635770617151
GWO,1,20,2041,1696.194393388014
GWO,1,20,2042,3263.219533240232
GWO,1,20,2043,1294.150669533711
GWO,1,20,2044,1109.6158682875853
GWO,1,20,2045,1298.6316210219393
GWO,1,20,2046,1667.4113348702974
GWO,1,20,2047,1351.1952855856548
GWO,1,20,2048,1339.7352548117628
GWO,1,20,2049,1984.550318502674
GWO,1,20,2050,1914.175605607118
GWO,1,20,2051,1525.6142116716408
GWO,1,20,2052,2814.7494887683206
GWO,1,20,2053,1999.1451741916708
GWO,1,20,2054,2465.2239504039385
GWO,1,20,2055,1643.6067260432285
GWO,2,20,2026,501.2082787562816
GWO,2,20,2027,517.5452290772066
GWO,2,20,2028,512.0900116697208
GWO,2,20,2029,557.327898085509
GWO,2,20,2030,487.00048638828986
GWO,2,20,2031,511.3422907459868
GWO,2,20,2032,524.9880746145941
GWO,2,20,2033,527.7989102309082
GWO,2,20,2034,507.4117280730722
GWO,2,20,2035,495.1241836172056
GWO,2,20,2036,518.1072781760438
GWO,2,20,2037,549.532970829507
GWO,2,20,2038,516.5711045821913
GWO,2,20,2039,503.8066394926392
GWO,2,20,2040,523.8931282956877
GWO,2,20,2041,498.6038788914616
GWO,2,20,2042,495.6095857857043
GWO,2,20,2043,488.14340593544034
GWO,2,20,2044,516.879932558658
GWO,2,20,2045,519.1295120643762
GWO,2,20,2046,536.1682187655073
GWO,2,20,2047,550.8079252245464
GWO,2,20,2048,493.9537661335992
GWO,2,20,2049,528.0839147287419
GWO,2,20,2050,502.5294618749906
GWO,2,20,2051,577.1632605976633
GWO,2,20,2052,521.9620566982111
GWO,2,20,2053,500.4450888507452
GWO,2,20,2054,526.1137595000763
GWO,2,20,2055,485.0697898930134
GWO,3,20,2026,600.0948542071102
GWO,3,20,2027,600.0545588274256
GWO,3,20,2028,600.0919736121621
GWO,3,20,2029,600.0790667118106
GWO,3,20,2030,600.0950609418633
GWO,3,20,2031,600.0513126600019
GWO,3,20,2032,600.08523060561
GWO,3,20,2033,600.0807332258178
GWO,3,20,2034,600.1033110532271
GWO,3,20,2035,600.0728287557961
GWO,3,20,2036,600.0733685902574
GWO,3,20,2037,600.0747052059176
GWO,3,20,2038,600.0836536184232
GWO,3,20,2039,600.114412947767
GWO,3,20,2040,600.0859882772583
GWO,3,20,2041,600.077463289979
GWO,3,20,2042,600.0792695771456
GWO,3,20,2043,600.0517351221612
GWO,3,20,2044,600.0521805942799
GWO,3,20,2045,600.0650307220867
GWO,3,20,2046,600.0917479977446
GWO,3,20,2047,600.0843145461444
GWO,3,20,2048,600.071591477608
GWO,3,20,2049,600.0890836378335
GWO,3,20,2050,600.0863962806076
GWO,3,20,2051,600.0823064246625
GWO,3,20,2052,600.0730268676484
GWO,3,20,2053,600.0862956881244
GWO,3,20,2054,600.0726890015541
GWO,3,20,2055,600.0806126680743
GWO,4,20,2026,972.0905386220504
GWO,4,20,2027,1017.6388699257872
GWO,4,20,2028,997.3482421060812
GWO,4,20,2029,989.211123122449
GWO,4,20,2030,1003.0895877737844
GWO,4,20,2031,1058.53190539279
GWO,4,20,2032,1008.53113014781
GWO,4,20,2033,1001.4010853655824
GWO,4,20,2034,993.8168551671604
GWO,4,20,2035,1013.4754455733168
GWO,4,20,2036,1022.0902651176812
GWO,4,20,2037,1004.6562319665652
GWO,4,20,2038,1076.818809136669
GWO,4,20,2039,1023.6040814743052
GWO,4,20,2040,1023.9852912367088
GWO,4,20,2041,965.0784740835386
GWO,4,20,2042,973.0143593514006
GWO,4,20,2043,1055.271814034125
GWO,4,20,2044,982.3916636384348
GWO,4,20,2045,1051.889541027988
GWO,4,20,2046,996.1402492008503
GWO,4,20,2047,1003.7417562432483
GWO,4,20,2048,952.0045057005314
GWO,4,20,2049,1041.7286195824931
GWO,4,20,2050,978.5512733167968
GWO,4,20,2051,1049.9043682156575
GWO,4,20,2052,1011.3211152115906
GWO,4,20,2053,1035.8720005689725
GWO,4,20,2054,1005.0752887645438
GWO,4,20,2055,1011.1484752610108
GWO,5,20,2026,900.802640462488
GWO,5,20,2027,901.0910294530933
GWO,5,20,2028,901.5778225038908
GWO,5,20,2029,901.4790194446934
GWO,5,20,2030,901.4343144787284
GWO,5,20,2031,900.6516836769222
GWO,5,20,2032,901.0983554811183
GWO,5,20,2033,901.7758783520952
GWO,5,20,2034,900.6873063226005
GWO,5,20,2035,901.2787481894092
GWO,5,20,2036,902.5106398484874
GWO,5,20,2037,900.787513010813
GWO,5,20,2038,901.000786537034
GWO,5,20,2039,900.918577979164
GWO,5,20,2040,903.6822520206108
GWO,5,20,2041,904.4897322176912
GWO,5,20,2042,900.8472228169128
GWO,5,20,2043,900.7319232969136
GWO,5,20,2044,901.2209065705564
GWO,5,20,2045,901.0099763585944
GWO,5,20,2046,903.7091205545051
GWO,5,20,2047,901.5318354792448
GWO,5,20,2048,901.301960187522
GWO,5,20,2049,901.2347358402478
GWO,5,20,2050,903.1574822166724
GWO,5,20,2051,901.2432741039293
GWO,5,20,2052,901.3415496691392
GWO,5,20,2053,901.3171216407584
GWO,5,20,2054,901.6226336806482
GWO,5,20,2055,901.361810731196
GWO,6,20,2026,62906976.21197643
GWO,6,20,2027,40116323.90511718
GWO,6,20,2028,30149063.19085448
GWO,6,20,2029,32366433.183813505
GWO,6,20,2030,35573316.142110035
GWO,6,20,2031,30681590.76025647
GWO,6,20,2032,49773262.29061916
GWO,6,20,2033,47055294.42255753
GWO,6,20,2034,36844368.63049488
GWO,6,20,2035,18547770.908207376
GWO,6,20,2036,48683681.346283175
GWO,6,20,2037,13209959.826333994
GWO,6,20,2038,25071058.71119553
GWO,6,20,2039,42193685.38558467
GWO,6,20,2040,16129796.26299365
GWO,6,20,2041,65882941.16447417
GWO,6,20,2042,53708369.76930292
GWO,6,20,2043,65393711.161442734
GWO,6,20,2044,81047313.69867048
GWO,6,20,2045,41908886.60620703
GWO,6,20,2046,35917869.68912367
GWO,6,20,2047,74542892.09512162
GWO,6,20,2048,12592267.23759634
GWO,6,20,2049,38973047.92399063
GWO,6,20,2050,27905447.31836985
GWO,6,20,2051,30983268.17428684
GWO,6,20,2052,54498951.95135173
GWO,6,20,2053,33460543.12019156
GWO,6,20,2054,60322451.557592966
GWO,6,20,2055,33376445.34160491
GWO,7,20,2026,2463.2849028024243
GWO,7,20,2027,2348.56172833468
GWO,7,20,2028,2253.2921714439967
GWO,7,20,2029,2235.1648572058198
GWO,7,20,2030,2263.1605674366747
GWO,7,20,2031,2250.7450722306166
GWO,7,20,2032,2315.6574051538755
GWO,7,20,2033,2193.981941208257
GWO,7,20,2034,2277.248619596918
GWO,7,20,2035,2175.653252119736
GWO,7,20,2036,2243.450281367769
GWO,7,20,2037,2230.479098038021
GWO,7,20,2038,2218.858944979035
GWO,7,20,2039,2391.2430267457003
GWO,7,20,2040,2253.6684677636026
GWO,7,20,2041,2258.700036183536
GWO,7,20,2042,2273.2310488862013
GWO,7,20,2043,2303.755971788121
GWO,7,20,2044,2285.1979167170884
GWO,7,20,2045,2216.510072561888
GWO,7,20,2046,2335.7611114131123
GWO,7,20,2047,2275.074698586662
GWO,7,20,2048,2280.7142711146894
GWO,7,20,2049,2253.646140042897
GWO,7,20,2050,2192.5023379094705
GWO,7,20,2051,2234.667825972041
GWO,7,20,2052,2170.5403661901964
GWO,7,20,2053,2318.139890857515
GWO,7,20,2054,2234.475439794455
GWO,7,20,2055,2197.7449453026325
GWO,8,20,2026,4529.6993226913255
GWO,8,20,2027,6091.339899822835
GWO,8,20,2028,7395.994969709072
GWO,8,20,2029,11144.768127095593
GWO,8,20,2030,5082.750709200919
GWO,8,20,2031,4628.1698061660345
GWO,8,20,2032,6587.035974768951
GWO,8,20,2033,64211.38717825311
GWO,8,20,2034,8650.360382297284
GWO,8,20,2035,81822.83611141157
GWO,8,20,2036,4570.101339948064
GWO,8,20,2037,7125.998125328109
GWO,8,20,2038,15592.109167396116
GWO,8,20,2039,12326.524809028262
GWO,8,20,2040,7427.713083795955
GWO,8,20,2041,5904.181555849269
GWO,8,20,2042,4080.806999852801
GWO,8,20,2043,6080.685054462101
GWO,8,20,2044,7517.584021757949
GWO,8,20,2045,6246.309345119231
GWO,8,20,2046,11172.183983229828
GWO,8,20,2047,5856.402038057364
GWO,8,20,2048,7384.920993430836
GWO,8,20,2049,7054.392918191762
GWO,8,20,2050,5320.998570107755
GWO,8,20,2051,11105.530641607584
GWO,8,20,2052,13893.517319716444
GWO,8,20,2053,5977.33934902786
GWO,8,20,2054,4863.604394458801
GWO,8,20,2055,6396.285413982189
GWO,9,20,2026,2703.794864103092
GWO,9,20,2027,2675.4948872119226
GWO,9,20,2028,2739.55625793935
GWO,9,20,2029,2684.6863651965905
GWO,9,20,2030,2745.017928987666
GWO,9,20,2031,2673.1076235933897
GWO,9,20,2032,2694.8119297336866
GWO,9,20,2033,2696.54665361683
GWO,9,20,2034,2711.860001305992
GWO,9,20,2035,2681.138988375733
GWO,9,20,2036,2765.4097909441634
GWO,9,20,2037,2705.2737377920157
GWO,9,20,2038,2668.554631057364
GWO,9,20,2039,2683.472984541621
GWO,9,20,2040,2684.313237407975
GWO,9,20,2041,2672.5997970463177
GWO,9,20,2042,2702.968160959891
GWO,9,20,2043,2680.6587973551123
GWO,9,20,2044,2707.2540649923444
GWO,9,20,2045,2746.62291274972
GWO,9,20,2046,2812.338297626927
GWO,9,20,2047,2712.790776873721
GWO,9,20,2048,2713.0796077841983
GWO,9,20,2049,2684.5974210846466
GWO,9,20,2050,2788.0810945226385
GWO,9,20,2051,2699.2437530440066
GWO,9,20,2052,2706.66257871203
GWO,9,20,2053,2731.242417202576
GWO,9,20,2054,2705.0836643418024
GWO,9,20,2055,2668.336946906776
GWO,10,20,2026,3012.095940277567
GWO,10,20,2027,2824.9132526289736
GWO,10,20,2028,2823.132330642034
GWO,10,20,2029,2826.935204292274
GWO,10,20,2030,6846.938836717329
GWO,10,20,2031,6236.866080511607
GWO,10,20,2032,3012.3371132865936
GWO,10,20,2033,6971.861767481319
GWO,10,20,2034,6811.755665281376
GWO,10,20,2035,2823.8030205629
GWO,10,20,2036,2823.102972315123
GWO,10,20,2037,3005.2092956108463
GWO,10,20,2038,6458.580866615972
GWO,10,20,2039,6210.334303845039
GWO,10,20,2040,6720.394365596573
GWO,10,20,2041,6130.2266318447055
GWO,10,20,2042,3014.7855800278994
GWO,10,20,2043,5546.090488445259
GWO,10,20,2044,6520.646017148713
GWO,10,20,2045,6273.659108842217
GWO,10,20,2046,6301.047994551118
GWO,10,20,2047,6829.66478272641
GWO,10,20,2048,3059.025344452388
GWO,10,20,2049,2830.841069775021
GWO,10,20,2050,6050.861191621458
GWO,10,20,2051,7110.078686084829
GWO,10,20,2052,2820.76243588359
GWO,10,20,2053,6765.264258958984
GWO,10,20,2054,6809.271837131395
GWO,10,20,2055,3035.580922081804
GWO,11,20,2026,2630.825203634979
GWO,11,20,2027,2632.3662080622894
GWO,11,20,2028,2627.41767104363
GWO,11,20,2029,2671.9149991430854
GWO,11,20,2030,2636.16888114553
GWO,11,20,2031,2633.5933703568394
GWO,11,20,2032,2631.8679270076937
GWO,11,20,2033,2632.022254910677
GWO,11,20,2034,2664.5596685398505
GWO,11,20,2035,2628.161341193309
GWO,11,20,2036,2637.1050242931574
GWO,11,20,2037,2641.2872136645933
GWO,11,20,2038,2632.7100674330004
GWO,11,20,2039,2633.034812603135
GWO,11,20,2040,2631.0620904398847
GWO,11,20,2041,2636.58011465185
GWO,11,20,2042,2642.388234056545
GWO,11,20,2043,2631.0330304434683
GWO,11,20,2044,2630.55011486893
GWO,11,20,2045,2644.284155044435
GWO,11,20,2046,2639.616177244932
GWO,11,20,2047,2663.4113612778697
GWO,11,20,2048,2638.366090016041
GWO,11,20,2049,2636.5825076396018
GWO,11,20,2050,2641.62518416946
GWO,11,20,2051,2627.8382833144847
GWO,11,20,2052,2630.8460972644625
GWO,11,20,2053,2627.597965974353
GWO,11,20,2054,2627.633715225933
GWO,11,20,2055,2643.85384658575
GWO,12,20,2026,2961.166753790738
GWO,12,20,2027,2981.217190951878
GWO,12,20,2028,2993.986934147084
GWO,12,20,2029,2956.006222378044
GWO,12,20,2030,3018.391116482043
GWO,12,20,2031,2992.8967410227965
GWO,12,20,2032,2974.1147462625786
GWO,12,20,2033,2982.8385333287506
GWO,12,20,2034,2980.738071831211
GWO,12,20,2035,2966.118112160497
GWO,12,20,2036,2958.0724303350416
GWO,12,20,2037,2962.6145940916044
GWO,12,20,2038,2971.3052964587955
GWO,12,20,2039,2990.848433438624
GWO,12,20,2040,2993.34773529125
GWO,12,20,2041,2971.1283192552987
GWO,12,20,2042,3062.335816152878
GWO,12,20,2043,2967.3669638051583
GWO,12,20,2044,2986.2527198914795
GWO,12,20,2045,3032.732692248742
GWO,12,20,2046,2969.245604609254
GWO,12,20,2047,2998.9951884967763
GWO,12,20,2048,3004.6899666724003
GWO,12,20,2049,2974.3271846198004
GWO,12,20,2050,2981.7968656141984
GWO,12,20,2051,2992.00445674442
GWO,12,20,2052,2970.4558895151204
GWO,12,20,2053,2971.6723604981835
GWO,12,20,2054,3030.303627416818
GWO,12,20,2055,3000.1594148175063
WOA,1,20,2026,18273.18589600717
WOA,1,20,2027,16619.575383146508
WOA,1,20,2028,13742.37803475566
WOA,1,20,2029,8302.043802699258
WOA,1,20,2030,5168.874399496303
WOA,1,20,2031,14740.011217134122
WOA,1,20,2032,15041.565662257644
WOA,1,20,2033,2229.177885566971
WOA,1,20,2034,13741.791039800088
WOA,1,20,2035,9549.740165341653
WOA,1,20,2036,6820.985052644619
WOA,1,20,2037,5540.490994038208
WOA,1,20,2038,8015.734576686091
WOA,1,20,2039,30469.69727660472
WOA,1,20,2040,7581.264345761
WOA,1,20,2041,10537.934516449945
WOA,1,20,2042,19762.53884816017
WOA,1,20,2043,6790.588154615782
WOA,1,20,2044,3062.8773061089964
WOA,1,20,2045,15540.862966728157
WOA,1,20,2046,16409.06287231802
WOA,1,20,2047,6966.413165319928
WOA,1,20,2048,13330.292321433111
WOA,1,20,2049,12975.836768687002
WOA,1,20,2050,9868.201914727348
WOA,1,20,2051,7758.89330307171
WOA,1,20,2052,6119.601221269999
WOA,1,20,2053,12558.79349193359
WOA,1,20,2054,11536.444191811748
WOA,1,20,2055,8944.273611174369
WOA,2,20,2026,574.5145027294332
WOA,2,20,2027,694.5429594690291
WOA,2,20,2028,537.4597178794934
WOA,2,20,2029,1116.5145784858955
WOA,2,20,2030,669.4409820035521
WOA,2,20,2031,662.6911710724689
WOA,2,20,2032,726.6236339358926
WOA,2,20,2033,754.6295545777646
WOA,2,20,2034,1027.172880379405
WOA,2,20,2035,634.0893697953658
WOA,2,20,2036,562.958855994817
WOA,2,20,2037,582.0854035154423
WOA,2,20,2038,520.9438967423491
WOA,2,20,2039,657.1231214308472
WOA,2,20,2040,696.6966927483828
WOA,2,20,2041,580.3027817897205
WOA,2,20,2042,674.7842668303623
WOA,2,20,2043,754.8357416814672
WOA,2,20,2044,588.7696258130551
WOA,2,20,2045,699.1962946412477
WOA,2,20,2046,673.2367308527332
WOA,2,20,2047,640.4970262382523
WOA,2,20,2048,768.8266473137999
WOA,2,20,2049,762.9015920702385
WOA,2,20,2050,569.2492150058877
WOA,2,20,2051,767.5376115210194
WOA,2,20,2052,659.0112757663351
WOA,2,20,2053,630.9138778646036
WOA,2,20,2054,883.9794940632344
WOA,2,20,2055,697.8837313371814
WOA,3,20,2026,600.1003803302132
WOA,3,20,2027,600.0344036280331
WOA,3,20,2028,600.1340081992306
WOA,3,20,2029,600.2082235654663
WOA,3,20,2030,600.3979449741331
WOA,3,20,2031,600.182966444779
WOA,3,20,2032,600.1700326782644
WOA,3,20,2033,600.5138616123054
WOA,3,20,2034,600.2474006040279
WOA,3,20,2035,600.2053254703237
WOA,3,20,2036,600.2409918280516
WOA,3,20,2037,600.1488716867501
WOA,3,20,2038,600.4481181662075
WOA,3,20,2039,600.3329449413711
WOA,3,20,2040,600.255846081459
WOA,3,20,2041,600.0274836096467
WOA,3,20,2042,600.5516305272455
WOA,3,20,2043,600.5862397555802
WOA,3,20,2044,600.0658843155029
WOA,3,20,2045,600.334100981738
WOA,3,20,2046,600.3795425339742
WOA,3,20,2047,600.0814137282571
WOA,3,20,2048,600.2091911927733
WOA,3,20,2049,600.134757255829
WOA,3,20,2050,600.3910054582678
WOA,3,20,2051,600.3263745244949
WOA,3,20,2052,600.1770868658597
WOA,3,20,2053,600.0816469403377
WOA,3,20,2054,600.1079697050674
WOA,3,20,2055,600.1399116406275
WOA,4,20,2026,983.8998556544256
WOA,4,20,2027,1129.7276340933868
WOA,4,20,2028,1159.002038917425
WOA,4,20,2029,1136.1049568249543
WOA,4,20,2030,1167.059845230856
WOA,4,20,2031,1187.5914866817177
WOA,4,20,2032,1185.1980215903582
WOA,4,20,2033,1101.5527529231176
WOA,4,20,2034,1300.4533959811456
WOA,4,20,2035,1197.2977955196377
WOA,4,20,2036,1161.9143941643492
WOA,4,20,2037,1234.1852782772123
WOA,4,20,2038,1171.217986267157
WOA,4,20,2039,1144.637018902765
WOA,4,20,2040,1247.5771133057135
WOA,4,20,2041,1113.3190000990437
WOA,4,20,2042,1163.9334623238342
WOA,4,20,2043,1200.0295133654515
WOA,4,20,2044,1073.953066469976
WOA,4,20,2045,1140.051205120791
WOA,4,20,2046,1214.624933317658
WOA,4,20,2047,1158.463711235354
WOA,4,20,2048,1089.8709646428472
WOA,4,20,2049,1245.1570813213343
WOA,4,20,2050,1270.205407403191
WOA,4,20,2051,1236.9842077123303
WOA,4,20,2052,1258.1993829759324
WOA,4,20,2053,1215.5503609954264
WOA,4,20,2054,1269.2414009920883
WOA,4,20,2055,1188.0502363996343
WOA,5,20,2026,905.5138634519902
WOA,5,20,2027,905.4600250607492
WOA,5,20,2028,905.5458580859652
WOA,5,20,2029,910.2239567710312
WOA,5,20,2030,909.6917615718309
WOA,5,20,2031,901.6991022705172
WOA,5,20,2032,910.0434850798302
WOA,5,20,2033,907.964595047972
WOA,5,20,2034,908.1843225372158
WOA,5,20,2035,904.7673476230268
WOA,5,20,2036,908.4577406457856
WOA,5,20,2037,907.5538197973216
WOA,5,20,2038,910.9463660127706
WOA,5,20,2039,905.3160925019662
WOA,5,20,2040,907.8077725621616
WOA,5,20,2041,911.1143668656114
WOA,5,20,2042,909.2350458076064
WOA,5,20,2043,912.2597766879128
WOA,5,20,2044,907.8709744648902
WOA,5,20,2045,906.7118743459806
WOA,5,20,2046,914.29815481396
WOA,5,20,2047,912.4025795282656
WOA,5,20,2048,908.6295605509904
WOA,5,20,2049,913.205547241464
WOA,5,20,2050,907.4896565029286
WOA,5,20,2051,908.2732994477092
WOA,5,20,2052,909.7290515009606
WOA,5,20,2053,906.4354497974504
WOA,5,20,2054,911.6988427755758
WOA,5,20,2055,903.5207606914172
WOA,6,20,2026,50829.633589508
WOA,6,20,2027,181353.8890359016
WOA,6,20,2028,6152768.769170255
WOA,6,20,2029,85046.08553216145
WOA,6,20,2030,565955.1352026958
WOA,6,20,2031,712344.7724474113
WOA,6,20,2032,65003.98105578429
WOA,6,20,2033,421858.8393750189
WOA,6,20,2034,2345809.6372275027
WOA,6,20,2035,237349.138056312
WOA,6,20,2036,56041.3038953534
WOA,6,20,2037,825515.4911173299
WOA,6,20,2038,41808.49844167997
WOA,6,20,2039,71569.4974159866
WOA,6,20,2040,1120608.0370889693
WOA,6,20,2041,1899239.065381911
WOA,6,20,2042,66135.85122664577
WOA,6,20,2043,312495.3648299846
WOA,6,20,2044,67042.24770159318
WOA,6,20,2045,3681055.456975981
WOA,6,20,2046,180491787.0280627
WOA,6,20,2047,237549.1101496991
WOA,6,20,2048,29434714.662911
WOA,6,20,2049,40413.280319171725
WOA,6,20,2050,373962.13110209344
WOA,6,20,2051,558274.0252494466
WOA,6,20,2052,120234.15498602708
WOA,6,20,2053,106324.5323933134
WOA,6,20,2054,34197.78128444534
WOA,6,20,2055,1118125.437182621
WOA,7,20,2026,3485.6989113046748
WOA,7,20,2027,4373.59555696711
WOA,7,20,2028,4364.430555099292
WOA,7,20,2029,4455.232313933329
WOA,7,20,2030,3892.007749501173
WOA,7,20,2031,3035.1876021163225
WOA,7,20,2032,2392.47523666393
WOA,7,20,2033,4019.622600107842
WOA,7,20,2034,3755.0689575105016
WOA,7,20,2035,3026.4063567100134
WOA,7,20,2036,4093.425699724194
WOA,7,20,2037,2458.264116140136
WOA,7,20,2038,2695.1997224469023
WOA,7,20,2039,2689.291898509897
WOA,7,20,2040,4440.137125281457
WOA,7,20,2041,3547.706009948439
WOA,7,20,2042,2930.84362231452
WOA,7,20,2043,2624.0496248740064
WOA,7,20,2044,3678.780960027672
WOA,7,20,2045,3405.8453292742643
WOA,7,20,2046,3417.72050969916
WOA,7,20,2047,3847.489483289805
WOA,7,20,2048,3765.100460531523
WOA,7,20,2049,2484.437493407469
WOA,7,20,2050,3425.323791122658
WOA,7,20,2051,3587.0140688915217
WOA,7,20,2052,3573.9576411770927
WOA,7,20,2053,3258.829283665116
WOA,7,20,2054,2616.4095427646544
WOA,7,20,2055,3341.418589007327
WOA,8,20,2026,5761.759022965574
WOA,8,20,2027,4480.383109360306
WOA,8,20,2028,4194.000562844719
WOA,8,20,2029,4509.535548395046
WOA,8,20,2030,7651.141009010998
WOA,8,20,2031,2983.410286078467
WOA,8,20,2032,4741.250750144563
WOA,8,20,2033,6670.673325334865
WOA,8,20,2034,5151.399511861462
WOA,8,20,2035,6582.995030783838
WOA,8,20,2036,6689.913010108506
WOA,8,20,2037,8618.190159683718
WOA,8,20,2038,4372.600124358264
WOA,8,20,2039,5864.1187664758
WOA,8,20,2040,4065.244094739432
WOA,8,20,2041,8446.989434636711
WOA,8,20,2042,5076.320863865293
WOA,8,20,2043,10115.012668925843
WOA,8,20,2044,3646.464946045445
WOA,8,20,2045,8581.05116350083
WOA,8,20,2046,6253.422477688357
WOA,8,20,2047,5067.629202567292
WOA,8,20,2048,3962.294824270253
WOA,8,20,2049,5433.904179625823
WOA,8,20,2050,5860.953413606219
WOA,8,20,2051,3221.9809603150416
WOA,8,20,2052,3717.158370718104
WOA,8,20,2053,7560.730178837059
WOA,8,20,2054,6085.581622921547
WOA,8,20,2055,7218.730139201355
WOA,9,20,2026,3012.682474222487
WOA,9,20,2027,3235.250346175025
WOA,9,20,2028,2877.801792498794
WOA,9,20,2029,2813.724971217545
WOA,9,20,2030,2787.2133703790187
WOA,9,20,2031,2841.6334017043605
WOA,9,20,2032,2750.5584969848014
WOA,9,20,2033,3115.4238955536525
WOA,9,20,2034,2938.3823294654158
WOA,9,20,2035,2737.811847071947
WOA,9,20,2036,3317.457070864916
WOA,9,20,2037,3007.56361692418
WOA,9,20,2038,2784.1227266365904
WOA,9,20,2039,2889.215445326586
WOA,9,20,2040,2818.9786598385235
WOA,9,20,2041,2722.042665328197
WOA,9,20,2042,2775.3291761802284
WOA,9,20,2043,2770.6632418839995
WOA,9,20,2044,3085.4874981558287
WOA,9,20,2045,2879.544671276443
WOA,9,20,2046,2952.479156499109
WOA,9,20,2047,2955.60885582392
WOA,9,20,2048,2837.4211394359813
WOA,9,20,2049,2859.304773429072
WOA,9,20,2050,2738.283481645033
WOA,9,20,2051,2681.096785373305
WOA,9,20,2052,2943.066707768965
WOA,9,20,2053,2756.520212260113
WOA,9,20,2054,3271.68665678478
WOA,9,20,2055,3026.9275769383094
WOA,10,20,2026,5466.120699550702
WOA,10,20,2027,5966.199625067104
WOA,10,20,2028,5127.38053827056
WOA,10,20,2029,2839.2333718826203
WOA,10,20,2030,5947.498990695078
WOA,10,20,2031,3881.9321990866174
WOA,10,20,2032,6165.846518487388
WOA,10,20,2033,6432.165631144288
WOA,10,20,2034,4931.66192706694
WOA,10,20,2035,2890.3640110446445
WOA,10,20,2036,2892.216114527602
WOA,10,20,2037,6942.532066303001
WOA,10,20,2038,7314.617786097164
WOA,10,20,2039,5118.8476139702325
WOA,10,20,2040,6952.314701058375
WOA,10,20,2041,6179.822983960564
WOA,10,20,2042,3246.3600198724607
WOA,10,20,2043,5759.23607752389
WOA,10,20,2044,6041.694391159284
WOA,10,20,2045,7209.025280041441
WOA,10,20,2046,5893.65426454047
WOA,10,20,2047,5262.258179330031
WOA,10,20,2048,2992.8454627958326
WOA,10,20,2049,5448.366371287048
WOA,10,20,2050,4759.174860373561
WOA,10,20,2051,6930.737923928441
WOA,10,20,2052,5008.043509161364
WOA,10,20,2053,4769.645104224061
WOA,10,20,2054,6949.590790234142
WOA,10,20,2055,6397.973279832342
WOA,11,20,2026,2756.0524298558094
WOA,11,20,2027,2724.0446566268624
WOA,11,20,2028,4781.298277733983
WOA,11,20,2029,2816.388937391295
WOA,11,20,2030,2644.612096712151
WOA,11,20,2031,4319.966631442007
WOA,11,20,2032,3743.594754523365
WOA,11,20,2033,2660.544358081894
WOA,11,20,2034,4287.869612028693
WOA,11,20,2035,2722.7747701927005
WOA,11,20,2036,2749.416598190654
WOA,11,20,2037,3724.212895689917
WOA,11,20,2038,2687.7222425256805
WOA,11,20,2039,3039.3269600779845
WOA,11,20,2040,2791.347210432044
WOA,11,20,2041,2663.873435874036
WOA,11,20,2042,2751.5491008949043
WOA,11,20,2043,3213.82737627096
WOA,11,20,2044,4237.716721701134
WOA,11,20,2045,2703.6143023206
WOA,11,20,2046,5435.254368466472
WOA,11,20,2047,2658.241905211849
WOA,11,20,2048,4011.711344153742
WOA,11,20,2049,4210.474497097734
WOA,11,20,2050,4565.149774643051
WOA,11,20,2051,2804.465919789051
WOA,11,20,2052,2669.7877923879582
WOA,11,20,2053,2681.2203455764025
WOA,11,20,2054,2653.460633736002
WOA,11,20,2055,2964.2784760205736
WOA,12,20,2026,3317.1991032887154
WOA,12,20,2027,3309.640948059553
WOA,12,20,2028,3615.09368873214
WOA,12,20,2029,3255.410105945893
WOA,12,20,2030,3184.521556728017
WOA,12,20,2031,3028.2219187416204
WOA,12,20,2032,3182.04523450988
WOA,12,20,2033,3274.0628488301645
WOA,12,20,2034,3430.885546893423
WOA,12,20,2035,3357.635680673071
WOA,12,20,2036,3042.748107460005
WOA,12,20,2037,3537.4103854024747
WOA,12,20,2038,3440.540787357796
WOA,12,20,2039,3209.793176578989
WOA,12,20,2040,3181.278468226091
WOA,12,20,2041,3107.309172352246
WOA,12,20,2042,3389.9342659876284
WOA,12,20,2043,3203.7495505853635
WOA,12,20,2044,3331.672320412667
WOA,12,20,2045,3068.9830713799347
WOA,12,20,2046,3384.1219874561048
WOA,12,20,2047,3351.570579047573
WOA,12,20,2048,3164.782935350501
WOA,12,20,2049,3213.3289955895484
WOA,12,20,2050,3161.290054864886
WOA,12,20,2051,3137.666112287048
WOA,12,20,2052,3230.9732387890067
WOA,12,20,2053,3497.8033589165034
WOA,12,20,2054,3145.187330047527
WOA,12,20,2055,3392.733326044173
HHO,1,20,2026,13994.42643548284
HHO,1,20,2027,15531.812916303395
HHO,1,20,2028,7466.901176373605
HHO,1,20,2029,11612.830188761847
HHO,1,20,2030,9162.067455170689
HHO,1,20,2031,7668.970414062921
HHO,1,20,2032,10869.906200176743
HHO,1,20,2033,6594.573121588528
HHO,1,20,2034,21110.172816182952
HHO,1,20,2035,7518.198125444311
HHO,1,20,2036,13395.055222610548
HHO,1,20,2037,14083.564743874573
HHO,1,20,2038,12456.221372350932
HHO,1,20,2039,14400.488837880555
HHO,1,20,2040,8923.195436765089
HHO,1,20,2041,12099.923356155705
HHO,1,20,2042,17706.7100255902
HHO,1,20,2043,14418.481424593609
HHO,1,20,2044,7494.143032715973
HHO,1,20,2045,9453.264408321978
HHO,1,20,2046,12332.257907832738
HHO,1,20,2047,10585.32772095478
HHO,1,20,2048,10341.727357456091
HHO,1,20,2049,9813.11390754374
HHO,1,20,2050,10558.869641180734
HHO,1,20,2051,7956.816261122141
HHO,1,20,2052,12881.050597306685
HHO,1,20,2053,12458.966370935274
HHO,1,20,2054,8391.165517763326
HHO,1,20,2055,16515.60021375674
HHO,2,20,2026,684.9595178518875
HHO,2,20,2027,655.102965449476
HHO,2,20,2028,667.114642271719
HHO,2,20,2029,706.9154811215238
HHO,2,20,2030,939.2802154769724
HHO,2,20,2031,828.2862545628102
HHO,2,20,2032,868.808397150294
HHO,2,20,2033,901.8691763962972
HHO,2,20,2034,860.2408226553408
HHO,2,20,2035,1267.2546539512637
HHO,2,20,2036,921.430424605598
HHO,2,20,2037,959.1618016595517
HHO,2,20,2038,759.9096478039526
HHO,2,20,2039,727.7089290202691
HHO,2,20,2040,974.395575014954
HHO,2,20,2041,695.5630651189649
HHO,2,20,2042,768.3914976149963
HHO,2,20,2043,797.0854589177231
HHO,2,20,2044,716.4030940586674
HHO,2,20,2045,1009.7272946135704
HHO,2,20,2046,1080.8502242879968
HHO,2,20,2047,648.921927843229
HHO,2,20,2048,854.2998478069903
HHO,2,20,2049,707.0390073652369
HHO,2,20,2050,1126.1305182958852
HHO,2,20,2051,725.7310441600409
HHO,2,20,2052,970.1741808634188
HHO,2,20,2053,964.6405759789316
HHO,2,20,2054,644.3676255155438
HHO,2,20,2055,706.5857413079971
HHO,3,20,2026,600.1963255460624
HHO,3,20,2027,600.3750213136597
HHO,3,20,2028,600.4967267419131
HHO,3,20,2029,600.167065212315
HHO,3,20,2030,600.3494262437629
HHO,3,20,2031,600.2987745762482
HHO,3,20,2032,600.268805173363
HHO,3,20,2033,600.2132293170973
HHO,3,20,2034,600.5898782443832
HHO,3,20,2035,600.2242297656921
HHO,3,20,2036,600.1890144940597
HHO,3,20,2037,600.2064807731726
HHO,3,20,2038,600.3364115089446
HHO,3,20,2039,600.6415281104862
HHO,3,20,2040,600.1339349337342
HHO,3,20,2041,600.2596853929016
HHO,3,20,2042,600.5853497476526
HHO,3,20,2043,600.188699436215
HHO,3,20,2044,600.2030575402172
HHO,3,20,2045,600.3975588188075
HHO,3,20,2046,600.3035581441716
HHO,3,20,2047,600.3415592664792
HHO,3,20,2048,600.2024802314348
HHO,3,20,2049,600.3123841261873
HHO,3,20,2050,600.2699342533144
HHO,3,20,2051,600.2979014656565
HHO,3,20,2052,600.3350071101013
HHO,3,20,2053,600.6414172523474
HHO,3,20,2054,600.1231480563886
HHO,3,20,2055,600.4842446352066
HHO,4,20,2026,1019.0463946152718
HHO,4,20,2027,1116.2880726924295
HHO,4,20,2028,1008.5058063733184
HHO,4,20,2029,1110.4955456028872
HHO,4,20,2030,1038.5000008793006
HHO,4,20,2031,1155.0374414436633
HHO,4,20,2032,1040.0454580042203
HHO,4,20,2033,1107.6151259840822
HHO,4,20,2034,1043.5589126679638
HHO,4,20,2035,1107.0555586667572
HHO,4,20,2036,984.94126330497
HHO,4,20,2037,1066.3895954492548
HHO,4,20,2038,1034.5
HHO,4,20,2039,1095.0
HHO,4,20,2040,1092.0552795434885
HHO,4,20,2041,968.6066957011362
HHO,4,20,2042,1099.8380280441602
HHO,4,20,2043,1077.0583998258758
HHO,4,20,2044,1005.4395303116694
HHO,4,20,2045,1135.5000000000002
HHO,4,20,2046,1171.6212777687726
HHO,4,20,2047,1014.5129402618936
HHO,4,20,2048,1126.2619524657882
HHO,4,20,2049,1066.4421752854264
HHO,4,20,2050,1021.8259592781284
HHO,4,20,2051,1059.4576080200309
HHO,4,20,2052,1149.1973735665315
HHO,4,20,2053,1094.7277244124912
HHO,4,20,2054,968.000007528527
HHO,4,20,2055,1023.812956056728
HHO,5,20,2026,905.7566575286294
HHO,5,20,2027,902.7314804974328
HHO,5,20,2028,903.545740899231
HHO,5,20,2029,903.4158838065632
HHO,5,20,2030,909.3932272367013
HHO,5,20,2031,902.3594869127394
HHO,5,20,2032,904.3825210789006
HHO,5,20,2033,902.5638407922236
HHO,5,20,2034,902.6018350099836
HHO,5,20,2035,902.681502756565
HHO,5,20,2036,904.6743644796356
HHO,5,20,2037,903.5510720910702
HHO,5,20,2038,903.390602856919
HHO,5,20,2039,903.0633960308536
HHO,5,20,2040,909.8236656725516
HHO,5,20,2041,904.4208778682016
HHO,5,20,2042,903.5316396692048
HHO,5,20,2043,902.8004043961678
HHO,5,20,2044,904.4209572341008
HHO,5,20,2045,902.6279555273262
HHO,5,20,2046,903.4797020798632
HHO,5,20,2047,903.5246099349988
HHO,5,20,2048,902.875912410838
HHO,5,20,2049,903.1871903068148
HHO,5,20,2050,903.2418989816993
HHO,5,20,2051,905.461897045666
HHO,5,20,2052,906.3171771307058
HHO,5,20,2053,903.0100749921336
HHO,5,20,2054,905.7804785497148
HHO,5,20,2055,904.0980438431004
HHO,6,20,2026,7619447.958244344
HHO,6,20,2027,8145690.468292356
HHO,6,20,2028,783436.7455854145
HHO,6,20,2029,4767042.3763145935
HHO,6,20,2030,16819127.131973766
HHO,6,20,2031,143730551.07305208
HHO,6,20,2032,5885388.584903342
HHO,6,20,2033,60250156.83286552
HHO,6,20,2034,338183990.9624135
HHO,6,20,2035,8739498.047368705
HHO,6,20,2036,135504025.56639105
HHO,6,20,2037,753296.9967468056
HHO,6,20,2038,22507727.02400099
HHO,6,20,2039,2537055.4775425782
HHO,6,20,2040,11260797.268129252
HHO,6,20,2041,58655126.79261067
HHO,6,20,2042,4092124.67394401
HHO,6,20,2043,61649627.93128946
HHO,6,20,2044,42136870.904774174
HHO,6,20,2045,23975789.40681113
HHO,6,20,2046,23799467.97263584
HHO,6,20,2047,329903357.2822243
HHO,6,20,2048,18026334.771753665
HHO,6,20,2049,47249416.67025588
HHO,6,20,2050,6646601.575894013
HHO,6,20,2051,36946724.33648447
HHO,6,20,2052,21655549.18806634
HHO,6,20,2053,890328.2944082309
HHO,6,20,2054,40680803.454597816
HHO,6,20,2055,378866342.3324097
HHO,7,20,2026,2552.3695689727024
HHO,7,20,2027,4326.405820307778
HHO,7,20,2028,5792.758848970363
HHO,7,20,2029,4336.251421454253
HHO,7,20,2030,5871.301474055332
HHO,7,20,2031,3368.08502450382
HHO,7,20,2032,2313.40826983913
HHO,7,20,2033,2573.664717110209
HHO,7,20,2034,3157.264727441275
HHO,7,20,2035,4356.230877036833
HHO,7,20,2036,3663.918954301743
HHO,7,20,2037,3969.613036468404
HHO,7,20,2038,3215.2301593985912
HHO,7,20,2039,5651.641463782988
HHO,7,20,2040,4435.960131809381
HHO,7,20,2041,4417.784736336245
HHO,7,20,2042,3448.915680629345
HHO,7,20,2043,3451.455482042066
HHO,7,20,2044,2673.16234845971
HHO,7,20,2045,3922.690949550513
HHO,7,20,2046,2769.164514341822
HHO,7,20,2047,6432.074358385306
HHO,7,20,2048,2576.6329272685366
HHO,7,20,2049,3585.4618235760245
HHO,7,20,2050,4937.035175533047
HHO,7,20,2051,5828.370260879116
HHO,7,20,2052,4625.489320031222
HHO,7,20,2053,3658.5270710128807
HHO,7,20,2054,3701.796035515032
HHO,7,20,2055,4172.79409863464
HHO,8,20,2026,5918.619350104107
HHO,8,20,2027,5351.283689249916
HHO,8,20,2028,7842.3215163860605
HHO,8,20,2029,5092.299592022038
HHO,8,20,2030,7880.131917073055
HHO,8,20,2031,3003.982918476985
HHO,8,20,2032,3779.234736485092
HHO,8,20,2033,7395.548986830345
HHO,8,20,2034,5035.627784918535
HHO,8,20,2035,4204.260773674512
HHO,8,20,2036,4564.533405132364
HHO,8,20,2037,9646.84283113687
HHO,8,20,2038,4033.693232648948
HHO,8,20,2039,3827.876298718477
HHO,8,20,2040,3746828.0776867634
HHO,8,20,2041,5190.014621468888
HHO,8,20,2042,5031.312972776881
HHO,8,20,2043,10040.218382607269
HHO,8,20,2044,4578.581974449602
HHO,8,20,2045,4950.845798687962
HHO,8,20,2046,4501.104624042173
HHO,8,20,2047,4506.784727171138
HHO,8,20,2048,3668.369948479558
HHO,8,20,2049,7982.730327952968
HHO,8,20,2050,5169.3259960641135
HHO,8,20,2051,5754.109207677431
HHO,8,20,2052,3031.980337300949
HHO,8,20,2053,7033.27748469476
HHO,8,20,2054,5031.574561595784
HHO,8,20,2055,7343.525950134178
HHO,9,20,2026,2984.010683791664
HHO,9,20,2027,2958.7409158793425
HHO,9,20,2028,3309.790490885728
HHO,9,20,2029,3774.624847922399
HHO,9,20,2030,3012.9238707578606
HHO,9,20,2031,3025.1338545103067
HHO,9,20,2032,2975.9950241602705
HHO,9,20,2033,6002.127118172393
HHO,9,20,2034,3116.9684749708317
HHO,9,20,2035,3165.1646281929784
HHO,9,20,2036,2857.1453313012985
HHO,9,20,2037,3278.265505368301
HHO,9,20,2038,3139.0769214433203
HHO,9,20,2039,3394.335407286414
HHO,9,20,2040,3578.972795413567
HHO,9,20,2041,3074.178086015529
HHO,9,20,2042,3068.149316462028
HHO,9,20,2043,2968.2941949668057
HHO,9,20,2044,3407.072121448158
HHO,9,20,2045,3307.172213894012
HHO,9,20,2046,3809.5350860760777
HHO,9,20,2047,3401.1471132078987
HHO,9,20,2048,2881.568663654263
HHO,9,20,2049,3340.7810859267647
HHO,9,20,2050,3292.636332833297
HHO,9,20,2051,3712.45292257804
HHO,9,20,2052,2987.796594293574
HHO,9,20,2053,2950.382134518957
HHO,9,20,2054,4003.412165589052
HHO,9,20,2055,3676.153899573932
HHO,10,20,2026,5138.354001535727
HHO,10,20,2027,6135.279074052326
HHO,10,20,2028,5739.170169712854
HHO,10,20,2029,2849.2837754687184
HHO,10,20,2030,6302.440785119241
HHO,10,20,2031,4869.805384890182
HHO,10,20,2032,6497.9663360718805
HHO,10,20,2033,6673.932455856925
HHO,10,20,2034,6550.1708681012005
HHO,10,20,2035,5700.379765309292
HHO,10,20,2036,2899.1988608711326
HHO,10,20,2037,5817.282467967344
HHO,10,20,2038,5041.732476701574
HHO,10,20,2039,5951.444227165869
HHO,10,20,2040,6095.111285250813
HHO,10,20,2041,7022.130054235346
HHO,10,20,2042,4346.452003396698
HHO,10,20,2043,5881.265574911993
HHO,10,20,2044,5725.217707214081
HHO,10,20,2045,5390.744634854904
HHO,10,20,2046,5649.961418996557
HHO,10,20,2047,6657.614909333732
HHO,10,20,2048,5737.865069774269
HHO,10,20,2049,5684.628446400758
HHO,10,20,2050,5118.540783390256
HHO,10,20,2051,5473.203861502558
HHO,10,20,2052,5969.872373327746
HHO,10,20,2053,6635.721964247461
HHO,10,20,2054,6218.443013877098
HHO,10,20,2055,5207.684658890589
HHO,11,20,2026,3449.122684121111
HHO,11,20,2027,6966.909630331803
HHO,11,20,2028,3398.97914457921
HHO,11,20,2029,2804.297781355559
HHO,11,20,2030,3184.060057137538
HHO,11,20,2031,4353.044146800996
HHO,11,20,2032,3156.579626810728
HHO,11,20,2033,2667.328382837737
HHO,11,20,2034,4768.828902274561
HHO,11,20,2035,2843.2281230890185
HHO,11,20,2036,3945.451738221672
HHO,11,20,2037,6552.417203332652
HHO,11,20,2038,2869.492181136502
HHO,11,20,2039,4986.9033048736765
HHO,11,20,2040,2929.1044393802545
HHO,11,20,2041,2677.637166121716
HHO,11,20,2042,3240.0796562543096
HHO,11,20,2043,2738.8327389224205
HHO,11,20,2044,3050.8616896070967
HHO,11,20,2045,2757.914770188175
HHO,11,20,2046,3696.4241054183344
HHO,11,20,2047,2892.8130343492185
HHO,11,20,2048,2806.608542936603
HHO,11,20,2049,2915.106041067425
HHO,11,20,2050,4482.1843634773495
HHO,11,20,2051,3663.770782735478
HHO,11,20,2052,2811.297846477625
HHO,11,20,2053,2718.3757031558616
HHO,11,20,2054,2763.8515581212264
HHO,11,20,2055,3473.4648889602336
HHO,12,20,2026,3358.881565774285
HHO,12,20,2027,3986.3952616071
HHO,12,20,2028,4084.192089782222
HHO,12,20,2029,3866.7460319134098
HHO,12,20,2030,3052.9890645224896
HHO,12,20,2031,3050.851864235143
HHO,12,20,2032,3393.321251024867
HHO,12,20,2033,3139.880001807168
HHO,12,20,2034,3282.815331521404
HHO,12,20,2035,3049.159465137177
HHO,12,20,2036,3369.82531241993
HHO,12,20,2037,3408.295845619601
HHO,12,20,2038,3315.145892278926
HHO,12,20,2039,3415.4942394684786
HHO,12,20,2040,3661.872597637464
HHO,12,20,2041,3753.435810742326
HHO,12,20,2042,3535.214445650125
HHO,12,20,2043,3870.456002194929
HHO,12,20,2044,3425.411227845917
HHO,12,20,2045,3369.414837834569
HHO,12,20,2046,3154.3768350053947
HHO,12,20,2047,3871.4402842458776
HHO,12,20,2048,3216.2204041311743
HHO,12,20,2049,3240.428564932138
HHO,12,20,2050,3117.3124174998925
HHO,12,20,2051,3692.404606597855
HHO,12,20,2052,3834.276586791024
HHO,12,20,2053,3482.1319393441663
HHO,12,20,2054,3992.306006673949
HHO,12,20,2055,3721.222565604365
SCA,1,20,2026,14700.85070737717
SCA,1,20,2027,13819.695681079147
SCA,1,20,2028,11377.048083953208
SCA,1,20,2029,18112.550502242117
SCA,1,20,2030,19160.447351313185
SCA,1,20,2031,12286.538997351465
SCA,1,20,2032,12745.858194730965
SCA,1,20,2033,16092.161631523317
SCA,1,20,2034,14375.160095501711
SCA,1,20,2035,10055.915475706814
SCA,1,20,2036,10906.32232516192
SCA,1,20,2037,10254.550639767838
SCA,1,20,2038,16053.835136648826
SCA,1,20,2039,16322.34392249489
SCA,1,20,2040,15692.549437439537
SCA,1,20,2041,12059.60521571098
SCA,1,20,2042,18972.818655388244
SCA,1,20,2043,14683.47953093403
SCA,1,20,2044,12137.754045152153
SCA,1,20,2045,13021.072389626315
SCA,1,20,2046,18631.58656048329
SCA,1,20,2047,17563.038765584788
SCA,1,20,2048,8238.975896189793
SCA,1,20,2049,12451.07092822807
SCA,1,20,2050,14490.111530417294
SCA,1,20,2051,12751.558062584225
SCA,1,20,2052,11543.391449808154
SCA,1,20,2053,11751.56939636167
SCA,1,20,2054,14225.879652882575
SCA,1,20,2055,11802.016482587436
SCA,2,20,2026,1045.0762732723383
SCA,2,20,2027,961.2429618747808
SCA,2,20,2028,911.8490886248652
SCA,2,20,2029,873.6055563269758
SCA,2,20,2030,1165.9138615238671
SCA,2,20,2031,961.7424210034044
SCA,2,20,2032,1062.2279134343871
SCA,2,20,2033,1152.3934239860262
SCA,2,20,2034,1072.9528120933355
SCA,2,20,2035,1163.2455847350982
SCA,2,20,2036,942.9499436856532
SCA,2,20,2037,987.3367802156216
SCA,2,20,2038,1081.903640008723
SCA,2,20,2039,762.5090824405348
SCA,2,20,2040,1140.0325489133766
SCA,2,20,2041,800.7632680544342
SCA,2,20,2042,1232.1353487331317
SCA,2,20,2043,1137.0019294655613
SCA,2,20,2044,761.8885989644954
SCA,2,20,2045,842.5343761906497
SCA,2,20,2046,926.002131131232
SCA,2,20,2047,865.9704644543694
SCA,2,20,2048,881.0595352399564
SCA,2,20,2049,1043.8754455506255
SCA,2,20,2050,1049.1852114582298
SCA,2,20,2051,1207.391949898053
SCA,2,20,2052,1133.7352448421773
SCA,2,20,2053,1399.295399490975
SCA,2,20,2054,1600.46526819129
SCA,2,20,2055,928.0069568027778
SCA,3,20,2026,600.5147930584345
SCA,3,20,2027,600.4732263534023
SCA,3,20,2028,600.3899522872073
SCA,3,20,2029,600.4906691966524
SCA,3,20,2030,600.5663213704256
SCA,3,20,2031,600.6397814633519
SCA,3,20,2032,600.5629973714737
SCA,3,20,2033,600.7504694133999
SCA,3,20,2034,600.5233362554752
SCA,3,20,2035,600.6326710810049
SCA,3,20,2036,600.3839054765749
SCA,3,20,2037,600.6746337108807
SCA,3,20,2038,600.448553404811
SCA,3,20,2039,600.4458206628656
SCA,3,20,2040,600.5495994268907
SCA,3,20,2041,600.6039720297554
SCA,3,20,2042,600.3963572730141
SCA,3,20,2043,600.6397718494293
SCA,3,20,2044,600.5421041047209
SCA,3,20,2045,600.4365332442692
SCA,3,20,2046,600.6717276513562
SCA,3,20,2047,600.603814819778
SCA,3,20,2048,600.5353714081599
SCA,3,20,2049,600.6760207700887
SCA,3,20,2050,600.584087441062
SCA,3,20,2051,600.610445104019
SCA,3,20,2052,600.4849640842209
SCA,3,20,2053,600.5235727651876
SCA,3,20,2054,600.63921256354
SCA,3,20,2055,600.2798892189518
SCA,4,20,2026,948.1131578507634
SCA,4,20,2027,1099.6457375968994
SCA,4,20,2028,1103.9083108995726
SCA,4,20,2029,1120.9581580586596
SCA,4,20,2030,1126.5980646763562
SCA,4,20,2031,1102.400079942401
SCA,4,20,2032,1116.7180300594296
SCA,4,20,2033,1089.918418266558
SCA,4,20,2034,1074.4721345524415
SCA,4,20,2035,1137.135521331826
SCA,4,20,2036,1120.0000867503536
SCA,4,20,2037,1071.5833110301644
SCA,4,20,2038,1051.6233066298537
SCA,4,20,2039,1133.2976480826717
SCA,4,20,2040,1114.3616758992864
SCA,4,20,2041,1082.6623489449428
SCA,4,20,2042,1039.5221765500976
SCA,4,20,2043,1091.8859353409216
SCA,4,20,2044,1049.0244757338526
SCA,4,20,2045,1116.9918475270294
SCA,4,20,2046,1065.5
SCA,4,20,2047,1080.540322090285
SCA,4,20,2048,1076.476542786541
SCA,4,20,2049,1095.7846291039195
SCA,4,20,2050,1105.51933121608
SCA,4,20,2051,1078.7990338268482
SCA,4,20,2052,1093.8131233602378
SCA,4,20,2053,1090.6973761698878
SCA,4,20,2054,1069.117086242073
SCA,4,20,2055,1084.6592305048543
SCA,5,20,2026,905.1683502310284
SCA,5,20,2027,905.9591574273322
SCA,5,20,2028,904.4369976918236
SCA,5,20,2029,903.3033751376604
SCA,5,20,2030,905.122741052901
SCA,5,20,2031,905.6472071674734
SCA,5,20,2032,905.9470676972132
SCA,5,20,2033,904.3492195338794
SCA,5,20,2034,903.8621845897736
SCA,5,20,2035,906.8934521731724
SCA,5,20,2036,903.9028021360604
SCA,5,20,2037,905.4183335223933
SCA,5,20,2038,904.703347610906
SCA,5,20,2039,905.4882149456756
SCA,5,20,2040,905.8742993615192
SCA,5,20,2041,905.2840851919614
SCA,5,20,2042,905.1393290474356
SCA,5,20,2043,903.5004358306142
SCA,5,20,2044,904.4111652613782
SCA,5,20,2045,906.7056851913798
SCA,5,20,2046,904.0377148251316
SCA,5,20,2047,904.8442112813646
SCA,5,20,2048,905.1321832688334
SCA,5,20,2049,906.1649973579648
SCA,5,20,2050,905.3341831177128
SCA,5,20,2051,903.0083896096248
SCA,5,20,2052,904.9217826920212
SCA,5,20,2053,904.3612320113656
SCA,5,20,2054,904.4569800405072
SCA,5,20,2055,904.9145367962078
SCA,6,20,2026,324526445.3766215
SCA,6,20,2027,951775519.1019976
SCA,6,20,2028,484635834.9727085
SCA,6,20,2029,398647574.0969505
SCA,6,20,2030,771402744.3503112
SCA,6,20,2031,366441510.87448174
SCA,6,20,2032,350116340.80302763
SCA,6,20,2033,924248023.653808
SCA,6,20,2034,882558485.6266881
SCA,6,20,2035,821288790.8770444
SCA,6,20,2036,288164938.92394394
SCA,6,20,2037,424072271.23264974
SCA,6,20,2038,1183053945.9606814
SCA,6,20,2039,500745897.1943711
SCA,6,20,2040,697242595.3689137
SCA,6,20,2041,767572594.5222797
SCA,6,20,2042,677514445.1281044
SCA,6,20,2043,432389479.8898711
SCA,6,20,2044,395783330.7127511
SCA,6,20,2045,442919155.3507366
SCA,6,20,2046,239416068.3952219
SCA,6,20,2047,310880163.0449781
SCA,6,20,2048,461998628.5982449
SCA,6,20,2049,357631333.4863787
SCA,6,20,2050,349934705.9214971
SCA,6,20,2051,496737148.2556009
SCA,6,20,2052,347973290.1318406
SCA,6,20,2053,729926755.9442372
SCA,6,20,2054,724117241.7642792
SCA,6,20,2055,420896624.8239642
SCA,7,20,2026,2888.626084302298
SCA,7,20,2027,2861.8629549092334
SCA,7,20,2028,3504.8350531771493
SCA,7,20,2029,3340.2362160683087
SCA,7,20,2030,3484.99821242585
SCA,7,20,2031,3068.7250468998045
SCA,7,20,2032,2469.599266665743
SCA,7,20,2033,3767.499605506924
SCA,7,20,2034,3194.4796813873545
SCA,7,20,2035,3354.1135591950074
SCA,7,20,2036,3153.213513158834
SCA,7,20,2037,3381.180176678351
SCA,7,20,2038,2955.2305803372656
SCA,7,20,2039,2663.960213626686
SCA,7,20,2040,2666.111087416179
SCA,7,20,2041,2693.127754037791
SCA,7,20,2042,2629.743042600546
SCA,7,20,2043,3344.571568926449
SCA,7,20,2044,3104.6766416538367
SCA,7,20,2045,3526.326868300024
SCA,7,20,2046,3173.5923635996905
SCA,7,20,2047,2983.1905734457687
SCA,7,20,2048,3669.833800192298
SCA,7,20,2049,3077.7805496116525
SCA,7,20,2050,2612.942278864836
SCA,7,20,2051,2905.837788916641
SCA,7,20,2052,2566.210490786038
SCA,7,20,2053,3414.8371525169296
SCA,7,20,2054,3003.949696387175
SCA,7,20,2055,3481.35339814901
SCA,8,20,2026,20310.23232548915
SCA,8,20,2027,2370161.2054859507
SCA,8,20,2028,268500.72361185745
SCA,8,20,2029,65970.74605850916
SCA,8,20,2030,225979786.50651804
SCA,8,20,2031,3774844.6331455214
SCA,8,20,2032,168297.06462265426
SCA,8,20,2033,104973890.23432995
SCA,8,20,2034,11173037.623316571
SCA,8,20,2035,216108128.02245384
SCA,8,20,2036,2388825.963903516
SCA,8,20,2037,50648444.65112156
SCA,8,20,2038,22642182.64194693
SCA,8,20,2039,87787233.12345774
SCA,8,20,2040,1967527.80262809
SCA,8,20,2041,25100414.10441609
SCA,8,20,2042,15711.92462859995
SCA,8,20,2043,9147724.925079554
SCA,8,20,2044,25181703.526917145
SCA,8,20,2045,172562367.30967888
SCA,8,20,2046,6271734.530525191
SCA,8,20,2047,21401229.179983035
SCA,8,20,2048,186745.67153943927
SCA,8,20,2049,154312.25965907171
SCA,8,20,2050,20642664.74267964
SCA,8,20,2051,608182.2849277253
SCA,8,20,2052,7851759.753212783
SCA,8,20,2053,214667.33995417957
SCA,8,20,2054,1946658.8341833137
SCA,8,20,2055,3959237.155077559
SCA,9,20,2026,3720.274661637335
SCA,9,20,2027,3233.463983877916
SCA,9,20,2028,3497.156286509129
SCA,9,20,2029,3515.4098201357306
SCA,9,20,2030,3445.899372128056
SCA,9,20,2031,3413.099881760349
SCA,9,20,2032,3125.1835966639487
SCA,9,20,2033,3134.9569905258427
SCA,9,20,2034,3425.8679103479853
SCA,9,20,2035,3340.863673703124
SCA,9,20,2036,3545.4611183041
SCA,9,20,2037,3652.9554164965175
SCA,9,20,2038,3453.948185120754
SCA,9,20,2039,3403.7786885752785
SCA,9,20,2040,3376.837230188388
SCA,9,20,2041,3847.6318124872337
SCA,9,20,2042,3428.548250288122
SCA,9,20,2043,3572.4965260192503
SCA,9,20,2044,3841.711365821232
SCA,9,20,2045,3384.0604937204184
SCA,9,20,2046,3491.119814513037
SCA,9,20,2047,3582.897732943903
SCA,9,20,2048,3361.907865535786
SCA,9,20,2049,3225.394510250542
SCA,9,20,2050,3799.195758314384
SCA,9,20,2051,3794.245146814731
SCA,9,20,2052,3508.791452594751
SCA,9,20,2053,3621.374899775278
SCA,9,20,2054,3540.1497197955587
SCA,9,20,2055,3739.485394102971
SCA,10,20,2026,2948.544938249313
SCA,10,20,2027,2942.971374346864
SCA,10,20,2028,2918.882169105535
SCA,10,20,2029,2907.914009707695
SCA,10,20,2030,2879.6198179345115
SCA,10,20,2031,2963.546986642561
SCA,10,20,2032,2909.777205528321
SCA,10,20,2033,2941.913174155185
SCA,10,20,2034,2907.986342182414
SCA,10,20,2035,2891.522409217594
SCA,10,20,2036,2945.698617445296
SCA,10,20,2037,2917.2194973171067
SCA,10,20,2038,2925.022532358244
SCA,10,20,2039,3374.8350559237074
SCA,10,20,2040,2938.948958698623
SCA,10,20,2041,2948.87280860325
SCA,10,20,2042,2900.895885039257
SCA,10,20,2043,2925.144681121344
SCA,10,20,2044,3346.021138491908
SCA,10,20,2045,2918.0123595467403
SCA,10,20,2046,2912.25496924495
SCA,10,20,2047,2885.1604366736037
SCA,10,20,2048,2870.796709167446
SCA,10,20,2049,2920.842473505229
SCA,10,20,2050,2906.751352761314
SCA,10,20,2051,2930.542065465501
SCA,10,20,2052,2951.078627791488
SCA,10,20,2053,2914.965787764549
SCA,10,20,2054,2982.076337240439
SCA,10,20,2055,3320.3615746545133
SCA,11,20,2026,2816.6916744777445
SCA,11,20,2027,3427.007921255799
SCA,11,20,2028,2986.0410064446496
SCA,11,20,2029,2914.781952025901
SCA,11,20,2030,2990.565342290536
SCA,11,20,2031,3157.121478731186
SCA,11,20,2032,3011.268938116117
SCA,11,20,2033,3241.5153663458923
SCA,11,20,2034,2994.515354637329
SCA,11,20,2035,2987.3102965883827
SCA,11,20,2036,2776.880808940988
SCA,11,20,2037,2923.3490082682706
SCA,11,20,2038,2852.0476392614446
SCA,11,20,2039,2925.1283239803874
SCA,11,20,2040,3276.4280275039328
SCA,11,20,2041,3001.323799655004
SCA,11,20,2042,2751.8012185035645
SCA,11,20,2043,2863.115760735556
SCA,11,20,2044,3164.779741589112
SCA,11,20,2045,2894.300266126626
SCA,11,20,2046,2844.9635330576743
SCA,11,20,2047,2779.5444693503123
SCA,11,20,2048,3015.199729199768
SCA,11,20,2049,2925.063390474751
SCA,11,20,2050,2859.864371570792
SCA,11,20,2051,2838.494765608516
SCA,11,20,2052,2850.066769545078
SCA,11,20,2053,2882.9324327567406
SCA,11,20,2054,2893.1371619384104
SCA,11,20,2055,2857.0806179182346
SCA,12,20,2026,3412.8989040629176
SCA,12,20,2027,3352.7219903213
SCA,12,20,2028,3386.6722892431662
SCA,12,20,2029,3298.2585400662247
SCA,12,20,2030,3331.672622637634
SCA,12,20,2031,3343.646213702109
SCA,12,20,2032,3361.9636336489675
SCA,12,20,2033,3341.395510327368
SCA,12,20,2034,3406.983713043345
SCA,12,20,2035,3514.256210076164
SCA,12,20,2036,3402.2173173495557
SCA,12,20,2037,3412.7963252989525
SCA,12,20,2038,3312.2438188319184
SCA,12,20,2039,3464.7158569308317
SCA,12,20,2040,3364.9064908931346
SCA,12,20,2041,3301.3634003751667
SCA,12,20,2042,3374.727408523124
SCA,12,20,2043,3327.3474471759323
SCA,12,20,2044,3329.26366199174
SCA,12,20,2045,3273.749729234441
SCA,12,20,2046,3419.471519554705
SCA,12,20,2047,3325.781768552729
SCA,12,20,2048,3268.607726360395
SCA,12,20,2049,3293.1822892707205
SCA,12,20,2050,3351.797402859325
SCA,12,20,2051,3398.8015209445216
SCA,12,20,2052,3306.8846783178915
SCA,12,20,2053,3454.0010684715503
SCA,12,20,2054,3310.057012074444
SCA,12,20,2055,3359.4657268997903
LSHADE,1,20,2026,300.0000000000028
LSHADE,1,20,2027,300.00000000000006
LSHADE,1,20,2028,300.0000000000001
LSHADE,1,20,2029,300.00000000000006
LSHADE,1,20,2030,300.00000000000074
LSHADE,1,20,2031,300.0000000000033
LSHADE,1,20,2032,300.00000000000006
LSHADE,1,20,2033,300.0000000000001
LSHADE,1,20,2034,300.00000000000017
LSHADE,1,20,2035,300.00000000000006
LSHADE,1,20,2036,300.0000000000002
LSHADE,1,20,2037,300.0000000000001
LSHADE,1,20,2038,300.00000000000006
LSHADE,1,20,2039,300.0000000000003
LSHADE,1,20,2040,300.0000000000006
LSHADE,1,20,2041,300.0000000000001
LSHADE,1,20,2042,300.0000000000019
LSHADE,1,20,2043,300.00000000000034
LSHADE,1,20,2044,300.0
LSHADE,1,20,2045,300.00000000000034
LSHADE,1,20,2046,300.0000000000027
LSHADE,1,20,2047,300.00000000000006
LSHADE,1,20,2048,300.00000000000006
LSHADE,1,20,2049,300.0000000000001
LSHADE,1,20,2050,300.0000000000001
LSHADE,1,20,2051,300.00000000000114
LSHADE,1,20,2052,300.0000000000001
LSHADE,1,20,2053,300.00000000000045
LSHADE,1,20,2054,300.00000000000006
LSHADE,1,20,2055,300.00000000000057
LSHADE,2,20,2026,449.0844842247302
LSHADE,2,20,2027,468.5172856828069
LSHADE,2,20,2028,449.0844827745301
LSHADE,2,20,2029,449.0844796929709
LSHADE,2,20,2030,449.0844789807703
LSHADE,2,20,2031,449.0844791178405
LSHADE,2,20,2032,406.4601744947044
LSHADE,2,20,2033,449.08447908140846
LSHADE,2,20,2034,449.0844792491758
LSHADE,2,20,2035,449.0844794687239
LSHADE,2,20,2036,467.43549310961686
LSHADE,2,20,2037,449.084479344322
LSHADE,2,20,2038,444.8954693174739
LSHADE,2,20,2039,449.0844791685551
LSHADE,2,20,2040,449.0845083445605
LSHADE,2,20,2041,467.7730016034926
LSHADE,2,20,2042,467.59094979461
LSHADE,2,20,2043,449.0844789929021
LSHADE,2,20,2044,449.08447990056055
LSHADE,2,20,2045,470.7585165027604
LSHADE,2,20,2046,449.0844832386116
LSHADE,2,20,2047,449.0844789797479
LSHADE,2,20,2048,449.0844790643812
LSHADE,2,20,2049,400.12600753094296
LSHADE,2,20,2050,449.0844796300594
LSHADE,2,20,2051,449.084479076292
LSHADE,2,20,2052,444.8954693178034
LSHADE,2,20,2053,471.6774238795414
LSHADE,2,20,2054,449.0844791845011
LSHADE,2,20,2055,449.0844790515486
LSHADE,3,20,2026,600.0
LSHADE,3,20,2027,600.0
LSHADE,3,20,2028,600.0
LSHADE,3,20,2029,600.0
LSHADE,3,20,2030,600.0
LSHADE,3,20,2031,600.0000000000001
LSHADE,3,20,2032,600.0000000000001
LSHADE,3,20,2033,600.0
LSHADE,3,20,2034,600.0000000000001
LSHADE,3,20,2035,600.0
LSHADE,3,20,2036,600.0
LSHADE,3,20,2037,600.0000000000001
LSHADE,3,20,2038,600.0
LSHADE,3,20,2039,600.0
LSHADE,3,20,2040,600.0
LSHADE,3,20,2041,600.0
LSHADE,3,20,2042,600.0
LSHADE,3,20,2043,600.0000000000001
LSHADE,3,20,2044,600.0
LSHADE,3,20,2045,600.0
LSHADE,3,20,2046,600.0000000000001
LSHADE,3,20,2047,600.0
LSHADE,3,20,2048,600.0
LSHADE,3,20,2049,600.0
LSHADE,3,20,2050,600.0
LSHADE,3,20,2051,600.0
LSHADE,3,20,2052,600.0
LSHADE,3,20,2053,600.0
LSHADE,3,20,2054,600.0
LSHADE,3,20,2055,600.0
LSHADE,4,20,2026,849.1903278400378
LSHADE,4,20,2027,856.7716953350317
LSHADE,4,20,2028,868.0022906564768
LSHADE,4,20,2029,875.8989059709629
LSHADE,4,20,2030,867.258946864126
LSHADE,4,20,2031,881.8853109483706
LSHADE,4,20,2032,881.7252859531824
LSHADE,4,20,2033,869.0276649091941
LSHADE,4,20,2034,907.0610129142042
LSHADE,4,20,2035,850.3769344800402
LSHADE,4,20,2036,864.2941391867813
LSHADE,4,20,2037,887.7352635283758
LSHADE,4,20,2038,881.3572332439612
LSHADE,4,20,2039,908.9872978463186
LSHADE,4,20,2040,868.9837461370071
LSHADE,4,20,2041,882.3170787611572
LSHADE,4,20,2042,875.8542413351927
LSHADE,4,20,2043,869.8522949242009
LSHADE,4,20,2044,868.0495112269181
LSHADE,4,20,2045,848.0856626298105
LSHADE,4,20,2046,865.8847196381299
LSHADE,4,20,2047,893.4787630804302
LSHADE,4,20,2048,867.2469545976029
LSHADE,4,20,2049,871.7237323988417
LSHADE,4,20,2050,875.379046204976
LSHADE,4,20,2051,867.8957238467542
LSHADE,4,20,2052,888.4294188311122
LSHADE,4,20,2053,864.25124185828
LSHADE,4,20,2054,878.3867027160671
LSHADE,4,20,2055,865.2178788725535
LSHADE,5,20,2026,900.000000000035
LSHADE,5,20,2027,900.0000000000009
LSHADE,5,20,2028,900.0000000000003
LSHADE,5,20,2029,900.0000000000008
LSHADE,5,20,2030,900.0000000000097
LSHADE,5,20,2031,900.0000000000097
LSHADE,5,20,2032,900.0895282507533
LSHADE,5,20,2033,900.0000000000011
LSHADE,5,20,2034,900.4543240187794
LSHADE,5,20,2035,900.0895282504192
LSHADE,5,20,2036,900.0000000000002
LSHADE,5,20,2037,900.0000000000073
LSHADE,5,20,2038,900.0000000003197
LSHADE,5,20,2039,900.0000000000008
LSHADE,5,20,2040,900.0895282504533
LSHADE,5,20,2041,900.0000000000018
LSHADE,5,20,2042,900.0000000000404
LSHADE,5,20,2043,900.0000000001656
LSHADE,5,20,2044,900.0895282506575
LSHADE,5,20,2045,900.0000000002792
LSHADE,5,20,2046,901.3629773069084
LSHADE,5,20,2047,900.0000000000047
LSHADE,5,20,2048,900.0000000000247
LSHADE,5,20,2049,900.0000000004861
LSHADE,5,20,2050,900.0000000001295
LSHADE,5,20,2051,900.0000000000105
LSHADE,5,20,2052,900.0895282504166
LSHADE,5,20,2053,900.0000000003588
LSHADE,5,20,2054,900.4543240188763
LSHADE,5,20,2055,900.6333805194448
LSHADE,6,20,2026,28872.11053199291
LSHADE,6,20,2027,45112.67737623943
LSHADE,6,20,2028,36813.09640190868
LSHADE,6,20,2029,24678.42368261649
LSHADE,6,20,2030,25084.367896355565
LSHADE,6,20,2031,15439.955030145387
LSHADE,6,20,2032,23922.51802584593
LSHADE,6,20,2033,29259.64330582297
LSHADE,6,20,2034,27622.38123475165
LSHADE,6,20,2035,11684.676284898436
LSHADE,6,20,2036,21624.92992870485
LSHADE,6,20,2037,41634.24856206775
LSHADE,6,20,2038,30332.190390604235
LSHADE,6,20,2039,55497.04444765797
LSHADE,6,20,2040,20825.866915449344
LSHADE,6,20,2041,30632.751740814936
LSHADE,6,20,2042,47331.45522341492
LSHADE,6,20,2043,24905.971212298897
LSHADE,6,20,2044,19356.341409211986
LSHADE,6,20,2045,33727.31339034921
LSHADE,6,20,2046,38210.48406125477
LSHADE,6,20,2047,44203.20349907673
LSHADE,6,20,2048,26050.808393918134
LSHADE,6,20,2049,24465.337317797443
LSHADE,6,20,2050,44626.38450594349
LSHADE,6,20,2051,16876.946617257432
LSHADE,6,20,2052,33397.23857938095
LSHADE,6,20,2053,23223.87825218798
LSHADE,6,20,2054,23235.46902696657
LSHADE,6,20,2055,30255.911767179052
LSHADE,7,20,2026,2027.51919563958
LSHADE,7,20,2027,2028.2329968014897
LSHADE,7,20,2028,2035.0075718413368
LSHADE,7,20,2029,2035.4740747061485
LSHADE,7,20,2030,2028.6049642542905
LSHADE,7,20,2031,2031.5809121674208
LSHADE,7,20,2032,2032.6725377172963
LSHADE,7,20,2033,2025.9767756122749
LSHADE,7,20,2034,2032.7451904738336
LSHADE,7,20,2035,2027.3306987408512
LSHADE,7,20,2036,2031.2550000232811
LSHADE,7,20,2037,2028.396338261989
LSHADE,7,20,2038,2030.638303955183
LSHADE,7,20,2039,2027.761663874253
LSHADE,7,20,2040,2042.416778392097
LSHADE,7,20,2041,2033.5155319967407
LSHADE,7,20,2042,2027.2789757219653
LSHADE,7,20,2043,2031.8096659054745
LSHADE,7,20,2044,2026.9226209168623
LSHADE,7,20,2045,2026.8826695722164
LSHADE,7,20,2046,2032.0026969000728
LSHADE,7,20,2047,2038.4816133222232
LSHADE,7,20,2048,2028.2261875909749
LSHADE,7,20,2049,2028.4610492069748
LSHADE,7,20,2050,2029.71112330901
LSHADE,7,20,2051,2027.921496488352
LSHADE,7,20,2052,2026.566997580178
LSHADE,7,20,2053,2027.8057156005175
LSHADE,7,20,2054,2033.6306644462131
LSHADE,7,20,2055,2028.2227041005096
LSHADE,8,20,2026,2224.9652036579355
LSHADE,8,20,2027,2234.0390225411475
LSHADE,8,20,2028,2224.458025387585
LSHADE,8,20,2029,2235.8595149652497
LSHADE,8,20,2030,2226.836810515008
LSHADE,8,20,2031,2232.170411933704
LSHADE,8,20,2032,2227.259593243148
LSHADE,8,20,2033,2227.7150693432777
LSHADE,8,20,2034,2230.0750633181688
LSHADE,8,20,2035,2225.253419202395
LSHADE,8,20,2036,2234.1757779278405
LSHADE,8,20,2037,2233.9799520630577
LSHADE,8,20,2038,2237.4315501833635
LSHADE,8,20,2039,2223.436760278672
LSHADE,8,20,2040,2226.0255639513757
LSHADE,8,20,2041,2229.6252572982044
LSHADE,8,20,2042,2230.679666273904
LSHADE,8,20,2043,2227.2688233350414
LSHADE,8,20,2044,2229.379021439591
LSHADE,8,20,2045,2227.9485256194166
LSHADE,8,20,2046,2227.649634683435
LSHADE,8,20,2047,2224.5702732079094
LSHADE,8,20,2048,2226.8341936860943
LSHADE,8,20,2049,2234.763047615447
LSHADE,8,20,2050,2230.118211440989
LSHADE,8,20,2051,2226.836215514538
LSHADE,8,20,2052,2232.56248550248
LSHADE,8,20,2053,2233.197758214217
LSHADE,8,20,2054,2245.5778696430275
LSHADE,8,20,2055,2228.666511138048
LSHADE,9,20,2026,2635.638783089676
LSHADE,9,20,2027,2635.638771838712
LSHADE,9,20,2028,2635.639071862057
LSHADE,9,20,2029,2635.638782984957
LSHADE,9,20,2030,2635.639219944673
LSHADE,9,20,2031,2635.638778690557
LSHADE,9,20,2032,2635.638775508558
LSHADE,9,20,2033,2635.6387815034363
LSHADE,9,20,2034,2635.638773883318
LSHADE,9,20,2035,2635.6387712785704
LSHADE,9,20,2036,2635.638775724557
LSHADE,9,20,2037,2635.638770844852
LSHADE,9,20,2038,2635.638771738617
LSHADE,9,20,2039,2635.6387708458183
LSHADE,9,20,2040,2635.6387728563245
LSHADE,9,20,2041,2635.6387709177648
LSHADE,9,20,2042,2635.6387781370518
LSHADE,9,20,2043,2635.6387726995786
LSHADE,9,20,2044,2635.638869112752
LSHADE,9,20,2045,2635.6387709114583
LSHADE,9,20,2046,2635.638771609378
LSHADE,9,20,2047,2635.638778006028
LSHADE,9,20,2048,2635.638870332623
LSHADE,9,20,2049,2635.638773373097
LSHADE,9,20,2050,2635.638779710417
LSHADE,9,20,2051,2635.6387718391456
LSHADE,9,20,2052,2635.638771017552
LSHADE,9,20,2053,2635.639138978966
LSHADE,9,20,2054,2635.6387785659563
LSHADE,9,20,2055,2635.6387808390023
LSHADE,10,20,2026,2801.0606244330247
LSHADE,10,20,2027,2799.827402565211
LSHADE,10,20,2028,2806.382793985912
LSHADE,10,20,2029,2797.655500153187
LSHADE,10,20,2030,2800.5322898773397
LSHADE,10,20,2031,2910.7042632263474
LSHADE,10,20,2032,2894.7205310121853
LSHADE,10,20,2033,2806.6255267024235
LSHADE,10,20,2034,3051.076542719501
LSHADE,10,20,2035,4328.42608113368
LSHADE,10,20,2036,2802.18960371056
LSHADE,10,20,2037,4161.824288605357
LSHADE,10,20,2038,2800.81674471114
LSHADE,10,20,2039,2820.9076565454343
LSHADE,10,20,2040,2822.9790820817934
LSHADE,10,20,2041,2803.7367770401283
LSHADE,10,20,2042,2825.77835706472
LSHADE,10,20,2043,2796.566575881828
LSHADE,10,20,2044,2822.1778040168297
LSHADE,10,20,2045,2797.829447787117
LSHADE,10,20,2046,2838.8929662817663
LSHADE,10,20,2047,2899.9274088680986
LSHADE,10,20,2048,3038.1234729071234
LSHADE,10,20,2049,4420.279571461034
LSHADE,10,20,2050,2796.8442479904515
LSHADE,10,20,2051,2815.850752091862
LSHADE,10,20,2052,2797.294293645842
LSHADE,10,20,2053,2835.950224918402
LSHADE,10,20,2054,4065.488756889008
LSHADE,10,20,2055,2800.7418058899634
LSHADE,11,20,2026,2600.0000000134764
LSHADE,11,20,2027,2600.0000000004534
LSHADE,11,20,2028,2600.000000033961
LSHADE,11,20,2029,2600.0000000025857
LSHADE,11,20,2030,2600.000000010971
LSHADE,11,20,2031,2600.0000000195923
LSHADE,11,20,2032,2600.0000000002165
LSHADE,11,20,2033,2600.000000001123
LSHADE,11,20,2034,2600.000000003862
LSHADE,11,20,2035,2600.0000000036184
LSHADE,11,20,2036,2600.0000000078267
LSHADE,11,20,2037,2600.000000006028
LSHADE,11,20,2038,2600.0000000030154
LSHADE,11,20,2039,2600.0000000063
LSHADE,11,20,2040,2600.0000000063333
LSHADE,11,20,2041,2600.000000003179
LSHADE,11,20,2042,2600.0000000074706
LSHADE,11,20,2043,2600.0000000079126
LSHADE,11,20,2044,2600.0000000054724
LSHADE,11,20,2045,2600.000000001242
LSHADE,11,20,2046,2600.0000000029586
LSHADE,11,20,2047,2600.0000000022706
LSHADE,11,20,2048,2600.000000001739
LSHADE,11,20,2049,2600.000000004302
LSHADE,11,20,2050,2600.0000000015584
LSHADE,11,20,2051,2600.0000000091013
LSHADE,11,20,2052,2600.000000001991
LSHADE,11,20,2053,2600.000000001755
LSHADE,11,20,2054,2600.000000069779
LSHADE,11,20,2055,2600.000000015992
LSHADE,12,20,2026,2938.2850342651345
LSHADE,12,20,2027,2938.2850342652364
LSHADE,12,20,2028,2938.2850342651336
LSHADE,12,20,2029,2937.848208240672
LSHADE,12,20,2030,2939.5086604694534
LSHADE,12,20,2031,2939.497355536896
LSHADE,12,20,2032,2965.755365702587
LSHADE,12,20,2033,2939.0931884216525
LSHADE,12,20,2034,2944.8667760119893
LSHADE,12,20,2035,2938.2850342651336
LSHADE,12,20,2036,2939.093188421651
LSHADE,12,20,2037,2939.508660469456
LSHADE,12,20,2038,2938.285034265134
LSHADE,12,20,2039,2939.328491301992
LSHADE,12,20,2040,2939.0931884216607
LSHADE,12,20,2041,2940.604997928954
LSHADE,12,20,2042,2938.285034266088
LSHADE,12,20,2043,2942.533814680498
LSHADE,12,20,2044,2940.7001641888
LSHADE,12,20,2045,2992.3344061165626
LSHADE,12,20,2046,2940.466592003844
LSHADE,12,20,2047,2943.640724530948
LSHADE,12,20,2048,2954.767481024377
LSHADE,12,20,2049,2944.771244370663
LSHADE,12,20,2050,2938.9390546536533
LSHADE,12,20,2051,2939.093188631235
LSHADE,12,20,2052,2943.3958272838395
LSHADE,12,20,2053,2944.8667820459937
LSHADE,12,20,2054,2942.32887500209
LSHADE,12,20,2055,2953.976400363172
AS-ABMO,1,10,2026,300.0
AS-ABMO,1,10,2027,300.00000000000006
AS-ABMO,1,10,2028,300.00000000000006
AS-ABMO,1,10,2029,300.00000000000006
AS-ABMO,1,10,2030,300.00000000000006
AS-ABMO,1,10,2031,300.0000000000002
AS-ABMO,1,10,2032,300.00000000000006
AS-ABMO,1,10,2033,300.00000000000017
AS-ABMO,1,10,2034,300.0
AS-ABMO,1,10,2035,300.00000000000006
AS-ABMO,1,10,2036,300.0
AS-ABMO,1,10,2037,300.00000000000006
AS-ABMO,1,10,2038,300.00000000000006
AS-ABMO,1,10,2039,300.0000000000001
AS-ABMO,1,10,2040,300.00000000000006
AS-ABMO,1,10,2041,300.00000000000006
AS-ABMO,1,10,2042,300.0
AS-ABMO,1,10,2043,300.0
AS-ABMO,1,10,2044,300.0
AS-ABMO,1,10,2045,300.0
AS-ABMO,1,10,2046,300.00000000000006
AS-ABMO,1,10,2047,300.00000000000006
AS-ABMO,1,10,2048,300.0
AS-ABMO,1,10,2049,300.0
AS-ABMO,1,10,2050,300.00000000000006
AS-ABMO,1,10,2051,300.0
AS-ABMO,1,10,2052,300.0
AS-ABMO,1,10,2053,300.00000000000006
AS-ABMO,1,10,2054,300.00000000000006
AS-ABMO,1,10,2055,300.00000000000006
AS-ABMO,2,10,2026,408.00232488628467
AS-ABMO,2,10,2027,404.3745885822657
AS-ABMO,2,10,2028,407.55412198466723
AS-ABMO,2,10,2029,408.91610192778137
AS-ABMO,2,10,2030,405.0799689950996
AS-ABMO,2,10,2031,405.35428855741606
AS-ABMO,2,10,2032,405.18080296475364
AS-ABMO,2,10,2033,405.0913510776029
AS-ABMO,2,10,2034,404.04042571042197
AS-ABMO,2,10,2035,407.5541219846673
AS-ABMO,2,10,2036,400.02851868467354
AS-ABMO,2,10,2037,405.7739988372517
AS-ABMO,2,10,2038,408.91610192778137
AS-ABMO,2,10,2039,408.91610192778137
AS-ABMO,2,10,2040,408.9161019277813
AS-ABMO,2,10,2041,408.9161019277813
AS-ABMO,2,10,2042,408.9161019277813
AS-ABMO,2,10,2043,407.5541219846672
AS-ABMO,2,10,2044,400.17322639980495
AS-ABMO,2,10,2045,400.067599651031
AS-ABMO,2,10,2046,407.55412198466723
AS-ABMO,2,10,2047,469.4775258319969
AS-ABMO,2,10,2048,400.01282540052034
AS-ABMO,2,10,2049,405.16433595633976
AS-ABMO,2,10,2050,400.0908098084795
AS-ABMO,2,10,2051,407.5541219846672
AS-ABMO,2,10,2052,408.91610192778137
AS-ABMO,2,10,2053,400.24102173575
AS-ABMO,2,10,2054,406.3237711551341
AS-ABMO,2,10,2055,400.5527203382474
AS-ABMO,3,10,2026,600.0000000000001
AS-ABMO,3,10,2027,600.0
AS-ABMO,3,10,2028,600.0000000000001
AS-ABMO,3,10,2029,600.0000000000001
AS-ABMO,3,10,2030,600.0000000000003
AS-ABMO,3,10,2031,600.0000000000001
AS-ABMO,3,10,2032,600.0000000000001
AS-ABMO,3,10,2033,600.0000000000001
AS-ABMO,3,10,2034,600.0000000000001
AS-ABMO,3,10,2035,600.0000000000001
AS-ABMO,3,10,2036,600.0000000000001
AS-ABMO,3,10,2037,600.0
AS-ABMO,3,10,2038,600.0
AS-ABMO,3,10,2039,600.0
AS-ABMO,3,10,2040,600.0000000000001
AS-ABMO,3,10,2041,600.0
AS-ABMO,3,10,2042,600.0000000000001
AS-ABMO,3,10,2043,600.0000000000001
AS-ABMO,3,10,2044,600.0000000000001
AS-ABMO,3,10,2045,600.0000000000001
AS-ABMO,3,10,2046,600.0
AS-ABMO,3,10,2047,600.0000000000001
AS-ABMO,3,10,2048,600.0
AS-ABMO,3,10,2049,600.0000000000001
AS-ABMO,3,10,2050,600.0
AS-ABMO,3,10,2051,600.0000000000001
AS-ABMO,3,10,2052,600.0
AS-ABMO,3,10,2053,600.0
AS-ABMO,3,10,2054,600.0000000000001
AS-ABMO,3,10,2055,600.0
AS-ABMO,4,10,2026,844.0
AS-ABMO,4,10,2027,872.0
AS-ABMO,4,10,2028,838.0
AS-ABMO,4,10,2029,870.0
AS-ABMO,4,10,2030,848.0
AS-ABMO,4,10,2031,826.0
AS-ABMO,4,10,2032,848.0
AS-ABMO,4,10,2033,810.0
AS-ABMO,4,10,2034,866.0
AS-ABMO,4,10,2035,820.0
AS-ABMO,4,10,2036,852.0000000000437
AS-ABMO,4,10,2037,836.0
AS-ABMO,4,10,2038,845.1021527696905
AS-ABMO,4,10,2039,842.0
AS-ABMO,4,10,2040,836.0
AS-ABMO,4,10,2041,844.0
AS-ABMO,4,10,2042,854.0
AS-ABMO,4,10,2043,832.0
AS-ABMO,4,10,2044,842.0
AS-ABMO,4,10,2045,816.0
AS-ABMO,4,10,2046,894.0
AS-ABMO,4,10,2047,852.0000000000008
AS-ABMO,4,10,2048,848.0
AS-ABMO,4,10,2049,864.0
AS-ABMO,4,10,2050,846.0000000000223
AS-ABMO,4,10,2051,858.0
AS-ABMO,4,10,2052,838.0
AS-ABMO,4,10,2053,836.0
AS-ABMO,4,10,2054,842.0000000000001
AS-ABMO,4,10,2055,828.0
AS-ABMO,5,10,2026,900.0000000000011
AS-ABMO,5,10,2027,900.0000000000002
AS-ABMO,5,10,2028,900.5438522690079
AS-ABMO,5,10,2029,900.0000000000007
AS-ABMO,5,10,2030,900.0000000000005
AS-ABMO,5,10,2031,900.4543240185915
AS-ABMO,5,10,2032,900.0895282504171
AS-ABMO,5,10,2033,900.9981762875997
AS-ABMO,5,10,2034,900.0000000000003
AS-ABMO,5,10,2035,900.089528250417
AS-ABMO,5,10,2036,902.1820706866248
AS-ABMO,5,10,2037,900.0000000000003
AS-ABMO,5,10,2038,900.0000000000006
AS-ABMO,5,10,2039,900.4543240185915
AS-ABMO,5,10,2040,900.5438522690076
AS-ABMO,5,10,2041,900.4543240185916
AS-ABMO,5,10,2042,900.0000000000003
AS-ABMO,5,10,2043,900.0895282504168
AS-ABMO,5,10,2044,900.0000000000008
AS-ABMO,5,10,2045,900.0895282504166
AS-ABMO,5,10,2046,900.0000000000002
AS-ABMO,5,10,2047,900.0000000000007
AS-ABMO,5,10,2048,900.0000000000003
AS-ABMO,5,10,2049,900.0895282504165
AS-ABMO,5,10,2050,900.4543240185916
AS-ABMO,5,10,2051,900.0000000000002
AS-ABMO,5,10,2052,900.0000000000006
AS-ABMO,5,10,2053,900.0000000000006
AS-ABMO,5,10,2054,900.0000000000003
AS-ABMO,5,10,2055,900.0000000000003
AS-ABMO,6,10,2026,13151.474865062024
AS-ABMO,6,10,2027,11760.543500243832
AS-ABMO,6,10,2028,6304.48747548892
AS-ABMO,6,10,2029,9597.927099365334
AS-ABMO,6,10,2030,2350.585186662531
AS-ABMO,6,10,2031,16149.737149827664
AS-ABMO,6,10,2032,7819.081344380138
AS-ABMO,6,10,2033,11518.275201848135
AS-ABMO,6,10,2034,11306.930029938532
AS-ABMO,6,10,2035,25552.64647645103
AS-ABMO,6,10,2036,10278.617642621688
AS-ABMO,6,10,2037,4469.016267598458
AS-ABMO,6,10,2038,11017.952175307919
AS-ABMO,6,10,2039,3086.1452521215065
AS-ABMO,6,10,2040,5769.165340918882
AS-ABMO,6,10,2041,8627.047867408583
AS-ABMO,6,10,2042,11711.693552510424
AS-ABMO,6,10,2043,2068.8976563396764
AS-ABMO,6,10,2044,9456.19381733989
AS-ABMO,6,10,2045,14080.704198099987
AS-ABMO,6,10,2046,5147.424087007499
AS-ABMO,6,10,2047,5860.335714379675
AS-ABMO,6,10,2048,29828.597382599022
AS-ABMO,6,10,2049,3800.4767240201686
AS-ABMO,6,10,2050,4208.258369870747
AS-ABMO,6,10,2051,30502.370608706195
AS-ABMO,6,10,2052,4411.488881711819
AS-ABMO,6,10,2053,17725.968707753836
AS-ABMO,6,10,2054,15058.463180870462
AS-ABMO,6,10,2055,25817.084403143155
AS-ABMO,7,10,2026,2126.6160682976665
AS-ABMO,7,10,2027,2024.3658905287862
AS-ABMO,7,10,2028,2021.0317476964597
AS-ABMO,7,10,2029,2002.5496546936085
AS-ABMO,7,10,2030,2025.5094182390073
AS-ABMO,7,10,2031,2022.4899181238102
AS-ABMO,7,10,2032,2024.664164898926
AS-ABMO,7,10,2033,2025.2830388785808
AS-ABMO,7,10,2034,2022.2104900354316
AS-ABMO,7,10,2035,2026.060149004429
AS-ABMO,7,10,2036,2020.5227180818179
AS-ABMO,7,10,2037,2021.1174844791194
AS-ABMO,7,10,2038,2028.1260123852712
AS-ABMO,7,10,2039,2020.9958366101357
AS-ABMO,7,10,2040,2029.9954566589704
AS-ABMO,7,10,2041,2031.1610584587938
AS-ABMO,7,10,2042,2022.3291578030364
AS-ABMO,7,10,2043,2028.6183062128064
AS-ABMO,7,10,2044,2025.5212101363916
AS-ABMO,7,10,2045,2022.232789492379
AS-ABMO,7,10,2046,2033.7679911056757
AS-ABMO,7,10,2047,2030.9580185763527
AS-ABMO,7,10,2048,2025.1885621982428
AS-ABMO,7,10,2049,2027.6435153696066
AS-ABMO,7,10,2050,2020.7671673443729
AS-ABMO,7,10,2051,2120.5088732411764
AS-ABMO,7,10,2052,2020.9961009453343
AS-ABMO,7,10,2053,2025.9074779775246
AS-ABMO,7,10,2054,2023.546829088761
AS-ABMO,7,10,2055,2020.2825769144442
AS-ABMO,8,10,2026,2220.446356309354
AS-ABMO,8,10,2027,2223.5614166630157
AS-ABMO,8,10,2028,2221.58423407298
AS-ABMO,8,10,2029,2223.5035279705126
AS-ABMO,8,10,2030,2205.4288798319567
AS-ABMO,8,10,2031,2221.8181097899883
AS-ABMO,8,10,2032,2221.2398926092374
AS-ABMO,8,10,2033,2224.250111540497
AS-ABMO,8,10,2034,2223.0439730345865
AS-ABMO,8,10,2035,2223.6358973973
AS-ABMO,8,10,2036,2221.8666715340805
AS-ABMO,8,10,2037,2201.167943399644
AS-ABMO,8,10,2038,2226.611248944385
AS-ABMO,8,10,2039,2231.3463586363314
AS-ABMO,8,10,2040,2220.933055114179
AS-ABMO,8,10,2041,2222.504382962911
AS-ABMO,8,10,2042,2223.2814621796315
AS-ABMO,8,10,2043,2222.0182260667434
AS-ABMO,8,10,2044,2222.6722105448225
AS-ABMO,8,10,2045,2220.652044641161
AS-ABMO,8,10,2046,2221.419332959167
AS-ABMO,8,10,2047,2223.503744434993
AS-ABMO,8,10,2048,2222.771389862458
AS-ABMO,8,10,2049,2226.4710396322366
AS-ABMO,8,10,2050,2225.132696024662
AS-ABMO,8,10,2051,2221.2395331287576
AS-ABMO,8,10,2052,2221.644182376352
AS-ABMO,8,10,2053,2223.5525529309157
AS-ABMO,8,10,2054,2222.6693133501944
AS-ABMO,8,10,2055,2221.0429784756057
AS-ABMO,9,10,2026,2669.8598037236434
AS-ABMO,9,10,2027,2664.5424403718434
AS-ABMO,9,10,2028,2300.0000000000005
AS-ABMO,9,10,2029,2665.4712926124253
AS-ABMO,9,10,2030,2300.0000000000036
AS-ABMO,9,10,2031,2664.542433195969
AS-ABMO,9,10,2032,2659.1928051814075
AS-ABMO,9,10,2033,2669.8598037236416
AS-ABMO,9,10,2034,2670.1079759592353
AS-ABMO,9,10,2035,2664.542664433913
AS-ABMO,9,10,2036,2664.5424327564397
AS-ABMO,9,10,2037,2659.0943447803725
AS-ABMO,9,10,2038,2670.107975959236
AS-ABMO,9,10,2039,2669.85980372364
AS-ABMO,9,10,2040,2669.859803723702
AS-ABMO,9,10,2041,2659.094344780577
AS-ABMO,9,10,2042,2664.5424327725
AS-ABMO,9,10,2043,2659.192805190878
AS-ABMO,9,10,2044,2669.8598037236416
AS-ABMO,9,10,2045,2670.107975959236
AS-ABMO,9,10,2046,2300.000000000001
AS-ABMO,9,10,2047,2670.1079759592353
AS-ABMO,9,10,2048,2659.1928052421063
AS-ABMO,9,10,2049,2659.0943447803647
AS-ABMO,9,10,2050,2659.0943447803634
AS-ABMO,9,10,2051,2659.1928051809914
AS-ABMO,9,10,2052,2666.908143304409
AS-ABMO,9,10,2053,2300.000000000001
AS-ABMO,9,10,2054,2300.0000000000023
AS-ABMO,9,10,2055,2659.193234358274
AS-ABMO,10,10,2026,2734.4591913561867
AS-ABMO,10,10,2027,2621.422896241093
AS-ABMO,10,10,2028,2621.52491044438
AS-ABMO,10,10,2029,2726.941496356296
AS-ABMO,10,10,2030,2621.122057282524
AS-ABMO,10,10,2031,2623.3416221955986
AS-ABMO,10,10,2032,2622.1036321089678
AS-ABMO,10,10,2033,2999.4202078305384
AS-ABMO,10,10,2034,2622.5376874926997
AS-ABMO,10,10,2035,2622.174400077495
AS-ABMO,10,10,2036,2622.4738766144164
AS-ABMO,10,10,2037,2738.403853797873
AS-ABMO,10,10,2038,2732.939489445745
AS-ABMO,10,10,2039,2738.9456360624317
AS-ABMO,10,10,2040,2622.1744000774943
AS-ABMO,10,10,2041,3369.0757974583535
AS-ABMO,10,10,2042,2729.0588688779035
AS-ABMO,10,10,2043,2757.616997935332
AS-ABMO,10,10,2044,2755.12559358371
AS-ABMO,10,10,2045,2622.537687492699
AS-ABMO,10,10,2046,2625.669433949592
AS-ABMO,10,10,2047,2620.8726497489806
AS-ABMO,10,10,2048,2622.5376874926997
AS-ABMO,10,10,2049,2731.927906973266
AS-ABMO,10,10,2050,2726.5556259708014
AS-ABMO,10,10,2051,2623.404297041058
AS-ABMO,10,10,2052,2621.4242816093383
AS-ABMO,10,10,2053,3078.0381953129977
AS-ABMO,10,10,2054,2719.706008425421
AS-ABMO,10,10,2055,4220.250883846902
AS-ABMO,11,10,2026,3477.286880679685
AS-ABMO,11,10,2027,2600.0000000000014
AS-ABMO,11,10,2028,2600.0000000000005
AS-ABMO,11,10,2029,3477.2868852167367
AS-ABMO,11,10,2030,3476.068898326548
AS-ABMO,11,10,2031,3476.9248252571206
AS-ABMO,11,10,2032,2600.000000000001
AS-ABMO,11,10,2033,2617.394645425255
AS-ABMO,11,10,2034,2600.000000000001
AS-ABMO,11,10,2035,3476.068898326548
AS-ABMO,11,10,2036,2600.000000000001
AS-ABMO,11,10,2037,2600.000000000001
AS-ABMO,11,10,2038,2622.425596245957
AS-ABMO,11,10,2039,2600.0000000000014
AS-ABMO,11,10,2040,2622.425596245957
AS-ABMO,11,10,2041,2600.000000000001
AS-ABMO,11,10,2042,2600.0000000000005
AS-ABMO,11,10,2043,3476.068898326548
AS-ABMO,11,10,2044,3477.286881113595
AS-ABMO,11,10,2045,2600.000000000009
AS-ABMO,11,10,2046,2600.0000000000014
AS-ABMO,11,10,2047,2600.0000000000005
AS-ABMO,11,10,2048,2600.000000000003
AS-ABMO,11,10,2049,3476.9248252571206
AS-ABMO,11,10,2050,2600.0000000000005
AS-ABMO,11,10,2051,2600.0000000000005
AS-ABMO,11,10,2052,2600.0000000000005
AS-ABMO,11,10,2053,2600.0000000000027
AS-ABMO,11,10,2054,2621.323537199975
AS-ABMO,11,10,2055,2600.0000000000027
AS-ABMO,12,10,2026,2865.630329777067
AS-ABMO,12,10,2027,2866.7507195662197
AS-ABMO,12,10,2028,2865.7880510251007
AS-ABMO,12,10,2029,2865.9438737345677
AS-ABMO,12,10,2030,2871.3513551700753
AS-ABMO,12,10,2031,2871.083438775291
AS-ABMO,12,10,2032,2868.355133508939
AS-ABMO,12,10,2033,2866.4470354167042
AS-ABMO,12,10,2034,2870.634481978986
AS-ABMO,12,10,2035,2868.2405816883334
AS-ABMO,12,10,2036,2867.13761413211
AS-ABMO,12,10,2037,2867.0794400177642
AS-ABMO,12,10,2038,2865.5785545546146
AS-ABMO,12,10,2039,2866.6134786877055
AS-ABMO,12,10,2040,2867.018511267556
AS-ABMO,12,10,2041,2865.9532596278796
AS-ABMO,12,10,2042,2868.048868750973
AS-ABMO,12,10,2043,2874.4659048421126
AS-ABMO,12,10,2044,2870.279186939014
AS-ABMO,12,10,2045,2865.9422393563623
AS-ABMO,12,10,2046,2868.8632307999032
AS-ABMO,12,10,2047,2867.4800367630587
AS-ABMO,12,10,2048,2868.3174239505297
AS-ABMO,12,10,2049,2867.242388563599
AS-ABMO,12,10,2050,2864.5667539090005
AS-ABMO,12,10,2051,2870.573099833836
AS-ABMO,12,10,2052,2920.7316688134842
AS-ABMO,12,10,2053,2870.2847162515327
AS-ABMO,12,10,2054,2869.7931335941566
AS-ABMO,12,10,2055,2865.427617306677
AS-ABMO,1,20,2026,300.00000000000034
AS-ABMO,1,20,2027,300.0000000000005
AS-ABMO,1,20,2028,300.0000000000001
AS-ABMO,1,20,2029,300.0000000000001
AS-ABMO,1,20,2030,300.00000000000045
AS-ABMO,1,20,2031,300.2991816260509
AS-ABMO,1,20,2032,300.0000000000003
AS-ABMO,1,20,2033,300.00000000000034
AS-ABMO,1,20,2034,300.0000000000014
AS-ABMO,1,20,2035,300.0000000000005
AS-ABMO,1,20,2036,300.00000000000017
AS-ABMO,1,20,2037,300.0000000000003
AS-ABMO,1,20,2038,300.00000000000034
AS-ABMO,1,20,2039,300.0000000000004
AS-ABMO,1,20,2040,300.00000000000017
AS-ABMO,1,20,2041,300.00000000000034
AS-ABMO,1,20,2042,300.0000000000032
AS-ABMO,1,20,2043,300.0000000000003
AS-ABMO,1,20,2044,300.00000000000006
AS-ABMO,1,20,2045,300.00000000000006
AS-ABMO,1,20,2046,300.000000000004
AS-ABMO,1,20,2047,300.0000000000005
AS-ABMO,1,20,2048,300.00000000000017
AS-ABMO,1,20,2049,300.00000000000034
AS-ABMO,1,20,2050,300.0000000000024
AS-ABMO,1,20,2051,300.0000000000006
AS-ABMO,1,20,2052,300.0000000000004
AS-ABMO,1,20,2053,300.0000000000005
AS-ABMO,1,20,2054,300.0000000000001
AS-ABMO,1,20,2055,300.0000000000002
AS-ABMO,2,20,2026,449.0844800551462
AS-ABMO,2,20,2027,471.883214104291
AS-ABMO,2,20,2028,467.5998811117941
AS-ABMO,2,20,2029,449.0844879326217
AS-ABMO,2,20,2030,449.08494287186465
AS-ABMO,2,20,2031,474.6242550740643
AS-ABMO,2,20,2032,449.08450070151395
AS-ABMO,2,20,2033,445.630489027444
AS-ABMO,2,20,2034,449.0844838602426
AS-ABMO,2,20,2035,449.0844863207612
AS-ABMO,2,20,2036,449.086807318607
AS-ABMO,2,20,2037,444.89546931745247
AS-ABMO,2,20,2038,449.0844876158278
AS-ABMO,2,20,2039,473.49586180807614
AS-ABMO,2,20,2040,449.0844795364017
AS-ABMO,2,20,2041,449.0844793256366
AS-ABMO,2,20,2042,472.3467106268684
AS-ABMO,2,20,2043,444.8954693174526
AS-ABMO,2,20,2044,449.0844809893479
AS-ABMO,2,20,2045,449.0845875163832
AS-ABMO,2,20,2046,445.6304890274437
AS-ABMO,2,20,2047,472.41331145969014
AS-ABMO,2,20,2048,540.040237934442
AS-ABMO,2,20,2049,449.08449994770433
AS-ABMO,2,20,2050,473.3910412996747
AS-ABMO,2,20,2051,473.6351344226764
AS-ABMO,2,20,2052,458.4021820212271
AS-ABMO,2,20,2053,460.53366303284224
AS-ABMO,2,20,2054,449.08448718569855
AS-ABMO,2,20,2055,472.8992998835265
AS-ABMO,3,20,2026,600.0000000000016
AS-ABMO,3,20,2027,600.0000000000005
AS-ABMO,3,20,2028,600.000000000002
AS-ABMO,3,20,2029,600.0000000000002
AS-ABMO,3,20,2030,600.0000000000005
AS-ABMO,3,20,2031,600.0000000000001
AS-ABMO,3,20,2032,600.0000000000002
AS-ABMO,3,20,2033,600.0000000000002
AS-ABMO,3,20,2034,600.0000000000016
AS-ABMO,3,20,2035,600.0000000000006
AS-ABMO,3,20,2036,600.0000000000002
AS-ABMO,3,20,2037,600.0000000000055
AS-ABMO,3,20,2038,600.0000000000003
AS-ABMO,3,20,2039,600.0000000000005
AS-ABMO,3,20,2040,600.0000000000007
AS-ABMO,3,20,2041,600.0000000000006
AS-ABMO,3,20,2042,600.0000000000007
AS-ABMO,3,20,2043,600.0000000000005
AS-ABMO,3,20,2044,600.0000000000003
AS-ABMO,3,20,2045,600.0000000000011
AS-ABMO,3,20,2046,600.0000000000011
AS-ABMO,3,20,2047,600.0000000000016
AS-ABMO,3,20,2048,600.0000000000005
AS-ABMO,3,20,2049,600.0000000000003
AS-ABMO,3,20,2050,600.0000000000005
AS-ABMO,3,20,2051,600.0000000000002
AS-ABMO,3,20,2052,600.0000000000003
AS-ABMO,3,20,2053,600.0000000000023
AS-ABMO,3,20,2054,600.0000000000002
AS-ABMO,3,20,2055,600.0000000000006
AS-ABMO,4,20,2026,962.0
AS-ABMO,4,20,2027,898.0
AS-ABMO,4,20,2028,926.0
AS-ABMO,4,20,2029,894.0
AS-ABMO,4,20,2030,870.0
AS-ABMO,4,20,2031,1004.0
AS-ABMO,4,20,2032,1000.0
AS-ABMO,4,20,2033,920.0
AS-ABMO,4,20,2034,922.0
AS-ABMO,4,20,2035,1033.0
AS-ABMO,4,20,2036,956.5
AS-ABMO,4,20,2037,940.0
AS-ABMO,4,20,2038,960.0
AS-ABMO,4,20,2039,880.0
AS-ABMO,4,20,2040,878.0
AS-ABMO,4,20,2041,976.0
AS-ABMO,4,20,2042,904.0000000000001
AS-ABMO,4,20,2043,926.0
AS-ABMO,4,20,2044,934.0
AS-ABMO,4,20,2045,956.5
AS-ABMO,4,20,2046,936.0
AS-ABMO,4,20,2047,876.0
AS-ABMO,4,20,2048,908.0
AS-ABMO,4,20,2049,910.0
AS-ABMO,4,20,2050,900.0
AS-ABMO,4,20,2051,884.0
AS-ABMO,4,20,2052,880.0
AS-ABMO,4,20,2053,904.0
AS-ABMO,4,20,2054,868.0
AS-ABMO,4,20,2055,950.0
AS-ABMO,5,20,2026,902.8154513145366
AS-ABMO,5,20,2027,900.268584751288
AS-ABMO,5,20,2028,901.0877045385972
AS-ABMO,5,20,2029,905.4308682073164
AS-ABMO,5,20,2030,902.9945290113449
AS-ABMO,5,20,2031,901.7210850574461
AS-ABMO,5,20,2032,903.9056165123401
AS-ABMO,5,20,2033,900.4543240186447
AS-ABMO,5,20,2034,900.9981763295091
AS-ABMO,5,20,2035,901.0877045384098
AS-ABMO,5,20,2036,907.4502942259469
AS-ABMO,5,20,2037,904.178492501175
AS-ABMO,5,20,2038,903.1802476165099
AS-ABMO,5,20,2039,901.1772333200026
AS-ABMO,5,20,2040,901.6315568373004
AS-ABMO,5,20,2041,900.8124370202614
AS-ABMO,5,20,2042,900.4543240187605
AS-ABMO,5,20,2043,900.000000000028
AS-ABMO,5,20,2044,900.6333805194316
AS-ABMO,5,20,2045,900.9981763402546
AS-ABMO,5,20,2046,902.0858809298438
AS-ABMO,5,20,2047,902.9945290545865
AS-ABMO,5,20,2048,903.1802492247654
AS-ABMO,5,20,2049,901.0877045388883
AS-ABMO,5,20,2050,900.9086488400279
AS-ABMO,5,20,2051,901.7210850574495
AS-ABMO,5,20,2052,901.3629721524647
AS-ABMO,5,20,2053,903.5138953253653
AS-ABMO,5,20,2054,904.9765410856738
AS-ABMO,5,20,2055,900.9981762877409
AS-ABMO,6,20,2026,76541.83044382336
AS-ABMO,6,20,2027,69447.47705233943
AS-ABMO,6,20,2028,90178.73022643419
AS-ABMO,6,20,2029,59445.89319361906
AS-ABMO,6,20,2030,53960.40862745471
AS-ABMO,6,20,2031,25751.824155574825
AS-ABMO,6,20,2032,30601.767023971013
AS-ABMO,6,20,2033,36150.68272029103
AS-ABMO,6,20,2034,45169.82594000704
AS-ABMO,6,20,2035,76806.3750999632
AS-ABMO,6,20,2036,121829.58115124487
AS-ABMO,6,20,2037,34269.300678151034
AS-ABMO,6,20,2038,27664.156736361732
AS-ABMO,6,20,2039,67547.9641200146
AS-ABMO,6,20,2040,26833.140954210772
AS-ABMO,6,20,2041,39047.34185949007
AS-ABMO,6,20,2042,53184.52314503479
AS-ABMO,6,20,2043,36015.6091550783
AS-ABMO,6,20,2044,69875.26067193513
AS-ABMO,6,20,2045,119777.67451218632
AS-ABMO,6,20,2046,31623.057932973465
AS-ABMO,6,20,2047,60308.93165908521
AS-ABMO,6,20,2048,111512.73547215274
AS-ABMO,6,20,2049,19050.78594060319
AS-ABMO,6,20,2050,75380.11753314211
AS-ABMO,6,20,2051,69985.8642566662
AS-ABMO,6,20,2052,79971.9845799542
AS-ABMO,6,20,2053,120002.83066982703
AS-ABMO,6,20,2054,37233.39306902513
AS-ABMO,6,20,2055,53723.04348353726
AS-ABMO,7,20,2026,2040.5998250794303
AS-ABMO,7,20,2027,2057.327238890835
AS-ABMO,7,20,2028,2027.3072775760188
AS-ABMO,7,20,2029,2038.519336013701
AS-ABMO,7,20,2030,2033.922230156257
AS-ABMO,7,20,2031,2029.0832859640527
AS-ABMO,7,20,2032,2094.9078269010715
AS-ABMO,7,20,2033,2036.5395880894803
AS-ABMO,7,20,2034,2106.0323200875096
AS-ABMO,7,20,2035,2098.760243539762
AS-ABMO,7,20,2036,2064.140177562085
AS-ABMO,7,20,2037,2026.515934512993
AS-ABMO,7,20,2038,2035.0126806642272
AS-ABMO,7,20,2039,2028.7945513811767
AS-ABMO,7,20,2040,2057.4197845003414
AS-ABMO,7,20,2041,2046.7917887240314
AS-ABMO,7,20,2042,2041.4717383159093
AS-ABMO,7,20,2043,2044.1650926589937
AS-ABMO,7,20,2044,2022.7003065662093
AS-ABMO,7,20,2045,2045.2133932410536
AS-ABMO,7,20,2046,2044.6482223384346
AS-ABMO,7,20,2047,2022.2079268624693
AS-ABMO,7,20,2048,2067.1549337695083
AS-ABMO,7,20,2049,2164.1132612761285
AS-ABMO,7,20,2050,2027.8441497950291
AS-ABMO,7,20,2051,2045.7857677027791
AS-ABMO,7,20,2052,2036.5375082686685
AS-ABMO,7,20,2053,2049.3921159985325
AS-ABMO,7,20,2054,2030.617773435286
AS-ABMO,7,20,2055,2058.139556357546
AS-ABMO,8,20,2026,3815.11949677117
AS-ABMO,8,20,2027,6282.338101904636
AS-ABMO,8,20,2028,2742.237365397645
AS-ABMO,8,20,2029,3150.3043555557024
AS-ABMO,8,20,2030,3482.4643254222337
AS-ABMO,8,20,2031,2489.579475129054
AS-ABMO,8,20,2032,2490.5449888133494
AS-ABMO,8,20,2033,7453.946713099493
AS-ABMO,8,20,2034,2662.156409694819
AS-ABMO,8,20,2035,2574.886373613055
AS-ABMO,8,20,2036,2553.548262219818
AS-ABMO,8,20,2037,3595.711118748464
AS-ABMO,8,20,2038,2626.2652993351135
AS-ABMO,8,20,2039,2309.7105914867875
AS-ABMO,8,20,2040,2241.864754868603
AS-ABMO,8,20,2041,4247.642643192247
AS-ABMO,8,20,2042,3622.8771346372605
AS-ABMO,8,20,2043,2366.354824627087
AS-ABMO,8,20,2044,2234.1588816232256
AS-ABMO,8,20,2045,3911.754954284901
AS-ABMO,8,20,2046,2467.2758857521967
AS-ABMO,8,20,2047,2399.9101448674965
AS-ABMO,8,20,2048,2621.5078667511316
AS-ABMO,8,20,2049,2244.2659745767296
AS-ABMO,8,20,2050,3440.95800848286
AS-ABMO,8,20,2051,2894.874271547481
AS-ABMO,8,20,2052,2268.4792116055173
AS-ABMO,8,20,2053,3326.9841642401516
AS-ABMO,8,20,2054,2316.3960654795906
AS-ABMO,8,20,2055,3113.1921238253262
AS-ABMO,9,20,2026,2641.7392735809917
AS-ABMO,9,20,2027,2635.6403056940057
AS-ABMO,9,20,2028,2635.6399899512476
AS-ABMO,9,20,2029,2635.7019521685907
AS-ABMO,9,20,2030,2639.4791489056
AS-ABMO,9,20,2031,2641.7273733276647
AS-ABMO,9,20,2032,2639.467559102748
AS-ABMO,9,20,2033,2635.638771642444
AS-ABMO,9,20,2034,2639.4673905037253
AS-ABMO,9,20,2035,2635.7928141186476
AS-ABMO,9,20,2036,2635.6396302949283
AS-ABMO,9,20,2037,2635.647701024645
AS-ABMO,9,20,2038,2635.794193371389
AS-ABMO,9,20,2039,2635.6555796375483
AS-ABMO,9,20,2040,2676.9199543640084
AS-ABMO,9,20,2041,2635.801742776406
AS-ABMO,9,20,2042,2635.655614696649
AS-ABMO,9,20,2043,2650.788304730724
AS-ABMO,9,20,2044,2635.6700024620636
AS-ABMO,9,20,2045,2635.6452335211843
AS-ABMO,9,20,2046,2639.467304595421
AS-ABMO,9,20,2047,2635.68273542118
AS-ABMO,9,20,2048,2635.639664056258
AS-ABMO,9,20,2049,2653.9782448006677
AS-ABMO,9,20,2050,2635.6961618404807
AS-ABMO,9,20,2051,2745.663073741002
AS-ABMO,9,20,2052,2646.9908785011894
AS-ABMO,9,20,2053,2635.6414485835726
AS-ABMO,9,20,2054,2635.6672014402743
AS-ABMO,9,20,2055,2635.66860348549
AS-ABMO,10,20,2026,4570.842981231888
AS-ABMO,10,20,2027,4514.021794764543
AS-ABMO,10,20,2028,4278.030343954584
AS-ABMO,10,20,2029,2806.5657033540956
AS-ABMO,10,20,2030,3974.049268040275
AS-ABMO,10,20,2031,5187.238086047244
AS-ABMO,10,20,2032,4939.711778825695
AS-ABMO,10,20,2033,3713.917209251
AS-ABMO,10,20,2034,4473.87761670008
AS-ABMO,10,20,2035,3748.440618341234
AS-ABMO,10,20,2036,2807.113376097521
AS-ABMO,10,20,2037,4729.653144052231
AS-ABMO,10,20,2038,4104.279733900946
AS-ABMO,10,20,2039,4501.276508621402
AS-ABMO,10,20,2040,2804.7712612798755
AS-ABMO,10,20,2041,4310.424554331772
AS-ABMO,10,20,2042,2988.7350287527133
AS-ABMO,10,20,2043,4169.650593232103
AS-ABMO,10,20,2044,4602.3215633487
AS-ABMO,10,20,2045,2805.1864014596026
AS-ABMO,10,20,2046,4512.776187835833
AS-ABMO,10,20,2047,4732.69622420771
AS-ABMO,10,20,2048,5149.9101950171425
AS-ABMO,10,20,2049,4997.963614831
AS-ABMO,10,20,2050,5367.852269223047
AS-ABMO,10,20,2051,4779.228227909673
AS-ABMO,10,20,2052,4318.6224928522415
AS-ABMO,10,20,2053,4567.153444324205
AS-ABMO,10,20,2054,4620.800193735809
AS-ABMO,10,20,2055,3946.0706794355015
AS-ABMO,11,20,2026,2617.015102723629
AS-ABMO,11,20,2027,2600.0000000005593
AS-ABMO,11,20,2028,2617.233793261648
AS-ABMO,11,20,2029,2600.0000000000273
AS-ABMO,11,20,2030,2617.715854500441
AS-ABMO,11,20,2031,2800.4328527732387
AS-ABMO,11,20,2032,4279.293126127897
AS-ABMO,11,20,2033,2600.000000000059
AS-ABMO,11,20,2034,4104.787856455668
AS-ABMO,11,20,2035,2600.0000000008695
AS-ABMO,11,20,2036,2600.000000000186
AS-ABMO,11,20,2037,2635.63755022993
AS-ABMO,11,20,2038,2616.472426156351
AS-ABMO,11,20,2039,2654.76341043371
AS-ABMO,11,20,2040,2600.00000008687
AS-ABMO,11,20,2041,2600.000000000026
AS-ABMO,11,20,2042,2600.000000021307
AS-ABMO,11,20,2043,2623.846865899659
AS-ABMO,11,20,2044,2638.373361872323
AS-ABMO,11,20,2045,2600.0000000000077
AS-ABMO,11,20,2046,2637.713401568816
AS-ABMO,11,20,2047,2600.0000000004297
AS-ABMO,11,20,2048,2600.0000000012333
AS-ABMO,11,20,2049,2600.0000000950226
AS-ABMO,11,20,2050,4157.056422165597
AS-ABMO,11,20,2051,2626.8516896784026
AS-ABMO,11,20,2052,2600.0000000019295
AS-ABMO,11,20,2053,2600.000000000068
AS-ABMO,11,20,2054,2600.0000000002137
AS-ABMO,11,20,2055,2653.1617467846045
AS-ABMO,12,20,2026,3084.236775823634
AS-ABMO,12,20,2027,2947.0722701640907
AS-ABMO,12,20,2028,2943.3642883016796
AS-ABMO,12,20,2029,2949.6506671058987
AS-ABMO,12,20,2030,2972.007177978286
AS-ABMO,12,20,2031,2982.3028598211363
AS-ABMO,12,20,2032,2969.214516168189
AS-ABMO,12,20,2033,2948.276035453201
AS-ABMO,12,20,2034,2982.996124637348
AS-ABMO,12,20,2035,3054.5975712317154
AS-ABMO,12,20,2036,3027.153870653752
AS-ABMO,12,20,2037,2983.666470003175
AS-ABMO,12,20,2038,2983.5008083514363
AS-ABMO,12,20,2039,2972.9705707165335
AS-ABMO,12,20,2040,3004.052104826636
AS-ABMO,12,20,2041,2942.2009250713268
AS-ABMO,12,20,2042,2996.10428611266
AS-ABMO,12,20,2043,3004.7124067827503
AS-ABMO,12,20,2044,2970.3094848599762
AS-ABMO,12,20,2045,2996.293623138493
AS-ABMO,12,20,2046,3000.798260101391
AS-ABMO,12,20,2047,2954.8522998631774
AS-ABMO,12,20,2048,3070.809544354852
AS-ABMO,12,20,2049,2964.727704782149
AS-ABMO,12,20,2050,2978.7711805558083
AS-ABMO,12,20,2051,3001.144327413863
AS-ABMO,12,20,2052,2940.7285241148397
AS-ABMO,12,20,2053,2965.676005296443
AS-ABMO,12,20,2054,3051.2712976975076
AS-ABMO,12,20,2055,2941.8678443781237
