alg,fid,dim,seed,f
ABMO,1,30,2026,12689.403373882395
ABMO,1,30,2027,20941.767102200472
ABMO,1,30,2028,5590.376538437994
ABMO,1,30,2029,20941.767104809584
ABMO,1,30,2030,1307.9702386426318
ABMO,1,30,2031,4184.8966992857095
ABMO,1,30,2032,8844.280684563353
ABMO,1,30,2033,83301589.50749657
ABMO,1,30,2034,904.4967849410065
ABMO,1,30,2035,20941.76805850761
ABMO,1,30,2036,7939.76684183362
ABMO,1,30,2037,5990.150318226403
ABMO,1,30,2038,5418.469791877143
ABMO,1,30,2039,729.1177098406544
ABMO,1,30,2040,12275.680056982455
ABMO,1,30,2041,223.93962805193317
ABMO,1,30,2042,550.1197376800808
ABMO,1,30,2043,143.38530274036108
ABMO,1,30,2044,5590.376692006896
ABMO,1,30,2045,19645.409618720234
ABMO,1,30,2046,6916.949571717184
ABMO,1,30,2047,9324.01947892257
ABMO,1,30,2048,7206.603021695203
ABMO,1,30,2049,1184048664.1077478
ABMO,1,30,2050,1335.44641605398
ABMO,1,30,2051,20941.767909663995
ABMO,1,30,2052,20941.7671010299
ABMO,1,30,2053,1613.9068495281192
ABMO,1,30,2054,5590.37870656096
ABMO,1,30,2055,20941.767104321247
AS-ABMO,1,30,2026,169.23105144714077
AS-ABMO,1,30,2027,14249.883826695357
AS-ABMO,1,30,2028,1026797735.540401
AS-ABMO,1,30,2029,2980.2689971383274
AS-ABMO,1,30,2030,10047.57324444062
AS-ABMO,1,30,2031,20628.606023416585
AS-ABMO,1,30,2032,2052.0790247826553
AS-ABMO,1,30,2033,3827.0781417730504
AS-ABMO,1,30,2034,139.8427939634987
AS-ABMO,1,30,2035,15785.787987090445
AS-ABMO,1,30,2036,880.2542562127535
AS-ABMO,1,30,2037,14216.654120310535
AS-ABMO,1,30,2038,675.5649749453895
AS-ABMO,1,30,2039,16728.836641255937
AS-ABMO,1,30,2040,107.69768612666883
AS-ABMO,1,30,2041,34100.63841909742
AS-ABMO,1,30,2042,9039.080052246545
AS-ABMO,1,30,2043,20941.767190099657
AS-ABMO,1,30,2044,3105.732258280892
AS-ABMO,1,30,2045,20941.775142317543
AS-ABMO,1,30,2046,15557.524457596734
AS-ABMO,1,30,2047,1462.340186729114
AS-ABMO,1,30,2048,1160.6945457760735
AS-ABMO,1,30,2049,628.1256277075272
AS-ABMO,1,30,2050,4312.698652238429
AS-ABMO,1,30,2051,9664.305756362239
AS-ABMO,1,30,2052,11434.833218439333
AS-ABMO,1,30,2053,2037.6337015665006
AS-ABMO,1,30,2054,8080.5247405678965
AS-ABMO,1,30,2055,193.1743732058893
RUN,1,30,2026,16629510623.125944
RUN,1,30,2027,22764180364.079754
RUN,1,30,2028,26163953486.102516
RUN,1,30,2029,24555502024.36175
RUN,1,30,2030,23204815564.21192
RUN,1,30,2031,18874240928.499966
RUN,1,30,2032,24751461980.063946
RUN,1,30,2033,29265019341.460022
RUN,1,30,2034,25748905826.03154
RUN,1,30,2035,26141995346.17967
RUN,1,30,2036,12814043543.03446
RUN,1,30,2037,25361843503.401867
RUN,1,30,2038,29286022114.6018
RUN,1,30,2039,25834249060.52863
RUN,1,30,2040,16579118455.940964
RUN,1,30,2041,26184617695.297142
RUN,1,30,2042,24373187190.41289
RUN,1,30,2043,27780081693.657196
RUN,1,30,2044,23225298757.89784
RUN,1,30,2045,35669272186.183586
RUN,1,30,2046,24352152231.953194
RUN,1,30,2047,26104872773.94029
RUN,1,30,2048,28580556938.544308
RUN,1,30,2049,28955680151.508934
RUN,1,30,2050,22235296016.6138
RUN,1,30,2051,26280848687.322716
RUN,1,30,2052,26780102419.136063
RUN,1,30,2053,23867275415.461876
RUN,1,30,2054,20087437064.26813
RUN,1,30,2055,26711871939.573597
GWO,1,30,2026,4156535950.070237
GWO,1,30,2027,4852820215.2695465
GWO,1,30,2028,4659081846.012244
GWO,1,30,2029,5439247703.679232
GWO,1,30,2030,6284421405.023484
GWO,1,30,2031,4719630397.5760765
GWO,1,30,2032,6433705680.8006935
GWO,1,30,2033,2894294685.2594156
GWO,1,30,2034,3938214376.0894513
GWO,1,30,2035,3698427845.1990604
GWO,1,30,2036,5299524185.611718
GWO,1,30,2037,4394315585.173025
GWO,1,30,2038,5224418382.548717
GWO,1,30,2039,3059168366.950092
GWO,1,30,2040,4490798155.314661
GWO,1,30,2041,4653205100.112865
GWO,1,30,2042,5596371192.460026
GWO,1,30,2043,3937466199.036712
GWO,1,30,2044,4203384896.974834
GWO,1,30,2045,4027961519.86935
GWO,1,30,2046,4415630532.012429
GWO,1,30,2047,3474985258.9706497
GWO,1,30,2048,4341354977.814798
GWO,1,30,2049,3667506390.9001966
GWO,1,30,2050,3884872628.406745
GWO,1,30,2051,3229888078.7118745
GWO,1,30,2052,3488927041.437598
GWO,1,30,2053,4238823751.639567
GWO,1,30,2054,3936996276.459346
GWO,1,30,2055,5090715378.430336
WOA,1,30,2026,5190812837.506799
WOA,1,30,2027,27013024330.758324
WOA,1,30,2028,14578827343.990314
WOA,1,30,2029,10300038889.10944
WOA,1,30,2030,9330836716.025648
WOA,1,30,2031,21827252907.82144
WOA,1,30,2032,8982973674.691595
WOA,1,30,2033,14577903903.564003
WOA,1,30,2034,14294576824.570679
WOA,1,30,2035,16012380193.338058
WOA,1,30,2036,18365226282.680904
WOA,1,30,2037,16303172052.817898
WOA,1,30,2038,26143759822.177986
WOA,1,30,2039,14438118816.525007
WOA,1,30,2040,32607058819.091644
WOA,1,30,2041,9703502449.645283
WOA,1,30,2042,23241319796.745
WOA,1,30,2043,18579979712.55935
WOA,1,30,2044,18902712684.333683
WOA,1,30,2045,13573189720.050869
WOA,1,30,2046,11187523226.238592
WOA,1,30,2047,13448894686.717987
WOA,1,30,2048,14933766805.671576
WOA,1,30,2049,6450067932.324283
WOA,1,30,2050,13877386706.253569
WOA,1,30,2051,19470652595.10073
WOA,1,30,2052,17126456229.138077
WOA,1,30,2053,17675968579.003765
WOA,1,30,2054,8066256575.403696
WOA,1,30,2055,6091457367.915815
HHO,1,30,2026,13138102202.889532
HHO,1,30,2027,21031961597.77513
HHO,1,30,2028,26729072084.346664
HHO,1,30,2029,20451802323.420372
HHO,1,30,2030,20560771701.11804
HHO,1,30,2031,21711457481.33773
HHO,1,30,2032,19024900333.02609
HHO,1,30,2033,23242028593.106472
HHO,1,30,2034,11962819770.21076
HHO,1,30,2035,12901309466.500595
HHO,1,30,2036,15261076059.132332
HHO,1,30,2037,14764698844.147987
HHO,1,30,2038,18122584408.607826
HHO,1,30,2039,16590203576.30328
HHO,1,30,2040,16548416289.810595
HHO,1,30,2041,14009596592.064318
HHO,1,30,2042,22317494358.126118
HHO,1,30,2043,17800811100.30642
HHO,1,30,2044,15326519824.646238
HHO,1,30,2045,15260857143.077906
HHO,1,30,2046,12220680371.155872
HHO,1,30,2047,12441083985.431768
HHO,1,30,2048,11350497838.411001
HHO,1,30,2049,14578550771.046202
HHO,1,30,2050,10724397638.397255
HHO,1,30,2051,9418902500.411186
HHO,1,30,2052,21206050199.764057
HHO,1,30,2053,25755649798.276585
HHO,1,30,2054,10420056523.19834
HHO,1,30,2055,14278859689.224993
SCA,1,30,2026,28887965746.65995
SCA,1,30,2027,29295604600.892178
SCA,1,30,2028,28522432839.237633
SCA,1,30,2029,21812308251.617893
SCA,1,30,2030,23013639886.97628
SCA,1,30,2031,30227774148.901405
SCA,1,30,2032,32476749587.851593
SCA,1,30,2033,24801955282.38022
SCA,1,30,2034,24779817629.7242
SCA,1,30,2035,31167138495.889107
SCA,1,30,2036,25754773291.595646
SCA,1,30,2037,29249083074.446262
SCA,1,30,2038,25165947074.565754
SCA,1,30,2039,33583318320.46644
SCA,1,30,2040,30618416983.35625
SCA,1,30,2041,22518638337.172153
SCA,1,30,2042,24516917404.113647
SCA,1,30,2043,32622326030.878567
SCA,1,30,2044,27755884343.312393
SCA,1,30,2045,22130877053.512997
SCA,1,30,2046,26365942556.017323
SCA,1,30,2047,30736392911.95662
SCA,1,30,2048,24767532783.243675
SCA,1,30,2049,28234846306.19712
SCA,1,30,2050,29660678020.46552
SCA,1,30,2051,24332837641.276775
SCA,1,30,2052,18467310316.234303
SCA,1,30,2053,27192048482.550056
SCA,1,30,2054,23690221608.382797
SCA,1,30,2055,28313810903.386166
LSHADE,1,30,2026,667.3832893902958
LSHADE,1,30,2027,135.3819841733458
LSHADE,1,30,2028,103.06102857539945
LSHADE,1,30,2029,244.88078858387865
LSHADE,1,30,2030,539.6491914103842
LSHADE,1,30,2031,105.03714694287139
LSHADE,1,30,2032,860.3635657653269
LSHADE,1,30,2033,2221.3674017721437
LSHADE,1,30,2034,151.34611404571933
LSHADE,1,30,2035,12427.97056885032
LSHADE,1,30,2036,1700.454069542148
LSHADE,1,30,2037,623.7351397725985
LSHADE,1,30,2038,4492.879163902157
LSHADE,1,30,2039,2205.624157374169
LSHADE,1,30,2040,2705.735859651375
LSHADE,1,30,2041,986.6866192582178
LSHADE,1,30,2042,1995.5955674701436
LSHADE,1,30,2043,1994.2721452598612
LSHADE,1,30,2044,271.94039077824175
LSHADE,1,30,2045,10675.999858470095
LSHADE,1,30,2046,12589.015182025121
LSHADE,1,30,2047,2362.3894031515656
LSHADE,1,30,2048,12142.150416751485
LSHADE,1,30,2049,109.0632801117909
LSHADE,1,30,2050,4050.098585248907
LSHADE,1,30,2051,2345.5935428124276
LSHADE,1,30,2052,124.0236034795429
LSHADE,1,30,2053,1622.8298016404704
LSHADE,1,30,2054,1993.8211309121737
LSHADE,1,30,2055,120.4544477267836
ABMO,2,30,2026,4071.8955615684854
ABMO,2,30,2027,991.4421112328248
ABMO,2,30,2028,4877.269211389454
ABMO,2,30,2029,200.00000254072293
ABMO,2,30,2030,1536.2788038971885
ABMO,2,30,2031,1443.9188281117285
ABMO,2,30,2032,991.442090607569
ABMO,2,30,2033,200.0000000026286
ABMO,2,30,2034,200.00000000348987
ABMO,2,30,2035,958.6140106834412
ABMO,2,30,2036,770.2646704182204
ABMO,2,30,2037,200.00000005499857
ABMO,2,30,2038,2453.506256433111
ABMO,2,30,2039,11225.551319372764
ABMO,2,30,2040,10654.264877251751
ABMO,2,30,2041,200.00000310414245
ABMO,2,30,2042,991.4420941237812
ABMO,2,30,2043,200.00000001823807
ABMO,2,30,2044,958.6140861808275
ABMO,2,30,2045,13642.35775923905
ABMO,2,30,2046,5538.314484280171
ABMO,2,30,2047,1782.5308345359592
ABMO,2,30,2048,200.0000002037984
ABMO,2,30,2049,200.0000000717206
ABMO,2,30,2050,4071.8451802340446
ABMO,2,30,2051,200.00000001093184
ABMO,2,30,2052,2196.2926870850274
ABMO,2,30,2053,200.00000000260053
ABMO,2,30,2054,13627.906191440583
ABMO,2,30,2055,200.0000002991963
AS-ABMO,2,30,2026,200.00018601013159
AS-ABMO,2,30,2027,200.00000151436012
AS-ABMO,2,30,2028,200.00003350688908
AS-ABMO,2,30,2029,200.38732326949074
AS-ABMO,2,30,2030,200.0008794164893
AS-ABMO,2,30,2031,200.00019645588617
AS-ABMO,2,30,2032,200.0001115919415
AS-ABMO,2,30,2033,200.00005009374698
AS-ABMO,2,30,2034,200.001249921564
AS-ABMO,2,30,2035,200.0000072831897
AS-ABMO,2,30,2036,1443.9188298909237
AS-ABMO,2,30,2037,200.00000079269745
AS-ABMO,2,30,2038,200.00005923227624
AS-ABMO,2,30,2039,200.00213391110103
AS-ABMO,2,30,2040,200.0007808413568
AS-ABMO,2,30,2041,200.00005022128812
AS-ABMO,2,30,2042,991.4694195834658
AS-ABMO,2,30,2043,200.00001772412227
AS-ABMO,2,30,2044,200.0475235240788
AS-ABMO,2,30,2045,200.0000299975867
AS-ABMO,2,30,2046,770.2655563492845
AS-ABMO,2,30,2047,770.2652784048039
AS-ABMO,2,30,2048,200.01556156182397
AS-ABMO,2,30,2049,200.0000395268626
AS-ABMO,2,30,2050,958.6627473376008
AS-ABMO,2,30,2051,200.00001681600676
AS-ABMO,2,30,2052,200.0000644842314
AS-ABMO,2,30,2053,200.00333659207735
AS-ABMO,2,30,2054,200.00004456946988
AS-ABMO,2,30,2055,200.00009075273712
RUN,2,30,2026,53187.21816174269
RUN,2,30,2027,59750.96153996661
RUN,2,30,2028,62005.35136409537
RUN,2,30,2029,38452.864629735115
RUN,2,30,2030,54928.80044627447
RUN,2,30,2031,53820.795173842154
RUN,2,30,2032,57725.50064075363
RUN,2,30,2033,43517.62122819958
RUN,2,30,2034,42502.889737527716
RUN,2,30,2035,50205.71397248907
RUN,2,30,2036,53619.28072819281
RUN,2,30,2037,55146.26217513486
RUN,2,30,2038,47836.6695703149
RUN,2,30,2039,47212.74684046673
RUN,2,30,2040,52078.46568285137
RUN,2,30,2041,59533.889588942184
RUN,2,30,2042,59996.74778172246
RUN,2,30,2043,51133.225106259546
RUN,2,30,2044,51492.19964589797
RUN,2,30,2045,54066.28544909662
RUN,2,30,2046,44579.69504030976
RUN,2,30,2047,52168.30360221706
RUN,2,30,2048,60381.334931223464
RUN,2,30,2049,35472.49527848145
RUN,2,30,2050,61064.420226475144
RUN,2,30,2051,57250.347631239725
RUN,2,30,2052,55380.8794544157
RUN,2,30,2053,49439.088732781114
RUN,2,30,2054,51642.83436891783
RUN,2,30,2055,48129.78514371792
GWO,2,30,2026,12382.164797822434
GWO,2,30,2027,10848.706527464386
GWO,2,30,2028,11877.067074046909
GWO,2,30,2029,22249.9411837195
GWO,2,30,2030,9981.764554495403
GWO,2,30,2031,10287.54937776448
GWO,2,30,2032,10381.524715282609
GWO,2,30,2033,13527.356049721346
GWO,2,30,2034,11751.94590044069
GWO,2,30,2035,7512.851326876379
GWO,2,30,2036,8641.444853237814
GWO,2,30,2037,12319.776166115122
GWO,2,30,2038,10484.685804117451
GWO,2,30,2039,13845.251289453563
GWO,2,30,2040,15293.533941741469
GWO,2,30,2041,9931.523005127872
GWO,2,30,2042,16050.67699721418
GWO,2,30,2043,10706.87945849782
GWO,2,30,2044,13268.893517619103
GWO,2,30,2045,8502.855229627497
GWO,2,30,2046,13670.144911516301
GWO,2,30,2047,12156.873794273288
GWO,2,30,2048,9904.376064877291
GWO,2,30,2049,11595.744850410041
GWO,2,30,2050,12708.341825842677
GWO,2,30,2051,8124.893331596777
GWO,2,30,2052,12725.244905170008
GWO,2,30,2053,11523.89892654448
GWO,2,30,2054,7056.535918789361
GWO,2,30,2055,6964.544008661021
WOA,2,30,2026,45346.72158682312
WOA,2,30,2027,42935.89459848632
WOA,2,30,2028,49126.88461803219
WOA,2,30,2029,28981.197116105082
WOA,2,30,2030,34275.21597536506
WOA,2,30,2031,60873.86416049665
WOA,2,30,2032,54711.336805228704
WOA,2,30,2033,54530.534669291264
WOA,2,30,2034,45407.81087204968
WOA,2,30,2035,70586.02833219193
WOA,2,30,2036,48681.88408707762
WOA,2,30,2037,44817.57470725542
WOA,2,30,2038,47110.30719764318
WOA,2,30,2039,51612.53348839813
WOA,2,30,2040,56072.42340919443
WOA,2,30,2041,43197.19332069133
WOA,2,30,2042,66848.45975076893
WOA,2,30,2043,52645.48144798855
WOA,2,30,2044,30668.734631410873
WOA,2,30,2045,77515.52266968065
WOA,2,30,2046,43275.36482112607
WOA,2,30,2047,60596.211769403475
WOA,2,30,2048,58060.84723045584
WOA,2,30,2049,58188.54042812782
WOA,2,30,2050,61423.013297374695
WOA,2,30,2051,46429.00108522111
WOA,2,30,2052,36853.28342375897
WOA,2,30,2053,37708.03386169818
WOA,2,30,2054,52897.96168426396
WOA,2,30,2055,37662.43538394705
HHO,2,30,2026,50541.47414493887
HHO,2,30,2027,58185.83080779661
HHO,2,30,2028,49994.13805620358
HHO,2,30,2029,36162.54629915984
HHO,2,30,2030,64153.27049754501
HHO,2,30,2031,79331.17107258872
HHO,2,30,2032,59683.843337078484
HHO,2,30,2033,64008.873403614794
HHO,2,30,2034,42086.50001562071
HHO,2,30,2035,65479.420600740195
HHO,2,30,2036,46874.439733179235
HHO,2,30,2037,52150.88762067884
HHO,2,30,2038,49825.73464346304
HHO,2,30,2039,43012.84528908726
HHO,2,30,2040,60050.50459680962
HHO,2,30,2041,36878.269108989654
HHO,2,30,2042,38830.0330705599
HHO,2,30,2043,57318.22824432125
HHO,2,30,2044,67609.23279147482
HHO,2,30,2045,88566.54659485958
HHO,2,30,2046,42440.949991422654
HHO,2,30,2047,43271.40363235975
HHO,2,30,2048,65666.60622018609
HHO,2,30,2049,60332.66028009528
HHO,2,30,2050,48329.77841015076
HHO,2,30,2051,60127.66792589846
HHO,2,30,2052,66304.45105415398
HHO,2,30,2053,53053.57473297753
HHO,2,30,2054,53989.782236975356
HHO,2,30,2055,42236.07346409984
SCA,2,30,2026,59688.72176609993
SCA,2,30,2027,67284.3220382233
SCA,2,30,2028,44771.652425116394
SCA,2,30,2029,73727.97343039562
SCA,2,30,2030,71420.67411903308
SCA,2,30,2031,63567.3247183699
SCA,2,30,2032,71480.69860884488
SCA,2,30,2033,44700.83888939627
SCA,2,30,2034,47147.213489528636
SCA,2,30,2035,62045.67660459953
SCA,2,30,2036,56086.47263393308
SCA,2,30,2037,58342.78258738162
SCA,2,30,2038,67065.05645755296
SCA,2,30,2039,52525.49839468572
SCA,2,30,2040,72281.72357673003
SCA,2,30,2041,62398.47230756222
SCA,2,30,2042,72168.9677280423
SCA,2,30,2043,70201.4871668913
SCA,2,30,2044,57936.43115034798
SCA,2,30,2045,53761.58964771281
SCA,2,30,2046,64827.21581181389
SCA,2,30,2047,61953.6678459835
SCA,2,30,2048,64473.18569674882
SCA,2,30,2049,65263.40480012929
SCA,2,30,2050,55975.763787406635
SCA,2,30,2051,68210.12451325313
SCA,2,30,2052,66588.27221940452
SCA,2,30,2053,54446.76020692552
SCA,2,30,2054,63955.712355276635
SCA,2,30,2055,53793.599846538214
LSHADE,2,30,2026,200.00056474455735
LSHADE,2,30,2027,200.0024973203256
LSHADE,2,30,2028,200.00003824417647
LSHADE,2,30,2029,200.0022823630152
LSHADE,2,30,2030,200.00029414072037
LSHADE,2,30,2031,200.00099986851185
LSHADE,2,30,2032,200.00012162098488
LSHADE,2,30,2033,200.00055186521357
LSHADE,2,30,2034,200.00194183628622
LSHADE,2,30,2035,200.00009745807827
LSHADE,2,30,2036,200.0003395989255
LSHADE,2,30,2037,200.03221003250238
LSHADE,2,30,2038,200.001677559927
LSHADE,2,30,2039,200.00125797235935
LSHADE,2,30,2040,200.00028697115818
LSHADE,2,30,2041,200.00023444690433
LSHADE,2,30,2042,200.00206712812266
LSHADE,2,30,2043,200.00430089836837
LSHADE,2,30,2044,200.00280578278543
LSHADE,2,30,2045,200.0004346341295
LSHADE,2,30,2046,200.00342542226332
LSHADE,2,30,2047,200.0534873853642
LSHADE,2,30,2048,200.00104951949262
LSHADE,2,30,2049,200.00082369716785
LSHADE,2,30,2050,200.00014485920957
LSHADE,2,30,2051,200.00298020870562
LSHADE,2,30,2052,200.00046414459885
LSHADE,2,30,2053,200.00020937452445
LSHADE,2,30,2054,200.0019247900397
LSHADE,2,30,2055,200.0005928878547
ABMO,3,30,2026,369.4470522735341
ABMO,3,30,2027,398.0895295825283
ABMO,3,30,2028,412.6104752419025
ABMO,3,30,2029,560.2699724546524
ABMO,3,30,2030,389.32628129136333
ABMO,3,30,2031,473.1957608400553
ABMO,3,30,2032,507.1761659222116
ABMO,3,30,2033,524.2783234671782
ABMO,3,30,2034,393.4210579520602
ABMO,3,30,2035,379.5062894035202
ABMO,3,30,2036,478.216932128997
ABMO,3,30,2037,333.0586573752316
ABMO,3,30,2038,368.2543075465639
ABMO,3,30,2039,371.8541271769941
ABMO,3,30,2040,435.39861420478104
ABMO,3,30,2041,332.4144265619214
ABMO,3,30,2042,439.402928422595
ABMO,3,30,2043,469.4596158349368
ABMO,3,30,2044,381.23962063072975
ABMO,3,30,2045,424.9729082052321
ABMO,3,30,2046,333.8689606833384
ABMO,3,30,2047,558.8457963132563
ABMO,3,30,2048,390.3909797037295
ABMO,3,30,2049,383.61953820577776
ABMO,3,30,2050,320.2236382857988
ABMO,3,30,2051,340.0454904143931
ABMO,3,30,2052,406.409989665592
ABMO,3,30,2053,331.87233923532733
ABMO,3,30,2054,333.8688103204262
ABMO,3,30,2055,391.3522752223412
AS-ABMO,3,30,2026,434.11090966281915
AS-ABMO,3,30,2027,333.89628846232347
AS-ABMO,3,30,2028,332.41446188523076
AS-ABMO,3,30,2029,332.17900253451614
AS-ABMO,3,30,2030,382.12815922403337
AS-ABMO,3,30,2031,376.7271016102179
AS-ABMO,3,30,2032,339.1280154239721
AS-ABMO,3,30,2033,392.4350103638251
AS-ABMO,3,30,2034,380.34903777208297
AS-ABMO,3,30,2035,329.819824747179
AS-ABMO,3,30,2036,457.2735937921818
AS-ABMO,3,30,2037,372.1406403284151
AS-ABMO,3,30,2038,332.3735116538861
AS-ABMO,3,30,2039,375.7397900375491
AS-ABMO,3,30,2040,314.328820881566
AS-ABMO,3,30,2041,382.2489078593435
AS-ABMO,3,30,2042,333.32989819905487
AS-ABMO,3,30,2043,371.4614167110616
AS-ABMO,3,30,2044,353.6535350527768
AS-ABMO,3,30,2045,331.81115491029533
AS-ABMO,3,30,2046,338.9994347916138
AS-ABMO,3,30,2047,382.8342262435949
AS-ABMO,3,30,2048,368.19690758689984
AS-ABMO,3,30,2049,439.49022074757437
AS-ABMO,3,30,2050,378.53697448395707
AS-ABMO,3,30,2051,331.8632572589153
AS-ABMO,3,30,2052,335.552294069692
AS-ABMO,3,30,2053,387.27999174372405
AS-ABMO,3,30,2054,335.2681412299524
AS-ABMO,3,30,2055,334.5991184160605
RUN,3,30,2026,2730.2996350987905
RUN,3,30,2027,1785.1530298922667
RUN,3,30,2028,2839.8865812917875
RUN,3,30,2029,2364.145433128871
RUN,3,30,2030,1838.7567333777695
RUN,3,30,2031,2891.9966720598527
RUN,3,30,2032,2324.479395839714
RUN,3,30,2033,3655.837722097683
RUN,3,30,2034,2589.8313908288205
RUN,3,30,2035,3800.991754301954
RUN,3,30,2036,2098.1245356340805
RUN,3,30,2037,3904.9568145231556
RUN,3,30,2038,2668.3752987926714
RUN,3,30,2039,3515.6297526286494
RUN,3,30,2040,2196.894787318429
RUN,3,30,2041,2763.278124543542
RUN,3,30,2042,3549.8133063484115
RUN,3,30,2043,1871.9399782751982
RUN,3,30,2044,2272.3422381561654
RUN,3,30,2045,2398.2581322232068
RUN,3,30,2046,2739.174535897236
RUN,3,30,2047,5073.434300259294
RUN,3,30,2048,3359.7870172664443
RUN,3,30,2049,2512.1787507621043
RUN,3,30,2050,2788.7179853899447
RUN,3,30,2051,1441.7348016252274
RUN,3,30,2052,1810.3249979611028
RUN,3,30,2053,2665.431643567869
RUN,3,30,2054,3174.6377680683386
RUN,3,30,2055,3333.5290947383655
GWO,3,30,2026,606.838740554486
GWO,3,30,2027,632.598529152829
GWO,3,30,2028,744.7463681387698
GWO,3,30,2029,755.2689792598264
GWO,3,30,2030,705.5672973530736
GWO,3,30,2031,613.6082516985231
GWO,3,30,2032,680.9578284465306
GWO,3,30,2033,694.7217003269702
GWO,3,30,2034,659.1815601001258
GWO,3,30,2035,766.3340536574835
GWO,3,30,2036,539.0289846570597
GWO,3,30,2037,609.3599420101339
GWO,3,30,2038,729.937747804476
GWO,3,30,2039,710.7140570377042
GWO,3,30,2040,762.0128790252974
GWO,3,30,2041,792.1657161759298
GWO,3,30,2042,582.531797791192
GWO,3,30,2043,780.6431840315174
GWO,3,30,2044,550.7147184117365
GWO,3,30,2045,560.6479148969083
GWO,3,30,2046,600.6620454278975
GWO,3,30,2047,622.2688993978429
GWO,3,30,2048,508.4902397183606
GWO,3,30,2049,663.7489217835596
GWO,3,30,2050,786.3151207072181
GWO,3,30,2051,903.5718596056404
GWO,3,30,2052,1008.7873545788125
GWO,3,30,2053,970.8467016580483
GWO,3,30,2054,739.3486608378178
GWO,3,30,2055,745.2223034947544
WOA,3,30,2026,3825.0483965266326
WOA,3,30,2027,1167.9915919334871
WOA,3,30,2028,1699.717282007652
WOA,3,30,2029,5680.738089636278
WOA,3,30,2030,1895.337789085841
WOA,3,30,2031,2557.7886028374905
WOA,3,30,2032,2096.637648276839
WOA,3,30,2033,2889.60431895919
WOA,3,30,2034,3105.227959013608
WOA,3,30,2035,2058.801280259009
WOA,3,30,2036,893.2114285967529
WOA,3,30,2037,2754.3706696813097
WOA,3,30,2038,1155.0203374466964
WOA,3,30,2039,2620.9924910067452
WOA,3,30,2040,943.3996405288036
WOA,3,30,2041,4718.624716936937
WOA,3,30,2042,4986.1066662260155
WOA,3,30,2043,898.0736799905109
WOA,3,30,2044,2045.9548677563907
WOA,3,30,2045,4857.8395845600835
WOA,3,30,2046,2104.769543582881
WOA,3,30,2047,4915.955401894141
WOA,3,30,2048,1569.2968132218787
WOA,3,30,2049,1392.7677089597407
WOA,3,30,2050,3242.078950351115
WOA,3,30,2051,2191.0336416198434
WOA,3,30,2052,1835.0216416779083
WOA,3,30,2053,1762.1912975695739
WOA,3,30,2054,3194.099514113988
WOA,3,30,2055,1124.6700298049586
HHO,3,30,2026,4210.508985897429
HHO,3,30,2027,3560.465102272882
HHO,3,30,2028,3493.401466657575
HHO,3,30,2029,3267.7869786305487
HHO,3,30,2030,2783.9840473179283
HHO,3,30,2031,3301.261789465707
HHO,3,30,2032,2539.3325340522824
HHO,3,30,2033,3505.398328910351
HHO,3,30,2034,2977.4687341526082
HHO,3,30,2035,3050.5780691002547
HHO,3,30,2036,3570.316258044955
HHO,3,30,2037,2769.1014661813965
HHO,3,30,2038,3069.2895518898827
HHO,3,30,2039,2409.3642687059887
HHO,3,30,2040,2990.405491414532
HHO,3,30,2041,4834.187227448013
HHO,3,30,2042,2465.19404392176
HHO,3,30,2043,2193.851701777162
HHO,3,30,2044,4024.1905187667207
HHO,3,30,2045,2047.222924390579
HHO,3,30,2046,2448.7703049872043
HHO,3,30,2047,5648.522103355424
HHO,3,30,2048,1826.9497758901557
HHO,3,30,2049,2387.9427759033597
HHO,3,30,2050,2929.482349714911
HHO,3,30,2051,3617.2607956469
HHO,3,30,2052,2834.6902125090915
HHO,3,30,2053,2094.619422495094
HHO,3,30,2054,2490.087731032036
HHO,3,30,2055,3390.8547372444514
SCA,3,30,2026,4617.494964768787
SCA,3,30,2027,4037.1321804413724
SCA,3,30,2028,4544.866002128643
SCA,3,30,2029,6195.349747959324
SCA,3,30,2030,3841.457534522824
SCA,3,30,2031,5686.773746169421
SCA,3,30,2032,3864.393308225454
SCA,3,30,2033,2905.0104049428514
SCA,3,30,2034,3137.9240180653937
SCA,3,30,2035,2690.2954041719304
SCA,3,30,2036,5150.699142203549
SCA,3,30,2037,5144.860962464101
SCA,3,30,2038,5900.707302184442
SCA,3,30,2039,3907.2214356511636
SCA,3,30,2040,4188.211080368783
SCA,3,30,2041,4520.364627825724
SCA,3,30,2042,3860.237971719684
SCA,3,30,2043,3301.0352154341026
SCA,3,30,2044,3904.2626782433554
SCA,3,30,2045,2550.6629603364354
SCA,3,30,2046,6283.9312255642835
SCA,3,30,2047,5179.412984406891
SCA,3,30,2048,5366.372365083643
SCA,3,30,2049,3915.1839483084964
SCA,3,30,2050,5005.261045480008
SCA,3,30,2051,5806.414535564919
SCA,3,30,2052,3134.7070435198175
SCA,3,30,2053,3299.268923534631
SCA,3,30,2054,4921.812253038127
SCA,3,30,2055,4829.361901792331
LSHADE,3,30,2026,384.70597733287923
LSHADE,3,30,2027,345.1001930662213
LSHADE,3,30,2028,332.720973236487
LSHADE,3,30,2029,331.8658110742839
LSHADE,3,30,2030,339.49581977263983
LSHADE,3,30,2031,375.1584495998328
LSHADE,3,30,2032,331.8285358334697
LSHADE,3,30,2033,334.7320458286628
LSHADE,3,30,2034,331.8112541234639
LSHADE,3,30,2035,332.469599084453
LSHADE,3,30,2036,319.5732074523522
LSHADE,3,30,2037,332.1340869479212
LSHADE,3,30,2038,314.25791896669386
LSHADE,3,30,2039,334.503756366628
LSHADE,3,30,2040,380.6467488041896
LSHADE,3,30,2041,331.85814825356977
LSHADE,3,30,2042,334.9579089721716
LSHADE,3,30,2043,374.463018054835
LSHADE,3,30,2044,332.4344981831794
LSHADE,3,30,2045,373.5504706891255
LSHADE,3,30,2046,334.5750416573853
LSHADE,3,30,2047,331.85689035291887
LSHADE,3,30,2048,333.4363949040676
LSHADE,3,30,2049,331.814830091518
LSHADE,3,30,2050,331.81073539246853
LSHADE,3,30,2051,334.27861239726894
LSHADE,3,30,2052,334.10305897473546
LSHADE,3,30,2053,331.89976437669014
LSHADE,3,30,2054,375.61375968590903
LSHADE,3,30,2055,331.8107169056801
ABMO,4,30,2026,825.8364232275893
ABMO,4,30,2027,2955.7962054016884
ABMO,4,30,2028,1993.8641749955552
ABMO,4,30,2029,3223.7560703796344
ABMO,4,30,2030,1277.5160200020546
ABMO,4,30,2031,1895.3316463336416
ABMO,4,30,2032,1901.286872061319
ABMO,4,30,2033,3527.500233420739
ABMO,4,30,2034,1884.4570838923291
ABMO,4,30,2035,2400.5836472087094
ABMO,4,30,2036,2313.2240609693063
ABMO,4,30,2037,3083.1641774401846
ABMO,4,30,2038,3989.1284730337466
ABMO,4,30,2039,4308.567697326494
ABMO,4,30,2040,7109.417220395408
ABMO,4,30,2041,1414.803119237159
ABMO,4,30,2042,1627.7143442375057
ABMO,4,30,2043,3270.2020116105696
ABMO,4,30,2044,2116.022906437098
ABMO,4,30,2045,1822.711170852279
ABMO,4,30,2046,864.6382877782873
ABMO,4,30,2047,1002.9292605062561
ABMO,4,30,2048,5309.815166741032
ABMO,4,30,2049,1452.6258495403663
ABMO,4,30,2050,1513.294214875973
ABMO,4,30,2051,2710.085486905047
ABMO,4,30,2052,2078.3088528230987
ABMO,4,30,2053,1388.9545482282451
ABMO,4,30,2054,3782.4102533039004
ABMO,4,30,2055,3800.0082015353755
AS-ABMO,4,30,2026,741.2672471803419
AS-ABMO,4,30,2027,568.1469750742475
AS-ABMO,4,30,2028,743.2569243740874
AS-ABMO,4,30,2029,1142.2184708389132
AS-ABMO,4,30,2030,759.1762421673352
AS-ABMO,4,30,2031,788.0287364719095
AS-ABMO,4,30,2032,758.1789650389253
AS-ABMO,4,30,2033,778.0724832370881
AS-ABMO,4,30,2034,1199.9074653599298
AS-ABMO,4,30,2035,798.9712360691042
AS-ABMO,4,30,2036,797.9692661531509
AS-ABMO,4,30,2037,700.4741172617473
AS-ABMO,4,30,2038,1395.8849907897556
AS-ABMO,4,30,2039,802.9537984580099
AS-ABMO,4,30,2040,953.1609673776823
AS-ABMO,4,30,2041,784.0500571128011
AS-ABMO,4,30,2042,905.4289484163818
AS-ABMO,4,30,2043,625.8541614359485
AS-ABMO,4,30,2044,1146.1726166190365
AS-ABMO,4,30,2045,589.0411152507791
AS-ABMO,4,30,2046,596.9999952289625
AS-ABMO,4,30,2047,776.085884180477
AS-ABMO,4,30,2048,570.1365161922378
AS-ABMO,4,30,2049,928.3126299677491
AS-ABMO,4,30,2050,777.0856105146438
AS-ABMO,4,30,2051,1159.1093599315416
AS-ABMO,4,30,2052,766.1403645178427
AS-ABMO,4,30,2053,643.7628496892609
AS-ABMO,4,30,2054,957.165815564748
AS-ABMO,4,30,2055,634.8084392528527
RUN,4,30,2026,33111.69967197068
RUN,4,30,2027,24060.03815827012
RUN,4,30,2028,30809.148125232932
RUN,4,30,2029,28925.035612129785
RUN,4,30,2030,29640.997340411788
RUN,4,30,2031,31979.96941481491
RUN,4,30,2032,29071.817116559156
RUN,4,30,2033,21564.72157603007
RUN,4,30,2034,27842.062434119405
RUN,4,30,2035,22236.155187573415
RUN,4,30,2036,27587.50407126953
RUN,4,30,2037,19470.211231467634
RUN,4,30,2038,27481.1875187751
RUN,4,30,2039,24244.81205928102
RUN,4,30,2040,33311.79718607291
RUN,4,30,2041,34879.16458369849
RUN,4,30,2042,29681.672427855796
RUN,4,30,2043,23280.445457754235
RUN,4,30,2044,32931.38068237816
RUN,4,30,2045,24897.068960347435
RUN,4,30,2046,21588.721649669667
RUN,4,30,2047,23155.786694607454
RUN,4,30,2048,32824.66476988363
RUN,4,30,2049,25719.192395990187
RUN,4,30,2050,28168.65698456378
RUN,4,30,2051,25013.870293833126
RUN,4,30,2052,29603.863131493596
RUN,4,30,2053,37325.55490777904
RUN,4,30,2054,27934.605927609282
RUN,4,30,2055,30852.262461049544
GWO,4,30,2026,4166.056948174397
GWO,4,30,2027,4706.224849747093
GWO,4,30,2028,5354.608286736287
GWO,4,30,2029,5560.855716841193
GWO,4,30,2030,5752.95089672218
GWO,4,30,2031,4591.773721255356
GWO,4,30,2032,5859.137020257107
GWO,4,30,2033,5194.624521517996
GWO,4,30,2034,4012.6371095164395
GWO,4,30,2035,4794.057476322769
GWO,4,30,2036,4601.166057863874
GWO,4,30,2037,4973.556779485491
GWO,4,30,2038,5117.716018496649
GWO,4,30,2039,4879.897026597761
GWO,4,30,2040,4340.101010324759
GWO,4,30,2041,6144.635889374894
GWO,4,30,2042,5331.565678631611
GWO,4,30,2043,5723.160272957812
GWO,4,30,2044,5013.577320650574
GWO,4,30,2045,5373.344645066525
GWO,4,30,2046,6136.193563225503
GWO,4,30,2047,5644.187399605345
GWO,4,30,2048,5014.026124742885
GWO,4,30,2049,5654.809286975685
GWO,4,30,2050,5405.270317365021
GWO,4,30,2051,6187.431112352695
GWO,4,30,2052,6413.593981800845
GWO,4,30,2053,4818.264439268686
GWO,4,30,2054,4966.209855039914
GWO,4,30,2055,4294.411045145538
WOA,4,30,2026,27521.224537684997
WOA,4,30,2027,38943.410097858
WOA,4,30,2028,45082.08047301137
WOA,4,30,2029,43021.72221258108
WOA,4,30,2030,28587.61864306659
WOA,4,30,2031,39611.29450855555
WOA,4,30,2032,43737.21988074264
WOA,4,30,2033,26292.131382907588
WOA,4,30,2034,28961.881823875934
WOA,4,30,2035,48517.72520385953
WOA,4,30,2036,16399.66043165775
WOA,4,30,2037,15217.758961355134
WOA,4,30,2038,46947.22027072173
WOA,4,30,2039,20657.419157745062
WOA,4,30,2040,30992.38266189895
WOA,4,30,2041,40305.107190083436
WOA,4,30,2042,35982.851213656344
WOA,4,30,2043,38555.9302212601
WOA,4,30,2044,24007.619594014504
WOA,4,30,2045,49011.38296116459
WOA,4,30,2046,31731.874219346006
WOA,4,30,2047,29097.963718711522
WOA,4,30,2048,40731.99462662701
WOA,4,30,2049,28364.764692550587
WOA,4,30,2050,25819.39902483661
WOA,4,30,2051,32827.270245758365
WOA,4,30,2052,41073.536750031606
WOA,4,30,2053,30969.721418076537
WOA,4,30,2054,37174.96440738988
WOA,4,30,2055,37610.346776698476
HHO,4,30,2026,18764.382469335782
HHO,4,30,2027,17771.802726783335
HHO,4,30,2028,26760.13038401549
HHO,4,30,2029,17552.518151667377
HHO,4,30,2030,25824.823100553578
HHO,4,30,2031,24708.637116332386
HHO,4,30,2032,31904.82641004211
HHO,4,30,2033,24835.815289189642
HHO,4,30,2034,31177.376207648864
HHO,4,30,2035,35003.64770579619
HHO,4,30,2036,27713.009745479987
HHO,4,30,2037,25300.34792261938
HHO,4,30,2038,38597.747751276656
HHO,4,30,2039,25733.573162583576
HHO,4,30,2040,25281.384910364668
HHO,4,30,2041,22793.64428226412
HHO,4,30,2042,24919.416915078422
HHO,4,30,2043,26593.681974047693
HHO,4,30,2044,27175.709190214195
HHO,4,30,2045,25677.127475341942
HHO,4,30,2046,29462.039509122536
HHO,4,30,2047,21364.606829682543
HHO,4,30,2048,25238.184867406228
HHO,4,30,2049,25492.74979479821
HHO,4,30,2050,34538.645123889946
HHO,4,30,2051,19175.47817555308
HHO,4,30,2052,19582.710756343997
HHO,4,30,2053,30205.3453549218
HHO,4,30,2054,33168.36794095798
HHO,4,30,2055,19985.209328853965
SCA,4,30,2026,30980.301510409627
SCA,4,30,2027,42232.35049633656
SCA,4,30,2028,39682.32969025881
SCA,4,30,2029,37491.038033773824
SCA,4,30,2030,31399.48411026861
SCA,4,30,2031,42764.95639819014
SCA,4,30,2032,41753.35391412899
SCA,4,30,2033,30046.971522839238
SCA,4,30,2034,47170.853951890604
SCA,4,30,2035,35910.23056197695
SCA,4,30,2036,35839.150861522925
SCA,4,30,2037,30575.8754028162
SCA,4,30,2038,36482.605118611325
SCA,4,30,2039,34053.574321391054
SCA,4,30,2040,35888.05500202184
SCA,4,30,2041,40212.00515468984
SCA,4,30,2042,39194.19943382675
SCA,4,30,2043,30890.38891560161
SCA,4,30,2044,43173.046278272996
SCA,4,30,2045,48935.52595120004
SCA,4,30,2046,38713.39398971623
SCA,4,30,2047,39015.5528696582
SCA,4,30,2048,33771.864637662846
SCA,4,30,2049,41148.17242383113
SCA,4,30,2050,37572.69963395697
SCA,4,30,2051,33202.31382102917
SCA,4,30,2052,47782.582043662966
SCA,4,30,2053,42149.42081990652
SCA,4,30,2054,35670.156061882
SCA,4,30,2055,41856.72066454881
LSHADE,4,30,2026,496.272832293326
LSHADE,4,30,2027,518.7557611998992
LSHADE,4,30,2028,500.0556177879631
LSHADE,4,30,2029,515.9912495451681
LSHADE,4,30,2030,512.4226562650532
LSHADE,4,30,2031,513.2081773459005
LSHADE,4,30,2032,531.072286277343
LSHADE,4,30,2033,526.3446892440032
LSHADE,4,30,2034,518.955931396647
LSHADE,4,30,2035,486.19443164486046
LSHADE,4,30,2036,521.7605247961409
LSHADE,4,30,2037,496.21386551727073
LSHADE,4,30,2038,492.53050179172146
LSHADE,4,30,2039,518.5393084520795
LSHADE,4,30,2040,485.7939872216044
LSHADE,4,30,2041,521.0083933633167
LSHADE,4,30,2042,486.1265998940888
LSHADE,4,30,2043,519.5192717553591
LSHADE,4,30,2044,496.08773001163667
LSHADE,4,30,2045,491.5509682181326
LSHADE,4,30,2046,480.8308680089875
LSHADE,4,30,2047,532.5954281525771
LSHADE,4,30,2048,480.11995788384553
LSHADE,4,30,2049,490.36973159096686
LSHADE,4,30,2050,507.16016752914595
LSHADE,4,30,2051,519.52983186148
LSHADE,4,30,2052,483.99919705781684
LSHADE,4,30,2053,517.2213796249137
LSHADE,4,30,2054,491.06902667060547
LSHADE,4,30,2055,505.88459689703427
ABMO,5,30,2026,500.0005162864398
ABMO,5,30,2027,500.00011005095166
ABMO,5,30,2028,500.00047249249997
ABMO,5,30,2029,500.0000439107551
ABMO,5,30,2030,500.00003582520253
ABMO,5,30,2031,500.0028111158387
ABMO,5,30,2032,500.00015841217504
ABMO,5,30,2033,500.00106517850355
ABMO,5,30,2034,500.0004820835808
ABMO,5,30,2035,500.0003021053637
ABMO,5,30,2036,500.0000169363182
ABMO,5,30,2037,500.0001908303665
ABMO,5,30,2038,500.0004484413935
ABMO,5,30,2039,500.0033052933024
ABMO,5,30,2040,500.0000570890938
ABMO,5,30,2041,500.00448040218276
ABMO,5,30,2042,500.00047809635834
ABMO,5,30,2043,500.00681680801364
ABMO,5,30,2044,500.0007464917296
ABMO,5,30,2045,500.0008660375862
ABMO,5,30,2046,500.00099397042976
ABMO,5,30,2047,500.00013160274887
ABMO,5,30,2048,500.00000003155355
ABMO,5,30,2049,500.00302159372103
ABMO,5,30,2050,500.0005017163999
ABMO,5,30,2051,500.0010095780049
ABMO,5,30,2052,500.00019522918296
ABMO,5,30,2053,500.00297220507724
ABMO,5,30,2054,500.00005581626357
ABMO,5,30,2055,500.0011215210242
AS-ABMO,5,30,2026,500.0000023343241
AS-ABMO,5,30,2027,500.0008814075159
AS-ABMO,5,30,2028,500.00000097389596
AS-ABMO,5,30,2029,500.00005529851586
AS-ABMO,5,30,2030,500.00000893337034
AS-ABMO,5,30,2031,500.0000616519795
AS-ABMO,5,30,2032,500.0004053037738
AS-ABMO,5,30,2033,500.0002823584773
AS-ABMO,5,30,2034,500.0008782189335
AS-ABMO,5,30,2035,500.0001147120054
AS-ABMO,5,30,2036,500.0004527053822
AS-ABMO,5,30,2037,500.00007496958443
AS-ABMO,5,30,2038,500.00025145140944
AS-ABMO,5,30,2039,500.002142488423
AS-ABMO,5,30,2040,500.00004729737196
AS-ABMO,5,30,2041,500.0003400580244
AS-ABMO,5,30,2042,500.00001141083624
AS-ABMO,5,30,2043,500.00075821869274
AS-ABMO,5,30,2044,500.0002394510557
AS-ABMO,5,30,2045,500.00018072912883
AS-ABMO,5,30,2046,500.0000716838917
AS-ABMO,5,30,2047,500.00291551389154
AS-ABMO,5,30,2048,500.0000088534342
AS-ABMO,5,30,2049,500.000478170563
AS-ABMO,5,30,2050,500.00008297549556
AS-ABMO,5,30,2051,500.0020931426323
AS-ABMO,5,30,2052,500.0026966175452
AS-ABMO,5,30,2053,500.00009143744757
AS-ABMO,5,30,2054,500.00019877018127
AS-ABMO,5,30,2055,500.0018252250787
RUN,5,30,2026,500.00689392401773
RUN,5,30,2027,500.0049610996504
RUN,5,30,2028,500.01656829825527
RUN,5,30,2029,500.01255150527777
RUN,5,30,2030,500.0120341965373
RUN,5,30,2031,500.0053144483332
RUN,5,30,2032,500.0095557529915
RUN,5,30,2033,500.0109803761019
RUN,5,30,2034,500.00614350044117
RUN,5,30,2035,500.00582669143944
RUN,5,30,2036,500.0028839113239
RUN,5,30,2037,500.00327294938324
RUN,5,30,2038,500.01417559639987
RUN,5,30,2039,500.00712066417094
RUN,5,30,2040,500.0053231030312
RUN,5,30,2041,500.0262553994289
RUN,5,30,2042,500.0126960916137
RUN,5,30,2043,500.00583003035365
RUN,5,30,2044,500.0054557299116
RUN,5,30,2045,500.01052487673655
RUN,5,30,2046,500.01640280286483
RUN,5,30,2047,500.0090358067491
RUN,5,30,2048,500.03086077283047
RUN,5,30,2049,500.0138551083736
RUN,5,30,2050,500.0106246916888
RUN,5,30,2051,500.0116295380338
RUN,5,30,2052,500.00765803044624
RUN,5,30,2053,500.01117244353384
RUN,5,30,2054,500.0025843412761
RUN,5,30,2055,500.0146483252839
GWO,5,30,2026,500.00322524572533
GWO,5,30,2027,500.0057346362997
GWO,5,30,2028,500.01382012916326
GWO,5,30,2029,500.01351705981665
GWO,5,30,2030,500.00711474479795
GWO,5,30,2031,500.0067429559994
GWO,5,30,2032,500.009679162511
GWO,5,30,2033,500.0169064824665
GWO,5,30,2034,500.0075863338857
GWO,5,30,2035,500.00893407351816
GWO,5,30,2036,500.01073278635306
GWO,5,30,2037,500.0116988188856
GWO,5,30,2038,500.00502587781864
GWO,5,30,2039,500.0101468003948
GWO,5,30,2040,500.0292047455078
GWO,5,30,2041,500.00974271067236
GWO,5,30,2042,500.0262420926571
GWO,5,30,2043,500.0060971273088
GWO,5,30,2044,500.01308849998946
GWO,5,30,2045,500.0096933934223
GWO,5,30,2046,500.0092768928677
GWO,5,30,2047,500.00995227767015
GWO,5,30,2048,500.02377348666937
GWO,5,30,2049,500.0060145739461
GWO,5,30,2050,500.0104571388077
GWO,5,30,2051,500.012667564385
GWO,5,30,2052,500.0085101687589
GWO,5,30,2053,500.0172405791709
GWO,5,30,2054,500.00958668376296
GWO,5,30,2055,500.01109113666973
WOA,5,30,2026,500.00399974194386
WOA,5,30,2027,500.0088764340356
WOA,5,30,2028,500.00786091050315
WOA,5,30,2029,500.0060206087111
WOA,5,30,2030,500.00320036160446
WOA,5,30,2031,500.0190669769397
WOA,5,30,2032,500.0069277523439
WOA,5,30,2033,500.0147981246937
WOA,5,30,2034,500.0134518762585
WOA,5,30,2035,500.02422567584046
WOA,5,30,2036,500.01156776460954
WOA,5,30,2037,500.0021448669639
WOA,5,30,2038,500.00450148043643
WOA,5,30,2039,500.0107049910936
WOA,5,30,2040,500.013214008984
WOA,5,30,2041,500.00685425140455
WOA,5,30,2042,500.004127155389
WOA,5,30,2043,500.0220032914711
WOA,5,30,2044,500.0073483194151
WOA,5,30,2045,500.0172403761354
WOA,5,30,2046,500.0039038925145
WOA,5,30,2047,500.00989307793594
WOA,5,30,2048,500.0079943972303
WOA,5,30,2049,500.0079579713662
WOA,5,30,2050,500.00759943167253
WOA,5,30,2051,500.0150108671195
WOA,5,30,2052,500.00777847135316
WOA,5,30,2053,500.0159334842623
WOA,5,30,2054,500.0042690596346
WOA,5,30,2055,500.0176339747227
HHO,5,30,2026,500.0199308383677
HHO,5,30,2027,500.02099591866806
HHO,5,30,2028,500.00599174096953
HHO,5,30,2029,500.00484406638964
HHO,5,30,2030,500.0130946836714
HHO,5,30,2031,500.0119586611948
HHO,5,30,2032,500.01371081647676
HHO,5,30,2033,500.0076698200852
HHO,5,30,2034,500.01802950187795
HHO,5,30,2035,500.0031777054808
HHO,5,30,2036,500.0168724777379
HHO,5,30,2037,500.0144244998503
HHO,5,30,2038,500.0138572867369
HHO,5,30,2039,500.0162563897338
HHO,5,30,2040,500.0022877285993
HHO,5,30,2041,500.0059783702587
HHO,5,30,2042,500.0100550147649
HHO,5,30,2043,500.0444542470567
HHO,5,30,2044,500.0196555108149
HHO,5,30,2045,500.007608425652
HHO,5,30,2046,500.01442549255614
HHO,5,30,2047,500.00866798103715
HHO,5,30,2048,500.01658157643504
HHO,5,30,2049,500.00902433231454
HHO,5,30,2050,500.0160475631089
HHO,5,30,2051,500.0046817885472
HHO,5,30,2052,500.0102890688301
HHO,5,30,2053,500.01065319373333
HHO,5,30,2054,500.0056579194532
HHO,5,30,2055,500.002626431239
SCA,5,30,2026,500.0287709777783
SCA,5,30,2027,500.0317582626545
SCA,5,30,2028,500.0300534072027
SCA,5,30,2029,500.03019461773016
SCA,5,30,2030,500.01808588575494
SCA,5,30,2031,500.0329288978261
SCA,5,30,2032,500.0317463638097
SCA,5,30,2033,500.0291871390509
SCA,5,30,2034,500.0292354558013
SCA,5,30,2035,500.0381698337181
SCA,5,30,2036,500.0283542277596
SCA,5,30,2037,500.031138356542
SCA,5,30,2038,500.0248348366717
SCA,5,30,2039,500.0303243421128
SCA,5,30,2040,500.0362910681
SCA,5,30,2041,500.037832318554
SCA,5,30,2042,500.04507939782997
SCA,5,30,2043,500.0371017552823
SCA,5,30,2044,500.02784639815025
SCA,5,30,2045,500.0216416048572
SCA,5,30,2046,500.0269661449566
SCA,5,30,2047,500.0345695762708
SCA,5,30,2048,500.0392346620814
SCA,5,30,2049,500.0284364335686
SCA,5,30,2050,500.035259766032
SCA,5,30,2051,500.0256917055642
SCA,5,30,2052,500.045457803063
SCA,5,30,2053,500.0307791381867
SCA,5,30,2054,500.03014850575
SCA,5,30,2055,500.03931605836243
LSHADE,5,30,2026,500.0006119496936
LSHADE,5,30,2027,500.0002595149304
LSHADE,5,30,2028,500.0003809491796
LSHADE,5,30,2029,500.00075971174294
LSHADE,5,30,2030,500.00107177186646
LSHADE,5,30,2031,500.0012844702399
LSHADE,5,30,2032,500.0001450560616
LSHADE,5,30,2033,500.0009797620527
LSHADE,5,30,2034,500.00032946356373
LSHADE,5,30,2035,500.0009075547418
LSHADE,5,30,2036,500.00081281990634
LSHADE,5,30,2037,500.0005949625585
LSHADE,5,30,2038,500.0007078301154
LSHADE,5,30,2039,500.0004047350254
LSHADE,5,30,2040,500.00026807510346
LSHADE,5,30,2041,500.00041983482123
LSHADE,5,30,2042,500.00042753953227
LSHADE,5,30,2043,500.0004833346312
LSHADE,5,30,2044,500.000663656051
LSHADE,5,30,2045,500.00048562449274
LSHADE,5,30,2046,500.00097334578055
LSHADE,5,30,2047,500.000325000214
LSHADE,5,30,2048,500.00031372836054
LSHADE,5,30,2049,500.0005792646033
LSHADE,5,30,2050,500.0007132584313
LSHADE,5,30,2051,500.0007885117713
LSHADE,5,30,2052,500.0002270003745
LSHADE,5,30,2053,500.00015013304625
LSHADE,5,30,2054,500.0006735483479
LSHADE,5,30,2055,500.0001687332458
ABMO,6,30,2026,27951.235397694538
ABMO,6,30,2027,1814.017972669188
ABMO,6,30,2028,1224.7400207985343
ABMO,6,30,2029,84328.36864027675
ABMO,6,30,2030,880.8088205901138
ABMO,6,30,2031,5518.625618866545
ABMO,6,30,2032,25537.210966887375
ABMO,6,30,2033,1720.39857100069
ABMO,6,30,2034,165596.98487563562
ABMO,6,30,2035,15080.955179564126
ABMO,6,30,2036,28062.600682751407
ABMO,6,30,2037,1062.6185501682016
ABMO,6,30,2038,1376.9890099400104
ABMO,6,30,2039,1191.1143867307364
ABMO,6,30,2040,1407.4727422330825
ABMO,6,30,2041,1533.240166288188
ABMO,6,30,2042,942.2188303639401
ABMO,6,30,2043,46213.23596606788
ABMO,6,30,2044,1150.5516267770881
ABMO,6,30,2045,1907.2180046269325
ABMO,6,30,2046,1408.0026633498894
ABMO,6,30,2047,27659.591195385845
ABMO,6,30,2048,3031.017594546256
ABMO,6,30,2049,988.28578951335
ABMO,6,30,2050,1142.192891445068
ABMO,6,30,2051,15222.99001418123
ABMO,6,30,2052,1199.2337095045464
ABMO,6,30,2053,34010.919246759535
ABMO,6,30,2054,31936.153933037065
ABMO,6,30,2055,52183.200453040234
AS-ABMO,6,30,2026,1085.806473508727
AS-ABMO,6,30,2027,1510.8973437426826
AS-ABMO,6,30,2028,900.4958199887794
AS-ABMO,6,30,2029,969.078084851091
AS-ABMO,6,30,2030,16858.424163991735
AS-ABMO,6,30,2031,1175.6896700619395
AS-ABMO,6,30,2032,984.4782000393435
AS-ABMO,6,30,2033,1833.8121530726526
AS-ABMO,6,30,2034,1941.779674359455
AS-ABMO,6,30,2035,1494.0421769642617
AS-ABMO,6,30,2036,938.0167933149783
AS-ABMO,6,30,2037,2166.0624659744217
AS-ABMO,6,30,2038,941.0814977297459
AS-ABMO,6,30,2039,30546.963620118495
AS-ABMO,6,30,2040,947.8477427512285
AS-ABMO,6,30,2041,930.0240742693691
AS-ABMO,6,30,2042,1405.2617188132108
AS-ABMO,6,30,2043,1006.5731505169149
AS-ABMO,6,30,2044,1139.1765458649115
AS-ABMO,6,30,2045,1195.6093731282838
AS-ABMO,6,30,2046,1550.6616304537683
AS-ABMO,6,30,2047,1273.7469904968598
AS-ABMO,6,30,2048,1074.6495914460215
AS-ABMO,6,30,2049,914.6787849193038
AS-ABMO,6,30,2050,1003.7939800616601
AS-ABMO,6,30,2051,1981.6946543680297
AS-ABMO,6,30,2052,1151.5153794369944
AS-ABMO,6,30,2053,32442.056314916124
AS-ABMO,6,30,2054,1719.3567783260557
AS-ABMO,6,30,2055,1216.3465529172618
RUN,6,30,2026,1054775.619162288
RUN,6,30,2027,763000.8204043771
RUN,6,30,2028,1040654.1628723858
RUN,6,30,2029,1277895.4497676867
RUN,6,30,2030,785433.051426407
RUN,6,30,2031,931314.8605874549
RUN,6,30,2032,1137895.7582117135
RUN,6,30,2033,865425.3060258944
RUN,6,30,2034,957241.1598125908
RUN,6,30,2035,1113730.8023862748
RUN,6,30,2036,1099190.590229737
RUN,6,30,2037,853971.1912285333
RUN,6,30,2038,544401.4389486497
RUN,6,30,2039,1000196.7746384679
RUN,6,30,2040,1248989.059488923
RUN,6,30,2041,1071466.869524142
RUN,6,30,2042,888420.6058702135
RUN,6,30,2043,952217.6169757745
RUN,6,30,2044,1343604.4738028736
RUN,6,30,2045,713000.4496413713
RUN,6,30,2046,1265504.231078409
RUN,6,30,2047,1126761.754400565
RUN,6,30,2048,1110996.6594900754
RUN,6,30,2049,897148.0767644503
RUN,6,30,2050,852356.6048806849
RUN,6,30,2051,1180478.514892677
RUN,6,30,2052,1175153.3885722817
RUN,6,30,2053,1007495.3270724657
RUN,6,30,2054,857687.1390471595
RUN,6,30,2055,1137335.8904497216
GWO,6,30,2026,175631.16552308496
GWO,6,30,2027,235110.2979960537
GWO,6,30,2028,147597.0517366864
GWO,6,30,2029,224545.26864219498
GWO,6,30,2030,170064.70679600394
GWO,6,30,2031,157061.37392046495
GWO,6,30,2032,220075.385936769
GWO,6,30,2033,177603.90377313804
GWO,6,30,2034,216353.09514943894
GWO,6,30,2035,259694.2095741214
GWO,6,30,2036,192162.27303153864
GWO,6,30,2037,218907.28911110645
GWO,6,30,2038,161587.05718251763
GWO,6,30,2039,170694.53964886753
GWO,6,30,2040,205185.31478649622
GWO,6,30,2041,171981.04676902216
GWO,6,30,2042,220637.53698495482
GWO,6,30,2043,160183.36907847662
GWO,6,30,2044,204804.58749296083
GWO,6,30,2045,206266.19626967428
GWO,6,30,2046,175586.93457518547
GWO,6,30,2047,232463.34795841854
GWO,6,30,2048,161989.56282460247
GWO,6,30,2049,191532.97222116665
GWO,6,30,2050,161329.57338768744
GWO,6,30,2051,212697.20497651806
GWO,6,30,2052,222465.26500054193
GWO,6,30,2053,180699.74196052953
GWO,6,30,2054,170244.6373327717
GWO,6,30,2055,137744.39082559483
WOA,6,30,2026,578260.6300775728
WOA,6,30,2027,481457.76776438724
WOA,6,30,2028,317329.4932591998
WOA,6,30,2029,948427.6128345112
WOA,6,30,2030,614622.7159803895
WOA,6,30,2031,819272.6962000512
WOA,6,30,2032,1206754.2570760867
WOA,6,30,2033,466794.289566058
WOA,6,30,2034,773779.2138030893
WOA,6,30,2035,590273.4779597697
WOA,6,30,2036,961274.5321844602
WOA,6,30,2037,865028.7521851879
WOA,6,30,2038,668205.5404705051
WOA,6,30,2039,808513.4568549226
WOA,6,30,2040,1057791.7443279922
WOA,6,30,2041,426323.215901811
WOA,6,30,2042,1092845.7071270004
WOA,6,30,2043,386862.28346531116
WOA,6,30,2044,1033877.7307972481
WOA,6,30,2045,797711.1536485363
WOA,6,30,2046,957065.97371331
WOA,6,30,2047,1106839.5069838965
WOA,6,30,2048,929707.1741675305
WOA,6,30,2049,870804.4780629027
WOA,6,30,2050,510708.3475987684
WOA,6,30,2051,374502.7868086906
WOA,6,30,2052,610283.1701892156
WOA,6,30,2053,566128.6310128862
WOA,6,30,2054,728611.3797761593
WOA,6,30,2055,807943.5361605583
HHO,6,30,2026,1050522.1314416747
HHO,6,30,2027,739906.2572096974
HHO,6,30,2028,577698.6214987629
HHO,6,30,2029,804202.4893514347
HHO,6,30,2030,1344455.3893201938
HHO,6,30,2031,1003745.7116026635
HHO,6,30,2032,1137537.3363445287
HHO,6,30,2033,867470.3890377475
HHO,6,30,2034,703702.6131386643
HHO,6,30,2035,1313284.752637332
HHO,6,30,2036,843190.5633972726
HHO,6,30,2037,799721.1483098529
HHO,6,30,2038,720095.0716486995
HHO,6,30,2039,924593.900463788
HHO,6,30,2040,854514.9208413429
HHO,6,30,2041,873260.8010156335
HHO,6,30,2042,539030.7849033604
HHO,6,30,2043,804282.1920035665
HHO,6,30,2044,504727.72149615176
HHO,6,30,2045,895071.8799044007
HHO,6,30,2046,667602.3961410613
HHO,6,30,2047,833732.3561877965
HHO,6,30,2048,1054124.551816659
HHO,6,30,2049,933082.0530100832
HHO,6,30,2050,846786.0174644866
HHO,6,30,2051,723527.3937223109
HHO,6,30,2052,667293.0874556027
HHO,6,30,2053,1051866.8487629162
HHO,6,30,2054,665281.9949114033
HHO,6,30,2055,482122.6281482143
SCA,6,30,2026,1004206.281407247
SCA,6,30,2027,1259678.1140350595
SCA,6,30,2028,1082675.840428209
SCA,6,30,2029,1032586.6580193494
SCA,6,30,2030,1348129.9388817244
SCA,6,30,2031,1148705.0999778304
SCA,6,30,2032,1255505.505857828
SCA,6,30,2033,1242676.5035807628
SCA,6,30,2034,1360108.148587131
SCA,6,30,2035,1614304.3397385653
SCA,6,30,2036,1218909.5402130426
SCA,6,30,2037,1135175.595453427
SCA,6,30,2038,1041650.1704018669
SCA,6,30,2039,1460386.5687952756
SCA,6,30,2040,1536469.6940393008
SCA,6,30,2041,1608103.6208392915
SCA,6,30,2042,1841766.2674273949
SCA,6,30,2043,1181110.2308868668
SCA,6,30,2044,1242651.3922482466
SCA,6,30,2045,1365686.7557676632
SCA,6,30,2046,1164444.8297441674
SCA,6,30,2047,1318011.755684975
SCA,6,30,2048,1457876.858026462
SCA,6,30,2049,1353811.4588535088
SCA,6,30,2050,1349749.438527331
SCA,6,30,2051,1395975.9062967396
SCA,6,30,2052,1162076.4714714366
SCA,6,30,2053,1523043.858122748
SCA,6,30,2054,1180590.885690953
SCA,6,30,2055,1367731.080404294
LSHADE,6,30,2026,748.5653502790656
LSHADE,6,30,2027,740.3937344664259
LSHADE,6,30,2028,781.7015074551603
LSHADE,6,30,2029,769.0109844309402
LSHADE,6,30,2030,748.619312242615
LSHADE,6,30,2031,723.6612639103216
LSHADE,6,30,2032,757.3938638268069
LSHADE,6,30,2033,749.5873202569974
LSHADE,6,30,2034,786.3910650196818
LSHADE,6,30,2035,730.6072480871798
LSHADE,6,30,2036,726.7235837949326
LSHADE,6,30,2037,747.4734438854478
LSHADE,6,30,2038,777.1826524376643
LSHADE,6,30,2039,726.9451990885367
LSHADE,6,30,2040,754.9809044387699
LSHADE,6,30,2041,748.7939233714274
LSHADE,6,30,2042,752.5547807865713
LSHADE,6,30,2043,764.0669074749487
LSHADE,6,30,2044,716.716337149559
LSHADE,6,30,2045,752.6674939535726
LSHADE,6,30,2046,771.488445506852
LSHADE,6,30,2047,736.4281926463693
LSHADE,6,30,2048,763.5721984028792
LSHADE,6,30,2049,745.6483027713543
LSHADE,6,30,2050,819.848047519837
LSHADE,6,30,2051,751.5712320683468
LSHADE,6,30,2052,786.3829983750362
LSHADE,6,30,2053,782.6212969076366
LSHADE,6,30,2054,772.8853498692782
LSHADE,6,30,2055,762.8122377770331
ABMO,7,30,2026,1060.5
ABMO,7,30,2027,1308.5
ABMO,7,30,2028,1254.7391080316138
ABMO,7,30,2029,1203.5
ABMO,7,30,2030,1194.5
ABMO,7,30,2031,1076.0
ABMO,7,30,2032,1363.5
ABMO,7,30,2033,1401.0
ABMO,7,30,2034,1338.5
ABMO,7,30,2035,1220.5
ABMO,7,30,2036,1146.0000000000016
ABMO,7,30,2037,1296.0
ABMO,7,30,2038,1146.5
ABMO,7,30,2039,1361.5
ABMO,7,30,2040,1325.0
ABMO,7,30,2041,1229.5
ABMO,7,30,2042,1111.5
ABMO,7,30,2043,1114.5000000000002
ABMO,7,30,2044,1180.0
ABMO,7,30,2045,1290.0
ABMO,7,30,2046,1548.5
ABMO,7,30,2047,1507.0
ABMO,7,30,2048,1343.0
ABMO,7,30,2049,1222.5
ABMO,7,30,2050,1240.5
ABMO,7,30,2051,1203.0
ABMO,7,30,2052,1311.5
ABMO,7,30,2053,1104.0
ABMO,7,30,2054,1206.5
ABMO,7,30,2055,1196.5
AS-ABMO,7,30,2026,946.0
AS-ABMO,7,30,2027,878.5
AS-ABMO,7,30,2028,882.0
AS-ABMO,7,30,2029,1062.0
AS-ABMO,7,30,2030,896.0
AS-ABMO,7,30,2031,918.5
AS-ABMO,7,30,2032,1089.0
AS-ABMO,7,30,2033,904.0
AS-ABMO,7,30,2034,1078.0
AS-ABMO,7,30,2035,884.0
AS-ABMO,7,30,2036,880.5
AS-ABMO,7,30,2037,848.0
AS-ABMO,7,30,2038,956.5
AS-ABMO,7,30,2039,976.0
AS-ABMO,7,30,2040,950.5
AS-ABMO,7,30,2041,1020.5
AS-ABMO,7,30,2042,1133.0524057917246
AS-ABMO,7,30,2043,1084.0
AS-ABMO,7,30,2044,854.5
AS-ABMO,7,30,2045,1077.0
AS-ABMO,7,30,2046,1090.0
AS-ABMO,7,30,2047,908.0000000000002
AS-ABMO,7,30,2048,962.5
AS-ABMO,7,30,2049,984.5
AS-ABMO,7,30,2050,892.0
AS-ABMO,7,30,2051,1098.0000000000002
AS-ABMO,7,30,2052,896.0000000000005
AS-ABMO,7,30,2053,965.0
AS-ABMO,7,30,2054,986.5
AS-ABMO,7,30,2055,890.0
RUN,7,30,2026,1358.842516732081
RUN,7,30,2027,1264.125081887992
RUN,7,30,2028,1165.3863983228623
RUN,7,30,2029,1242.549979202343
RUN,7,30,2030,1276.8674517430409
RUN,7,30,2031,1169.6152191927386
RUN,7,30,2032,1226.5507878547592
RUN,7,30,2033,1215.8692698145862
RUN,7,30,2034,1270.7026750009602
RUN,7,30,2035,1194.947291726347
RUN,7,30,2036,1204.9438614323196
RUN,7,30,2037,1250.5101765164927
RUN,7,30,2038,1261.8847990278239
RUN,7,30,2039,1191.8510432360476
RUN,7,30,2040,1227.2994574809095
RUN,7,30,2041,1292.5232208314262
RUN,7,30,2042,1257.1005839204383
RUN,7,30,2043,1242.248848512626
RUN,7,30,2044,1223.2215485972356
RUN,7,30,2045,1217.8250537972026
RUN,7,30,2046,1202.6687387139898
RUN,7,30,2047,1261.4077594253326
RUN,7,30,2048,1316.9509761536303
RUN,7,30,2049,1333.9028448036001
RUN,7,30,2050,1177.7224605902743
RUN,7,30,2051,1311.2971065143042
RUN,7,30,2052,1259.4111666644003
RUN,7,30,2053,1176.8587112643545
RUN,7,30,2054,1247.1158921188817
RUN,7,30,2055,1215.4496030390223
GWO,7,30,2026,1104.9171820313777
GWO,7,30,2027,1118.6686938706785
GWO,7,30,2028,1106.8002141090196
GWO,7,30,2029,1181.8920427302705
GWO,7,30,2030,1139.1778335521226
GWO,7,30,2031,1123.0153053584318
GWO,7,30,2032,1074.8281897294914
GWO,7,30,2033,1145.243033285745
GWO,7,30,2034,1136.6628322433226
GWO,7,30,2035,1207.8633397201309
GWO,7,30,2036,1054.9224750900157
GWO,7,30,2037,1146.0461212563027
GWO,7,30,2038,1105.825320982305
GWO,7,30,2039,1118.2878106658732
GWO,7,30,2040,1158.8323577130654
GWO,7,30,2041,1160.9377900546847
GWO,7,30,2042,1102.3014447589037
GWO,7,30,2043,1179.5730158200283
GWO,7,30,2044,1093.649777866115
GWO,7,30,2045,1138.0411995127524
GWO,7,30,2046,1164.2498600694585
GWO,7,30,2047,1194.2253631763158
GWO,7,30,2048,1030.5558100244962
GWO,7,30,2049,1141.5512076150055
GWO,7,30,2050,1131.9156786784085
GWO,7,30,2051,1104.786966700571
GWO,7,30,2052,1175.191792046871
GWO,7,30,2053,1268.6698127967352
GWO,7,30,2054,1141.5568483010393
GWO,7,30,2055,1146.3731170983797
WOA,7,30,2026,1600.1154996086939
WOA,7,30,2027,1558.9237408457902
WOA,7,30,2028,1537.8927136572765
WOA,7,30,2029,1435.2791559925345
WOA,7,30,2030,1841.890826008806
WOA,7,30,2031,1562.6417035915447
WOA,7,30,2032,1563.4424086608878
WOA,7,30,2033,1758.6433068449965
WOA,7,30,2034,1554.9383445030871
WOA,7,30,2035,1389.579346642975
WOA,7,30,2036,1578.9536300615946
WOA,7,30,2037,1535.2433154992232
WOA,7,30,2038,1486.3813042800784
WOA,7,30,2039,1503.0685087037773
WOA,7,30,2040,1518.0402071396861
WOA,7,30,2041,1465.970352539393
WOA,7,30,2042,1229.038183557208
WOA,7,30,2043,1701.081404931142
WOA,7,30,2044,1483.1157835736174
WOA,7,30,2045,1545.509194011796
WOA,7,30,2046,1529.0249826133327
WOA,7,30,2047,1443.4671605127091
WOA,7,30,2048,1598.2892176844657
WOA,7,30,2049,1563.016033242291
WOA,7,30,2050,1791.6805269895995
WOA,7,30,2051,1758.748854101737
WOA,7,30,2052,1603.9534994282926
WOA,7,30,2053,1666.1207837790325
WOA,7,30,2054,1698.7080040687147
WOA,7,30,2055,1605.8288137224279
HHO,7,30,2026,1237.0034195968167
HHO,7,30,2027,1246.0
HHO,7,30,2028,1455.1148822247224
HHO,7,30,2029,1350.3650864041895
HHO,7,30,2030,1305.283513427177
HHO,7,30,2031,1318.6725001345371
HHO,7,30,2032,1478.2927710670942
HHO,7,30,2033,1361.660147345252
HHO,7,30,2034,1314.6185857637643
HHO,7,30,2035,1361.4078562170655
HHO,7,30,2036,1357.852246718295
HHO,7,30,2037,1283.0094146569604
HHO,7,30,2038,1363.134630509617
HHO,7,30,2039,1354.5025867982674
HHO,7,30,2040,1315.210241935888
HHO,7,30,2041,1357.5896152561377
HHO,7,30,2042,1308.3414207370956
HHO,7,30,2043,1232.456318290512
HHO,7,30,2044,1405.1175421927571
HHO,7,30,2045,1348.6296697533055
HHO,7,30,2046,1366.7537773641095
HHO,7,30,2047,1388.0913897994426
HHO,7,30,2048,1330.7327113973424
HHO,7,30,2049,1397.2639560415914
HHO,7,30,2050,1310.9075197363034
HHO,7,30,2051,1308.4486038384582
HHO,7,30,2052,1283.6440072825612
HHO,7,30,2053,1298.7150988358449
HHO,7,30,2054,1521.1499817127115
HHO,7,30,2055,1230.5640805152955
SCA,7,30,2026,1306.9905791139283
SCA,7,30,2027,1427.3668419590203
SCA,7,30,2028,1311.627547578914
SCA,7,30,2029,1359.458723539962
SCA,7,30,2030,1367.3153946973725
SCA,7,30,2031,1341.3937230248753
SCA,7,30,2032,1317.3913779792447
SCA,7,30,2033,1387.3243367028167
SCA,7,30,2034,1339.966143720782
SCA,7,30,2035,1285.072440511506
SCA,7,30,2036,1301.1331819059262
SCA,7,30,2037,1373.228817214344
SCA,7,30,2038,1343.502748292749
SCA,7,30,2039,1343.7833295921182
SCA,7,30,2040,1350.2078827230016
SCA,7,30,2041,1299.644147737038
SCA,7,30,2042,1180.0191462267871
SCA,7,30,2043,1365.545005814327
SCA,7,30,2044,1375.59494639296
SCA,7,30,2045,1254.797651264083
SCA,7,30,2046,1346.6012810040725
SCA,7,30,2047,1263.8384122166638
SCA,7,30,2048,1376.1518851106703
SCA,7,30,2049,1217.9152832873642
SCA,7,30,2050,1301.1012724012432
SCA,7,30,2051,1374.3102127718744
SCA,7,30,2052,1363.1482151683026
SCA,7,30,2053,1326.0488385936342
SCA,7,30,2054,1364.4375850098018
SCA,7,30,2055,1331.9389920381468
LSHADE,7,30,2026,830.9621141798734
LSHADE,7,30,2027,840.3968738561664
LSHADE,7,30,2028,823.4773460007434
LSHADE,7,30,2029,827.2524114784259
LSHADE,7,30,2030,874.6335579050749
LSHADE,7,30,2031,829.3867325339359
LSHADE,7,30,2032,824.117506822533
LSHADE,7,30,2033,844.945394603842
LSHADE,7,30,2034,854.725904343223
LSHADE,7,30,2035,819.1292177552706
LSHADE,7,30,2036,878.1552107098863
LSHADE,7,30,2037,861.5886525470372
LSHADE,7,30,2038,820.4495676487854
LSHADE,7,30,2039,802.9595743278676
LSHADE,7,30,2040,859.3701775995178
LSHADE,7,30,2041,815.63646069265
LSHADE,7,30,2042,809.4272155513107
LSHADE,7,30,2043,858.1137200885682
LSHADE,7,30,2044,802.6674908626402
LSHADE,7,30,2045,794.9741521156787
LSHADE,7,30,2046,897.4512160453929
LSHADE,7,30,2047,884.5288680470953
LSHADE,7,30,2048,826.5058885159622
LSHADE,7,30,2049,849.8940357543424
LSHADE,7,30,2050,841.6694922410277
LSHADE,7,30,2051,822.9726708589842
LSHADE,7,30,2052,854.7948611757923
LSHADE,7,30,2053,824.8408219502123
LSHADE,7,30,2054,829.3185264837255
LSHADE,7,30,2055,813.5233105370651
ABMO,8,30,2026,830.7508108796824
ABMO,8,30,2027,816.9659806368688
ABMO,8,30,2028,819.55229056261
ABMO,8,30,2029,813.6584689084266
ABMO,8,30,2030,813.0528949945165
ABMO,8,30,2031,815.8521327594411
ABMO,8,30,2032,808.8720117217852
ABMO,8,30,2033,812.9399470251647
ABMO,8,30,2034,816.1844701439462
ABMO,8,30,2035,810.5444671605778
ABMO,8,30,2036,819.3297702667288
ABMO,8,30,2037,811.7081164699806
ABMO,8,30,2038,813.5110878009834
ABMO,8,30,2039,805.8750440922641
ABMO,8,30,2040,827.7871344672891
ABMO,8,30,2041,812.8188840958734
ABMO,8,30,2042,811.349947517174
ABMO,8,30,2043,812.4965622166575
ABMO,8,30,2044,806.624877672216
ABMO,8,30,2045,808.3616305035097
ABMO,8,30,2046,809.6381292154049
ABMO,8,30,2047,811.0600395939824
ABMO,8,30,2048,805.4488915105959
ABMO,8,30,2049,811.2450486068558
ABMO,8,30,2050,818.9948854108718
ABMO,8,30,2051,818.7943282875926
ABMO,8,30,2052,810.2163429060608
ABMO,8,30,2053,821.0603695217729
ABMO,8,30,2054,812.7813868639188
ABMO,8,30,2055,817.7814806852725
AS-ABMO,8,30,2026,805.080389428146
AS-ABMO,8,30,2027,805.6313040607372
AS-ABMO,8,30,2028,812.9807616385755
AS-ABMO,8,30,2029,801.0877045476977
AS-ABMO,8,30,2030,810.1497968965841
AS-ABMO,8,30,2031,806.3226862534611
AS-ABMO,8,30,2032,802.0858808582103
AS-ABMO,8,30,2033,809.4933972221662
AS-ABMO,8,30,2034,802.7126103747597
AS-ABMO,8,30,2035,805.4231800838196
AS-ABMO,8,30,2036,809.4160193927436
AS-ABMO,8,30,2037,801.7144984570376
AS-ABMO,8,30,2038,808.6034361993854
AS-ABMO,8,30,2039,807.5537727320232
AS-ABMO,8,30,2040,801.1705818141638
AS-ABMO,8,30,2041,803.4177054229642
AS-ABMO,8,30,2042,802.168726310932
AS-ABMO,8,30,2043,817.981217596834
AS-ABMO,8,30,2044,801.5420285575976
AS-ABMO,8,30,2045,802.9984295954345
AS-ABMO,8,30,2046,810.5372026657153
AS-ABMO,8,30,2047,802.450677397198
AS-ABMO,8,30,2048,809.9378856312653
AS-ABMO,8,30,2049,804.7223776873651
AS-ABMO,8,30,2050,805.118431259571
AS-ABMO,8,30,2051,806.5979316686486
AS-ABMO,8,30,2052,812.0258290655382
AS-ABMO,8,30,2053,811.3920178269684
AS-ABMO,8,30,2054,804.350797614322
AS-ABMO,8,30,2055,802.898317855675
RUN,8,30,2026,815.7104324567791
RUN,8,30,2027,813.5484235725834
RUN,8,30,2028,815.6185134675407
RUN,8,30,2029,818.5744265655425
RUN,8,30,2030,814.9994613775011
RUN,8,30,2031,817.4472675482856
RUN,8,30,2032,815.6667497108886
RUN,8,30,2033,814.2640186532093
RUN,8,30,2034,815.0400953120941
RUN,8,30,2035,814.4637346364409
RUN,8,30,2036,815.3419135453504
RUN,8,30,2037,815.4074096943211
RUN,8,30,2038,815.5024696022604
RUN,8,30,2039,815.9613191519318
RUN,8,30,2040,819.063093235928
RUN,8,30,2041,820.6642714039808
RUN,8,30,2042,815.536564824819
RUN,8,30,2043,816.7232028616039
RUN,8,30,2044,816.4206412768473
RUN,8,30,2045,814.7989583271006
RUN,8,30,2046,813.0948706866454
RUN,8,30,2047,818.7979612477171
RUN,8,30,2048,815.1899491712713
RUN,8,30,2049,816.2344698894572
RUN,8,30,2050,816.5977759379223
RUN,8,30,2051,816.9392543647506
RUN,8,30,2052,815.9905826903448
RUN,8,30,2053,815.257631085199
RUN,8,30,2054,811.5334548603796
RUN,8,30,2055,816.9622649839754
GWO,8,30,2026,809.3733438989905
GWO,8,30,2027,806.7139352203277
GWO,8,30,2028,803.7395033223538
GWO,8,30,2029,802.6852391897606
GWO,8,30,2030,804.5507966188447
GWO,8,30,2031,803.1670964683888
GWO,8,30,2032,806.186597400847
GWO,8,30,2033,803.9069763344759
GWO,8,30,2034,803.4853780161664
GWO,8,30,2035,804.4511303304711
GWO,8,30,2036,803.8836884047314
GWO,8,30,2037,805.1194233526121
GWO,8,30,2038,804.6739877563929
GWO,8,30,2039,805.7451853091106
GWO,8,30,2040,810.1514137693539
GWO,8,30,2041,805.5224918158683
GWO,8,30,2042,803.9679416892413
GWO,8,30,2043,802.7095242304657
GWO,8,30,2044,802.9099219816773
GWO,8,30,2045,804.084243600726
GWO,8,30,2046,809.3237009416473
GWO,8,30,2047,804.0508720317315
GWO,8,30,2048,805.3003729564518
GWO,8,30,2049,805.0309956864423
GWO,8,30,2050,806.0921922578506
GWO,8,30,2051,806.7325705538722
GWO,8,30,2052,805.5473510179161
GWO,8,30,2053,804.6473501537268
GWO,8,30,2054,803.9436105437707
GWO,8,30,2055,803.4729494925249
WOA,8,30,2026,823.62745099064
WOA,8,30,2027,831.2712826733659
WOA,8,30,2028,830.0990922928579
WOA,8,30,2029,817.4485396302911
WOA,8,30,2030,826.4476144597489
WOA,8,30,2031,818.560809946911
WOA,8,30,2032,824.0186529904311
WOA,8,30,2033,820.9861269770059
WOA,8,30,2034,815.8824321819922
WOA,8,30,2035,822.2956745716178
WOA,8,30,2036,826.3709562463498
WOA,8,30,2037,839.1409896173207
WOA,8,30,2038,821.6709599706878
WOA,8,30,2039,815.2252674093178
WOA,8,30,2040,839.9024483930696
WOA,8,30,2041,832.6507471994838
WOA,8,30,2042,820.210617527097
WOA,8,30,2043,844.0076871084202
WOA,8,30,2044,843.7594824851869
WOA,8,30,2045,814.6574819273612
WOA,8,30,2046,821.1823042488382
WOA,8,30,2047,818.95725290518
WOA,8,30,2048,811.4984796654003
WOA,8,30,2049,830.0604969852384
WOA,8,30,2050,817.5928794138778
WOA,8,30,2051,818.167890652238
WOA,8,30,2052,819.0822051450666
WOA,8,30,2053,818.4348150561163
WOA,8,30,2054,814.1806846606618
WOA,8,30,2055,820.5148218522398
HHO,8,30,2026,819.4698085699163
HHO,8,30,2027,821.23417766197
HHO,8,30,2028,816.6126451130992
HHO,8,30,2029,826.3630793811434
HHO,8,30,2030,816.414537101427
HHO,8,30,2031,816.190867049256
HHO,8,30,2032,812.7156121137197
HHO,8,30,2033,821.5390715954776
HHO,8,30,2034,813.1620466094344
HHO,8,30,2035,821.5002006735504
HHO,8,30,2036,829.330783671367
HHO,8,30,2037,818.7061477738157
HHO,8,30,2038,820.5460562725359
HHO,8,30,2039,816.5038120977383
HHO,8,30,2040,817.1123010963406
HHO,8,30,2041,815.126605619668
HHO,8,30,2042,816.4596829441939
HHO,8,30,2043,819.4449735713059
HHO,8,30,2044,816.8873891142084
HHO,8,30,2045,823.8966339920963
HHO,8,30,2046,820.2279417441481
HHO,8,30,2047,817.0504928985406
HHO,8,30,2048,811.121600565686
HHO,8,30,2049,814.6562662668529
HHO,8,30,2050,815.4682033589035
HHO,8,30,2051,817.5003088553935
HHO,8,30,2052,817.6728747830002
HHO,8,30,2053,811.2671194411206
HHO,8,30,2054,826.0290689541363
HHO,8,30,2055,818.7962876977355
SCA,8,30,2026,816.4429817500976
SCA,8,30,2027,826.6282381461591
SCA,8,30,2028,822.0394393992808
SCA,8,30,2029,819.2016578495691
SCA,8,30,2030,822.3949374486037
SCA,8,30,2031,818.8365207864384
SCA,8,30,2032,826.6472411611104
SCA,8,30,2033,823.0063797657695
SCA,8,30,2034,821.5477783220012
SCA,8,30,2035,818.4625904567808
SCA,8,30,2036,818.3972446406286
SCA,8,30,2037,828.8316098103068
SCA,8,30,2038,817.5423469482724
SCA,8,30,2039,826.4480667846451
SCA,8,30,2040,814.8086489931111
SCA,8,30,2041,828.4293908529929
SCA,8,30,2042,815.121603652141
SCA,8,30,2043,816.6451264674545
SCA,8,30,2044,820.2490366949518
SCA,8,30,2045,813.8228555994989
SCA,8,30,2046,820.7355762309668
SCA,8,30,2047,820.689166422843
SCA,8,30,2048,822.2552979621479
SCA,8,30,2049,816.2148101060653
SCA,8,30,2050,820.9580046904923
SCA,8,30,2051,817.8152621932762
SCA,8,30,2052,821.3626470836768
SCA,8,30,2053,820.337656228165
SCA,8,30,2054,813.1415204857917
SCA,8,30,2055,815.2654030469473
LSHADE,8,30,2026,800.0000000003955
LSHADE,8,30,2027,801.063239845995
LSHADE,8,30,2028,800.0895282510904
LSHADE,8,30,2029,801.0877045653826
LSHADE,8,30,2030,800.543852271891
LSHADE,8,30,2031,800.454324019878
LSHADE,8,30,2032,800.0895282620337
LSHADE,8,30,2033,800.454324019311
LSHADE,8,30,2034,800.5438522856773
LSHADE,8,30,2035,800.0895282546252
LSHADE,8,30,2036,800.9981762964779
LSHADE,8,30,2037,800.6333805340348
LSHADE,8,30,2038,800.6333805241228
LSHADE,8,30,2039,800.5438523314848
LSHADE,8,30,2040,800.089528257956
LSHADE,8,30,2041,800.0000000102289
LSHADE,8,30,2042,801.0877046366938
LSHADE,8,30,2043,800.5438522713
LSHADE,8,30,2044,800.0000000010683
LSHADE,8,30,2045,800.0000000000438
LSHADE,8,30,2046,800.9737115956177
LSHADE,8,30,2047,800.7229087749832
LSHADE,8,30,2048,800.5438522750908
LSHADE,8,30,2049,800.0000000024445
LSHADE,8,30,2050,801.0877045412722
LSHADE,8,30,2051,800.4543240382188
LSHADE,8,30,2052,800.5438522733757
LSHADE,8,30,2053,800.0000000491564
LSHADE,8,30,2054,803.263113615965
LSHADE,8,30,2055,800.5438523054055
ABMO,9,30,2026,6317.459509262535
ABMO,9,30,2027,4787.362251885499
ABMO,9,30,2028,4609.165755688013
ABMO,9,30,2029,5259.837773048048
ABMO,9,30,2030,5803.33328791593
ABMO,9,30,2031,4430.225568750164
ABMO,9,30,2032,4582.681497135816
ABMO,9,30,2033,4609.232742640781
ABMO,9,30,2034,5283.235319282577
ABMO,9,30,2035,5795.6699707850885
ABMO,9,30,2036,4729.793561249509
ABMO,9,30,2037,6194.1649041458495
ABMO,9,30,2038,5563.661891886906
ABMO,9,30,2039,4764.791876168731
ABMO,9,30,2040,4389.358129362654
ABMO,9,30,2041,4558.445859668649
ABMO,9,30,2042,4755.727593819696
ABMO,9,30,2043,5078.035569088766
ABMO,9,30,2044,5547.228880953584
ABMO,9,30,2045,3710.659951493966
ABMO,9,30,2046,5964.650169965547
ABMO,9,30,2047,5306.323253602673
ABMO,9,30,2048,6756.240634382706
ABMO,9,30,2049,5963.41272678355
ABMO,9,30,2050,4820.06015708923
ABMO,9,30,2051,5035.638553873487
ABMO,9,30,2052,5213.932475357931
ABMO,9,30,2053,5072.49828659708
ABMO,9,30,2054,5574.279804389578
ABMO,9,30,2055,4340.097340710692
AS-ABMO,9,30,2026,5519.153025032647
AS-ABMO,9,30,2027,4218.430600105059
AS-ABMO,9,30,2028,3304.834323185798
AS-ABMO,9,30,2029,2925.848286114533
AS-ABMO,9,30,2030,3908.3256667325586
AS-ABMO,9,30,2031,5769.979468739622
AS-ABMO,9,30,2032,3944.713348237654
AS-ABMO,9,30,2033,5549.772365726331
AS-ABMO,9,30,2034,3838.0966148012194
AS-ABMO,9,30,2035,3148.830139823618
AS-ABMO,9,30,2036,4305.133495008104
AS-ABMO,9,30,2037,4339.134076398426
AS-ABMO,9,30,2038,4313.822502458814
AS-ABMO,9,30,2039,4466.709745775099
AS-ABMO,9,30,2040,3315.68213334105
AS-ABMO,9,30,2041,5635.98618852542
AS-ABMO,9,30,2042,5389.206783241616
AS-ABMO,9,30,2043,4717.374723754649
AS-ABMO,9,30,2044,4728.510255739102
AS-ABMO,9,30,2045,5271.73651499896
AS-ABMO,9,30,2046,5034.415531784474
AS-ABMO,9,30,2047,5975.0670007593235
AS-ABMO,9,30,2048,6160.838866508319
AS-ABMO,9,30,2049,4422.204044291166
AS-ABMO,9,30,2050,4189.651295006481
AS-ABMO,9,30,2051,4441.256317838639
AS-ABMO,9,30,2052,4900.343604883381
AS-ABMO,9,30,2053,6517.151958730316
AS-ABMO,9,30,2054,4365.903673238508
AS-ABMO,9,30,2055,5087.0355222551425
RUN,9,30,2026,8872.395848077005
RUN,9,30,2027,8117.563013029883
RUN,9,30,2028,8586.691845508536
RUN,9,30,2029,7946.966859339973
RUN,9,30,2030,8797.285438222592
RUN,9,30,2031,8468.17017097148
RUN,9,30,2032,8868.699422384867
RUN,9,30,2033,8872.484642552809
RUN,9,30,2034,8557.623627360557
RUN,9,30,2035,8481.568175846667
RUN,9,30,2036,8728.386716534846
RUN,9,30,2037,8692.500512657809
RUN,9,30,2038,8904.018527497803
RUN,9,30,2039,8649.146487213053
RUN,9,30,2040,8574.133099492621
RUN,9,30,2041,8377.085511815782
RUN,9,30,2042,8976.862358769456
RUN,9,30,2043,7994.896510136486
RUN,9,30,2044,8799.87603619489
RUN,9,30,2045,8904.842065125937
RUN,9,30,2046,8601.886834868035
RUN,9,30,2047,8362.205495499331
RUN,9,30,2048,8381.219058456725
RUN,9,30,2049,8498.462703886284
RUN,9,30,2050,8976.201606920898
RUN,9,30,2051,7848.56948809471
RUN,9,30,2052,8390.952561139708
RUN,9,30,2053,8511.055771385609
RUN,9,30,2054,8858.060616165123
RUN,9,30,2055,8349.217024633652
GWO,9,30,2026,8390.66410185961
GWO,9,30,2027,8296.571297173556
GWO,9,30,2028,8681.161742080189
GWO,9,30,2029,7902.45983223188
GWO,9,30,2030,8691.153972496206
GWO,9,30,2031,7763.4890426425345
GWO,9,30,2032,8687.128603785779
GWO,9,30,2033,8695.357795999309
GWO,9,30,2034,8853.749935822632
GWO,9,30,2035,8155.29847822771
GWO,9,30,2036,7842.310288448541
GWO,9,30,2037,8668.813632974801
GWO,9,30,2038,8284.812049507627
GWO,9,30,2039,7799.138594777562
GWO,9,30,2040,8223.498721355138
GWO,9,30,2041,8284.800044135718
GWO,9,30,2042,8570.897619916788
GWO,9,30,2043,7748.177635495752
GWO,9,30,2044,8237.97488489646
GWO,9,30,2045,8334.083666275423
GWO,9,30,2046,7886.501884645301
GWO,9,30,2047,8187.20186631844
GWO,9,30,2048,8034.785512676681
GWO,9,30,2049,8608.47011506202
GWO,9,30,2050,8304.524340346155
GWO,9,30,2051,8322.462312543821
GWO,9,30,2052,8924.852438524236
GWO,9,30,2053,8317.068591215757
GWO,9,30,2054,7938.140111858146
GWO,9,30,2055,8642.349601368283
WOA,9,30,2026,7822.998144920968
WOA,9,30,2027,7336.542980424846
WOA,9,30,2028,8277.371310245486
WOA,9,30,2029,8567.425895067016
WOA,9,30,2030,5662.910682086589
WOA,9,30,2031,8643.32252561465
WOA,9,30,2032,6591.961668726703
WOA,9,30,2033,6394.665715364231
WOA,9,30,2034,5898.139759404544
WOA,9,30,2035,7399.207607211891
WOA,9,30,2036,6389.594376933441
WOA,9,30,2037,8134.486870584292
WOA,9,30,2038,6326.934376863242
WOA,9,30,2039,5568.412251837851
WOA,9,30,2040,8439.372484434007
WOA,9,30,2041,6773.578037900929
WOA,9,30,2042,4610.69455300196
WOA,9,30,2043,6621.037072457082
WOA,9,30,2044,4625.084949887962
WOA,9,30,2045,5899.51419022855
WOA,9,30,2046,6447.63253961675
WOA,9,30,2047,6335.508316708211
WOA,9,30,2048,5156.907704319419
WOA,9,30,2049,8352.471721602247
WOA,9,30,2050,7388.618576530768
WOA,9,30,2051,6896.723809676243
WOA,9,30,2052,6694.815609500282
WOA,9,30,2053,7314.272921069689
WOA,9,30,2054,5858.715892055083
WOA,9,30,2055,7304.696112228945
HHO,9,30,2026,8754.564920012825
HHO,9,30,2027,7152.1657255287055
HHO,9,30,2028,7704.665559514216
HHO,9,30,2029,8273.750735803576
HHO,9,30,2030,5583.789186891278
HHO,9,30,2031,6070.925143759796
HHO,9,30,2032,7006.826742109549
HHO,9,30,2033,5343.419943941057
HHO,9,30,2034,7602.006643046289
HHO,9,30,2035,6118.88631266558
HHO,9,30,2036,7093.613652107524
HHO,9,30,2037,7292.318893363771
HHO,9,30,2038,6178.503634806803
HHO,9,30,2039,6528.301364986199
HHO,9,30,2040,5622.470212649467
HHO,9,30,2041,6782.022048971733
HHO,9,30,2042,8459.99631062845
HHO,9,30,2043,7144.630835732999
HHO,9,30,2044,7448.675176935936
HHO,9,30,2045,6454.494525109415
HHO,9,30,2046,5851.369679701089
HHO,9,30,2047,8544.99025076435
HHO,9,30,2048,6568.525252327611
HHO,9,30,2049,6614.782166417038
HHO,9,30,2050,6332.905839224988
HHO,9,30,2051,7811.078984862661
HHO,9,30,2052,7670.553201141664
HHO,9,30,2053,7287.250796423407
HHO,9,30,2054,7044.366883418701
HHO,9,30,2055,8279.129512663185
SCA,9,30,2026,8696.361241576418
SCA,9,30,2027,8553.31055410521
SCA,9,30,2028,8408.752669451234
SCA,9,30,2029,8595.738294444676
SCA,9,30,2030,8185.914615344106
SCA,9,30,2031,8580.131560769943
SCA,9,30,2032,8479.329850759292
SCA,9,30,2033,8664.86851314396
SCA,9,30,2034,8429.093435490428
SCA,9,30,2035,8845.765190928414
SCA,9,30,2036,8729.937138072339
SCA,9,30,2037,8294.324687222892
SCA,9,30,2038,8806.995429522322
SCA,9,30,2039,8494.429922911688
SCA,9,30,2040,8456.35305687258
SCA,9,30,2041,8691.59448021074
SCA,9,30,2042,8918.832209833443
SCA,9,30,2043,8954.106094565972
SCA,9,30,2044,8932.010004172525
SCA,9,30,2045,8909.81549030085
SCA,9,30,2046,9018.187697268555
SCA,9,30,2047,8324.658220429366
SCA,9,30,2048,8606.458745755142
SCA,9,30,2049,8597.19600689111
SCA,9,30,2050,8718.656905306088
SCA,9,30,2051,8930.249032060165
SCA,9,30,2052,8173.503315058857
SCA,9,30,2053,8126.349592165294
SCA,9,30,2054,8051.967007074693
SCA,9,30,2055,8765.273510261548
LSHADE,9,30,2026,3886.1054421489935
LSHADE,9,30,2027,4835.365194322418
LSHADE,9,30,2028,4407.829298354924
LSHADE,9,30,2029,4129.7822395859275
LSHADE,9,30,2030,4380.338413513928
LSHADE,9,30,2031,4592.61901141216
LSHADE,9,30,2032,4411.319168619455
LSHADE,9,30,2033,4657.281629145373
LSHADE,9,30,2034,4584.815723028407
LSHADE,9,30,2035,4913.487537858717
LSHADE,9,30,2036,4780.043527111524
LSHADE,9,30,2037,5001.783490208181
LSHADE,9,30,2038,5021.910837417419
LSHADE,9,30,2039,4869.377421268704
LSHADE,9,30,2040,5147.649832869451
LSHADE,9,30,2041,4328.893190618526
LSHADE,9,30,2042,4910.4177801892965
LSHADE,9,30,2043,4778.492301000109
LSHADE,9,30,2044,4941.136767358061
LSHADE,9,30,2045,3965.9707005532964
LSHADE,9,30,2046,5336.656389567541
LSHADE,9,30,2047,4563.506828453756
LSHADE,9,30,2048,4330.978299063268
LSHADE,9,30,2049,4198.779572445725
LSHADE,9,30,2050,4630.062463457909
LSHADE,9,30,2051,4791.325741512581
LSHADE,9,30,2052,4800.33569912916
LSHADE,9,30,2053,5004.497635773598
LSHADE,9,30,2054,4475.935626635446
LSHADE,9,30,2055,4347.075913759461
ABMO,10,30,2026,149689.94111304265
ABMO,10,30,2027,19918.39682442411
ABMO,10,30,2028,111844.04014230207
ABMO,10,30,2029,9994.424123282604
ABMO,10,30,2030,104378.55188352964
ABMO,10,30,2031,190176.47166063107
ABMO,10,30,2032,73770.21442414563
ABMO,10,30,2033,79429.21250623222
ABMO,10,30,2034,74973.00520555045
ABMO,10,30,2035,44997.152594748346
ABMO,10,30,2036,23469.16513805182
ABMO,10,30,2037,278653.7738168599
ABMO,10,30,2038,69472.0902840356
ABMO,10,30,2039,35243.29801955831
ABMO,10,30,2040,85229.31190779805
ABMO,10,30,2041,1253573.2990716568
ABMO,10,30,2042,80589.81071497656
ABMO,10,30,2043,104321.5448204232
ABMO,10,30,2044,60560.78069146379
ABMO,10,30,2045,80761.0979566283
ABMO,10,30,2046,72616.4243290129
ABMO,10,30,2047,86219.06007430408
ABMO,10,30,2048,84050.53454126298
ABMO,10,30,2049,42337.68896190938
ABMO,10,30,2050,40008.40497437106
ABMO,10,30,2051,119631.61726873339
ABMO,10,30,2052,183592.91379215755
ABMO,10,30,2053,151014.36589826437
ABMO,10,30,2054,135498.56762042321
ABMO,10,30,2055,257182.08364466322
AS-ABMO,10,30,2026,30828.34505610961
AS-ABMO,10,30,2027,13014.158700540216
AS-ABMO,10,30,2028,3390.3229350150937
AS-ABMO,10,30,2029,77856.39785717134
AS-ABMO,10,30,2030,4291.504470532338
AS-ABMO,10,30,2031,83530.9990202828
AS-ABMO,10,30,2032,16515.352920820027
AS-ABMO,10,30,2033,31242.44707906535
AS-ABMO,10,30,2034,41003.496460544906
AS-ABMO,10,30,2035,27425.65154039801
AS-ABMO,10,30,2036,22664.732259140663
AS-ABMO,10,30,2037,28969.87499830353
AS-ABMO,10,30,2038,36323.34504419926
AS-ABMO,10,30,2039,21728.266652774713
AS-ABMO,10,30,2040,16333.587802953833
AS-ABMO,10,30,2041,25090.304169943534
AS-ABMO,10,30,2042,19692.48428532093
AS-ABMO,10,30,2043,2107.7005533182637
AS-ABMO,10,30,2044,18652.73551576485
AS-ABMO,10,30,2045,10408.188116002939
AS-ABMO,10,30,2046,47861.21866261117
AS-ABMO,10,30,2047,4288.240792589822
AS-ABMO,10,30,2048,6239.137247946873
AS-ABMO,10,30,2049,19053.141097789787
AS-ABMO,10,30,2050,29145.432720775054
AS-ABMO,10,30,2051,11459.790922421196
AS-ABMO,10,30,2052,45456.28171155898
AS-ABMO,10,30,2053,16245.783213268369
AS-ABMO,10,30,2054,27938.157436501162
AS-ABMO,10,30,2055,26638.46515241271
RUN,10,30,2026,118352970.91688912
RUN,10,30,2027,96854646.28109567
RUN,10,30,2028,11675026.575834427
RUN,10,30,2029,15465935.491771596
RUN,10,30,2030,46468627.43753159
RUN,10,30,2031,28359746.382123835
RUN,10,30,2032,16357721.349898426
RUN,10,30,2033,69782865.6611043
RUN,10,30,2034,2435125.2502926243
RUN,10,30,2035,10565210.125240764
RUN,10,30,2036,74645121.26611087
RUN,10,30,2037,27901747.85509571
RUN,10,30,2038,3614960.842356402
RUN,10,30,2039,28070765.59281633
RUN,10,30,2040,7897239.323162939
RUN,10,30,2041,278099136.0106346
RUN,10,30,2042,20021961.688820835
RUN,10,30,2043,5733014.659952689
RUN,10,30,2044,61540913.87128335
RUN,10,30,2045,5723455.630439405
RUN,10,30,2046,1440471.6857975526
RUN,10,30,2047,12699128.445261335
RUN,10,30,2048,52659377.44041163
RUN,10,30,2049,9137981.960423997
RUN,10,30,2050,16697599.051682515
RUN,10,30,2051,4121649.931798436
RUN,10,30,2052,57639570.76479648
RUN,10,30,2053,8582876.321254572
RUN,10,30,2054,8407240.006948477
RUN,10,30,2055,2242619.926157041
GWO,10,30,2026,7231652.484398817
GWO,10,30,2027,2444597.982185995
GWO,10,30,2028,2086257.9512340077
GWO,10,30,2029,2788068.5461675026
GWO,10,30,2030,5424911.285212803
GWO,10,30,2031,4303485.010282862
GWO,10,30,2032,3016976.740588701
GWO,10,30,2033,8105166.297674354
GWO,10,30,2034,4691201.836029835
GWO,10,30,2035,6314799.121618822
GWO,10,30,2036,5508601.4440974
GWO,10,30,2037,5414177.326913524
GWO,10,30,2038,3605337.736841409
GWO,10,30,2039,6272745.656791718
GWO,10,30,2040,6003274.100314504
GWO,10,30,2041,2719629.532449389
GWO,10,30,2042,10075661.854478028
GWO,10,30,2043,2288963.964907308
GWO,10,30,2044,6364248.537845618
GWO,10,30,2045,8179833.5994953625
GWO,10,30,2046,2028843.5153666842
GWO,10,30,2047,10782029.73544657
GWO,10,30,2048,3001625.5233955905
GWO,10,30,2049,3218301.0795386177
GWO,10,30,2050,30022984.533536598
GWO,10,30,2051,3834606.3502942203
GWO,10,30,2052,6708558.895965747
GWO,10,30,2053,3460970.0918552843
GWO,10,30,2054,2459403.826903432
GWO,10,30,2055,7051600.653575889
WOA,10,30,2026,13411685.502143512
WOA,10,30,2027,202716.18547442212
WOA,10,30,2028,160838.92469462135
WOA,10,30,2029,167889264.80209574
WOA,10,30,2030,254713.57439558642
WOA,10,30,2031,363805.98351158947
WOA,10,30,2032,29726495.14962293
WOA,10,30,2033,293368859.6480277
WOA,10,30,2034,193749.3286197232
WOA,10,30,2035,8476654.036739828
WOA,10,30,2036,536331.9902468878
WOA,10,30,2037,121561122.63768695
WOA,10,30,2038,4213955.168768525
WOA,10,30,2039,97143.2866598742
WOA,10,30,2040,4224088.945856592
WOA,10,30,2041,180861206.39583892
WOA,10,30,2042,400456.72937495285
WOA,10,30,2043,146831.71493729012
WOA,10,30,2044,468400.3521507128
WOA,10,30,2045,221169.68991351707
WOA,10,30,2046,10998599.556387214
WOA,10,30,2047,333261.70180721977
WOA,10,30,2048,257186.45491661946
WOA,10,30,2049,154469.21090320218
WOA,10,30,2050,164872764.9909018
WOA,10,30,2051,17474176.565132026
WOA,10,30,2052,961533.9660272707
WOA,10,30,2053,4410293.908769828
WOA,10,30,2054,11237860.227103675
WOA,10,30,2055,946619.6678226005
HHO,10,30,2026,2706111.4799058503
HHO,10,30,2027,7046517.187606468
HHO,10,30,2028,2445604.248355641
HHO,10,30,2029,88263533.99797525
HHO,10,30,2030,3383956.153097677
HHO,10,30,2031,59732258.44626127
HHO,10,30,2032,16648469.211064862
HHO,10,30,2033,26363187.769017488
HHO,10,30,2034,11638990.905139955
HHO,10,30,2035,12030214.652410794
HHO,10,30,2036,799255.6173558384
HHO,10,30,2037,7442924.1142148
HHO,10,30,2038,5325677.091796742
HHO,10,30,2039,63712006.43428407
HHO,10,30,2040,18347125.88826711
HHO,10,30,2041,11838547.601275064
HHO,10,30,2042,6155078.800030678
HHO,10,30,2043,1891699.5804905558
HHO,10,30,2044,3086252.859542357
HHO,10,30,2045,100977325.09615855
HHO,10,30,2046,20786993.329418533
HHO,10,30,2047,134736235.00310984
HHO,10,30,2048,4730358.834837545
HHO,10,30,2049,7255797.153517893
HHO,10,30,2050,25856629.61561644
HHO,10,30,2051,2376620.883367183
HHO,10,30,2052,25753239.236708798
HHO,10,30,2053,50920249.47176674
HHO,10,30,2054,98097964.71220773
HHO,10,30,2055,10217411.567002678
SCA,10,30,2026,389302255.3634312
SCA,10,30,2027,193032428.89189804
SCA,10,30,2028,41515813.19067115
SCA,10,30,2029,115030535.14528726
SCA,10,30,2030,53646470.70643089
SCA,10,30,2031,94859913.42386302
SCA,10,30,2032,135470699.8670602
SCA,10,30,2033,430473815.9782291
SCA,10,30,2034,84161722.40699965
SCA,10,30,2035,242730397.34313214
SCA,10,30,2036,197537690.98941922
SCA,10,30,2037,65684930.05400188
SCA,10,30,2038,73427730.14514723
SCA,10,30,2039,114888191.05392848
SCA,10,30,2040,210304229.6396902
SCA,10,30,2041,254593752.15029433
SCA,10,30,2042,148149877.24701837
SCA,10,30,2043,185151829.7856137
SCA,10,30,2044,213691419.8686996
SCA,10,30,2045,71299347.41373509
SCA,10,30,2046,262837668.91256964
SCA,10,30,2047,272760449.8469937
SCA,10,30,2048,161933487.52958378
SCA,10,30,2049,150725404.55275357
SCA,10,30,2050,108461412.73085824
SCA,10,30,2051,268312690.54172075
SCA,10,30,2052,121396050.16900504
SCA,10,30,2053,175029406.17650515
SCA,10,30,2054,270316967.0638269
SCA,10,30,2055,98475047.57798454
LSHADE,10,30,2026,21947.995389639374
LSHADE,10,30,2027,13487.866456914484
LSHADE,10,30,2028,1634.065460769089
LSHADE,10,30,2029,2803.495113263696
LSHADE,10,30,2030,4473.144319460575
LSHADE,10,30,2031,11743.180405903771
LSHADE,10,30,2032,11570.518463256414
LSHADE,10,30,2033,3384.782796326495
LSHADE,10,30,2034,6645.843625121801
LSHADE,10,30,2035,3828.5197292099374
LSHADE,10,30,2036,9103.270506605402
LSHADE,10,30,2037,13144.795166536915
LSHADE,10,30,2038,15671.18088779099
LSHADE,10,30,2039,1943.612492209667
LSHADE,10,30,2040,21898.119486237527
LSHADE,10,30,2041,2118.417762390273
LSHADE,10,30,2042,2589.6194592340516
LSHADE,10,30,2043,5880.785334598693
LSHADE,10,30,2044,12758.442048637271
LSHADE,10,30,2045,2443.056303427894
LSHADE,10,30,2046,1576.2646766100322
LSHADE,10,30,2047,2688.6537607086048
LSHADE,10,30,2048,37930.14508019594
LSHADE,10,30,2049,6608.791078864506
LSHADE,10,30,2050,24639.983358506106
LSHADE,10,30,2051,2457.6229062011603
LSHADE,10,30,2052,5360.286154129149
LSHADE,10,30,2053,10538.122727051097
LSHADE,10,30,2054,5250.011940758676
LSHADE,10,30,2055,2504.443080529664
ABMO,11,30,2026,701285.1702704054
ABMO,11,30,2027,89756.35871194676
ABMO,11,30,2028,29872.26462885074
ABMO,11,30,2029,353973.65898305667
ABMO,11,30,2030,95452.64471846329
ABMO,11,30,2031,346256.3280921239
ABMO,11,30,2032,132399.81122704994
ABMO,11,30,2033,51517.7780353798
ABMO,11,30,2034,31508.398615995742
ABMO,11,30,2035,10844607.344375204
ABMO,11,30,2036,99602.13427362274
ABMO,11,30,2037,2777774.8495606766
ABMO,11,30,2038,580760.4024063661
ABMO,11,30,2039,2948799.5166336223
ABMO,11,30,2040,10833656.643227853
ABMO,11,30,2041,46851138.59822821
ABMO,11,30,2042,94686.92159441194
ABMO,11,30,2043,40406.309277875
ABMO,11,30,2044,21487.85379224312
ABMO,11,30,2045,505234.2281487675
ABMO,11,30,2046,16302272.175680142
ABMO,11,30,2047,17551.50981749531
ABMO,11,30,2048,324517.3870857857
ABMO,11,30,2049,6785906.0586315375
ABMO,11,30,2050,52282.18891663527
ABMO,11,30,2051,29298.410766544705
ABMO,11,30,2052,3607145.3064257563
ABMO,11,30,2053,445269.834564486
ABMO,11,30,2054,223177.2875860939
ABMO,11,30,2055,556963.2129761807
AS-ABMO,11,30,2026,28710.547266823047
AS-ABMO,11,30,2027,4727.665863761558
AS-ABMO,11,30,2028,257636.1056732987
AS-ABMO,11,30,2029,23058.17328995173
AS-ABMO,11,30,2030,314901.43730116787
AS-ABMO,11,30,2031,82121.03550445427
AS-ABMO,11,30,2032,30714.040359253042
AS-ABMO,11,30,2033,33488.0332922917
AS-ABMO,11,30,2034,84214.25881326027
AS-ABMO,11,30,2035,20944.98945857121
AS-ABMO,11,30,2036,83426.97697686571
AS-ABMO,11,30,2037,19365.08566511999
AS-ABMO,11,30,2038,215667.9626423745
AS-ABMO,11,30,2039,103253.85873241097
AS-ABMO,11,30,2040,28609.59220736984
AS-ABMO,11,30,2041,15702.912046944419
AS-ABMO,11,30,2042,87895.3195025824
AS-ABMO,11,30,2043,36759.688327874086
AS-ABMO,11,30,2044,38589.06981463028
AS-ABMO,11,30,2045,93076.82430618051
AS-ABMO,11,30,2046,32477.31497230325
AS-ABMO,11,30,2047,13991.663871238985
AS-ABMO,11,30,2048,31663.998711204433
AS-ABMO,11,30,2049,2576442.622516534
AS-ABMO,11,30,2050,3160525.9986556806
AS-ABMO,11,30,2051,127669766.94903697
AS-ABMO,11,30,2052,11775.357492191348
AS-ABMO,11,30,2053,27581.866010508667
AS-ABMO,11,30,2054,4202.925110590006
AS-ABMO,11,30,2055,17958.251945892618
RUN,11,30,2026,4890017639.006979
RUN,11,30,2027,1561501775.9549131
RUN,11,30,2028,3022375488.992211
RUN,11,30,2029,3482044319.2064867
RUN,11,30,2030,4317769476.228812
RUN,11,30,2031,3991984328.721799
RUN,11,30,2032,4452769407.246694
RUN,11,30,2033,2199372299.060963
RUN,11,30,2034,2430400512.823172
RUN,11,30,2035,2240909839.3149614
RUN,11,30,2036,4604597264.610385
RUN,11,30,2037,3451591572.608208
RUN,11,30,2038,3137045867.0199423
RUN,11,30,2039,4576501241.303444
RUN,11,30,2040,2945733919.440492
RUN,11,30,2041,4724687675.032828
RUN,11,30,2042,4244140607.4627476
RUN,11,30,2043,5221420504.731035
RUN,11,30,2044,3554889150.5557184
RUN,11,30,2045,3915399521.8945813
RUN,11,30,2046,5401379176.300298
RUN,11,30,2047,2379436709.9590735
RUN,11,30,2048,6568530507.928322
RUN,11,30,2049,4233793186.484425
RUN,11,30,2050,3714126595.4417496
RUN,11,30,2051,5315861138.704404
RUN,11,30,2052,1449656124.0802855
RUN,11,30,2053,2487942390.5954213
RUN,11,30,2054,6109365630.477402
RUN,11,30,2055,3518477138.222028
GWO,11,30,2026,654329629.7838969
GWO,11,30,2027,495073628.86519426
GWO,11,30,2028,555229806.6696614
GWO,11,30,2029,572086644.9320298
GWO,11,30,2030,660397127.4039913
GWO,11,30,2031,699593840.0334128
GWO,11,30,2032,427498038.33641756
GWO,11,30,2033,639977963.214212
GWO,11,30,2034,576352821.4084463
GWO,11,30,2035,637104188.7109197
GWO,11,30,2036,655670159.7644234
GWO,11,30,2037,482134184.9105676
GWO,11,30,2038,500427429.52799535
GWO,11,30,2039,446408796.90235823
GWO,11,30,2040,390579184.6399218
GWO,11,30,2041,486853731.5050511
GWO,11,30,2042,604001473.5459006
GWO,11,30,2043,598688370.8090241
GWO,11,30,2044,713710795.566664
GWO,11,30,2045,572805582.379431
GWO,11,30,2046,424740974.39219785
GWO,11,30,2047,563103188.6919267
GWO,11,30,2048,353572990.30221766
GWO,11,30,2049,597954350.8834496
GWO,11,30,2050,483840055.65481746
GWO,11,30,2051,538961350.5552083
GWO,11,30,2052,376141461.5820292
GWO,11,30,2053,460506564.7377414
GWO,11,30,2054,402102662.11294633
GWO,11,30,2055,450712109.83949804
WOA,11,30,2026,288183905.7763072
WOA,11,30,2027,156631732.30659056
WOA,11,30,2028,219500031.06825545
WOA,11,30,2029,86731104.11730261
WOA,11,30,2030,208812388.38061926
WOA,11,30,2031,97588043.51551828
WOA,11,30,2032,208331453.45864585
WOA,11,30,2033,99056400.73189342
WOA,11,30,2034,90303352.51765195
WOA,11,30,2035,91086622.77554944
WOA,11,30,2036,97428514.64035286
WOA,11,30,2037,65165038.10371807
WOA,11,30,2038,2050077385.2815495
WOA,11,30,2039,900357915.8576064
WOA,11,30,2040,49398052.49494785
WOA,11,30,2041,48070967.67882562
WOA,11,30,2042,41378339.010355055
WOA,11,30,2043,3408208266.180005
WOA,11,30,2044,115634765.34772027
WOA,11,30,2045,86357819.34148708
WOA,11,30,2046,178179958.31458774
WOA,11,30,2047,165217318.09518045
WOA,11,30,2048,1657805345.7895787
WOA,11,30,2049,7063464.045871015
WOA,11,30,2050,1610333273.812904
WOA,11,30,2051,105230177.12209648
WOA,11,30,2052,2752524756.8967066
WOA,11,30,2053,2814441.9826666284
WOA,11,30,2054,43686094.653720714
WOA,11,30,2055,48903326.47953852
HHO,11,30,2026,166705043.42344686
HHO,11,30,2027,556741200.7453104
HHO,11,30,2028,393531787.7233978
HHO,11,30,2029,208669949.28457016
HHO,11,30,2030,674166395.8674912
HHO,11,30,2031,329955981.98622465
HHO,11,30,2032,1724437642.9872346
HHO,11,30,2033,692004303.4776862
HHO,11,30,2034,726994969.45679
HHO,11,30,2035,1533900898.1133869
HHO,11,30,2036,1485847976.929619
HHO,11,30,2037,747570153.3736136
HHO,11,30,2038,286667249.22150254
HHO,11,30,2039,658576549.2157478
HHO,11,30,2040,410853907.5408476
HHO,11,30,2041,230249653.04610765
HHO,11,30,2042,106538715.68265182
HHO,11,30,2043,599570075.0288378
HHO,11,30,2044,1065027410.7505097
HHO,11,30,2045,855212566.7507199
HHO,11,30,2046,584601795.7115506
HHO,11,30,2047,490196738.8862345
HHO,11,30,2048,905136203.765889
HHO,11,30,2049,610660997.5666077
HHO,11,30,2050,431648750.1841439
HHO,11,30,2051,387045767.80555403
HHO,11,30,2052,212696040.32089007
HHO,11,30,2053,1004235263.4889119
HHO,11,30,2054,1441065447.0298636
HHO,11,30,2055,3546906245.3104324
SCA,11,30,2026,4127642398.071641
SCA,11,30,2027,4757775465.688062
SCA,11,30,2028,2635836554.438925
SCA,11,30,2029,3019933335.1315155
SCA,11,30,2030,3977269829.4354305
SCA,11,30,2031,4491866551.295828
SCA,11,30,2032,3989625234.8091397
SCA,11,30,2033,1619549210.6035862
SCA,11,30,2034,2889552881.6553106
SCA,11,30,2035,3908827064.6746316
SCA,11,30,2036,2731419226.7833133
SCA,11,30,2037,3452285469.6399293
SCA,11,30,2038,3320987099.552836
SCA,11,30,2039,3564351512.4474897
SCA,11,30,2040,3235285248.5680203
SCA,11,30,2041,3694806717.0010853
SCA,11,30,2042,3077790884.6033583
SCA,11,30,2043,2342899257.1852283
SCA,11,30,2044,3097239779.933903
SCA,11,30,2045,2689404944.2356844
SCA,11,30,2046,2758649783.131501
SCA,11,30,2047,3508183756.1230226
SCA,11,30,2048,2870056952.350753
SCA,11,30,2049,3367110659.1519613
SCA,11,30,2050,4309658346.893823
SCA,11,30,2051,2555126245.4102197
SCA,11,30,2052,4658285817.262939
SCA,11,30,2053,3230829876.268155
SCA,11,30,2054,3182471733.60952
SCA,11,30,2055,2893406015.0758343
LSHADE,11,30,2026,36298.45559887818
LSHADE,11,30,2027,4808.227908478901
LSHADE,11,30,2028,7858.519876340968
LSHADE,11,30,2029,18588.40026163986
LSHADE,11,30,2030,18169.424566842616
LSHADE,11,30,2031,6120.606027979304
LSHADE,11,30,2032,12083.97497531278
LSHADE,11,30,2033,10773.906203517545
LSHADE,11,30,2034,44763.31904933338
LSHADE,11,30,2035,51423.93444426849
LSHADE,11,30,2036,34179.45237548541
LSHADE,11,30,2037,11023.038994218208
LSHADE,11,30,2038,4686.262797414416
LSHADE,11,30,2039,18715.00975881366
LSHADE,11,30,2040,9069.924855224028
LSHADE,11,30,2041,23445.767556955878
LSHADE,11,30,2042,3800.9231027326596
LSHADE,11,30,2043,9497.602962539706
LSHADE,11,30,2044,27330.15687398795
LSHADE,11,30,2045,23369.352140955034
LSHADE,11,30,2046,5747.934564757404
LSHADE,11,30,2047,34560.10710429415
LSHADE,11,30,2048,15137.119706892798
LSHADE,11,30,2049,5092.650637468372
LSHADE,11,30,2050,76764.718042572
LSHADE,11,30,2051,14981.054428021847
LSHADE,11,30,2052,22910.14379682765
LSHADE,11,30,2053,12676.20179026694
LSHADE,11,30,2054,23806.739894130762
LSHADE,11,30,2055,43892.45382774474
ABMO,12,30,2026,41457.779468680164
ABMO,12,30,2027,20869.903216549388
ABMO,12,30,2028,59738993.68739848
ABMO,12,30,2029,46222.098840852734
ABMO,12,30,2030,40381.05413697472
ABMO,12,30,2031,19967.968129725276
ABMO,12,30,2032,39506.92617867552
ABMO,12,30,2033,59741451.811844744
ABMO,12,30,2034,52850.4069345871
ABMO,12,30,2035,26597.16876797069
ABMO,12,30,2036,50464.204943177756
ABMO,12,30,2037,17785.858591680517
ABMO,12,30,2038,314857.00540870416
ABMO,12,30,2039,29861.15991020651
ABMO,12,30,2040,75260526.11855204
ABMO,12,30,2041,232120.3990773608
ABMO,12,30,2042,338458.2329499857
ABMO,12,30,2043,19743.97790671684
ABMO,12,30,2044,37427.25705145288
ABMO,12,30,2045,50077.67384014352
ABMO,12,30,2046,31583.52051639197
ABMO,12,30,2047,36117.86941743241
ABMO,12,30,2048,182468.53887920617
ABMO,12,30,2049,372313.48845201335
ABMO,12,30,2050,69808.56082852717
ABMO,12,30,2051,47676.892719773736
ABMO,12,30,2052,40093.83220072637
ABMO,12,30,2053,71950.22630326434
ABMO,12,30,2054,30525.21766136185
ABMO,12,30,2055,63578.748165826386
AS-ABMO,12,30,2026,29003.534096973362
AS-ABMO,12,30,2027,22112.818828713076
AS-ABMO,12,30,2028,31461.71584688802
AS-ABMO,12,30,2029,31166.59297163095
AS-ABMO,12,30,2030,314010.39870189806
AS-ABMO,12,30,2031,300716.1801946537
AS-ABMO,12,30,2032,18473.639249338208
AS-ABMO,12,30,2033,3097.989810379677
AS-ABMO,12,30,2034,3687.359109181953
AS-ABMO,12,30,2035,12030.726282330277
AS-ABMO,12,30,2036,29193.128729133263
AS-ABMO,12,30,2037,3450.678587956768
AS-ABMO,12,30,2038,2996.2293722106924
AS-ABMO,12,30,2039,8422.073740238879
AS-ABMO,12,30,2040,25412.947412118505
AS-ABMO,12,30,2041,2034.9718600141282
AS-ABMO,12,30,2042,5435.386732756247
AS-ABMO,12,30,2043,7677.165984472182
AS-ABMO,12,30,2044,17636.422493592338
AS-ABMO,12,30,2045,5384.303420342108
AS-ABMO,12,30,2046,3872.82120518753
AS-ABMO,12,30,2047,18598.157088703276
AS-ABMO,12,30,2048,45163.57255320024
AS-ABMO,12,30,2049,33676.8186446608
AS-ABMO,12,30,2050,1489.008917369781
AS-ABMO,12,30,2051,16340.697561859122
AS-ABMO,12,30,2052,5570.344587137301
AS-ABMO,12,30,2053,34164.624160545514
AS-ABMO,12,30,2054,9254.122167921374
AS-ABMO,12,30,2055,16728.941028768062
RUN,12,30,2026,685337310.1846626
RUN,12,30,2027,2145835398.411298
RUN,12,30,2028,2404124807.919304
RUN,12,30,2029,2743360312.5032663
RUN,12,30,2030,1188474823.1748695
RUN,12,30,2031,934730796.9253215
RUN,12,30,2032,1965071372.8284907
RUN,12,30,2033,1690281165.6300743
RUN,12,30,2034,1030526058.6921252
RUN,12,30,2035,2456835350.4852815
RUN,12,30,2036,2946602450.379378
RUN,12,30,2037,1575612675.2193465
RUN,12,30,2038,1121370112.620997
RUN,12,30,2039,1359988608.431574
RUN,12,30,2040,2485570370.6022243
RUN,12,30,2041,823708680.9161763
RUN,12,30,2042,1793223049.5956483
RUN,12,30,2043,1072481788.1059183
RUN,12,30,2044,1636599993.6158266
RUN,12,30,2045,1639484075.6511884
RUN,12,30,2046,2205898105.239493
RUN,12,30,2047,2484987422.674341
RUN,12,30,2048,2163037449.858808
RUN,12,30,2049,899745055.301579
RUN,12,30,2050,980027095.4461006
RUN,12,30,2051,1974791474.2982235
RUN,12,30,2052,3327183165.8485937
RUN,12,30,2053,2004493630.668294
RUN,12,30,2054,3106913691.6516156
RUN,12,30,2055,3388804995.7948546
GWO,12,30,2026,309720881.7144388
GWO,12,30,2027,206027089.07587156
GWO,12,30,2028,177336797.38012746
GWO,12,30,2029,292822380.831503
GWO,12,30,2030,169398003.46161807
GWO,12,30,2031,414356120.5610477
GWO,12,30,2032,237048780.46139225
GWO,12,30,2033,267962038.6406919
GWO,12,30,2034,208185779.14610934
GWO,12,30,2035,299875162.99075735
GWO,12,30,2036,120682080.61023532
GWO,12,30,2037,162890800.25887233
GWO,12,30,2038,256577749.5840339
GWO,12,30,2039,502522371.843784
GWO,12,30,2040,396743159.3196263
GWO,12,30,2041,218866520.89318553
GWO,12,30,2042,306536178.6885089
GWO,12,30,2043,110529946.25199199
GWO,12,30,2044,343939386.8113354
GWO,12,30,2045,342548747.40678185
GWO,12,30,2046,172422729.29648018
GWO,12,30,2047,319958298.6530244
GWO,12,30,2048,153398564.00973493
GWO,12,30,2049,186248115.29805982
GWO,12,30,2050,297337713.0348531
GWO,12,30,2051,385800794.8281183
GWO,12,30,2052,274944317.6049562
GWO,12,30,2053,315032351.590574
GWO,12,30,2054,119633316.47338009
GWO,12,30,2055,330530084.9651251
WOA,12,30,2026,224010050.05869144
WOA,12,30,2027,933964044.599286
WOA,12,30,2028,441746596.9096767
WOA,12,30,2029,168808893.42051134
WOA,12,30,2030,825019393.7030326
WOA,12,30,2031,2435865242.941286
WOA,12,30,2032,437227254.1547391
WOA,12,30,2033,57999594.6607598
WOA,12,30,2034,55918270.98177859
WOA,12,30,2035,208320637.37039387
WOA,12,30,2036,1054802352.574108
WOA,12,30,2037,1151338425.387661
WOA,12,30,2038,56827581.90528823
WOA,12,30,2039,637591376.9356695
WOA,12,30,2040,177431209.07216355
WOA,12,30,2041,24030488.26887167
WOA,12,30,2042,46600040.37977528
WOA,12,30,2043,26801985.721914545
WOA,12,30,2044,212590116.70323372
WOA,12,30,2045,9442842.8744621
WOA,12,30,2046,276215478.2858442
WOA,12,30,2047,167059960.81633633
WOA,12,30,2048,1048423786.5877315
WOA,12,30,2049,1074376239.3672616
WOA,12,30,2050,1381123350.6245413
WOA,12,30,2051,114767461.6199004
WOA,12,30,2052,384160707.3309835
WOA,12,30,2053,30088726.373574205
WOA,12,30,2054,296282996.4756591
WOA,12,30,2055,343493863.4106864
HHO,12,30,2026,1450684774.6411796
HHO,12,30,2027,966657389.43571
HHO,12,30,2028,836109111.53009
HHO,12,30,2029,1494941900.8042054
HHO,12,30,2030,2718801789.672126
HHO,12,30,2031,389853216.00300044
HHO,12,30,2032,1205451907.2651186
HHO,12,30,2033,190155755.5035126
HHO,12,30,2034,1299211396.9319115
HHO,12,30,2035,182516800.05636716
HHO,12,30,2036,930611861.9486445
HHO,12,30,2037,416737170.1029302
HHO,12,30,2038,853924092.5832732
HHO,12,30,2039,498014693.62366855
HHO,12,30,2040,1590970157.3506095
HHO,12,30,2041,396523842.2637918
HHO,12,30,2042,1176861086.1143801
HHO,12,30,2043,117469722.32125984
HHO,12,30,2044,1738356674.4088645
HHO,12,30,2045,409189257.0648038
HHO,12,30,2046,286528009.3094472
HHO,12,30,2047,2241694674.154865
HHO,12,30,2048,451688430.8459441
HHO,12,30,2049,556778847.3236293
HHO,12,30,2050,318660836.025542
HHO,12,30,2051,777134124.6979591
HHO,12,30,2052,1086727094.6598444
HHO,12,30,2053,2013648044.3273976
HHO,12,30,2054,1709245703.659276
HHO,12,30,2055,423954125.9935207
SCA,12,30,2026,2379644564.2395267
SCA,12,30,2027,2742611721.4208784
SCA,12,30,2028,3128270541.179358
SCA,12,30,2029,3392296009.9708333
SCA,12,30,2030,1379104244.456854
SCA,12,30,2031,3030685650.0696135
SCA,12,30,2032,2288829954.7151427
SCA,12,30,2033,2913067797.3181243
SCA,12,30,2034,2710657194.067388
SCA,12,30,2035,2341609941.71555
SCA,12,30,2036,2438496842.2861733
SCA,12,30,2037,2697142315.7911468
SCA,12,30,2038,964851573.956349
SCA,12,30,2039,2903660273.166397
SCA,12,30,2040,3177590115.3692274
SCA,12,30,2041,1605926180.8724236
SCA,12,30,2042,2783249673.5021434
SCA,12,30,2043,2931723303.7657385
SCA,12,30,2044,1229098715.8453429
SCA,12,30,2045,2093100096.7512484
SCA,12,30,2046,1245980278.7377393
SCA,12,30,2047,2467631082.0623226
SCA,12,30,2048,3017786971.2132545
SCA,12,30,2049,2092658189.0205054
SCA,12,30,2050,1828029682.2891042
SCA,12,30,2051,2173817378.943273
SCA,12,30,2052,3782587151.6859617
SCA,12,30,2053,2614260958.3413076
SCA,12,30,2054,1892097373.2965589
SCA,12,30,2055,1919100313.6412106
LSHADE,12,30,2026,4554.090249023739
LSHADE,12,30,2027,10064.115473046559
LSHADE,12,30,2028,10923.602294685008
LSHADE,12,30,2029,10728.297596851313
LSHADE,12,30,2030,11243.278013055564
LSHADE,12,30,2031,10127.992572281642
LSHADE,12,30,2032,9721.45249516126
LSHADE,12,30,2033,7859.731073177278
LSHADE,12,30,2034,14466.14888244903
LSHADE,12,30,2035,2579.39810923303
LSHADE,12,30,2036,10497.352340858186
LSHADE,12,30,2037,7548.379893952183
LSHADE,12,30,2038,3252.7282367648504
LSHADE,12,30,2039,1430.9702118542548
LSHADE,12,30,2040,2702.4898136694583
LSHADE,12,30,2041,1588.9027545842534
LSHADE,12,30,2042,2233.1561383211324
LSHADE,12,30,2043,7586.7821590487665
LSHADE,12,30,2044,1632.8297575018669
LSHADE,12,30,2045,2838.0231076476325
LSHADE,12,30,2046,19894.612760503936
LSHADE,12,30,2047,12874.907859192514
LSHADE,12,30,2048,7714.079568962887
LSHADE,12,30,2049,2572.6817472189578
LSHADE,12,30,2050,7601.05717218445
LSHADE,12,30,2051,11587.821850169856
LSHADE,12,30,2052,1795.8846872875329
LSHADE,12,30,2053,7115.309016569713
LSHADE,12,30,2054,1751.371370975975
LSHADE,12,30,2055,7426.922005946814
ABMO,13,30,2026,108000.50136486943
ABMO,13,30,2027,31265.747801712314
ABMO,13,30,2028,928479.4301437975
ABMO,13,30,2029,130764.26953444978
ABMO,13,30,2030,390023.7234942642
ABMO,13,30,2031,184579.50990585133
ABMO,13,30,2032,423638.63000700367
ABMO,13,30,2033,151420.64654575882
ABMO,13,30,2034,240218.98393613676
ABMO,13,30,2035,156911.13103811495
ABMO,13,30,2036,303919.199525946
ABMO,13,30,2037,283413.22174623393
ABMO,13,30,2038,180365.38895648037
ABMO,13,30,2039,127331.90235240874
ABMO,13,30,2040,63614.45302240845
ABMO,13,30,2041,63438.45032556272
ABMO,13,30,2042,69551.97066714635
ABMO,13,30,2043,567272.7578140686
ABMO,13,30,2044,283370.7311289166
ABMO,13,30,2045,349976.4764559386
ABMO,13,30,2046,284525.6463208185
ABMO,13,30,2047,185223.2482251384
ABMO,13,30,2048,371302.35619883484
ABMO,13,30,2049,202708.75314032586
ABMO,13,30,2050,42715.66829317411
ABMO,13,30,2051,77784.81826491491
ABMO,13,30,2052,35020.65695952157
ABMO,13,30,2053,238624.7218279644
ABMO,13,30,2054,90527.27659233475
ABMO,13,30,2055,690277.5073058499
AS-ABMO,13,30,2026,100812.9029334762
AS-ABMO,13,30,2027,238317.9928081028
AS-ABMO,13,30,2028,330458.6100452059
AS-ABMO,13,30,2029,79214.94333306377
AS-ABMO,13,30,2030,360587.21280620043
AS-ABMO,13,30,2031,441012.0340198827
AS-ABMO,13,30,2032,21297.36259487566
AS-ABMO,13,30,2033,34507.48478025574
AS-ABMO,13,30,2034,258437.5424308868
AS-ABMO,13,30,2035,19736.43398362734
AS-ABMO,13,30,2036,489786.39887909725
AS-ABMO,13,30,2037,78387.93480891938
AS-ABMO,13,30,2038,50977.962963116544
AS-ABMO,13,30,2039,361887.0702772965
AS-ABMO,13,30,2040,166785.59825748828
AS-ABMO,13,30,2041,292608.67680581374
AS-ABMO,13,30,2042,21846.337605121567
AS-ABMO,13,30,2043,202580.6036718625
AS-ABMO,13,30,2044,383712.86785559705
AS-ABMO,13,30,2045,56243.19082230086
AS-ABMO,13,30,2046,139197.088780292
AS-ABMO,13,30,2047,27106.047420705276
AS-ABMO,13,30,2048,75713.56634145776
AS-ABMO,13,30,2049,192447.59404617752
AS-ABMO,13,30,2050,115282.0204667559
AS-ABMO,13,30,2051,237014.5760491133
AS-ABMO,13,30,2052,31288.532286898586
AS-ABMO,13,30,2053,313333.4805286498
AS-ABMO,13,30,2054,97306.99214415245
AS-ABMO,13,30,2055,165891.9034748787
RUN,13,30,2026,1841113.1506079398
RUN,13,30,2027,4955295.062370188
RUN,13,30,2028,1368931.995672087
RUN,13,30,2029,2013740.9348497833
RUN,13,30,2030,3250002.721261363
RUN,13,30,2031,1170642.3550950391
RUN,13,30,2032,352285.15654534154
RUN,13,30,2033,1424949.426266861
RUN,13,30,2034,6551579.365592625
RUN,13,30,2035,1020754.1684828601
RUN,13,30,2036,1038043.6430766791
RUN,13,30,2037,2211408.3303226205
RUN,13,30,2038,5594796.524901713
RUN,13,30,2039,925703.1795807559
RUN,13,30,2040,1219542.0354401497
RUN,13,30,2041,5570997.7585172765
RUN,13,30,2042,2913491.2448413153
RUN,13,30,2043,975811.7793204196
RUN,13,30,2044,3371189.2733239075
RUN,13,30,2045,3527420.194694494
RUN,13,30,2046,3217251.8837247053
RUN,13,30,2047,1078238.420972328
RUN,13,30,2048,4856705.244419805
RUN,13,30,2049,1233246.3778591014
RUN,13,30,2050,6955197.793280616
RUN,13,30,2051,1488930.4145044351
RUN,13,30,2052,1811285.652679371
RUN,13,30,2053,2173972.5369483833
RUN,13,30,2054,3985146.174359562
RUN,13,30,2055,3118048.808807132
GWO,13,30,2026,780884.0124159562
GWO,13,30,2027,1559314.2281776743
GWO,13,30,2028,1823317.9306792845
GWO,13,30,2029,863385.0854752716
GWO,13,30,2030,420347.97620076174
GWO,13,30,2031,1640281.2049907206
GWO,13,30,2032,367838.64004478045
GWO,13,30,2033,632701.0644105542
GWO,13,30,2034,1552855.2372950988
GWO,13,30,2035,715778.728214029
GWO,13,30,2036,1878143.6507449527
GWO,13,30,2037,846652.8980917487
GWO,13,30,2038,807526.397050045
GWO,13,30,2039,794546.4297608286
GWO,13,30,2040,289297.0743293061
GWO,13,30,2041,754433.0342214126
GWO,13,30,2042,1424956.1035698266
GWO,13,30,2043,483642.7999887493
GWO,13,30,2044,1028623.193208874
GWO,13,30,2045,978281.4491674723
GWO,13,30,2046,932273.1001232852
GWO,13,30,2047,1966154.6454925183
GWO,13,30,2048,201855.31719106366
GWO,13,30,2049,516869.329491634
GWO,13,30,2050,371732.5328210279
GWO,13,30,2051,660452.1280566277
GWO,13,30,2052,288573.4182244579
GWO,13,30,2053,329139.086835572
GWO,13,30,2054,1163985.1365998916
GWO,13,30,2055,537924.7109395907
WOA,13,30,2026,2700261.6949810954
WOA,13,30,2027,1094713.39870203
WOA,13,30,2028,236246.87810892993
WOA,13,30,2029,2332215.493725776
WOA,13,30,2030,958247.0173057443
WOA,13,30,2031,305888.07094259607
WOA,13,30,2032,1347164.1419427437
WOA,13,30,2033,242349.46965475057
WOA,13,30,2034,1521775.8955398072
WOA,13,30,2035,417885.2993740792
WOA,13,30,2036,4507582.224348959
WOA,13,30,2037,2202238.7091762666
WOA,13,30,2038,3900340.0180282155
WOA,13,30,2039,725551.020767982
WOA,13,30,2040,223042.54077581683
WOA,13,30,2041,898793.5827247604
WOA,13,30,2042,682803.7722376549
WOA,13,30,2043,2352635.5181215224
WOA,13,30,2044,701928.4077004569
WOA,13,30,2045,1967694.298086242
WOA,13,30,2046,723593.5861504491
WOA,13,30,2047,896070.9026642577
WOA,13,30,2048,423831.14509276126
WOA,13,30,2049,2572747.788598991
WOA,13,30,2050,2108107.567385202
WOA,13,30,2051,2537579.1575815394
WOA,13,30,2052,132233.75866101336
WOA,13,30,2053,3669821.4470859296
WOA,13,30,2054,991147.3081495343
WOA,13,30,2055,293642.8514880864
HHO,13,30,2026,17207105.039294362
HHO,13,30,2027,3589203.2346918364
HHO,13,30,2028,6283223.917124905
HHO,13,30,2029,5655222.964351065
HHO,13,30,2030,688586.654777664
HHO,13,30,2031,2949020.4533220627
HHO,13,30,2032,11842941.733850136
HHO,13,30,2033,11045713.471942255
HHO,13,30,2034,5957744.260814426
HHO,13,30,2035,299760.84082330123
HHO,13,30,2036,14711655.274172278
HHO,13,30,2037,15841304.175207151
HHO,13,30,2038,569047.2120667177
HHO,13,30,2039,3546874.111713236
HHO,13,30,2040,1481281.5398392198
HHO,13,30,2041,9800942.696070645
HHO,13,30,2042,1450768.6212529063
HHO,13,30,2043,305611.7832740643
HHO,13,30,2044,8852995.554586597
HHO,13,30,2045,6150855.425005932
HHO,13,30,2046,1992829.8247829247
HHO,13,30,2047,2570127.6511322074
HHO,13,30,2048,2190627.078609544
HHO,13,30,2049,10418441.212136293
HHO,13,30,2050,5177781.367205363
HHO,13,30,2051,5316152.127175524
HHO,13,30,2052,141700.5453849859
HHO,13,30,2053,543532.9643566988
HHO,13,30,2054,2380494.8817760786
HHO,13,30,2055,8241448.64385961
SCA,13,30,2026,2150523.076721925
SCA,13,30,2027,2050846.3067983745
SCA,13,30,2028,2931489.7360453205
SCA,13,30,2029,4989257.078338613
SCA,13,30,2030,5257438.207200405
SCA,13,30,2031,2853648.104619991
SCA,13,30,2032,1430012.8772575147
SCA,13,30,2033,2320413.901292223
SCA,13,30,2034,2714903.3101442857
SCA,13,30,2035,1501709.747442076
SCA,13,30,2036,2367981.0361922546
SCA,13,30,2037,5031892.34144541
SCA,13,30,2038,3666119.3289901214
SCA,13,30,2039,2564924.8709846437
SCA,13,30,2040,3817438.6151783913
SCA,13,30,2041,5574191.603094546
SCA,13,30,2042,4178768.700857666
SCA,13,30,2043,4102690.900298428
SCA,13,30,2044,2376983.18411775
SCA,13,30,2045,2923158.1944805253
SCA,13,30,2046,4445622.066548726
SCA,13,30,2047,8367179.981609373
SCA,13,30,2048,2936531.723254059
SCA,13,30,2049,3390484.8561771605
SCA,13,30,2050,4206688.887683537
SCA,13,30,2051,5537997.783176498
SCA,13,30,2052,1534992.535307157
SCA,13,30,2053,6573647.931107095
SCA,13,30,2054,3990937.6759225638
SCA,13,30,2055,1453552.0616780277
LSHADE,13,30,2026,12324.404775214074
LSHADE,13,30,2027,24706.674256578423
LSHADE,13,30,2028,20176.72726392385
LSHADE,13,30,2029,6674.146075945546
LSHADE,13,30,2030,13505.549131025116
LSHADE,13,30,2031,38201.02595558819
LSHADE,13,30,2032,24045.623824945935
LSHADE,13,30,2033,10111.022451476401
LSHADE,13,30,2034,11589.406681835168
LSHADE,13,30,2035,44512.42464225861
LSHADE,13,30,2036,8674.270898887164
LSHADE,13,30,2037,21806.87993287156
LSHADE,13,30,2038,25318.70096878612
LSHADE,13,30,2039,24415.918543036827
LSHADE,13,30,2040,10946.18643083057
LSHADE,13,30,2041,9369.92185501924
LSHADE,13,30,2042,5816.562903129654
LSHADE,13,30,2043,6490.098683563798
LSHADE,13,30,2044,7559.909328685456
LSHADE,13,30,2045,11661.98044341504
LSHADE,13,30,2046,18499.23406195006
LSHADE,13,30,2047,5083.71826721801
LSHADE,13,30,2048,14286.274946706326
LSHADE,13,30,2049,8609.452379196066
LSHADE,13,30,2050,28575.025606926112
LSHADE,13,30,2051,12909.476021314464
LSHADE,13,30,2052,8899.190872378866
LSHADE,13,30,2053,4319.927768962503
LSHADE,13,30,2054,2399.2625529778593
LSHADE,13,30,2055,10262.31326643432
ABMO,14,30,2026,81687.12485039244
ABMO,14,30,2027,184333.53722661498
ABMO,14,30,2028,68656.76969642835
ABMO,14,30,2029,89427.58602975309
ABMO,14,30,2030,20321.744052334005
ABMO,14,30,2031,99611.12588451194
ABMO,14,30,2032,32201.00814468435
ABMO,14,30,2033,59027.45704667339
ABMO,14,30,2034,60751.4216023146
ABMO,14,30,2035,11387.599607097185
ABMO,14,30,2036,90692.16588511142
ABMO,14,30,2037,27316.751223556406
ABMO,14,30,2038,50519.401157839064
ABMO,14,30,2039,96505.84298443244
ABMO,14,30,2040,113871.02201626525
ABMO,14,30,2041,97124.96461358515
ABMO,14,30,2042,109056.86679876596
ABMO,14,30,2043,43308.25716456804
ABMO,14,30,2044,17175.055969377318
ABMO,14,30,2045,103337.3437867441
ABMO,14,30,2046,74402.52393518198
ABMO,14,30,2047,60796.76990233558
ABMO,14,30,2048,57335.163655934804
ABMO,14,30,2049,62592.07786977121
ABMO,14,30,2050,35033.03048984787
ABMO,14,30,2051,62157.10825156718
ABMO,14,30,2052,31405.684121784838
ABMO,14,30,2053,105568.29218447732
ABMO,14,30,2054,135646.873731182
ABMO,14,30,2055,27257.484479105977
AS-ABMO,14,30,2026,64886.7302648542
AS-ABMO,14,30,2027,32900.615379941184
AS-ABMO,14,30,2028,21741.590970936733
AS-ABMO,14,30,2029,8945.920826809037
AS-ABMO,14,30,2030,18852.22146499451
AS-ABMO,14,30,2031,26855.037118633565
AS-ABMO,14,30,2032,19294.603564265333
AS-ABMO,14,30,2033,58980.96553433178
AS-ABMO,14,30,2034,65635.46166876079
AS-ABMO,14,30,2035,21034.502570825727
AS-ABMO,14,30,2036,77058.91276406936
AS-ABMO,14,30,2037,9253.684210969892
AS-ABMO,14,30,2038,10938.748627419815
AS-ABMO,14,30,2039,34060.16415337967
AS-ABMO,14,30,2040,38696.82202521403
AS-ABMO,14,30,2041,32032.53248014005
AS-ABMO,14,30,2042,66686.239115006
AS-ABMO,14,30,2043,23516.228725313173
AS-ABMO,14,30,2044,38233.96440130666
AS-ABMO,14,30,2045,23580.30756569783
AS-ABMO,14,30,2046,17282.83185844916
AS-ABMO,14,30,2047,41417.031909889985
AS-ABMO,14,30,2048,56488.196632867315
AS-ABMO,14,30,2049,57942.62825555479
AS-ABMO,14,30,2050,15661.547992569136
AS-ABMO,14,30,2051,50241.98860757157
AS-ABMO,14,30,2052,27969.322305539958
AS-ABMO,14,30,2053,35458.41246316735
AS-ABMO,14,30,2054,14052.756281999396
AS-ABMO,14,30,2055,67786.49969430987
RUN,14,30,2026,392448589.85054505
RUN,14,30,2027,590789284.0571258
RUN,14,30,2028,446420711.3479312
RUN,14,30,2029,55200251.43318456
RUN,14,30,2030,521159342.7377968
RUN,14,30,2031,462886381.9065409
RUN,14,30,2032,80039967.99891357
RUN,14,30,2033,228910809.38541132
RUN,14,30,2034,539740060.104399
RUN,14,30,2035,271059127.47386783
RUN,14,30,2036,614551353.743331
RUN,14,30,2037,753471249.1069341
RUN,14,30,2038,243230774.4090172
RUN,14,30,2039,121287364.14674367
RUN,14,30,2040,901760402.507562
RUN,14,30,2041,893593355.214783
RUN,14,30,2042,576394481.8149683
RUN,14,30,2043,313681188.3228586
RUN,14,30,2044,631685908.8114386
RUN,14,30,2045,349874949.20215917
RUN,14,30,2046,409021206.28100926
RUN,14,30,2047,249773677.89301017
RUN,14,30,2048,710171498.7054921
RUN,14,30,2049,362103095.78709066
RUN,14,30,2050,182538941.2992455
RUN,14,30,2051,233069662.14777488
RUN,14,30,2052,97624824.69334891
RUN,14,30,2053,785435699.5013539
RUN,14,30,2054,721302407.8284088
RUN,14,30,2055,731767597.1607214
GWO,14,30,2026,41420293.126867704
GWO,14,30,2027,31789878.565867275
GWO,14,30,2028,83933462.531934
GWO,14,30,2029,22240250.338007424
GWO,14,30,2030,46802052.36316617
GWO,14,30,2031,60827527.07322391
GWO,14,30,2032,40322104.4350081
GWO,14,30,2033,63246933.50711206
GWO,14,30,2034,58720107.39574918
GWO,14,30,2035,70178579.36750951
GWO,14,30,2036,88932402.38357222
GWO,14,30,2037,17674530.3882878
GWO,14,30,2038,31174145.524007503
GWO,14,30,2039,76827559.48565325
GWO,14,30,2040,55070170.16573965
GWO,14,30,2041,45373522.24779882
GWO,14,30,2042,54947887.11027364
GWO,14,30,2043,48478626.78716523
GWO,14,30,2044,38326648.4410253
GWO,14,30,2045,55114072.469225496
GWO,14,30,2046,61704679.72717102
GWO,14,30,2047,61825645.975688994
GWO,14,30,2048,31386498.333026037
GWO,14,30,2049,45458137.761872366
GWO,14,30,2050,42846294.908105016
GWO,14,30,2051,28920151.51431191
GWO,14,30,2052,93931755.8874948
GWO,14,30,2053,61549677.25674259
GWO,14,30,2054,96773518.19732505
GWO,14,30,2055,41077693.7462305
WOA,14,30,2026,142028210.86111018
WOA,14,30,2027,60451778.00288228
WOA,14,30,2028,7750821.180665803
WOA,14,30,2029,7170486.234994104
WOA,14,30,2030,1088494.9811362675
WOA,14,30,2031,785961781.7393444
WOA,14,30,2032,17052514.311725948
WOA,14,30,2033,410707.2732284729
WOA,14,30,2034,416382822.6070923
WOA,14,30,2035,916628.9189983141
WOA,14,30,2036,84886945.50201179
WOA,14,30,2037,42503370.28959859
WOA,14,30,2038,1069405946.165616
WOA,14,30,2039,4833241.779320089
WOA,14,30,2040,26967097.594573095
WOA,14,30,2041,440934316.1154878
WOA,14,30,2042,136076343.64540705
WOA,14,30,2043,2134077.3751752987
WOA,14,30,2044,2695803.4391288194
WOA,14,30,2045,5384158.256683322
WOA,14,30,2046,81900708.91420779
WOA,14,30,2047,15507999.572756901
WOA,14,30,2048,12711465.018068343
WOA,14,30,2049,33970291.03968527
WOA,14,30,2050,25957094.44938229
WOA,14,30,2051,596022.7893867611
WOA,14,30,2052,21492909.707078192
WOA,14,30,2053,22294526.942615557
WOA,14,30,2054,709558.3484641074
WOA,14,30,2055,54268396.87391517
HHO,14,30,2026,382383282.4347047
HHO,14,30,2027,342967462.5342634
HHO,14,30,2028,123624830.66967058
HHO,14,30,2029,371186596.2500351
HHO,14,30,2030,24195291.469168395
HHO,14,30,2031,318318183.16689783
HHO,14,30,2032,331830843.2268216
HHO,14,30,2033,56192326.696305
HHO,14,30,2034,206874083.9283054
HHO,14,30,2035,701133640.0796323
HHO,14,30,2036,253229962.8837984
HHO,14,30,2037,35828907.97445193
HHO,14,30,2038,133524686.5255057
HHO,14,30,2039,95856863.74050777
HHO,14,30,2040,346139631.29673123
HHO,14,30,2041,39600435.08500983
HHO,14,30,2042,231949867.32013467
HHO,14,30,2043,38494793.74165251
HHO,14,30,2044,271476624.5087175
HHO,14,30,2045,12919467.935969373
HHO,14,30,2046,423330262.33107734
HHO,14,30,2047,405291670.7528941
HHO,14,30,2048,118603204.93052015
HHO,14,30,2049,167522192.64162382
HHO,14,30,2050,387200103.2750724
HHO,14,30,2051,279649308.1231926
HHO,14,30,2052,84308596.87831393
HHO,14,30,2053,340751777.9732013
HHO,14,30,2054,54023679.211471505
HHO,14,30,2055,104237399.53824887
SCA,14,30,2026,428446162.5999341
SCA,14,30,2027,740409145.6741784
SCA,14,30,2028,1056590451.076109
SCA,14,30,2029,857072883.1288979
SCA,14,30,2030,1640253018.2929225
SCA,14,30,2031,587014908.5737791
SCA,14,30,2032,1192124968.0539303
SCA,14,30,2033,1311250604.351241
SCA,14,30,2034,1261339910.0914955
SCA,14,30,2035,1311692330.1291652
SCA,14,30,2036,1078985418.884892
SCA,14,30,2037,1349508249.9666584
SCA,14,30,2038,729028864.8605325
SCA,14,30,2039,1375686276.1475463
SCA,14,30,2040,1604295957.0449815
SCA,14,30,2041,1240576175.3132057
SCA,14,30,2042,1223766627.3624535
SCA,14,30,2043,497065642.60954434
SCA,14,30,2044,530387025.6951754
SCA,14,30,2045,1057635989.189371
SCA,14,30,2046,1394180740.08351
SCA,14,30,2047,738260659.6250505
SCA,14,30,2048,831792881.763583
SCA,14,30,2049,1103615887.976604
SCA,14,30,2050,512974048.9084147
SCA,14,30,2051,1084196682.1614425
SCA,14,30,2052,341636462.6556215
SCA,14,30,2053,1238596838.1109662
SCA,14,30,2054,1528691243.7329645
SCA,14,30,2055,439666930.206936
LSHADE,14,30,2026,17359.764058502275
LSHADE,14,30,2027,16385.34352192261
LSHADE,14,30,2028,22627.613835235075
LSHADE,14,30,2029,16059.568501851189
LSHADE,14,30,2030,12630.947903375229
LSHADE,14,30,2031,6154.422668888442
LSHADE,14,30,2032,7959.225964595973
LSHADE,14,30,2033,32060.098566303266
LSHADE,14,30,2034,37258.2905171203
LSHADE,14,30,2035,6861.962733385504
LSHADE,14,30,2036,16983.153900897763
LSHADE,14,30,2037,12285.11502784578
LSHADE,14,30,2038,16675.02739076764
LSHADE,14,30,2039,14112.752813013145
LSHADE,14,30,2040,17130.089657912085
LSHADE,14,30,2041,4428.4486999497
LSHADE,14,30,2042,13648.256361624271
LSHADE,14,30,2043,17069.24477660291
LSHADE,14,30,2044,6418.7645876254055
LSHADE,14,30,2045,9742.712082775262
LSHADE,14,30,2046,3199.394614722082
LSHADE,14,30,2047,8588.892020563737
LSHADE,14,30,2048,16566.45945234164
LSHADE,14,30,2049,17204.3814934717
LSHADE,14,30,2050,10754.618374055612
LSHADE,14,30,2051,5006.196949974959
LSHADE,14,30,2052,12170.561143854296
LSHADE,14,30,2053,11287.777501715302
LSHADE,14,30,2054,16036.100599619394
LSHADE,14,30,2055,18150.354830226308
ABMO,15,30,2026,75193.8751720349
ABMO,15,30,2027,3221.66352277327
ABMO,15,30,2028,2146.601292055963
ABMO,15,30,2029,6267623.840292299
ABMO,15,30,2030,125575.91717470084
ABMO,15,30,2031,11754.14841627634
ABMO,15,30,2032,2884.06102307895
ABMO,15,30,2033,2578.641883146437
ABMO,15,30,2034,20184.451592099962
ABMO,15,30,2035,33413.254878920874
ABMO,15,30,2036,24481.60842526454
ABMO,15,30,2037,22997.15130377593
ABMO,15,30,2038,28580.62055982608
ABMO,15,30,2039,2377.151427774096
ABMO,15,30,2040,5259.1429275522705
ABMO,15,30,2041,67619.84469562673
ABMO,15,30,2042,3185.079060944964
ABMO,15,30,2043,29376.96743182509
ABMO,15,30,2044,1977.9691721830677
ABMO,15,30,2045,6280468.460317414
ABMO,15,30,2046,11186.380386917139
ABMO,15,30,2047,72515.47897475743
ABMO,15,30,2048,6003.305762049278
ABMO,15,30,2049,56553.42629695965
ABMO,15,30,2050,131693.03218040144
ABMO,15,30,2051,20228.012753320025
ABMO,15,30,2052,69447.22839669218
ABMO,15,30,2053,4087.5013322751693
ABMO,15,30,2054,3347.2118609337494
ABMO,15,30,2055,21864.569659646473
AS-ABMO,15,30,2026,19680.72741365293
AS-ABMO,15,30,2027,2426.7734435414623
AS-ABMO,15,30,2028,1548.6364965008872
AS-ABMO,15,30,2029,75070.32446757882
AS-ABMO,15,30,2030,1551.503863171512
AS-ABMO,15,30,2031,1968.647266074987
AS-ABMO,15,30,2032,73694.57071614388
AS-ABMO,15,30,2033,2248.957837145957
AS-ABMO,15,30,2034,7320.973581700437
AS-ABMO,15,30,2035,1728.5815415506104
AS-ABMO,15,30,2036,2172.063775578449
AS-ABMO,15,30,2037,2724.797837269007
AS-ABMO,15,30,2038,38343.52538957176
AS-ABMO,15,30,2039,24260.00245778315
AS-ABMO,15,30,2040,3721.5974637399263
AS-ABMO,15,30,2041,2375.970024857186
AS-ABMO,15,30,2042,2740.9089584468934
AS-ABMO,15,30,2043,2121.549458028119
AS-ABMO,15,30,2044,2019.7727236625826
AS-ABMO,15,30,2045,6998.724610550634
AS-ABMO,15,30,2046,2146.221236746667
AS-ABMO,15,30,2047,4698.741678941591
AS-ABMO,15,30,2048,2811.808309098044
AS-ABMO,15,30,2049,4717.089252225579
AS-ABMO,15,30,2050,3262.292149298212
AS-ABMO,15,30,2051,43006.453576512315
AS-ABMO,15,30,2052,1564.4231387807365
AS-ABMO,15,30,2053,1729.649202337482
AS-ABMO,15,30,2054,2117.073296101361
AS-ABMO,15,30,2055,1850.8446760715044
RUN,15,30,2026,3037623.2231211527
RUN,15,30,2027,2327152.833213722
RUN,15,30,2028,8813757.291551776
RUN,15,30,2029,7765812.6297434885
RUN,15,30,2030,11838897.976554917
RUN,15,30,2031,5645523.510625744
RUN,15,30,2032,8332673.969301561
RUN,15,30,2033,1888966.2372602315
RUN,15,30,2034,7033070.425779334
RUN,15,30,2035,1862518.1513108232
RUN,15,30,2036,2984535.4121546685
RUN,15,30,2037,393758.2313498459
RUN,15,30,2038,6329441.690447329
RUN,15,30,2039,459777.6149153675
RUN,15,30,2040,2927754.4380509015
RUN,15,30,2041,2107187.8522268427
RUN,15,30,2042,5704725.490996263
RUN,15,30,2043,300014.77730307134
RUN,15,30,2044,9185336.165904837
RUN,15,30,2045,3239025.1060862504
RUN,15,30,2046,5084513.481530848
RUN,15,30,2047,23199350.683945466
RUN,15,30,2048,7609117.579233455
RUN,15,30,2049,1865919.6636523085
RUN,15,30,2050,15627240.37871774
RUN,15,30,2051,4473648.45491416
RUN,15,30,2052,4331348.791153021
RUN,15,30,2053,5639781.262806826
RUN,15,30,2054,3251004.690154792
RUN,15,30,2055,6186612.177639212
GWO,15,30,2026,2923496.3330528457
GWO,15,30,2027,1258360.858614525
GWO,15,30,2028,432022.56218175474
GWO,15,30,2029,2537874.8791560186
GWO,15,30,2030,778150.8146100708
GWO,15,30,2031,2750766.7105482295
GWO,15,30,2032,6270404.793976727
GWO,15,30,2033,1433137.9652661528
GWO,15,30,2034,5774311.527668967
GWO,15,30,2035,3260727.6582567585
GWO,15,30,2036,6691001.848536787
GWO,15,30,2037,2016265.4071959704
GWO,15,30,2038,5363202.779284013
GWO,15,30,2039,855812.4073959298
GWO,15,30,2040,4056320.0894360063
GWO,15,30,2041,557644.7597330981
GWO,15,30,2042,4504335.54680411
GWO,15,30,2043,589747.1231357162
GWO,15,30,2044,907170.9798164815
GWO,15,30,2045,8927915.741092302
GWO,15,30,2046,1702902.1595194954
GWO,15,30,2047,5492927.67035537
GWO,15,30,2048,767788.7637770323
GWO,15,30,2049,2022581.267030995
GWO,15,30,2050,5552761.837418745
GWO,15,30,2051,3094305.4509197315
GWO,15,30,2052,1502265.5767265274
GWO,15,30,2053,1474868.7452554961
GWO,15,30,2054,2649354.6420169133
GWO,15,30,2055,3733648.2114211693
WOA,15,30,2026,1217888.0699909262
WOA,15,30,2027,51761976.30400711
WOA,15,30,2028,6796056.359610404
WOA,15,30,2029,4184352.269700062
WOA,15,30,2030,2757075.555133112
WOA,15,30,2031,1151019.726860217
WOA,15,30,2032,2153058.771378442
WOA,15,30,2033,206569.56199942436
WOA,15,30,2034,1174425.6987593018
WOA,15,30,2035,910229.7463197748
WOA,15,30,2036,281954.16511726426
WOA,15,30,2037,156758.30540030132
WOA,15,30,2038,6487854.287530128
WOA,15,30,2039,269620.8950867753
WOA,15,30,2040,3078055.3777176235
WOA,15,30,2041,4073765.7675078884
WOA,15,30,2042,1526163.3125237194
WOA,15,30,2043,21317.34532982662
WOA,15,30,2044,2468398.828336903
WOA,15,30,2045,6093669.134927252
WOA,15,30,2046,526255.0571921834
WOA,15,30,2047,1784918.7773273443
WOA,15,30,2048,5521232.865551953
WOA,15,30,2049,1687459.5280806017
WOA,15,30,2050,7173671.802651906
WOA,15,30,2051,1569089.911073667
WOA,15,30,2052,1501535.4594282168
WOA,15,30,2053,8003168.563193067
WOA,15,30,2054,119356.00297717848
WOA,15,30,2055,173267.08198590373
HHO,15,30,2026,2969262.490540338
HHO,15,30,2027,1545306.3945934293
HHO,15,30,2028,8502130.387322167
HHO,15,30,2029,34354489.77512825
HHO,15,30,2030,2747294.1581877065
HHO,15,30,2031,20338500.188780066
HHO,15,30,2032,1450870.3820879022
HHO,15,30,2033,20662136.680182483
HHO,15,30,2034,2512969.5818172568
HHO,15,30,2035,2955187.5383704617
HHO,15,30,2036,10192003.206827909
HHO,15,30,2037,16420648.211701592
HHO,15,30,2038,4717005.009388277
HHO,15,30,2039,1687218.2355667367
HHO,15,30,2040,7751992.986696041
HHO,15,30,2041,312883.1180035643
HHO,15,30,2042,59974.64510281371
HHO,15,30,2043,10515030.252699783
HHO,15,30,2044,3243434.4440037305
HHO,15,30,2045,11851238.969157288
HHO,15,30,2046,1040179.9895056075
HHO,15,30,2047,14195279.570365999
HHO,15,30,2048,3570548.710616405
HHO,15,30,2049,957379.0881678567
HHO,15,30,2050,3289082.6742949164
HHO,15,30,2051,4097090.42783304
HHO,15,30,2052,1471033.9125625363
HHO,15,30,2053,7284175.226676644
HHO,15,30,2054,240203.41010966644
HHO,15,30,2055,1547622.1890437247
SCA,15,30,2026,16606219.538591214
SCA,15,30,2027,13960631.844770059
SCA,15,30,2028,16692351.070769781
SCA,15,30,2029,21090086.28084663
SCA,15,30,2030,59928447.93289186
SCA,15,30,2031,10760235.218170466
SCA,15,30,2032,4339091.804153719
SCA,15,30,2033,9738854.940042786
SCA,15,30,2034,20104111.10588742
SCA,15,30,2035,17982896.239716813
SCA,15,30,2036,33728211.52600507
SCA,15,30,2037,17998828.256363753
SCA,15,30,2038,18156774.59765249
SCA,15,30,2039,34550624.781572506
SCA,15,30,2040,14010610.896167222
SCA,15,30,2041,42385618.874998756
SCA,15,30,2042,22959580.558331177
SCA,15,30,2043,15102373.398979906
SCA,15,30,2044,9421060.144034613
SCA,15,30,2045,59671840.928561226
SCA,15,30,2046,24737805.006324418
SCA,15,30,2047,35378364.56033773
SCA,15,30,2048,4474624.589274458
SCA,15,30,2049,19031570.27027841
SCA,15,30,2050,40042929.573114485
SCA,15,30,2051,19700835.78236431
SCA,15,30,2052,12000504.67661222
SCA,15,30,2053,9470507.181903003
SCA,15,30,2054,16296699.927225651
SCA,15,30,2055,54384026.40806143
LSHADE,15,30,2026,2211.6352274476253
LSHADE,15,30,2027,1726.8546593888273
LSHADE,15,30,2028,2313.555936516199
LSHADE,15,30,2029,1930.1541255889542
LSHADE,15,30,2030,1509.4498052395845
LSHADE,15,30,2031,1511.3532370127753
LSHADE,15,30,2032,1776.9396470985569
LSHADE,15,30,2033,1562.4806520077138
LSHADE,15,30,2034,1729.353285668018
LSHADE,15,30,2035,1614.0290073151016
LSHADE,15,30,2036,1509.9370588736988
LSHADE,15,30,2037,1511.9360993327202
LSHADE,15,30,2038,2059.8965081557185
LSHADE,15,30,2039,1511.649726480709
LSHADE,15,30,2040,1510.6941967067226
LSHADE,15,30,2041,1509.6758006135528
LSHADE,15,30,2042,2419.817711231805
LSHADE,15,30,2043,2119.621207906502
LSHADE,15,30,2044,1728.7692228129404
LSHADE,15,30,2045,1510.4381325517272
LSHADE,15,30,2046,1896.6440654112146
LSHADE,15,30,2047,1509.8524801785036
LSHADE,15,30,2048,1512.2230957319002
LSHADE,15,30,2049,1593.415229526405
LSHADE,15,30,2050,1729.182879348316
LSHADE,15,30,2051,2089.390342103737
LSHADE,15,30,2052,1662.2746265546994
LSHADE,15,30,2053,1513.8868154043387
LSHADE,15,30,2054,1511.7008382264594
LSHADE,15,30,2055,2398.8025543906087
ABMO,16,30,2026,30376.491628207783
ABMO,16,30,2027,12617.026857939109
ABMO,16,30,2028,12795.792115449296
ABMO,16,30,2029,60328.640021701205
ABMO,16,30,2030,4817.092456524593
ABMO,16,30,2031,4439.927719891114
ABMO,16,30,2032,27464.34295181547
ABMO,16,30,2033,57850.585684865815
ABMO,16,30,2034,2682.7631302385926
ABMO,16,30,2035,4133.317159973223
ABMO,16,30,2036,6854.302905422734
ABMO,16,30,2037,40337.72898908978
ABMO,16,30,2038,5159.518693021457
ABMO,16,30,2039,4120.716721582507
ABMO,16,30,2040,5039.370586764933
ABMO,16,30,2041,29984.49272941838
ABMO,16,30,2042,38700.26416215622
ABMO,16,30,2043,4502.488493626452
ABMO,16,30,2044,55316.75775814475
ABMO,16,30,2045,88783.60047778198
ABMO,16,30,2046,8113.108744417283
ABMO,16,30,2047,14230.441549186793
ABMO,16,30,2048,2789.3170491298097
ABMO,16,30,2049,64963.57654921463
ABMO,16,30,2050,3306.100698793344
ABMO,16,30,2051,3649.9068408079415
ABMO,16,30,2052,61073.30572130998
ABMO,16,30,2053,23748.409194798824
ABMO,16,30,2054,3243.6712459799937
ABMO,16,30,2055,2565.9194125184367
AS-ABMO,16,30,2026,2934.0940243026353
AS-ABMO,16,30,2027,2779.4917821868703
AS-ABMO,16,30,2028,2872.39041926345
AS-ABMO,16,30,2029,4205.2095780399995
AS-ABMO,16,30,2030,1750.9554606734239
AS-ABMO,16,30,2031,2573.4892383480887
AS-ABMO,16,30,2032,2614.8595478244492
AS-ABMO,16,30,2033,3351.298177832623
AS-ABMO,16,30,2034,3411.6814274710136
AS-ABMO,16,30,2035,2621.3728181897113
AS-ABMO,16,30,2036,2829.109814978762
AS-ABMO,16,30,2037,3176.3065901085965
AS-ABMO,16,30,2038,3761.0118926058935
AS-ABMO,16,30,2039,2481.1514489495576
AS-ABMO,16,30,2040,3818.102734657832
AS-ABMO,16,30,2041,3046.1432570957522
AS-ABMO,16,30,2042,2901.26472454345
AS-ABMO,16,30,2043,34885.29055816459
AS-ABMO,16,30,2044,3866.11678731043
AS-ABMO,16,30,2045,2727.3692151392197
AS-ABMO,16,30,2046,3578.7343346247762
AS-ABMO,16,30,2047,2256.4918951731934
AS-ABMO,16,30,2048,2927.72360315492
AS-ABMO,16,30,2049,3528.337237337252
AS-ABMO,16,30,2050,5433.032262944087
AS-ABMO,16,30,2051,4398.466199635963
AS-ABMO,16,30,2052,57251.87520026101
AS-ABMO,16,30,2053,9464.004087266703
AS-ABMO,16,30,2054,4470.805788052465
AS-ABMO,16,30,2055,3132.587758739158
RUN,16,30,2026,214627.6802428519
RUN,16,30,2027,6045088.438336627
RUN,16,30,2028,22289017.52552698
RUN,16,30,2029,19576303.234489534
RUN,16,30,2030,181312169.03319007
RUN,16,30,2031,82702.71030038896
RUN,16,30,2032,13179574965.453432
RUN,16,30,2033,94998.53513749808
RUN,16,30,2034,785546.5196941529
RUN,16,30,2035,107660392.70586637
RUN,16,30,2036,60581138.66833474
RUN,16,30,2037,393308.1565227308
RUN,16,30,2038,97847414.81673737
RUN,16,30,2039,5617345.369516927
RUN,16,30,2040,2547163.653890979
RUN,16,30,2041,315713105.6525022
RUN,16,30,2042,18359101.101483062
RUN,16,30,2043,69805720.40182656
RUN,16,30,2044,2325875.8265062077
RUN,16,30,2045,202740947.87041098
RUN,16,30,2046,10728274.23440158
RUN,16,30,2047,236014.0286507166
RUN,16,30,2048,137519923.5813404
RUN,16,30,2049,4868934.483873932
RUN,16,30,2050,275415.13764059613
RUN,16,30,2051,2143145.6694506514
RUN,16,30,2052,58643910.35913391
RUN,16,30,2053,415987.262286533
RUN,16,30,2054,72378338.38598008
RUN,16,30,2055,236617.72225951104
GWO,16,30,2026,1203542.6590921227
GWO,16,30,2027,11189121.796137499
GWO,16,30,2028,13347354.456769073
GWO,16,30,2029,1681255.9976285018
GWO,16,30,2030,23462519.37320872
GWO,16,30,2031,150148.16485713515
GWO,16,30,2032,64627.35229271987
GWO,16,30,2033,650297.0802863985
GWO,16,30,2034,32684412.863295704
GWO,16,30,2035,5649822.396788043
GWO,16,30,2036,285910.2772718244
GWO,16,30,2037,34131880.17349329
GWO,16,30,2038,19625992.705970906
GWO,16,30,2039,151614.5302548117
GWO,16,30,2040,1559879.6295346958
GWO,16,30,2041,1362917.3401944274
GWO,16,30,2042,4414012.101162871
GWO,16,30,2043,6238718.6093134675
GWO,16,30,2044,4785468.708250717
GWO,16,30,2045,2218575.450104194
GWO,16,30,2046,58322.75618249716
GWO,16,30,2047,1686606.6934356818
GWO,16,30,2048,239345.0932939641
GWO,16,30,2049,917531.7510070652
GWO,16,30,2050,9811161.655132437
GWO,16,30,2051,11660784.238237772
GWO,16,30,2052,322026.05834439205
GWO,16,30,2053,1788866.7627797588
GWO,16,30,2054,138493.7070960052
GWO,16,30,2055,3557468.1982689295
WOA,16,30,2026,5974648199.566853
WOA,16,30,2027,132947.54143087685
WOA,16,30,2028,181639485.5714409
WOA,16,30,2029,169956.07126969993
WOA,16,30,2030,39269.50482645199
WOA,16,30,2031,168707.46592749283
WOA,16,30,2032,15439498.96699024
WOA,16,30,2033,9014270.738943245
WOA,16,30,2034,125458.79742539123
WOA,16,30,2035,127975.39098479341
WOA,16,30,2036,70112.39079375718
WOA,16,30,2037,120109795.03540906
WOA,16,30,2038,36252.837069043424
WOA,16,30,2039,25869.446356846274
WOA,16,30,2040,103945.23884281628
WOA,16,30,2041,3757007756.7984557
WOA,16,30,2042,57756.66918158948
WOA,16,30,2043,15192.266061492923
WOA,16,30,2044,70107.0305577158
WOA,16,30,2045,120278.14068034584
WOA,16,30,2046,6231890075311.799
WOA,16,30,2047,119395.17496038706
WOA,16,30,2048,50722.22708110939
WOA,16,30,2049,68989.2474726662
WOA,16,30,2050,83144.1411243471
WOA,16,30,2051,2985319050.1859508
WOA,16,30,2052,58098.99578408048
WOA,16,30,2053,133537.9911493729
WOA,16,30,2054,80288.42530538425
WOA,16,30,2055,815666.1031048552
HHO,16,30,2026,27978676.897025783
HHO,16,30,2027,74907.89884943375
HHO,16,30,2028,55173988316.626274
HHO,16,30,2029,588508953.1126966
HHO,16,30,2030,240187.94700564118
HHO,16,30,2031,1480371339.2338367
HHO,16,30,2032,4488871.464264753
HHO,16,30,2033,153811866.53539407
HHO,16,30,2034,169497.87468533844
HHO,16,30,2035,111444273.42558058
HHO,16,30,2036,919300.5283338296
HHO,16,30,2037,826934.3409956503
HHO,16,30,2038,7834478505.581378
HHO,16,30,2039,101432.96033609216
HHO,16,30,2040,596423405.9503275
HHO,16,30,2041,62737775129.7671
HHO,16,30,2042,123631.52371899101
HHO,16,30,2043,163598.1681528328
HHO,16,30,2044,90951.24302464761
HHO,16,30,2045,74611.2997570328
HHO,16,30,2046,4807764.965184154
HHO,16,30,2047,315866998149.4663
HHO,16,30,2048,23840263571.519863
HHO,16,30,2049,6793419420.72815
HHO,16,30,2050,34498485548.734604
HHO,16,30,2051,263878978726.62762
HHO,16,30,2052,110356871512.9441
HHO,16,30,2053,1171681.501463393
HHO,16,30,2054,3612063.1560430606
HHO,16,30,2055,2115589924.1525235
SCA,16,30,2026,6888852730.956624
SCA,16,30,2027,6725506799.424403
SCA,16,30,2028,21458658866.459362
SCA,16,30,2029,14563635732.820211
SCA,16,30,2030,1720882761.9272723
SCA,16,30,2031,5117717594.989375
SCA,16,30,2032,23881162766.70838
SCA,16,30,2033,23516850016.818653
SCA,16,30,2034,36929498324.02537
SCA,16,30,2035,68812406984.18526
SCA,16,30,2036,8696353940.832375
SCA,16,30,2037,18610678262.74422
SCA,16,30,2038,5472192496.853068
SCA,16,30,2039,84996738544.51424
SCA,16,30,2040,2808229549.9926515
SCA,16,30,2041,3049071996.076694
SCA,16,30,2042,10902250864.369507
SCA,16,30,2043,50030585016.27958
SCA,16,30,2044,19191889034.331745
SCA,16,30,2045,25710024399.60517
SCA,16,30,2046,56331458076.611374
SCA,16,30,2047,8894794747.80415
SCA,16,30,2048,10588988195.88932
SCA,16,30,2049,19928022487.26666
SCA,16,30,2050,56873519985.64605
SCA,16,30,2051,150116562574.81442
SCA,16,30,2052,365983338.22340024
SCA,16,30,2053,65091716984.879906
SCA,16,30,2054,8903032065.680056
SCA,16,30,2055,985967082.9777783
LSHADE,16,30,2026,2233.8276983297533
LSHADE,16,30,2027,3016.881712960543
LSHADE,16,30,2028,2199.7216140741525
LSHADE,16,30,2029,1857.3153767622955
LSHADE,16,30,2030,1892.7205119999994
LSHADE,16,30,2031,2730.495584031327
LSHADE,16,30,2032,1807.2682843000844
LSHADE,16,30,2033,1773.046850824243
LSHADE,16,30,2034,3010.7166111089255
LSHADE,16,30,2035,1863.5799895669634
LSHADE,16,30,2036,2386.357010230518
LSHADE,16,30,2037,3164.457293538416
LSHADE,16,30,2038,2674.4011700992723
LSHADE,16,30,2039,1879.1137408054067
LSHADE,16,30,2040,2396.8511576837454
LSHADE,16,30,2041,1878.6568399033679
LSHADE,16,30,2042,2116.7826334751508
LSHADE,16,30,2043,2856.892543728648
LSHADE,16,30,2044,1901.8127261234658
LSHADE,16,30,2045,1841.2585065481471
LSHADE,16,30,2046,1745.7903563512127
LSHADE,16,30,2047,2196.56879484927
LSHADE,16,30,2048,2472.2145855350254
LSHADE,16,30,2049,3300.9972820813327
LSHADE,16,30,2050,1982.837805868732
LSHADE,16,30,2051,1995.572450762652
LSHADE,16,30,2052,1892.101911936063
LSHADE,16,30,2053,1938.615342710037
LSHADE,16,30,2054,2269.5950445037033
LSHADE,16,30,2055,1867.125714335581
ABMO,17,30,2026,111497.09766556548
ABMO,17,30,2027,69048.65444633995
ABMO,17,30,2028,85590.4401059764
ABMO,17,30,2029,36851.06750129898
ABMO,17,30,2030,7993415.000164869
ABMO,17,30,2031,82459.49837175346
ABMO,17,30,2032,84819.75541419072
ABMO,17,30,2033,382528.01853313064
ABMO,17,30,2034,184971.3928042429
ABMO,17,30,2035,163742.59579195746
ABMO,17,30,2036,117554.97883572416
ABMO,17,30,2037,64352.307837041924
ABMO,17,30,2038,103517.51018144297
ABMO,17,30,2039,82954.28135169552
ABMO,17,30,2040,85785.30563127685
ABMO,17,30,2041,102318.02539087799
ABMO,17,30,2042,133124.40637616668
ABMO,17,30,2043,128781.31121122104
ABMO,17,30,2044,79196.10245525952
ABMO,17,30,2045,46141.07692431948
ABMO,17,30,2046,140994.98362126556
ABMO,17,30,2047,33848.74777695449
ABMO,17,30,2048,98071.80883861192
ABMO,17,30,2049,107894.9640309122
ABMO,17,30,2050,63735.81048385487
ABMO,17,30,2051,215554.47353858876
ABMO,17,30,2052,78879.8628699875
ABMO,17,30,2053,121799.10795478374
ABMO,17,30,2054,156579.19146227156
ABMO,17,30,2055,206653.31563711877
AS-ABMO,17,30,2026,27780.891723301822
AS-ABMO,17,30,2027,24674.136383188612
AS-ABMO,17,30,2028,62341.59605947409
AS-ABMO,17,30,2029,58787.34467919659
AS-ABMO,17,30,2030,154700.29244924197
AS-ABMO,17,30,2031,113098.707631962
AS-ABMO,17,30,2032,188861.2187961777
AS-ABMO,17,30,2033,141334.76327618485
AS-ABMO,17,30,2034,103192.50421777093
AS-ABMO,17,30,2035,37988.49681491437
AS-ABMO,17,30,2036,59942.18518893642
AS-ABMO,17,30,2037,90562.86528337804
AS-ABMO,17,30,2038,64230.75187467053
AS-ABMO,17,30,2039,68370.55044897636
AS-ABMO,17,30,2040,69807.31420744187
AS-ABMO,17,30,2041,209979.05433738488
AS-ABMO,17,30,2042,81347.97173044886
AS-ABMO,17,30,2043,61363.08180746561
AS-ABMO,17,30,2044,1145369.5014274435
AS-ABMO,17,30,2045,32372.002340540213
AS-ABMO,17,30,2046,61184.07301796698
AS-ABMO,17,30,2047,48853.71606498377
AS-ABMO,17,30,2048,113129.9112767161
AS-ABMO,17,30,2049,48738.62166675984
AS-ABMO,17,30,2050,84040.28204553721
AS-ABMO,17,30,2051,30255.52369579102
AS-ABMO,17,30,2052,66130.97605428429
AS-ABMO,17,30,2053,63111.85029731256
AS-ABMO,17,30,2054,53265.952343516925
AS-ABMO,17,30,2055,41370.79504737913
RUN,17,30,2026,902174.0456863889
RUN,17,30,2027,650197.217829997
RUN,17,30,2028,957577.2918181428
RUN,17,30,2029,510717.3181164871
RUN,17,30,2030,955152.8902093731
RUN,17,30,2031,619026.5127231585
RUN,17,30,2032,1137812.2573738596
RUN,17,30,2033,635322.5743982069
RUN,17,30,2034,1337152.4651584723
RUN,17,30,2035,1021211.8301309221
RUN,17,30,2036,421757.0308701434
RUN,17,30,2037,1112183.685961215
RUN,17,30,2038,765391.9412931964
RUN,17,30,2039,783466.64461435
RUN,17,30,2040,945811.5329606999
RUN,17,30,2041,885453.4973940444
RUN,17,30,2042,2822346.1126026153
RUN,17,30,2043,715704.3675823967
RUN,17,30,2044,547456.8310560005
RUN,17,30,2045,1392735.2658338733
RUN,17,30,2046,469428.0391250933
RUN,17,30,2047,1179034.2178899117
RUN,17,30,2048,934292.1324059851
RUN,17,30,2049,1676984.7234846926
RUN,17,30,2050,1420009.3473705368
RUN,17,30,2051,1123514.3227353673
RUN,17,30,2052,612009.7442493985
RUN,17,30,2053,658127.944873491
RUN,17,30,2054,1611569.579323943
RUN,17,30,2055,5083233.676061146
GWO,17,30,2026,1564745.2897352523
GWO,17,30,2027,432700.92305985815
GWO,17,30,2028,1832015.758718097
GWO,17,30,2029,1366217.3399673258
GWO,17,30,2030,2202245.1030864995
GWO,17,30,2031,2427535.615956659
GWO,17,30,2032,528169.5285360547
GWO,17,30,2033,686575.6112868944
GWO,17,30,2034,562787.0562483787
GWO,17,30,2035,1305454.7156047653
GWO,17,30,2036,1189862.0991767624
GWO,17,30,2037,1350248.0031226778
GWO,17,30,2038,808958.8695203168
GWO,17,30,2039,1191882.1016407716
GWO,17,30,2040,1120497.6119752724
GWO,17,30,2041,1387707.829213804
GWO,17,30,2042,427899.47066557856
GWO,17,30,2043,2518823.1504542315
GWO,17,30,2044,3102492.4791000653
GWO,17,30,2045,2119884.4166896613
GWO,17,30,2046,584044.1286104176
GWO,17,30,2047,1131488.5335569752
GWO,17,30,2048,1462389.7298775958
GWO,17,30,2049,1166621.3363704763
GWO,17,30,2050,2307553.0073957928
GWO,17,30,2051,806852.5866661019
GWO,17,30,2052,4762197.633829348
GWO,17,30,2053,2164115.114404615
GWO,17,30,2054,595194.540669662
GWO,17,30,2055,1807685.445936565
WOA,17,30,2026,270435.10076385527
WOA,17,30,2027,125776.93619007044
WOA,17,30,2028,216823.62252566396
WOA,17,30,2029,508962.44008022133
WOA,17,30,2030,18855523.620596442
WOA,17,30,2031,115052.07274743699
WOA,17,30,2032,108746.44629298603
WOA,17,30,2033,318957.1043876253
WOA,17,30,2034,241150.71635193602
WOA,17,30,2035,2205461.453857592
WOA,17,30,2036,1247283.111562371
WOA,17,30,2037,271846.387932371
WOA,17,30,2038,132769.60599941883
WOA,17,30,2039,388753.76599501877
WOA,17,30,2040,332338.3341104765
WOA,17,30,2041,123790.43518208194
WOA,17,30,2042,147964.8751688744
WOA,17,30,2043,2569559.4731903533
WOA,17,30,2044,592074.5659445961
WOA,17,30,2045,132032.18560970825
WOA,17,30,2046,177425.90716229175
WOA,17,30,2047,154403.2785831455
WOA,17,30,2048,462399.1208632572
WOA,17,30,2049,505547.8972360866
WOA,17,30,2050,375108.3041432689
WOA,17,30,2051,406230.0624031205
WOA,17,30,2052,623656.9695005103
WOA,17,30,2053,253113.20334915895
WOA,17,30,2054,183234.49070591223
WOA,17,30,2055,1836915.684554935
HHO,17,30,2026,1169465.8971682487
HHO,17,30,2027,462888.6136993337
HHO,17,30,2028,2321538.557327564
HHO,17,30,2029,1277498.1369538757
HHO,17,30,2030,745154.2586864298
HHO,17,30,2031,2394109.762000817
HHO,17,30,2032,6804384.783231127
HHO,17,30,2033,3460104.8255022033
HHO,17,30,2034,1834604.2057441412
HHO,17,30,2035,1686460.7625675362
HHO,17,30,2036,1103626.6964184814
HHO,17,30,2037,4522821.989899571
HHO,17,30,2038,1053916.2016026217
HHO,17,30,2039,3563182.4432531116
HHO,17,30,2040,3278376.97262927
HHO,17,30,2041,440295.14293777227
HHO,17,30,2042,266400.84084588353
HHO,17,30,2043,5324849.357268557
HHO,17,30,2044,2343891.277704379
HHO,17,30,2045,831886.231431941
HHO,17,30,2046,3392778.454212915
HHO,17,30,2047,364063.5559913466
HHO,17,30,2048,837105.1480703015
HHO,17,30,2049,1334462.6136710483
HHO,17,30,2050,3021070.0754299043
HHO,17,30,2051,1388477.1470824948
HHO,17,30,2052,1491380.157033895
HHO,17,30,2053,937285.9438501876
HHO,17,30,2054,1477521.2240748084
HHO,17,30,2055,1595674.1237804391
SCA,17,30,2026,8441850.398695368
SCA,17,30,2027,12579339.369043073
SCA,17,30,2028,3910641.943413708
SCA,17,30,2029,1980938.7854455088
SCA,17,30,2030,3893328.1376044448
SCA,17,30,2031,12234019.020873994
SCA,17,30,2032,2833525.3598429514
SCA,17,30,2033,7903521.762741123
SCA,17,30,2034,6250281.438790102
SCA,17,30,2035,3264865.0008183625
SCA,17,30,2036,6268381.045080408
SCA,17,30,2037,7237523.660064582
SCA,17,30,2038,16009337.51672846
SCA,17,30,2039,2480705.033756726
SCA,17,30,2040,2564963.3761913134
SCA,17,30,2041,8153533.527354063
SCA,17,30,2042,5891875.587632318
SCA,17,30,2043,10793062.618560273
SCA,17,30,2044,9027091.733007783
SCA,17,30,2045,6027804.256219577
SCA,17,30,2046,5607103.113304538
SCA,17,30,2047,14924794.511626571
SCA,17,30,2048,5554100.757660641
SCA,17,30,2049,4113542.03559707
SCA,17,30,2050,13254281.07472156
SCA,17,30,2051,3737561.242446212
SCA,17,30,2052,11085871.283305874
SCA,17,30,2053,7062543.509105963
SCA,17,30,2054,5574876.816434238
SCA,17,30,2055,11998928.088790076
LSHADE,17,30,2026,115784.56507927204
LSHADE,17,30,2027,13258.528824129407
LSHADE,17,30,2028,15558.778157202492
LSHADE,17,30,2029,18130.647032894845
LSHADE,17,30,2030,40413.734941701456
LSHADE,17,30,2031,16549.95380137084
LSHADE,17,30,2032,15026.049403086261
LSHADE,17,30,2033,15414.024498294677
LSHADE,17,30,2034,11145.67328723457
LSHADE,17,30,2035,20374.24039092897
LSHADE,17,30,2036,17413.226008092606
LSHADE,17,30,2037,15976.529476119551
LSHADE,17,30,2038,21591.774788381183
LSHADE,17,30,2039,8616.822486746652
LSHADE,17,30,2040,20029.42540002009
LSHADE,17,30,2041,15653.389014507946
LSHADE,17,30,2042,23576.052985730326
LSHADE,17,30,2043,12362.127845009094
LSHADE,17,30,2044,14280.285596261287
LSHADE,17,30,2045,19890.805764373137
LSHADE,17,30,2046,18419.918740354464
LSHADE,17,30,2047,17370.179073412546
LSHADE,17,30,2048,31376.221005249397
LSHADE,17,30,2049,16708.324789821323
LSHADE,17,30,2050,20506.19298721738
LSHADE,17,30,2051,27339.671889837075
LSHADE,17,30,2052,28405.172531711636
LSHADE,17,30,2053,19972.758257464397
LSHADE,17,30,2054,8578.577288807744
LSHADE,17,30,2055,33198.08407394509
ABMO,18,30,2026,61016.85402206603
ABMO,18,30,2027,116451918.42004992
ABMO,18,30,2028,145716428.85543093
ABMO,18,30,2029,7969228030.728493
ABMO,18,30,2030,112326.25885866521
ABMO,18,30,2031,69354.49381153224
ABMO,18,30,2032,12950.423565624735
ABMO,18,30,2033,93498.90378610717
ABMO,18,30,2034,17065.09443762454
ABMO,18,30,2035,173547.00972760603
ABMO,18,30,2036,54025.04327308626
ABMO,18,30,2037,80195.80163882043
ABMO,18,30,2038,150863.70110920936
ABMO,18,30,2039,18812.268271484103
ABMO,18,30,2040,150731.70497452773
ABMO,18,30,2041,62355.80335072781
ABMO,18,30,2042,6440.128307528777
ABMO,18,30,2043,13871.708091266479
ABMO,18,30,2044,106365.23145215765
ABMO,18,30,2045,40736.75911587501
ABMO,18,30,2046,9400.990536035168
ABMO,18,30,2047,8991.103390229335
ABMO,18,30,2048,43019.459216755946
ABMO,18,30,2049,77954.36274674909
ABMO,18,30,2050,11156.409536696903
ABMO,18,30,2051,11974.57788547274
ABMO,18,30,2052,102217.40762549461
ABMO,18,30,2053,152205.53482549873
ABMO,18,30,2054,116469401.02594802
ABMO,18,30,2055,28275.51757942075
AS-ABMO,18,30,2026,9731.512056939378
AS-ABMO,18,30,2027,111023.30253821657
AS-ABMO,18,30,2028,47401.39134866767
AS-ABMO,18,30,2029,45087.6989347573
AS-ABMO,18,30,2030,59865.97488234041
AS-ABMO,18,30,2031,94911.00720076718
AS-ABMO,18,30,2032,10566.449357181753
AS-ABMO,18,30,2033,5153.278240576247
AS-ABMO,18,30,2034,4290.409228675755
AS-ABMO,18,30,2035,65771.22633935197
AS-ABMO,18,30,2036,51290.355393213315
AS-ABMO,18,30,2037,15360.977990029874
AS-ABMO,18,30,2038,3731.2841647479704
AS-ABMO,18,30,2039,41186.336599920796
AS-ABMO,18,30,2040,39044.906051595244
AS-ABMO,18,30,2041,4272.748751985751
AS-ABMO,18,30,2042,3848.997127871412
AS-ABMO,18,30,2043,20663.07643126241
AS-ABMO,18,30,2044,5282.8196192003
AS-ABMO,18,30,2045,8333.170638271698
AS-ABMO,18,30,2046,19971.81944426953
AS-ABMO,18,30,2047,26152.740622291025
AS-ABMO,18,30,2048,64666.42077137914
AS-ABMO,18,30,2049,2534.603491689458
AS-ABMO,18,30,2050,2386.9098134992164
AS-ABMO,18,30,2051,39670.610918291866
AS-ABMO,18,30,2052,5907.801298681063
AS-ABMO,18,30,2053,26774.836233166636
AS-ABMO,18,30,2054,4615.15390006515
AS-ABMO,18,30,2055,5980.1842408702905
RUN,18,30,2026,7196119876.0353985
RUN,18,30,2027,3398968647.0957065
RUN,18,30,2028,781065631.2834753
RUN,18,30,2029,3627942205.9073706
RUN,18,30,2030,100704170813.30618
RUN,18,30,2031,2775003137.1084137
RUN,18,30,2032,8219372140.177461
RUN,18,30,2033,1350304120.213914
RUN,18,30,2034,1673951992.9492173
RUN,18,30,2035,3879557165.9538198
RUN,18,30,2036,544397557.5550568
RUN,18,30,2037,754516843.8723022
RUN,18,30,2038,5726447551.566998
RUN,18,30,2039,1991912029.6037807
RUN,18,30,2040,7803181899.542876
RUN,18,30,2041,3016469176.7755556
RUN,18,30,2042,520337618.8181876
RUN,18,30,2043,10112461305.834932
RUN,18,30,2044,2379467003.1068935
RUN,18,30,2045,8187526551.538875
RUN,18,30,2046,12104918163.902185
RUN,18,30,2047,725677231.138426
RUN,18,30,2048,2227734425.8105435
RUN,18,30,2049,11850097011.571627
RUN,18,30,2050,1619789080.7087634
RUN,18,30,2051,2238202057.3232265
RUN,18,30,2052,3051904118.1580634
RUN,18,30,2053,7204605765.408577
RUN,18,30,2054,4158689640.6524897
RUN,18,30,2055,1044365823.2600617
GWO,18,30,2026,669038719.1416038
GWO,18,30,2027,1029314644.0487238
GWO,18,30,2028,1881090425.6894767
GWO,18,30,2029,6844978194.495285
GWO,18,30,2030,2656146537.060918
GWO,18,30,2031,928697917.2006481
GWO,18,30,2032,985115295.5784498
GWO,18,30,2033,836826338.6905212
GWO,18,30,2034,2524014993.1931624
GWO,18,30,2035,727755025.1843853
GWO,18,30,2036,1280786621.0825853
GWO,18,30,2037,2230459915.5066977
GWO,18,30,2038,1637006556.834317
GWO,18,30,2039,1877821037.1710978
GWO,18,30,2040,2506279829.076597
GWO,18,30,2041,1706700848.1723292
GWO,18,30,2042,2778748723.1342154
GWO,18,30,2043,970713216.5055573
GWO,18,30,2044,1755992235.8976355
GWO,18,30,2045,1993284560.0918574
GWO,18,30,2046,8363024541.77729
GWO,18,30,2047,2154629253.1703477
GWO,18,30,2048,1865898289.7729485
GWO,18,30,2049,1830802660.2021205
GWO,18,30,2050,963639608.3627316
GWO,18,30,2051,1350141163.118747
GWO,18,30,2052,1414363230.12798
GWO,18,30,2053,1530279863.7187395
GWO,18,30,2054,2493729114.5632186
GWO,18,30,2055,1831198986.2147095
WOA,18,30,2026,257763068.99771422
WOA,18,30,2027,132070830.54558025
WOA,18,30,2028,5464697091.711951
WOA,18,30,2029,10477856082.253036
WOA,18,30,2030,1740611470.0221648
WOA,18,30,2031,1091069453.7141197
WOA,18,30,2032,3074481804.1818004
WOA,18,30,2033,5191352.903745385
WOA,18,30,2034,2106746317.1017187
WOA,18,30,2035,325718644.16181827
WOA,18,30,2036,44742885.71397522
WOA,18,30,2037,141447305.6372492
WOA,18,30,2038,275222139.89223856
WOA,18,30,2039,35665827570.391045
WOA,18,30,2040,376897395.5010028
WOA,18,30,2041,2144295341.0121896
WOA,18,30,2042,594027144.1203046
WOA,18,30,2043,40956285.86568252
WOA,18,30,2044,109523116.87553671
WOA,18,30,2045,2022802194.570154
WOA,18,30,2046,179735387.24337858
WOA,18,30,2047,7412581.9006167995
WOA,18,30,2048,4766220046.400882
WOA,18,30,2049,526868549.0453128
WOA,18,30,2050,512104120.62987334
WOA,18,30,2051,3152962781.1913753
WOA,18,30,2052,453565.1287493255
WOA,18,30,2053,365567148.45175123
WOA,18,30,2054,2426227643.4152265
WOA,18,30,2055,4752624689.588962
HHO,18,30,2026,8293989307.738676
HHO,18,30,2027,67996255088.60732
HHO,18,30,2028,50747088726.57682
HHO,18,30,2029,5401304080.990671
HHO,18,30,2030,221166115137.6929
HHO,18,30,2031,93492596186.15686
HHO,18,30,2032,53360378579.7093
HHO,18,30,2033,11910410632.80301
HHO,18,30,2034,26655905153.044685
HHO,18,30,2035,73049597871.31833
HHO,18,30,2036,11006349356.733438
HHO,18,30,2037,31402729688.963936
HHO,18,30,2038,3712451141.998376
HHO,18,30,2039,54033063557.7978
HHO,18,30,2040,17882248149.62482
HHO,18,30,2041,36412060348.55694
HHO,18,30,2042,4299570281.786353
HHO,18,30,2043,2097234097.0439694
HHO,18,30,2044,6137289190.34289
HHO,18,30,2045,82682871024.34445
HHO,18,30,2046,10557164294.297232
HHO,18,30,2047,22907242971.1197
HHO,18,30,2048,24395835050.13558
HHO,18,30,2049,23554449367.743195
HHO,18,30,2050,1173294777.3620107
HHO,18,30,2051,133984376931.5966
HHO,18,30,2052,152926836759.2843
HHO,18,30,2053,14867839336.17025
HHO,18,30,2054,9454381669.79254
HHO,18,30,2055,44265749548.86097
SCA,18,30,2026,32537528311.06663
SCA,18,30,2027,44505166150.74872
SCA,18,30,2028,15491806278.182533
SCA,18,30,2029,14306003066.863007
SCA,18,30,2030,24482665121.755287
SCA,18,30,2031,18211517302.25733
SCA,18,30,2032,7827754733.546383
SCA,18,30,2033,19755881859.011738
SCA,18,30,2034,34048949625.083138
SCA,18,30,2035,12746898246.26093
SCA,18,30,2036,20753790610.48074
SCA,18,30,2037,10719152531.602058
SCA,18,30,2038,45254816673.485886
SCA,18,30,2039,25390700183.523205
SCA,18,30,2040,15725762051.593079
SCA,18,30,2041,43098702436.29267
SCA,18,30,2042,9136771192.883139
SCA,18,30,2043,26150699768.632904
SCA,18,30,2044,34208424672.646618
SCA,18,30,2045,25283945886.23645
SCA,18,30,2046,16129897099.354364
SCA,18,30,2047,24126386103.15362
SCA,18,30,2048,33429745061.773792
SCA,18,30,2049,25444733975.81193
SCA,18,30,2050,18795536346.103306
SCA,18,30,2051,12103358733.942713
SCA,18,30,2052,20573341037.914326
SCA,18,30,2053,23600288298.77282
SCA,18,30,2054,25547334580.050552
SCA,18,30,2055,18181715089.020973
LSHADE,18,30,2026,1900.3005435766656
LSHADE,18,30,2027,3851.2435055764513
LSHADE,18,30,2028,3300.084303315706
LSHADE,18,30,2029,3732.616110184446
LSHADE,18,30,2030,1960.0761746638161
LSHADE,18,30,2031,1915.3607980240874
LSHADE,18,30,2032,1913.6369194087404
LSHADE,18,30,2033,3394.626552528117
LSHADE,18,30,2034,1879.8973680853526
LSHADE,18,30,2035,2140.939095339336
LSHADE,18,30,2036,1847.718846994019
LSHADE,18,30,2037,1886.5824699869786
LSHADE,18,30,2038,2000.2207310268109
LSHADE,18,30,2039,1902.3700656611913
LSHADE,18,30,2040,1888.1966176981175
LSHADE,18,30,2041,1935.643087065692
LSHADE,18,30,2042,1854.8537081270294
LSHADE,18,30,2043,1903.391009687187
LSHADE,18,30,2044,1925.5931244512594
LSHADE,18,30,2045,1898.5451060888624
LSHADE,18,30,2046,2268.084555840268
LSHADE,18,30,2047,8723.30319217257
LSHADE,18,30,2048,1922.6472765742683
LSHADE,18,30,2049,2244.8026563796307
LSHADE,18,30,2050,9484.536855761355
LSHADE,18,30,2051,4356.108782935615
LSHADE,18,30,2052,1880.4308618884074
LSHADE,18,30,2053,2199.1471598287253
LSHADE,18,30,2054,1858.867917847346
LSHADE,18,30,2055,1904.2832570856042
ABMO,19,30,2026,2695.3202004358145
ABMO,19,30,2027,2246.159866321624
ABMO,19,30,2028,3576.6297226932866
ABMO,19,30,2029,3018.4373071404393
ABMO,19,30,2030,3891.9705452363787
ABMO,19,30,2031,3546.9825759139976
ABMO,19,30,2032,3857.2645004399783
ABMO,19,30,2033,3486.6565887525167
ABMO,19,30,2034,2777.4043406613323
ABMO,19,30,2035,2461.7725338158843
ABMO,19,30,2036,2413.266974476279
ABMO,19,30,2037,3206.643192693331
ABMO,19,30,2038,2364.6922395013244
ABMO,19,30,2039,2961.199762851436
ABMO,19,30,2040,2243.0440886363635
ABMO,19,30,2041,3604.7309387279965
ABMO,19,30,2042,3395.324634923274
ABMO,19,30,2043,2106.489999258325
ABMO,19,30,2044,2212.9826869992235
ABMO,19,30,2045,2825.8433121474727
ABMO,19,30,2046,3899.954675123947
ABMO,19,30,2047,2578.667706388124
ABMO,19,30,2048,2481.5479732663375
ABMO,19,30,2049,3277.1968858210957
ABMO,19,30,2050,2679.2199938834615
ABMO,19,30,2051,2196.2301296559704
ABMO,19,30,2052,2169.411523274414
ABMO,19,30,2053,2037.2300347976027
ABMO,19,30,2054,2946.5118630528277
ABMO,19,30,2055,3163.9203268584615
AS-ABMO,19,30,2026,2534.670243862814
AS-ABMO,19,30,2027,2292.2912389492385
AS-ABMO,19,30,2028,2272.2349061832447
AS-ABMO,19,30,2029,2391.7058280180736
AS-ABMO,19,30,2030,2254.7181207049266
AS-ABMO,19,30,2031,2470.242371372165
AS-ABMO,19,30,2032,2307.755883347124
AS-ABMO,19,30,2033,2698.1273124097515
AS-ABMO,19,30,2034,2168.1446097757203
AS-ABMO,19,30,2035,1963.8269110575704
AS-ABMO,19,30,2036,2158.0527532293518
AS-ABMO,19,30,2037,2882.2554008084026
AS-ABMO,19,30,2038,2525.093227662499
AS-ABMO,19,30,2039,2387.7449992525558
AS-ABMO,19,30,2040,2575.497382447926
AS-ABMO,19,30,2041,2285.2961409441577
AS-ABMO,19,30,2042,2494.273452823291
AS-ABMO,19,30,2043,3441.1349188714594
AS-ABMO,19,30,2044,2194.7409509786794
AS-ABMO,19,30,2045,2206.8989537728007
AS-ABMO,19,30,2046,2573.77217349069
AS-ABMO,19,30,2047,2663.0871021832854
AS-ABMO,19,30,2048,2361.8241166728044
AS-ABMO,19,30,2049,2880.2662810792544
AS-ABMO,19,30,2050,2239.0491536034997
AS-ABMO,19,30,2051,2221.878010461263
AS-ABMO,19,30,2052,2381.141312459522
AS-ABMO,19,30,2053,2749.9177738699723
AS-ABMO,19,30,2054,2324.4144216073573
AS-ABMO,19,30,2055,3455.816221939808
RUN,19,30,2026,5451.612944798802
RUN,19,30,2027,5808.871059161365
RUN,19,30,2028,7074.305417181663
RUN,19,30,2029,5595.495250453201
RUN,19,30,2030,5466.336902973821
RUN,19,30,2031,4421.712036734498
RUN,19,30,2032,6389.43797245149
RUN,19,30,2033,6356.104051574399
RUN,19,30,2034,5764.566570808159
RUN,19,30,2035,7137.027872711817
RUN,19,30,2036,5395.748183004605
RUN,19,30,2037,5290.84270799894
RUN,19,30,2038,7309.642141077328
RUN,19,30,2039,5208.723263880744
RUN,19,30,2040,5175.160524821782
RUN,19,30,2041,5887.104444649754
RUN,19,30,2042,7023.0902908741855
RUN,19,30,2043,5962.806843925911
RUN,19,30,2044,6036.180355683132
RUN,19,30,2045,4795.532026253931
RUN,19,30,2046,6055.478108833175
RUN,19,30,2047,6245.4495302781825
RUN,19,30,2048,5706.254191283522
RUN,19,30,2049,4921.462548228112
RUN,19,30,2050,5866.099392589882
RUN,19,30,2051,5688.072067848368
RUN,19,30,2052,5815.174317493874
RUN,19,30,2053,4360.6253365794855
RUN,19,30,2054,4710.855074616022
RUN,19,30,2055,5686.7176364929865
GWO,19,30,2026,2949.3047227707393
GWO,19,30,2027,3417.8178990887614
GWO,19,30,2028,2824.6569568961363
GWO,19,30,2029,3172.331332542665
GWO,19,30,2030,2891.689951558079
GWO,19,30,2031,3410.033436429476
GWO,19,30,2032,3171.775453958141
GWO,19,30,2033,2983.512557456783
GWO,19,30,2034,3163.4066250146934
GWO,19,30,2035,3189.1487212063857
GWO,19,30,2036,2943.606826311477
GWO,19,30,2037,2925.439572899357
GWO,19,30,2038,3148.9949238103904
GWO,19,30,2039,3102.5866885397054
GWO,19,30,2040,3232.755864042211
GWO,19,30,2041,2992.178123082723
GWO,19,30,2042,3170.7525435950424
GWO,19,30,2043,4103.473319198676
GWO,19,30,2044,2932.3560223751338
GWO,19,30,2045,2899.331583482033
GWO,19,30,2046,3047.1563572805308
GWO,19,30,2047,3153.244180928913
GWO,19,30,2048,2839.524271832664
GWO,19,30,2049,2903.0506223159355
GWO,19,30,2050,3373.5513058948786
GWO,19,30,2051,2907.3956620554163
GWO,19,30,2052,2625.7724581364187
GWO,19,30,2053,2740.9782859643815
GWO,19,30,2054,3978.6973558840896
GWO,19,30,2055,3094.2975797580957
WOA,19,30,2026,12957.437324289947
WOA,19,30,2027,13068.297838352486
WOA,19,30,2028,9511.793808403123
WOA,19,30,2029,13059.208178369
WOA,19,30,2030,14639.628510281864
WOA,19,30,2031,13197.996163326861
WOA,19,30,2032,10601.974113097496
WOA,19,30,2033,10638.357908314696
WOA,19,30,2034,9431.8505060397
WOA,19,30,2035,16780.70852495025
WOA,19,30,2036,11258.909278802683
WOA,19,30,2037,10055.507066520775
WOA,19,30,2038,17327.55815147094
WOA,19,30,2039,7547.922409857445
WOA,19,30,2040,12489.750172187283
WOA,19,30,2041,12141.007834662883
WOA,19,30,2042,19507.373028366732
WOA,19,30,2043,12730.362703171126
WOA,19,30,2044,13092.019788419166
WOA,19,30,2045,10471.06121743708
WOA,19,30,2046,7787.262959498923
WOA,19,30,2047,13759.566171143493
WOA,19,30,2048,14866.301091847256
WOA,19,30,2049,6207.899163985927
WOA,19,30,2050,8122.179238767476
WOA,19,30,2051,10198.53567413625
WOA,19,30,2052,10360.650660046558
WOA,19,30,2053,13892.597336968587
WOA,19,30,2054,9093.341779923438
WOA,19,30,2055,8218.593356557478
HHO,19,30,2026,7254.32352105594
HHO,19,30,2027,6218.812899069996
HHO,19,30,2028,7006.091590047746
HHO,19,30,2029,9667.345116583088
HHO,19,30,2030,12280.495453363212
HHO,19,30,2031,11158.48178290714
HHO,19,30,2032,10913.081145325028
HHO,19,30,2033,13067.44491232031
HHO,19,30,2034,7043.768075771191
HHO,19,30,2035,7765.006041471338
HHO,19,30,2036,8990.646576330164
HHO,19,30,2037,13108.47444377383
HHO,19,30,2038,12646.160984153705
HHO,19,30,2039,12032.00047400113
HHO,19,30,2040,10993.088438646155
HHO,19,30,2041,12676.353783816452
HHO,19,30,2042,8603.625287342711
HHO,19,30,2043,9891.819186441766
HHO,19,30,2044,11227.980959603652
HHO,19,30,2045,9204.332396124148
HHO,19,30,2046,10610.735660867678
HHO,19,30,2047,10484.748142833829
HHO,19,30,2048,18198.543183727845
HHO,19,30,2049,5896.248072914825
HHO,19,30,2050,11583.40841332274
HHO,19,30,2051,9486.311967813403
HHO,19,30,2052,9531.952605858733
HHO,19,30,2053,6649.416644828377
HHO,19,30,2054,6964.9986425109155
HHO,19,30,2055,6702.27075339336
SCA,19,30,2026,6403.783834460509
SCA,19,30,2027,5433.975303247244
SCA,19,30,2028,5495.355171607895
SCA,19,30,2029,5526.261168669935
SCA,19,30,2030,7535.381704822094
SCA,19,30,2031,5480.205793997371
SCA,19,30,2032,6706.19098160302
SCA,19,30,2033,6277.17259519501
SCA,19,30,2034,5591.125122595991
SCA,19,30,2035,6289.649881935019
SCA,19,30,2036,5535.045305808483
SCA,19,30,2037,5950.335243728448
SCA,19,30,2038,5410.96377418976
SCA,19,30,2039,4895.330323731838
SCA,19,30,2040,6721.924721351292
SCA,19,30,2041,6091.453784203879
SCA,19,30,2042,4968.256527234567
SCA,19,30,2043,5480.0669163153325
SCA,19,30,2044,7154.41475775107
SCA,19,30,2045,5365.970277684324
SCA,19,30,2046,5588.997411884693
SCA,19,30,2047,6163.5793657614795
SCA,19,30,2048,5212.221825043243
SCA,19,30,2049,6132.7861853808245
SCA,19,30,2050,5980.367836276468
SCA,19,30,2051,6779.8942467389825
SCA,19,30,2052,5575.552260741982
SCA,19,30,2053,7001.674754342902
SCA,19,30,2054,5179.597798773452
SCA,19,30,2055,7372.201702203703
LSHADE,19,30,2026,2199.8803953618226
LSHADE,19,30,2027,1967.992221496686
LSHADE,19,30,2028,2206.868706900351
LSHADE,19,30,2029,2155.7713429000532
LSHADE,19,30,2030,2166.051510235907
LSHADE,19,30,2031,1952.568296109027
LSHADE,19,30,2032,1991.3714009156085
LSHADE,19,30,2033,1940.2977389788816
LSHADE,19,30,2034,2169.275145571193
LSHADE,19,30,2035,2375.995822989128
LSHADE,19,30,2036,2223.718374029003
LSHADE,19,30,2037,2436.5331216801414
LSHADE,19,30,2038,2400.5402126982094
LSHADE,19,30,2039,2051.8905684923134
LSHADE,19,30,2040,1988.1216228440144
LSHADE,19,30,2041,1944.7121113922226
LSHADE,19,30,2042,1952.5286478696664
LSHADE,19,30,2043,1947.129226341044
LSHADE,19,30,2044,2194.3865672045963
LSHADE,19,30,2045,2041.348903906136
LSHADE,19,30,2046,2213.739015221075
LSHADE,19,30,2047,2190.2242889841195
LSHADE,19,30,2048,2164.947023976738
LSHADE,19,30,2049,1974.109186716939
LSHADE,19,30,2050,2221.251765177532
LSHADE,19,30,2051,2178.2041901556995
LSHADE,19,30,2052,2190.1340681670927
LSHADE,19,30,2053,2301.223503535326
LSHADE,19,30,2054,2043.11420284757
LSHADE,19,30,2055,2188.2556990233443
ABMO,20,30,2026,3058.22663255083
ABMO,20,30,2027,3153.7758093304265
ABMO,20,30,2028,5189.18211580171
ABMO,20,30,2029,4669.532654229211
ABMO,20,30,2030,4472.937634643489
ABMO,20,30,2031,5173.051769244479
ABMO,20,30,2032,3556.7872813945833
ABMO,20,30,2033,4680.90070842468
ABMO,20,30,2034,2965.6492466965587
ABMO,20,30,2035,5677.177624711465
ABMO,20,30,2036,3900.3330485189576
ABMO,20,30,2037,4032.446325682561
ABMO,20,30,2038,4111.5566331002665
ABMO,20,30,2039,7928.8149213942315
ABMO,20,30,2040,4090.4783206713
ABMO,20,30,2041,3374.818907080672
ABMO,20,30,2042,3024.8648919719117
ABMO,20,30,2043,3113.364688980486
ABMO,20,30,2044,6252.297899269563
ABMO,20,30,2045,4426.81263112494
ABMO,20,30,2046,3083.2735524027985
ABMO,20,30,2047,4578.766091417332
ABMO,20,30,2048,2689.0269229267747
ABMO,20,30,2049,2689.026922926782
ABMO,20,30,2050,3504.4151946864677
ABMO,20,30,2051,3416.530232611527
ABMO,20,30,2052,4425.133669434059
ABMO,20,30,2053,3510.3013194554223
ABMO,20,30,2054,2967.1408992917045
ABMO,20,30,2055,3857.3263670029874
AS-ABMO,20,30,2026,2519.0687406524426
AS-ABMO,20,30,2027,3009.753266534371
AS-ABMO,20,30,2028,2724.655159663274
AS-ABMO,20,30,2029,2467.565195196333
AS-ABMO,20,30,2030,2939.7266313724804
AS-ABMO,20,30,2031,2635.4558616987506
AS-ABMO,20,30,2032,2477.4223950956502
AS-ABMO,20,30,2033,2100.0004175529352
AS-ABMO,20,30,2034,2617.5908411317387
AS-ABMO,20,30,2035,2659.721517423432
AS-ABMO,20,30,2036,2510.3462103424617
AS-ABMO,20,30,2037,2521.22075628864
AS-ABMO,20,30,2038,2414.4315918432426
AS-ABMO,20,30,2039,2520.0029248377077
AS-ABMO,20,30,2040,2935.6396379605585
AS-ABMO,20,30,2041,2881.117292397112
AS-ABMO,20,30,2042,2536.78604318171
AS-ABMO,20,30,2043,2730.6635768469596
AS-ABMO,20,30,2044,2529.1041917357766
AS-ABMO,20,30,2045,2689.0269229285313
AS-ABMO,20,30,2046,2677.650950807838
AS-ABMO,20,30,2047,2815.104773426863
AS-ABMO,20,30,2048,2100.0016685735773
AS-ABMO,20,30,2049,2689.0269439656195
AS-ABMO,20,30,2050,3024.846765944513
AS-ABMO,20,30,2051,2689.0269237379885
AS-ABMO,20,30,2052,2470.6611145916504
AS-ABMO,20,30,2053,2790.345963752414
AS-ABMO,20,30,2054,2792.9229614121436
AS-ABMO,20,30,2055,3087.259882476583
RUN,20,30,2026,14797.968094489455
RUN,20,30,2027,7343.008781559201
RUN,20,30,2028,16592.53294976891
RUN,20,30,2029,12121.172618351127
RUN,20,30,2030,6303.346472724125
RUN,20,30,2031,16991.066592366304
RUN,20,30,2032,6171.689892980821
RUN,20,30,2033,16830.34138513133
RUN,20,30,2034,19711.741517307022
RUN,20,30,2035,16717.192221341207
RUN,20,30,2036,15712.373422023997
RUN,20,30,2037,14023.305754627705
RUN,20,30,2038,18288.463095194355
RUN,20,30,2039,16795.942989360727
RUN,20,30,2040,16336.389895594533
RUN,20,30,2041,13396.07920305539
RUN,20,30,2042,15232.660252788248
RUN,20,30,2043,15341.587327478299
RUN,20,30,2044,15287.166652304886
RUN,20,30,2045,7087.2245676761195
RUN,20,30,2046,11523.973901222069
RUN,20,30,2047,18477.32207243179
RUN,20,30,2048,25237.821281261655
RUN,20,30,2049,6842.331653056932
RUN,20,30,2050,5108.643658342552
RUN,20,30,2051,14413.024220511772
RUN,20,30,2052,17712.944707496586
RUN,20,30,2053,5712.176052476875
RUN,20,30,2054,14541.332060457142
RUN,20,30,2055,19206.692671848254
GWO,20,30,2026,5747.442231456927
GWO,20,30,2027,3763.1312088765635
GWO,20,30,2028,5662.934018441388
GWO,20,30,2029,5585.227813881611
GWO,20,30,2030,3747.711930691082
GWO,20,30,2031,5123.408308152934
GWO,20,30,2032,3725.471135637157
GWO,20,30,2033,4974.27603736759
GWO,20,30,2034,5581.582020266106
GWO,20,30,2035,5333.295416946657
GWO,20,30,2036,5780.0948372207895
GWO,20,30,2037,6325.071952470814
GWO,20,30,2038,5809.942345017486
GWO,20,30,2039,3747.970669537338
GWO,20,30,2040,6606.645662166573
GWO,20,30,2041,5668.44716605721
GWO,20,30,2042,5647.1957717034875
GWO,20,30,2043,6715.808181144869
GWO,20,30,2044,5285.4145509034315
GWO,20,30,2045,3828.3964492553123
GWO,20,30,2046,5272.512570082779
GWO,20,30,2047,5250.472528642498
GWO,20,30,2048,3661.4951211777257
GWO,20,30,2049,4137.462201044072
GWO,20,30,2050,3590.0191637822254
GWO,20,30,2051,6834.234443199408
GWO,20,30,2052,4643.882048713782
GWO,20,30,2053,3817.9432474832893
GWO,20,30,2054,6507.792851680605
GWO,20,30,2055,5842.516508986502
WOA,20,30,2026,28318.365979581547
WOA,20,30,2027,7551.338233912832
WOA,20,30,2028,32312.33008342855
WOA,20,30,2029,27425.460687936007
WOA,20,30,2030,8165.27222913888
WOA,20,30,2031,19839.764828520198
WOA,20,30,2032,10324.204882189126
WOA,20,30,2033,27915.522524637305
WOA,20,30,2034,29205.348643433048
WOA,20,30,2035,31748.787816442054
WOA,20,30,2036,25321.498507552424
WOA,20,30,2037,18749.45801904076
WOA,20,30,2038,11452.78847382553
WOA,20,30,2039,25967.438907971344
WOA,20,30,2040,13155.421261805479
WOA,20,30,2041,17039.60085463683
WOA,20,30,2042,28625.84251853646
WOA,20,30,2043,12516.70659744377
WOA,20,30,2044,23392.98771013685
WOA,20,30,2045,7950.206265987652
WOA,20,30,2046,38095.21720499416
WOA,20,30,2047,20778.737529410584
WOA,20,30,2048,21132.73264714524
WOA,20,30,2049,3959.3531303203645
WOA,20,30,2050,11353.709854793118
WOA,20,30,2051,24766.166861647456
WOA,20,30,2052,13489.982844453703
WOA,20,30,2053,26739.963195815406
WOA,20,30,2054,39874.04277578838
WOA,20,30,2055,16240.133101995474
HHO,20,30,2026,19822.401344215057
HHO,20,30,2027,9390.711255600849
HHO,20,30,2028,18853.17642814952
HHO,20,30,2029,18305.99547774443
HHO,20,30,2030,14629.549092248339
HHO,20,30,2031,15493.921154127545
HHO,20,30,2032,14180.184839622765
HHO,20,30,2033,8246.189874087067
HHO,20,30,2034,7159.953022741764
HHO,20,30,2035,21164.01212805274
HHO,20,30,2036,21801.731037426507
HHO,20,30,2037,22204.379423881986
HHO,20,30,2038,20988.89719486751
HHO,20,30,2039,23961.225842728523
HHO,20,30,2040,16672.865781963632
HHO,20,30,2041,12555.272136110469
HHO,20,30,2042,19865.969056299702
HHO,20,30,2043,15805.41151996499
HHO,20,30,2044,19695.05907225832
HHO,20,30,2045,8041.868303599924
HHO,20,30,2046,9997.197680070365
HHO,20,30,2047,24475.479961443078
HHO,20,30,2048,16219.123412481666
HHO,20,30,2049,7985.98294642798
HHO,20,30,2050,11850.734824146426
HHO,20,30,2051,19413.898258344994
HHO,20,30,2052,16672.407517064094
HHO,20,30,2053,6891.349465102752
HHO,20,30,2054,11601.388091439683
HHO,20,30,2055,16774.806282684985
SCA,20,30,2026,11275.79543078104
SCA,20,30,2027,11427.405542167018
SCA,20,30,2028,14137.126639342849
SCA,20,30,2029,15517.196297370858
SCA,20,30,2030,14863.41825200483
SCA,20,30,2031,26401.080928252788
SCA,20,30,2032,14730.635132260697
SCA,20,30,2033,21903.301168279395
SCA,20,30,2034,19015.830395322297
SCA,20,30,2035,18868.454807997274
SCA,20,30,2036,24663.24055385685
SCA,20,30,2037,16275.615719549225
SCA,20,30,2038,30807.193535258368
SCA,20,30,2039,23805.608175882066
SCA,20,30,2040,10492.067436895632
SCA,20,30,2041,18217.842959315472
SCA,20,30,2042,21051.755811632873
SCA,20,30,2043,32979.65498633145
SCA,20,30,2044,29555.912304035002
SCA,20,30,2045,10608.38189089185
SCA,20,30,2046,18662.450460036092
SCA,20,30,2047,23391.671331408103
SCA,20,30,2048,15964.716905174888
SCA,20,30,2049,13785.58385356611
SCA,20,30,2050,12697.453114263659
SCA,20,30,2051,17179.62001736347
SCA,20,30,2052,20169.621794795028
SCA,20,30,2053,14476.242612109418
SCA,20,30,2054,24181.28548860098
SCA,20,30,2055,11357.513018241854
LSHADE,20,30,2026,2300.068009655408
LSHADE,20,30,2027,2100.0008136266215
LSHADE,20,30,2028,2318.0296189864894
LSHADE,20,30,2029,2383.7445433089824
LSHADE,20,30,2030,2323.1172155839345
LSHADE,20,30,2031,2355.2984393025476
LSHADE,20,30,2032,2326.139013177657
LSHADE,20,30,2033,2323.9591590544655
LSHADE,20,30,2034,2100.0005879216883
LSHADE,20,30,2035,2286.8978790215124
LSHADE,20,30,2036,2100.004839923184
LSHADE,20,30,2037,2307.232529306182
LSHADE,20,30,2038,2303.450246123324
LSHADE,20,30,2039,2307.18234674633
LSHADE,20,30,2040,2291.541528051112
LSHADE,20,30,2041,2328.287224628986
LSHADE,20,30,2042,2308.9306360391797
LSHADE,20,30,2043,2335.098850299705
LSHADE,20,30,2044,2312.6208708419695
LSHADE,20,30,2045,2100.0002723333373
LSHADE,20,30,2046,2298.5442381876287
LSHADE,20,30,2047,2336.2916969908565
LSHADE,20,30,2048,2100.0002838937467
LSHADE,20,30,2049,2100.0009576414377
LSHADE,20,30,2050,2100.0003980066954
LSHADE,20,30,2051,2297.458992236734
LSHADE,20,30,2052,2334.856763842032
LSHADE,20,30,2053,2100.0009586219703
LSHADE,20,30,2054,2332.454497005795
LSHADE,20,30,2055,2440.6679570661786
ABMO,21,30,2026,2387.786280177027
ABMO,21,30,2027,2364.1039775507643
ABMO,21,30,2028,2798.0794135521182
ABMO,21,30,2029,2459.967039247431
ABMO,21,30,2030,2553.0987013066815
ABMO,21,30,2031,2455.7205890896757
ABMO,21,30,2032,2668.3293818841
ABMO,21,30,2033,2713.413581982996
ABMO,21,30,2034,5589.508087672191
ABMO,21,30,2035,2386.2643414695785
ABMO,21,30,2036,2797.5650662907956
ABMO,21,30,2037,3401.741240624556
ABMO,21,30,2038,2409.797550549307
ABMO,21,30,2039,2591.6475223115312
ABMO,21,30,2040,2548.866675580938
ABMO,21,30,2041,2354.5976744839195
ABMO,21,30,2042,2760.5571572517665
ABMO,21,30,2043,2622.576889555716
ABMO,21,30,2044,2915.3323284604257
ABMO,21,30,2045,2759.9836745738285
ABMO,21,30,2046,2405.590684129564
ABMO,21,30,2047,2497.192526430208
ABMO,21,30,2048,2346.120393283509
ABMO,21,30,2049,2542.8705696711263
ABMO,21,30,2050,2559.8711437362967
ABMO,21,30,2051,2939.429827994557
ABMO,21,30,2052,2429.136724574736
ABMO,21,30,2053,2434.071307958431
ABMO,21,30,2054,2425.605483791677
ABMO,21,30,2055,2700.2043606023253
AS-ABMO,21,30,2026,2348.5507087101387
AS-ABMO,21,30,2027,2308.75806452563
AS-ABMO,21,30,2028,2308.583745189137
AS-ABMO,21,30,2029,2301.3517211594635
AS-ABMO,21,30,2030,2315.3554438818796
AS-ABMO,21,30,2031,2289.011306924762
AS-ABMO,21,30,2032,2305.4482750760003
AS-ABMO,21,30,2033,2322.134296803518
AS-ABMO,21,30,2034,2336.340799794817
AS-ABMO,21,30,2035,2318.3395856021875
AS-ABMO,21,30,2036,2390.58626125647
AS-ABMO,21,30,2037,2310.379928889156
AS-ABMO,21,30,2038,2326.4962056412205
AS-ABMO,21,30,2039,2292.3560531660287
AS-ABMO,21,30,2040,2341.4340741211863
AS-ABMO,21,30,2041,2326.7464534086334
AS-ABMO,21,30,2042,2371.2704664992625
AS-ABMO,21,30,2043,2318.6326391960674
AS-ABMO,21,30,2044,2299.272687542816
AS-ABMO,21,30,2045,2340.682699513274
AS-ABMO,21,30,2046,2357.4962023648295
AS-ABMO,21,30,2047,2309.9886999696423
AS-ABMO,21,30,2048,2326.969622957365
AS-ABMO,21,30,2049,2302.4551383635217
AS-ABMO,21,30,2050,2344.1569163265895
AS-ABMO,21,30,2051,2307.1189490136117
AS-ABMO,21,30,2052,2304.1391668297615
AS-ABMO,21,30,2053,2304.9007558124754
AS-ABMO,21,30,2054,2402.504295610298
AS-ABMO,21,30,2055,2299.216276737354
RUN,21,30,2026,2575.818260442422
RUN,21,30,2027,2497.63986632712
RUN,21,30,2028,2678.1138675929597
RUN,21,30,2029,2469.942510369452
RUN,21,30,2030,2518.788972795083
RUN,21,30,2031,2516.428664899186
RUN,21,30,2032,2511.16075690638
RUN,21,30,2033,2534.468342595525
RUN,21,30,2034,2511.398913905003
RUN,21,30,2035,2643.476368881099
RUN,21,30,2036,2550.9843779035323
RUN,21,30,2037,2630.0548216390835
RUN,21,30,2038,2567.2047403073
RUN,21,30,2039,2521.2620176129612
RUN,21,30,2040,2538.4089995578033
RUN,21,30,2041,2528.962252488763
RUN,21,30,2042,2528.8019324184984
RUN,21,30,2043,2528.228005222356
RUN,21,30,2044,2496.0829447928386
RUN,21,30,2045,2520.2500379936164
RUN,21,30,2046,2536.9596060640483
RUN,21,30,2047,2519.3695589056824
RUN,21,30,2048,2639.211287947065
RUN,21,30,2049,2475.0875469587145
RUN,21,30,2050,2559.799661930566
RUN,21,30,2051,2525.024656601655
RUN,21,30,2052,2442.6589829289956
RUN,21,30,2053,2535.375254130564
RUN,21,30,2054,2575.5616258118694
RUN,21,30,2055,2556.2772415066793
GWO,21,30,2026,2354.1249940020502
GWO,21,30,2027,2365.8382469086796
GWO,21,30,2028,2369.4439833668025
GWO,21,30,2029,2402.1088525982495
GWO,21,30,2030,2345.5216975188164
GWO,21,30,2031,2350.4779751346573
GWO,21,30,2032,2360.6372540582306
GWO,21,30,2033,2359.077328024003
GWO,21,30,2034,2347.668854594937
GWO,21,30,2035,2357.4570988147966
GWO,21,30,2036,2353.9532537078967
GWO,21,30,2037,2374.0747482478123
GWO,21,30,2038,2349.5340229291073
GWO,21,30,2039,2343.3174032011466
GWO,21,30,2040,2349.5328489146186
GWO,21,30,2041,2358.2169544563985
GWO,21,30,2042,2347.729960266557
GWO,21,30,2043,2385.114643203235
GWO,21,30,2044,2370.5113893065304
GWO,21,30,2045,2362.623462487969
GWO,21,30,2046,2371.914827413307
GWO,21,30,2047,2355.67736947557
GWO,21,30,2048,2367.261776491423
GWO,21,30,2049,2368.8500786878712
GWO,21,30,2050,2353.380514904662
GWO,21,30,2051,2349.3437273077475
GWO,21,30,2052,2354.784867233314
GWO,21,30,2053,2349.094227968294
GWO,21,30,2054,2376.144528642074
GWO,21,30,2055,2383.9162804731723
WOA,21,30,2026,4730.952371685142
WOA,21,30,2027,4139.693593089183
WOA,21,30,2028,2928.287889903464
WOA,21,30,2029,4130.580196599931
WOA,21,30,2030,3252.962622888931
WOA,21,30,2031,4075.2298261756696
WOA,21,30,2032,4024.703143037994
WOA,21,30,2033,3584.8558605041026
WOA,21,30,2034,3878.174301952449
WOA,21,30,2035,4154.701754516414
WOA,21,30,2036,6107.573324648709
WOA,21,30,2037,3195.25219345565
WOA,21,30,2038,3207.4905334551004
WOA,21,30,2039,5630.6835866251495
WOA,21,30,2040,2655.197073142918
WOA,21,30,2041,3558.675273069096
WOA,21,30,2042,3539.423004966442
WOA,21,30,2043,5567.23873143375
WOA,21,30,2044,4225.016325213675
WOA,21,30,2045,5502.210080617204
WOA,21,30,2046,3348.02536969554
WOA,21,30,2047,3997.0016330462804
WOA,21,30,2048,2804.0643458242585
WOA,21,30,2049,3584.997977028523
WOA,21,30,2050,3871.0040551557227
WOA,21,30,2051,4434.865298779849
WOA,21,30,2052,2704.83033716715
WOA,21,30,2053,4127.4708293759395
WOA,21,30,2054,3559.213095201748
WOA,21,30,2055,3578.2080818228633
HHO,21,30,2026,3953.992201187025
HHO,21,30,2027,4365.6249547683165
HHO,21,30,2028,4981.308040830136
HHO,21,30,2029,4547.370257292792
HHO,21,30,2030,2917.4699482821743
HHO,21,30,2031,4229.854981804414
HHO,21,30,2032,5820.551836746624
HHO,21,30,2033,4840.165877722142
HHO,21,30,2034,3751.6008720892196
HHO,21,30,2035,4574.06125268723
HHO,21,30,2036,5147.888705770635
HHO,21,30,2037,4473.163438926747
HHO,21,30,2038,3393.9582562230316
HHO,21,30,2039,4028.3414146024656
HHO,21,30,2040,4693.123571868557
HHO,21,30,2041,3937.8485652678864
HHO,21,30,2042,3403.442667191839
HHO,21,30,2043,5914.6922470509435
HHO,21,30,2044,4262.8870590487695
HHO,21,30,2045,3888.8183518056685
HHO,21,30,2046,3356.4802478589363
HHO,21,30,2047,5113.719615084521
HHO,21,30,2048,3728.373361387653
HHO,21,30,2049,3823.189894684514
HHO,21,30,2050,3655.46084190285
HHO,21,30,2051,4310.067791340638
HHO,21,30,2052,5218.6075887073985
HHO,21,30,2053,3451.4931660482007
HHO,21,30,2054,3409.747424094021
HHO,21,30,2055,4379.580609489566
SCA,21,30,2026,2846.266437481437
SCA,21,30,2027,3191.4195831483025
SCA,21,30,2028,2824.199147381889
SCA,21,30,2029,2813.225683641817
SCA,21,30,2030,2811.0575873745556
SCA,21,30,2031,2855.278188366431
SCA,21,30,2032,2958.4582068171194
SCA,21,30,2033,2738.6384240289867
SCA,21,30,2034,2758.8603776978816
SCA,21,30,2035,3040.298403900985
SCA,21,30,2036,2942.1992658282757
SCA,21,30,2037,3019.579742223048
SCA,21,30,2038,2880.293087888892
SCA,21,30,2039,2833.6451485752013
SCA,21,30,2040,2742.8791960355798
SCA,21,30,2041,2839.343754864913
SCA,21,30,2042,2980.821722046567
SCA,21,30,2043,2977.3586507565915
SCA,21,30,2044,3002.942199701541
SCA,21,30,2045,3133.515788404996
SCA,21,30,2046,3023.153592441263
SCA,21,30,2047,2776.7141840898703
SCA,21,30,2048,2895.5415346186956
SCA,21,30,2049,2837.546656180464
SCA,21,30,2050,2884.9085724675724
SCA,21,30,2051,3206.538761812989
SCA,21,30,2052,3041.1385464810282
SCA,21,30,2053,2847.182688973081
SCA,21,30,2054,3082.563479270875
SCA,21,30,2055,2868.6203306637544
LSHADE,21,30,2026,2268.222075022902
LSHADE,21,30,2027,2268.941458448849
LSHADE,21,30,2028,2265.1953021528625
LSHADE,21,30,2029,2274.7886618379544
LSHADE,21,30,2030,2271.700745287872
LSHADE,21,30,2031,2268.0697869404357
LSHADE,21,30,2032,2279.354752364386
LSHADE,21,30,2033,2274.8418393904217
LSHADE,21,30,2034,2273.841304198849
LSHADE,21,30,2035,2276.671844943666
LSHADE,21,30,2036,2270.22966009883
LSHADE,21,30,2037,2269.3893171582367
LSHADE,21,30,2038,2282.421485184816
LSHADE,21,30,2039,2268.3663652222695
LSHADE,21,30,2040,2270.9070235110075
LSHADE,21,30,2041,2281.176677006468
LSHADE,21,30,2042,2270.3138656443275
LSHADE,21,30,2043,2271.708225861689
LSHADE,21,30,2044,2270.9377852350435
LSHADE,21,30,2045,2267.171345745885
LSHADE,21,30,2046,2271.3592337153423
LSHADE,21,30,2047,2267.4099112098334
LSHADE,21,30,2048,2272.919961786485
LSHADE,21,30,2049,2269.1919318819314
LSHADE,21,30,2050,2282.439455345708
LSHADE,21,30,2051,2273.8523664227932
LSHADE,21,30,2052,2273.673921574811
LSHADE,21,30,2053,2269.500976514577
LSHADE,21,30,2054,2266.498628682684
LSHADE,21,30,2055,2282.894447434345
ABMO,22,30,2026,6969.696022832515
ABMO,22,30,2027,8348.517767927806
ABMO,22,30,2028,6430.839238494085
ABMO,22,30,2029,7835.654358113126
ABMO,22,30,2030,5572.884720750913
ABMO,22,30,2031,8611.306384771326
ABMO,22,30,2032,7515.512622059644
ABMO,22,30,2033,9965.754491494441
ABMO,22,30,2034,6025.9365426843015
ABMO,22,30,2035,3586.5242706134522
ABMO,22,30,2036,5071.126805736732
ABMO,22,30,2037,2400.0001246689803
ABMO,22,30,2038,4789.570622917299
ABMO,22,30,2039,4157.544325730354
ABMO,22,30,2040,6969.696020105445
ABMO,22,30,2041,9247.593623287417
ABMO,22,30,2042,8859.534614764158
ABMO,22,30,2043,3323.717390944396
ABMO,22,30,2044,6025.900151289856
ABMO,22,30,2045,10154.151788141224
ABMO,22,30,2046,7493.1295819045445
ABMO,22,30,2047,5630.491272239459
ABMO,22,30,2048,5341.8272896364815
ABMO,22,30,2049,4186.735836256451
ABMO,22,30,2050,6025.931413858462
ABMO,22,30,2051,6025.878778382425
ABMO,22,30,2052,3050.1147623172224
ABMO,22,30,2053,11694.393812240187
ABMO,22,30,2054,12240.171640476454
ABMO,22,30,2055,7493.060371259187
AS-ABMO,22,30,2026,2400.000730332332
AS-ABMO,22,30,2027,2400.0017714549153
AS-ABMO,22,30,2028,2400.001025929384
AS-ABMO,22,30,2029,6025.849531963804
AS-ABMO,22,30,2030,2864.6375477481843
AS-ABMO,22,30,2031,2400.0003182606324
AS-ABMO,22,30,2032,2657.05296714048
AS-ABMO,22,30,2033,2400.001081701279
AS-ABMO,22,30,2034,2400.0009068083787
AS-ABMO,22,30,2035,3081.1153500033593
AS-ABMO,22,30,2036,3784.445158076597
AS-ABMO,22,30,2037,2400.0023107438756
AS-ABMO,22,30,2038,6969.915455684328
AS-ABMO,22,30,2039,3907.280798971584
AS-ABMO,22,30,2040,6025.95956163652
AS-ABMO,22,30,2041,2400.0709618126775
AS-ABMO,22,30,2042,2648.481963550256
AS-ABMO,22,30,2043,2992.7495837674855
AS-ABMO,22,30,2044,6025.959802637548
AS-ABMO,22,30,2045,7639.981559952417
AS-ABMO,22,30,2046,2400.060712299166
AS-ABMO,22,30,2047,2400.001132334176
AS-ABMO,22,30,2048,6969.809730386026
AS-ABMO,22,30,2049,3069.6531010522076
AS-ABMO,22,30,2050,6025.813218370958
AS-ABMO,22,30,2051,2400.0087481370515
AS-ABMO,22,30,2052,2400.0001773401295
AS-ABMO,22,30,2053,2400.00241019762
AS-ABMO,22,30,2054,2400.007243298615
AS-ABMO,22,30,2055,6430.878890829228
RUN,22,30,2026,33105.00742807827
RUN,22,30,2027,51800.11560863861
RUN,22,30,2028,22605.05774537121
RUN,22,30,2029,28083.467998113534
RUN,22,30,2030,24714.776112210082
RUN,22,30,2031,27280.18567511881
RUN,22,30,2032,18098.49787281928
RUN,22,30,2033,30371.123867582188
RUN,22,30,2034,27760.0082864771
RUN,22,30,2035,23781.133219667732
RUN,22,30,2036,23325.66814776828
RUN,22,30,2037,21530.398746749717
RUN,22,30,2038,49582.11103549835
RUN,22,30,2039,29173.575814299133
RUN,22,30,2040,44443.129224441895
RUN,22,30,2041,23226.16304635667
RUN,22,30,2042,41906.78840711955
RUN,22,30,2043,26906.140712258628
RUN,22,30,2044,31242.85932976556
RUN,22,30,2045,26813.30447384746
RUN,22,30,2046,46507.87863859484
RUN,22,30,2047,33457.99368568399
RUN,22,30,2048,26289.782041052837
RUN,22,30,2049,26045.25679598827
RUN,22,30,2050,30479.425644450454
RUN,22,30,2051,23108.134906162024
RUN,22,30,2052,27238.933653711676
RUN,22,30,2053,24639.62087507039
RUN,22,30,2054,19029.436395794342
RUN,22,30,2055,23037.398872001617
GWO,22,30,2026,10613.572116966525
GWO,22,30,2027,10027.597674907944
GWO,22,30,2028,9919.50084361687
GWO,22,30,2029,10301.63621091584
GWO,22,30,2030,12275.637097930032
GWO,22,30,2031,11837.160051639472
GWO,22,30,2032,11256.924401651528
GWO,22,30,2033,11346.343109666408
GWO,22,30,2034,9426.304031452124
GWO,22,30,2035,10848.346006586711
GWO,22,30,2036,9226.354936241893
GWO,22,30,2037,8481.457565880191
GWO,22,30,2038,11218.387191519223
GWO,22,30,2039,7275.688241180346
GWO,22,30,2040,10777.219615403128
GWO,22,30,2041,10286.465922840282
GWO,22,30,2042,9233.7275816838
GWO,22,30,2043,8304.258149494113
GWO,22,30,2044,12900.519538681076
GWO,22,30,2045,11182.681103921876
GWO,22,30,2046,8870.415176687951
GWO,22,30,2047,10554.281531497181
GWO,22,30,2048,10994.522921943531
GWO,22,30,2049,9299.535315216908
GWO,22,30,2050,11155.489253608406
GWO,22,30,2051,11085.462728938966
GWO,22,30,2052,10600.07837712238
GWO,22,30,2053,10410.994900051139
GWO,22,30,2054,14068.7851809604
GWO,22,30,2055,10386.910526903346
WOA,22,30,2026,32092.626334887027
WOA,22,30,2027,20398.353119260148
WOA,22,30,2028,13656.447647288109
WOA,22,30,2029,24824.001166565635
WOA,22,30,2030,24356.188607422086
WOA,22,30,2031,33685.249222875966
WOA,22,30,2032,24039.397391304254
WOA,22,30,2033,15102.69466222014
WOA,22,30,2034,21337.3966154779
WOA,22,30,2035,42484.294790111955
WOA,22,30,2036,41231.048356319974
WOA,22,30,2037,48669.37553488713
WOA,22,30,2038,34293.25483378983
WOA,22,30,2039,38489.1948824268
WOA,22,30,2040,45994.21344486409
WOA,22,30,2041,23164.108321253334
WOA,22,30,2042,27459.70227916777
WOA,22,30,2043,25318.245098056057
WOA,22,30,2044,30462.782540206492
WOA,22,30,2045,19883.30761115395
WOA,22,30,2046,38696.751853814436
WOA,22,30,2047,33497.91705156962
WOA,22,30,2048,37898.52197153274
WOA,22,30,2049,23085.278732794133
WOA,22,30,2050,34716.232731939395
WOA,22,30,2051,19353.916599507684
WOA,22,30,2052,31417.045164025185
WOA,22,30,2053,18298.575538475547
WOA,22,30,2054,32851.69123897696
WOA,22,30,2055,19078.66881405644
HHO,22,30,2026,34110.08751106252
HHO,22,30,2027,25995.80417283296
HHO,22,30,2028,30074.439289248716
HHO,22,30,2029,31895.997299190516
HHO,22,30,2030,28410.43122615605
HHO,22,30,2031,19119.624121882647
HHO,22,30,2032,43026.01126299394
HHO,22,30,2033,27040.527993881176
HHO,22,30,2034,21465.384366402504
HHO,22,30,2035,43560.25171356061
HHO,22,30,2036,24526.334011919193
HHO,22,30,2037,35335.37449941714
HHO,22,30,2038,31878.297995755576
HHO,22,30,2039,31987.939957615727
HHO,22,30,2040,38539.88913635492
HHO,22,30,2041,31055.395680437763
HHO,22,30,2042,27835.953217187147
HHO,22,30,2043,37803.471088277605
HHO,22,30,2044,22992.96218743991
HHO,22,30,2045,22357.159317304104
HHO,22,30,2046,30325.310478208543
HHO,22,30,2047,27588.093361086147
HHO,22,30,2048,27757.029235203227
HHO,22,30,2049,18232.738997176064
HHO,22,30,2050,28436.08732196077
HHO,22,30,2051,31893.777700074883
HHO,22,30,2052,32449.77284368555
HHO,22,30,2053,27621.30748608789
HHO,22,30,2054,26305.08688129308
HHO,22,30,2055,33340.247702518056
SCA,22,30,2026,32619.675255596536
SCA,22,30,2027,34423.18912545114
SCA,22,30,2028,31560.069988030522
SCA,22,30,2029,38097.49998879825
SCA,22,30,2030,33319.81344806821
SCA,22,30,2031,35151.400499814685
SCA,22,30,2032,35396.50497439279
SCA,22,30,2033,31712.594519405146
SCA,22,30,2034,22660.35563147443
SCA,22,30,2035,47151.62260890043
SCA,22,30,2036,36071.45335329826
SCA,22,30,2037,31778.962086446612
SCA,22,30,2038,30712.30784236754
SCA,22,30,2039,40316.024744817
SCA,22,30,2040,29943.640566094917
SCA,22,30,2041,33196.90533768661
SCA,22,30,2042,36504.79518915762
SCA,22,30,2043,40067.78970785152
SCA,22,30,2044,32112.574203420747
SCA,22,30,2045,31855.462989482116
SCA,22,30,2046,37757.49876685001
SCA,22,30,2047,29524.669288329285
SCA,22,30,2048,38138.86266748042
SCA,22,30,2049,39829.71953334951
SCA,22,30,2050,33829.34046596802
SCA,22,30,2051,42329.8737297202
SCA,22,30,2052,34902.9504174676
SCA,22,30,2053,30740.813635685532
SCA,22,30,2054,28146.434941742355
SCA,22,30,2055,33363.27235310861
LSHADE,22,30,2026,2400.0022387677186
LSHADE,22,30,2027,2400.0020462032066
LSHADE,22,30,2028,2400.0015172810795
LSHADE,22,30,2029,2400.002783538158
LSHADE,22,30,2030,2400.00113285333
LSHADE,22,30,2031,2400.013736858479
LSHADE,22,30,2032,2400.0006397395064
LSHADE,22,30,2033,2400.001078310671
LSHADE,22,30,2034,2400.0024125007526
LSHADE,22,30,2035,2400.0009386901124
LSHADE,22,30,2036,2609.296060769674
LSHADE,22,30,2037,2400.0003087368214
LSHADE,22,30,2038,2400.000541214712
LSHADE,22,30,2039,2400.011600938966
LSHADE,22,30,2040,2400.0005956787813
LSHADE,22,30,2041,2400.000791771654
LSHADE,22,30,2042,2591.3917863427823
LSHADE,22,30,2043,2643.2158313573073
LSHADE,22,30,2044,2400.000556091446
LSHADE,22,30,2045,2400.0007786023116
LSHADE,22,30,2046,2400.0049313830764
LSHADE,22,30,2047,2400.000926438069
LSHADE,22,30,2048,2400.007591719999
LSHADE,22,30,2049,2644.8995391563994
LSHADE,22,30,2050,2400.0015041105926
LSHADE,22,30,2051,2400.0005728287624
LSHADE,22,30,2052,2400.0006712829027
LSHADE,22,30,2053,2400.0004731749486
LSHADE,22,30,2054,2400.001924898748
LSHADE,22,30,2055,2400.000163145958
ABMO,23,30,2026,2500.000039792192
ABMO,23,30,2027,2500.000022865469
ABMO,23,30,2028,10245.097637822908
ABMO,23,30,2029,2500.000236609071
ABMO,23,30,2030,6344.717384537033
ABMO,23,30,2031,2791.123471983883
ABMO,23,30,2032,5720.026242302271
ABMO,23,30,2033,6556.011659572855
ABMO,23,30,2034,2500.000514588885
ABMO,23,30,2035,4797.178448745996
ABMO,23,30,2036,6416.575750311452
ABMO,23,30,2037,8141.279389396048
ABMO,23,30,2038,2500.0000813635916
ABMO,23,30,2039,4473.209254364268
ABMO,23,30,2040,3512.3410867406164
ABMO,23,30,2041,6051.488222889864
ABMO,23,30,2042,4797.052367908476
ABMO,23,30,2043,2990.350317738346
ABMO,23,30,2044,4303.281825158801
ABMO,23,30,2045,5530.076450688933
ABMO,23,30,2046,5162.6282498022265
ABMO,23,30,2047,2500.0028020892482
ABMO,23,30,2048,6429.096174950055
ABMO,23,30,2049,2500.000062774828
ABMO,23,30,2050,4336.328648058001
ABMO,23,30,2051,2500.000104242816
ABMO,23,30,2052,5530.777374323416
ABMO,23,30,2053,2500.000128820786
ABMO,23,30,2054,4199.4991208541705
ABMO,23,30,2055,8428.390226625233
AS-ABMO,23,30,2026,2500.0001671020536
AS-ABMO,23,30,2027,3369.0268310644396
AS-ABMO,23,30,2028,4797.260352034359
AS-ABMO,23,30,2029,2500.0003671122017
AS-ABMO,23,30,2030,2500.002286648558
AS-ABMO,23,30,2031,2500.0003420171874
AS-ABMO,23,30,2032,2823.3452515514437
AS-ABMO,23,30,2033,2500.001920551023
AS-ABMO,23,30,2034,2500.006972311294
AS-ABMO,23,30,2035,2500.000455333257
AS-ABMO,23,30,2036,2500.0007840598264
AS-ABMO,23,30,2037,2500.0003255599468
AS-ABMO,23,30,2038,2500.000123647717
AS-ABMO,23,30,2039,2833.268038747828
AS-ABMO,23,30,2040,3033.4364523130134
AS-ABMO,23,30,2041,2921.483323830993
AS-ABMO,23,30,2042,2500.0043603342356
AS-ABMO,23,30,2043,2500.005142490462
AS-ABMO,23,30,2044,2500.0009364214047
AS-ABMO,23,30,2045,2500.0001742021173
AS-ABMO,23,30,2046,2747.8459359890703
AS-ABMO,23,30,2047,2500.0037104279118
AS-ABMO,23,30,2048,2500.0011643297935
AS-ABMO,23,30,2049,2500.0003144421103
AS-ABMO,23,30,2050,2783.6465426886652
AS-ABMO,23,30,2051,2500.0003106486747
AS-ABMO,23,30,2052,2500.001021134874
AS-ABMO,23,30,2053,2500.000675067947
AS-ABMO,23,30,2054,2500.0015293641845
AS-ABMO,23,30,2055,2500.0000977773516
RUN,23,30,2026,24771.316779525696
RUN,23,30,2027,15767.033912025066
RUN,23,30,2028,24413.593622409575
RUN,23,30,2029,24457.857977881078
RUN,23,30,2030,26921.95073517367
RUN,23,30,2031,20036.85904143866
RUN,23,30,2032,16744.810624893522
RUN,23,30,2033,14742.515089100016
RUN,23,30,2034,16137.980645608357
RUN,23,30,2035,19147.675404292924
RUN,23,30,2036,25835.289658223806
RUN,23,30,2037,17934.886863413267
RUN,23,30,2038,17217.087903949858
RUN,23,30,2039,25806.80713538271
RUN,23,30,2040,15732.146590319608
RUN,23,30,2041,26944.140992139102
RUN,23,30,2042,17692.07233427264
RUN,23,30,2043,24838.68671791847
RUN,23,30,2044,14947.524691828688
RUN,23,30,2045,14389.245967438697
RUN,23,30,2046,22072.173622287737
RUN,23,30,2047,15682.392602915837
RUN,23,30,2048,22270.441920793262
RUN,23,30,2049,18164.653886609813
RUN,23,30,2050,21256.73263884744
RUN,23,30,2051,24044.193072446837
RUN,23,30,2052,15314.482961305579
RUN,23,30,2053,26486.88873084645
RUN,23,30,2054,24245.690920113615
RUN,23,30,2055,27242.183736559247
GWO,23,30,2026,7348.88146031705
GWO,23,30,2027,7750.753866792796
GWO,23,30,2028,7466.513074416194
GWO,23,30,2029,7582.310208927757
GWO,23,30,2030,7314.410517684521
GWO,23,30,2031,8249.718345401263
GWO,23,30,2032,8935.634677294523
GWO,23,30,2033,7382.500331387165
GWO,23,30,2034,7797.068723917679
GWO,23,30,2035,8203.231304152865
GWO,23,30,2036,8892.697834432334
GWO,23,30,2037,7929.321621046674
GWO,23,30,2038,8447.738644831086
GWO,23,30,2039,7980.897566069522
GWO,23,30,2040,7659.714718683146
GWO,23,30,2041,7497.176824348886
GWO,23,30,2042,8106.714901318224
GWO,23,30,2043,8040.298019512338
GWO,23,30,2044,8667.115873913928
GWO,23,30,2045,7907.2196877553215
GWO,23,30,2046,8657.010298534882
GWO,23,30,2047,7163.710348307487
GWO,23,30,2048,6735.194188421209
GWO,23,30,2049,8356.689786631334
GWO,23,30,2050,6767.387324420838
GWO,23,30,2051,8383.205248067286
GWO,23,30,2052,8061.5301406875315
GWO,23,30,2053,7792.95988130084
GWO,23,30,2054,7620.520998886248
GWO,23,30,2055,7393.659869092302
WOA,23,30,2026,16332.561288397554
WOA,23,30,2027,20863.914651375086
WOA,23,30,2028,24388.66198917841
WOA,23,30,2029,26766.54563356643
WOA,23,30,2030,21058.290714355557
WOA,23,30,2031,20103.71954176522
WOA,23,30,2032,30886.08389693641
WOA,23,30,2033,19457.394891910026
WOA,23,30,2034,11034.799225211944
WOA,23,30,2035,25572.94872797415
WOA,23,30,2036,27654.806489895025
WOA,23,30,2037,10767.972901336349
WOA,23,30,2038,17197.181288280604
WOA,23,30,2039,27191.329809998555
WOA,23,30,2040,30429.026056379458
WOA,23,30,2041,26263.177833734135
WOA,23,30,2042,31089.58446673455
WOA,23,30,2043,8896.267327383812
WOA,23,30,2044,21353.803615000717
WOA,23,30,2045,17313.743357123774
WOA,23,30,2046,33727.3029259345
WOA,23,30,2047,12897.213294157766
WOA,23,30,2048,28385.374176234243
WOA,23,30,2049,20820.1755626912
WOA,23,30,2050,18595.73526668399
WOA,23,30,2051,27502.141159933497
WOA,23,30,2052,30463.636812553297
WOA,23,30,2053,12821.33577239796
WOA,23,30,2054,17560.553732589215
WOA,23,30,2055,32914.552289724656
HHO,23,30,2026,16405.195256915817
HHO,23,30,2027,19305.742980588177
HHO,23,30,2028,15832.767655983776
HHO,23,30,2029,23116.933008279662
HHO,23,30,2030,24334.87922349901
HHO,23,30,2031,13828.122512610982
HHO,23,30,2032,15800.646873606922
HHO,23,30,2033,18482.572367848494
HHO,23,30,2034,13637.24751681588
HHO,23,30,2035,16195.974661400527
HHO,23,30,2036,22614.02571959493
HHO,23,30,2037,10274.685422121558
HHO,23,30,2038,24955.22218448338
HHO,23,30,2039,18735.325594444133
HHO,23,30,2040,18900.72481441455
HHO,23,30,2041,24569.94188175989
HHO,23,30,2042,23827.538397795408
HHO,23,30,2043,20711.72316537609
HHO,23,30,2044,17051.55382282979
HHO,23,30,2045,13981.964265735534
HHO,23,30,2046,15116.431068233254
HHO,23,30,2047,12747.615045140412
HHO,23,30,2048,22084.635975184676
HHO,23,30,2049,15639.166550026634
HHO,23,30,2050,19718.01496951592
HHO,23,30,2051,18756.21947029898
HHO,23,30,2052,25333.924987116905
HHO,23,30,2053,15187.404818703319
HHO,23,30,2054,12385.732787166002
HHO,23,30,2055,13361.204592592572
SCA,23,30,2026,19386.272522520725
SCA,23,30,2027,20188.385527638675
SCA,23,30,2028,21740.085998968167
SCA,23,30,2029,20239.627684078692
SCA,23,30,2030,20412.59717248218
SCA,23,30,2031,19229.42649307974
SCA,23,30,2032,22201.785822301717
SCA,23,30,2033,18548.5380165575
SCA,23,30,2034,23005.96510300568
SCA,23,30,2035,24318.747381201007
SCA,23,30,2036,20405.903982099622
SCA,23,30,2037,20013.788693059865
SCA,23,30,2038,19179.9958078045
SCA,23,30,2039,20519.082141332572
SCA,23,30,2040,22939.574621212087
SCA,23,30,2041,19009.34949990903
SCA,23,30,2042,18539.46356380098
SCA,23,30,2043,19273.73337762021
SCA,23,30,2044,21731.384887286244
SCA,23,30,2045,22537.48296512927
SCA,23,30,2046,17826.32589235792
SCA,23,30,2047,20832.10013386402
SCA,23,30,2048,21803.958868551214
SCA,23,30,2049,20610.658195448836
SCA,23,30,2050,25109.975004622793
SCA,23,30,2051,20683.01431866941
SCA,23,30,2052,19662.141317279595
SCA,23,30,2053,20031.586509407203
SCA,23,30,2054,24758.524135537784
SCA,23,30,2055,21960.61866301445
LSHADE,23,30,2026,2500.001301902041
LSHADE,23,30,2027,2735.2835701351655
LSHADE,23,30,2028,2500.0001561464783
LSHADE,23,30,2029,2500.0003695027162
LSHADE,23,30,2030,2500.0002539408424
LSHADE,23,30,2031,2500.000113516267
LSHADE,23,30,2032,2500.0002440788685
LSHADE,23,30,2033,2500.0002194329413
LSHADE,23,30,2034,2500.000943470249
LSHADE,23,30,2035,2500.000373203931
LSHADE,23,30,2036,2500.0002371800388
LSHADE,23,30,2037,2500.0005283825135
LSHADE,23,30,2038,2500.000203521306
LSHADE,23,30,2039,2500.0005064922634
LSHADE,23,30,2040,2500.000425724865
LSHADE,23,30,2041,2500.000539102642
LSHADE,23,30,2042,2500.0001654331254
LSHADE,23,30,2043,2500.000430344984
LSHADE,23,30,2044,2500.001384342442
LSHADE,23,30,2045,2500.0000797401217
LSHADE,23,30,2046,2500.000752689581
LSHADE,23,30,2047,2500.0004677199686
LSHADE,23,30,2048,2500.000125739167
LSHADE,23,30,2049,2500.0004673930016
LSHADE,23,30,2050,2500.0013035772695
LSHADE,23,30,2051,2500.0001045653535
LSHADE,23,30,2052,2500.0005463271305
LSHADE,23,30,2053,2500.0004741825164
LSHADE,23,30,2054,2500.0001115021723
LSHADE,23,30,2055,2500.000279940008
ABMO,24,30,2026,2853.880955023057
ABMO,24,30,2027,2840.856273437066
ABMO,24,30,2028,2857.155195138899
ABMO,24,30,2029,2823.3290862719196
ABMO,24,30,2030,2925.716240548544
ABMO,24,30,2031,2826.429959310854
ABMO,24,30,2032,2855.1344813530195
ABMO,24,30,2033,2824.080486936289
ABMO,24,30,2034,2830.3298005405827
ABMO,24,30,2035,2842.4373925175064
ABMO,24,30,2036,2974.415511651976
ABMO,24,30,2037,2879.386602581516
ABMO,24,30,2038,2857.135496961474
ABMO,24,30,2039,2843.6996718181035
ABMO,24,30,2040,2938.2792618680405
ABMO,24,30,2041,2828.1612355199445
ABMO,24,30,2042,2847.1534884745824
ABMO,24,30,2043,2822.898155763435
ABMO,24,30,2044,2848.876838325561
ABMO,24,30,2045,2849.6434362066634
ABMO,24,30,2046,2895.707042078899
ABMO,24,30,2047,2891.196276372309
ABMO,24,30,2048,2823.188595467795
ABMO,24,30,2049,2856.1253023843574
ABMO,24,30,2050,2854.8807411806088
ABMO,24,30,2051,2846.172832571866
ABMO,24,30,2052,2988.4977722640992
ABMO,24,30,2053,2824.119115929504
ABMO,24,30,2054,2865.172721785925
ABMO,24,30,2055,2825.8759053978893
AS-ABMO,24,30,2026,2824.1170510084357
AS-ABMO,24,30,2027,2822.2917309284853
AS-ABMO,24,30,2028,2842.776960107563
AS-ABMO,24,30,2029,2822.3332820952533
AS-ABMO,24,30,2030,2826.7872644447407
AS-ABMO,24,30,2031,2822.510997698395
AS-ABMO,24,30,2032,2825.8416245922663
AS-ABMO,24,30,2033,2839.4145280114103
AS-ABMO,24,30,2034,2822.862686739473
AS-ABMO,24,30,2035,2824.1546855259394
AS-ABMO,24,30,2036,2823.1121062677294
AS-ABMO,24,30,2037,2822.528368813522
AS-ABMO,24,30,2038,2832.1879422512066
AS-ABMO,24,30,2039,2829.0339680607744
AS-ABMO,24,30,2040,2821.662587778729
AS-ABMO,24,30,2041,2856.697403194196
AS-ABMO,24,30,2042,2827.868206148536
AS-ABMO,24,30,2043,2824.9811496947445
AS-ABMO,24,30,2044,2843.647863689096
AS-ABMO,24,30,2045,2906.538574262855
AS-ABMO,24,30,2046,2847.0958076846364
AS-ABMO,24,30,2047,2837.002052798417
AS-ABMO,24,30,2048,2849.1425530281413
AS-ABMO,24,30,2049,2822.2099591163296
AS-ABMO,24,30,2050,2825.5339007307653
AS-ABMO,24,30,2051,2842.209566976218
AS-ABMO,24,30,2052,2839.2801525715186
AS-ABMO,24,30,2053,2830.797479448186
AS-ABMO,24,30,2054,2843.7887526283257
AS-ABMO,24,30,2055,2821.6692501314187
RUN,24,30,2026,3903.840701449197
RUN,24,30,2027,3718.969214842767
RUN,24,30,2028,3834.0818578860953
RUN,24,30,2029,3768.877890654451
RUN,24,30,2030,3826.9853884365275
RUN,24,30,2031,3617.155158231486
RUN,24,30,2032,3867.622878924325
RUN,24,30,2033,3741.408123097656
RUN,24,30,2034,3542.192768816389
RUN,24,30,2035,4227.139514112752
RUN,24,30,2036,3533.4220179693466
RUN,24,30,2037,3294.229382932128
RUN,24,30,2038,3826.7701954568224
RUN,24,30,2039,4484.193321197877
RUN,24,30,2040,4127.706701321398
RUN,24,30,2041,3738.974851940512
RUN,24,30,2042,3558.5213166876283
RUN,24,30,2043,4230.482758523706
RUN,24,30,2044,3911.6531988477427
RUN,24,30,2045,3328.1909012520873
RUN,24,30,2046,4782.076921288903
RUN,24,30,2047,3559.589288632154
RUN,24,30,2048,4009.6693889027656
RUN,24,30,2049,4031.463920876633
RUN,24,30,2050,3571.9644443591824
RUN,24,30,2051,3573.99442419218
RUN,24,30,2052,3897.6183631120375
RUN,24,30,2053,3727.4423143885174
RUN,24,30,2054,3594.9141416235107
RUN,24,30,2055,3864.4828217719487
GWO,24,30,2026,2913.608965889359
GWO,24,30,2027,2952.5807418002323
GWO,24,30,2028,2957.8930571174587
GWO,24,30,2029,3060.663766202492
GWO,24,30,2030,2982.129386593098
GWO,24,30,2031,2988.975886264389
GWO,24,30,2032,2966.5988649249307
GWO,24,30,2033,3054.480422666772
GWO,24,30,2034,3077.6874913400575
GWO,24,30,2035,3031.40853705085
GWO,24,30,2036,3118.4532476617137
GWO,24,30,2037,2978.088339750723
GWO,24,30,2038,2968.6447950867373
GWO,24,30,2039,3007.8500794097954
GWO,24,30,2040,2978.39278524952
GWO,24,30,2041,3005.4168370570173
GWO,24,30,2042,2907.8883500856277
GWO,24,30,2043,3078.9270445207326
GWO,24,30,2044,2948.8191666359535
GWO,24,30,2045,2989.741857140515
GWO,24,30,2046,2957.330876693615
GWO,24,30,2047,3137.1343578878323
GWO,24,30,2048,3030.9384559789214
GWO,24,30,2049,2910.10147662487
GWO,24,30,2050,2949.9681952327564
GWO,24,30,2051,3044.070141330734
GWO,24,30,2052,3050.580046959498
GWO,24,30,2053,3013.5327230259563
GWO,24,30,2054,3057.56416203969
GWO,24,30,2055,3127.723964099685
WOA,24,30,2026,3515.5221880243325
WOA,24,30,2027,3718.1128621298258
WOA,24,30,2028,3717.448869979492
WOA,24,30,2029,5014.52366659101
WOA,24,30,2030,3326.6485718782997
WOA,24,30,2031,3221.236297204262
WOA,24,30,2032,4342.359558833351
WOA,24,30,2033,3580.2274000732264
WOA,24,30,2034,3972.3396886467826
WOA,24,30,2035,3413.196652053366
WOA,24,30,2036,3860.268169829268
WOA,24,30,2037,3272.2640149996396
WOA,24,30,2038,5000.503975413127
WOA,24,30,2039,3673.3975574807655
WOA,24,30,2040,3901.905991782084
WOA,24,30,2041,3836.753323928976
WOA,24,30,2042,3477.0955886523398
WOA,24,30,2043,3303.063366820741
WOA,24,30,2044,3451.421612378018
WOA,24,30,2045,3872.018927450095
WOA,24,30,2046,4581.293494258467
WOA,24,30,2047,3584.635253388773
WOA,24,30,2048,3482.042928160017
WOA,24,30,2049,3568.1689985621515
WOA,24,30,2050,3915.8557448508745
WOA,24,30,2051,3468.7971660144585
WOA,24,30,2052,4206.2421958789455
WOA,24,30,2053,4373.038588288603
WOA,24,30,2054,3494.419082363638
WOA,24,30,2055,3582.5583969124027
HHO,24,30,2026,3405.8681715739694
HHO,24,30,2027,3466.688882097711
HHO,24,30,2028,4232.501170281061
HHO,24,30,2029,3508.730382928351
HHO,24,30,2030,4077.3667302992862
HHO,24,30,2031,4294.8077519247145
HHO,24,30,2032,3832.2226880106236
HHO,24,30,2033,4130.713052679265
HHO,24,30,2034,4150.010953865805
HHO,24,30,2035,3785.822350010734
HHO,24,30,2036,3508.585468723465
HHO,24,30,2037,3561.3909465333436
HHO,24,30,2038,4023.88812888297
HHO,24,30,2039,3768.3534437977387
HHO,24,30,2040,3923.3135089661127
HHO,24,30,2041,3722.714828420795
HHO,24,30,2042,3650.203563174118
HHO,24,30,2043,3637.2611452612973
HHO,24,30,2044,4062.975584864549
HHO,24,30,2045,4542.0229931729455
HHO,24,30,2046,4173.723591642166
HHO,24,30,2047,4174.474944850694
HHO,24,30,2048,4100.495727338194
HHO,24,30,2049,3745.0524740417445
HHO,24,30,2050,3662.548124544622
HHO,24,30,2051,3872.9776231122387
HHO,24,30,2052,4122.5946383505925
HHO,24,30,2053,3862.5106295561636
HHO,24,30,2054,3599.989053390492
HHO,24,30,2055,3626.1366899043524
SCA,24,30,2026,4593.239897286576
SCA,24,30,2027,4356.7040557216815
SCA,24,30,2028,4535.955197679414
SCA,24,30,2029,3916.3836994053117
SCA,24,30,2030,4623.493778875257
SCA,24,30,2031,5281.514540445765
SCA,24,30,2032,4629.000053302291
SCA,24,30,2033,4418.045423680042
SCA,24,30,2034,4986.618652888713
SCA,24,30,2035,4242.495808976369
SCA,24,30,2036,4290.2307303429725
SCA,24,30,2037,4079.6897255020212
SCA,24,30,2038,4382.050643035011
SCA,24,30,2039,4297.415102120383
SCA,24,30,2040,4455.88676088157
SCA,24,30,2041,4558.21943470156
SCA,24,30,2042,4326.161469433351
SCA,24,30,2043,4346.77031315586
SCA,24,30,2044,4465.364960587264
SCA,24,30,2045,4253.531201152098
SCA,24,30,2046,4371.425655786231
SCA,24,30,2047,4365.569596731415
SCA,24,30,2048,4442.704435272788
SCA,24,30,2049,4271.961848820301
SCA,24,30,2050,4352.798567561576
SCA,24,30,2051,4042.425139933986
SCA,24,30,2052,4440.013519500391
SCA,24,30,2053,4329.056040918744
SCA,24,30,2054,4248.434935671321
SCA,24,30,2055,4565.0476655453185
LSHADE,24,30,2026,2831.71106754791
LSHADE,24,30,2027,2821.2370623732777
LSHADE,24,30,2028,2821.3527753925596
LSHADE,24,30,2029,2821.494674074105
LSHADE,24,30,2030,2821.625437726363
LSHADE,24,30,2031,2822.8818456387694
LSHADE,24,30,2032,2821.439667109198
LSHADE,24,30,2033,2821.129245365701
LSHADE,24,30,2034,2821.2996676652256
LSHADE,24,30,2035,2821.691402008261
LSHADE,24,30,2036,2820.749748895302
LSHADE,24,30,2037,2820.640611344585
LSHADE,24,30,2038,2821.4847249872787
LSHADE,24,30,2039,2821.1210573790004
LSHADE,24,30,2040,2832.174478010048
LSHADE,24,30,2041,2821.083690082384
LSHADE,24,30,2042,2820.9924049398883
LSHADE,24,30,2043,2820.778867015738
LSHADE,24,30,2044,2820.8470919366873
LSHADE,24,30,2045,2820.774570592146
LSHADE,24,30,2046,2821.3886327252426
LSHADE,24,30,2047,2821.026855443248
LSHADE,24,30,2048,2821.5247054236024
LSHADE,24,30,2049,2821.3593279972665
LSHADE,24,30,2050,2821.0879888438317
LSHADE,24,30,2051,2820.942763473929
LSHADE,24,30,2052,2821.8574736444234
LSHADE,24,30,2053,2822.4676376076245
LSHADE,24,30,2054,2821.5551736230163
LSHADE,24,30,2055,2820.9472138137326
ABMO,25,30,2026,3405.0969670624863
ABMO,25,30,2027,3718.807746923826
ABMO,25,30,2028,3422.113000028309
ABMO,25,30,2029,3342.803231922532
ABMO,25,30,2030,3589.076543897905
ABMO,25,30,2031,3401.6407064099803
ABMO,25,30,2032,4058.994232945646
ABMO,25,30,2033,3501.4677149925687
ABMO,25,30,2034,3531.3484485431536
ABMO,25,30,2035,3362.214148190441
ABMO,25,30,2036,3406.2943302805415
ABMO,25,30,2037,3532.1165986458464
ABMO,25,30,2038,3331.0024069198844
ABMO,25,30,2039,3562.832383768967
ABMO,25,30,2040,3569.695859097609
ABMO,25,30,2041,3404.788972127322
ABMO,25,30,2042,3406.573244168856
ABMO,25,30,2043,3383.5539157401545
ABMO,25,30,2044,3486.543088975679
ABMO,25,30,2045,3275.4330550093255
ABMO,25,30,2046,3377.948822411373
ABMO,25,30,2047,3383.426126999006
ABMO,25,30,2048,3398.284396253721
ABMO,25,30,2049,3642.917051248607
ABMO,25,30,2050,3570.2055333770877
ABMO,25,30,2051,3403.6573165192804
ABMO,25,30,2052,3446.969745921064
ABMO,25,30,2053,3391.3195036197785
ABMO,25,30,2054,3515.423878476443
ABMO,25,30,2055,3557.9627565656815
AS-ABMO,25,30,2026,3395.4917023128464
AS-ABMO,25,30,2027,3397.4956154563024
AS-ABMO,25,30,2028,3399.9739279296937
AS-ABMO,25,30,2029,3360.7239838965934
AS-ABMO,25,30,2030,3376.0245264323007
AS-ABMO,25,30,2031,3335.587718720341
AS-ABMO,25,30,2032,3398.6223872765386
AS-ABMO,25,30,2033,3393.3993041188046
AS-ABMO,25,30,2034,3380.9487939105893
AS-ABMO,25,30,2035,3350.15231214527
AS-ABMO,25,30,2036,3413.48464099566
AS-ABMO,25,30,2037,3396.552600870087
AS-ABMO,25,30,2038,3394.557802239181
AS-ABMO,25,30,2039,3518.0872765620497
AS-ABMO,25,30,2040,3405.7704992605372
AS-ABMO,25,30,2041,3383.418853198282
AS-ABMO,25,30,2042,3811.1955524812465
AS-ABMO,25,30,2043,3430.0164746478913
AS-ABMO,25,30,2044,3383.409273472903
AS-ABMO,25,30,2045,3328.351848052499
AS-ABMO,25,30,2046,3421.6481255719573
AS-ABMO,25,30,2047,3376.736685839413
AS-ABMO,25,30,2048,3417.593014702756
AS-ABMO,25,30,2049,3394.650223595031
AS-ABMO,25,30,2050,3421.0970909175794
AS-ABMO,25,30,2051,3338.6306727287256
AS-ABMO,25,30,2052,3414.984944823562
AS-ABMO,25,30,2053,3578.632077481264
AS-ABMO,25,30,2054,3385.905194638817
AS-ABMO,25,30,2055,3477.592167343287
RUN,25,30,2026,3468.413020648305
RUN,25,30,2027,3592.925561911291
RUN,25,30,2028,3522.9191594701756
RUN,25,30,2029,3609.868828378622
RUN,25,30,2030,3616.1435631426357
RUN,25,30,2031,3460.450377415099
RUN,25,30,2032,3528.669676999689
RUN,25,30,2033,3506.323345438782
RUN,25,30,2034,3751.343364862178
RUN,25,30,2035,3544.236758835627
RUN,25,30,2036,3481.6118968671294
RUN,25,30,2037,3533.689044652867
RUN,25,30,2038,3595.347959323054
RUN,25,30,2039,3705.0225977054765
RUN,25,30,2040,3623.8709608801173
RUN,25,30,2041,3563.3155495170613
RUN,25,30,2042,3658.0783278247636
RUN,25,30,2043,3527.5637072975715
RUN,25,30,2044,3558.6268721976744
RUN,25,30,2045,3635.0493663234083
RUN,25,30,2046,3458.5127922829424
RUN,25,30,2047,3468.151452263825
RUN,25,30,2048,3792.302268457737
RUN,25,30,2049,3625.92269587213
RUN,25,30,2050,3498.745422650355
RUN,25,30,2051,3489.3850195523037
RUN,25,30,2052,3733.031994768856
RUN,25,30,2053,3548.5899275505135
RUN,25,30,2054,3574.5222344660747
RUN,25,30,2055,3485.638222752604
GWO,25,30,2026,3415.665928837164
GWO,25,30,2027,3400.1311424237647
GWO,25,30,2028,3414.837351487476
GWO,25,30,2029,3409.817129628803
GWO,25,30,2030,3412.1693208851148
GWO,25,30,2031,3429.093002035067
GWO,25,30,2032,3412.7237764512297
GWO,25,30,2033,3409.5415340089116
GWO,25,30,2034,3446.9989085145394
GWO,25,30,2035,3435.5775164980014
GWO,25,30,2036,3410.2147461122813
GWO,25,30,2037,3522.1334932471073
GWO,25,30,2038,3438.4762178947744
GWO,25,30,2039,3453.7753752636454
GWO,25,30,2040,3528.804694744502
GWO,25,30,2041,3401.272348204282
GWO,25,30,2042,3412.547328459542
GWO,25,30,2043,3415.966828179
GWO,25,30,2044,3415.791057304698
GWO,25,30,2045,3435.447584625305
GWO,25,30,2046,3483.8763818416624
GWO,25,30,2047,3425.8344657671964
GWO,25,30,2048,3533.3049443711825
GWO,25,30,2049,3406.8055574982363
GWO,25,30,2050,3409.723952006223
GWO,25,30,2051,3408.9965413514246
GWO,25,30,2052,3471.9962408995343
GWO,25,30,2053,3496.595464071827
GWO,25,30,2054,3472.274311790009
GWO,25,30,2055,3436.9491766817528
WOA,25,30,2026,3842.0665611195463
WOA,25,30,2027,3908.877767781974
WOA,25,30,2028,4233.545600441375
WOA,25,30,2029,4851.707115970149
WOA,25,30,2030,3552.581396339957
WOA,25,30,2031,4959.562073277401
WOA,25,30,2032,5904.66916384356
WOA,25,30,2033,4622.756826572848
WOA,25,30,2034,3632.362527093996
WOA,25,30,2035,3812.939832061579
WOA,25,30,2036,3784.8275971112757
WOA,25,30,2037,8615.635013654242
WOA,25,30,2038,5608.60023487836
WOA,25,30,2039,4013.1057534137076
WOA,25,30,2040,3832.6276372297516
WOA,25,30,2041,5815.469815866764
WOA,25,30,2042,8658.931442862675
WOA,25,30,2043,4722.376860014291
WOA,25,30,2044,3430.2168977761808
WOA,25,30,2045,5228.6286193064925
WOA,25,30,2046,3578.159581134848
WOA,25,30,2047,7834.495550875139
WOA,25,30,2048,3922.603795939846
WOA,25,30,2049,3707.3800252174833
WOA,25,30,2050,3805.4368549780625
WOA,25,30,2051,3662.7757146386
WOA,25,30,2052,4866.272450217888
WOA,25,30,2053,3476.8516689145486
WOA,25,30,2054,4617.638374783914
WOA,25,30,2055,3915.840716881667
HHO,25,30,2026,5806.720290541993
HHO,25,30,2027,5296.823537795144
HHO,25,30,2028,4409.794881032698
HHO,25,30,2029,5290.434558943436
HHO,25,30,2030,5583.671930517186
HHO,25,30,2031,6429.677934523337
HHO,25,30,2032,5257.049593133142
HHO,25,30,2033,4934.289672739859
HHO,25,30,2034,5725.76507784067
HHO,25,30,2035,4146.183051658734
HHO,25,30,2036,5506.971680250579
HHO,25,30,2037,3748.7036378330718
HHO,25,30,2038,4598.6111389346715
HHO,25,30,2039,4632.483129497906
HHO,25,30,2040,9430.76913899053
HHO,25,30,2041,14538.79689238665
HHO,25,30,2042,5668.614327264041
HHO,25,30,2043,4487.073743161129
HHO,25,30,2044,4628.9028973098775
HHO,25,30,2045,5562.098624178414
HHO,25,30,2046,4663.051771031844
HHO,25,30,2047,4616.941064010918
HHO,25,30,2048,6967.223925457355
HHO,25,30,2049,6060.658246664839
HHO,25,30,2050,5025.815971697239
HHO,25,30,2051,3843.8095119361437
HHO,25,30,2052,4962.423577790228
HHO,25,30,2053,7234.708356736599
HHO,25,30,2054,6001.883269972586
HHO,25,30,2055,5432.162730097957
SCA,25,30,2026,5463.644459965459
SCA,25,30,2027,7114.281433227385
SCA,25,30,2028,7093.724899551208
SCA,25,30,2029,5680.515901752318
SCA,25,30,2030,6106.736075277998
SCA,25,30,2031,7071.560730428295
SCA,25,30,2032,5701.8475893787845
SCA,25,30,2033,5336.203637961725
SCA,25,30,2034,5095.144481619924
SCA,25,30,2035,6217.150922582908
SCA,25,30,2036,5258.79122713552
SCA,25,30,2037,7042.991604306735
SCA,25,30,2038,6825.36693955677
SCA,25,30,2039,6085.009027673223
SCA,25,30,2040,5464.764596469125
SCA,25,30,2041,5834.192394262121
SCA,25,30,2042,5994.654333910981
SCA,25,30,2043,6972.489179187414
SCA,25,30,2044,6393.490452583274
SCA,25,30,2045,5170.685808670996
SCA,25,30,2046,6465.981857535728
SCA,25,30,2047,6649.216670549295
SCA,25,30,2048,5809.712834969415
SCA,25,30,2049,5491.09622071577
SCA,25,30,2050,5837.205766157549
SCA,25,30,2051,6610.668186182755
SCA,25,30,2052,5870.829777522861
SCA,25,30,2053,5882.123192039029
SCA,25,30,2054,6817.933868408269
SCA,25,30,2055,5527.255143231334
LSHADE,25,30,2026,3327.941113530011
LSHADE,25,30,2027,3327.973039283729
LSHADE,25,30,2028,3328.5852118685634
LSHADE,25,30,2029,3327.9185969818445
LSHADE,25,30,2030,3327.943893216668
LSHADE,25,30,2031,3335.7647184756847
LSHADE,25,30,2032,3327.8900163900857
LSHADE,25,30,2033,3327.886480392999
LSHADE,25,30,2034,3328.057528173911
LSHADE,25,30,2035,3327.979887899496
LSHADE,25,30,2036,3328.60513883284
LSHADE,25,30,2037,3327.9623281804443
LSHADE,25,30,2038,3328.083920765135
LSHADE,25,30,2039,3328.063087312209
LSHADE,25,30,2040,3328.893603139912
LSHADE,25,30,2041,3335.7761294687843
LSHADE,25,30,2042,3327.982632203294
LSHADE,25,30,2043,3327.8470675476137
LSHADE,25,30,2044,3328.010450292376
LSHADE,25,30,2045,3327.9113593904967
LSHADE,25,30,2046,3328.0477869409797
LSHADE,25,30,2047,3328.029067620564
LSHADE,25,30,2048,3328.1289243220494
LSHADE,25,30,2049,3327.9062047379125
LSHADE,25,30,2050,3328.01528166764
LSHADE,25,30,2051,3327.8854589147013
LSHADE,25,30,2052,3327.935946305119
LSHADE,25,30,2053,3327.8911462341407
LSHADE,25,30,2054,3327.881270501359
LSHADE,25,30,2055,3327.916489574481
ABMO,26,30,2026,3134.80982454543
ABMO,26,30,2027,3188.0422607313217
ABMO,26,30,2028,3156.9016594834775
ABMO,26,30,2029,3204.871453785204
ABMO,26,30,2030,3199.955642232107
ABMO,26,30,2031,3249.651309786847
ABMO,26,30,2032,3247.9678506517885
ABMO,26,30,2033,3356.268802445695
ABMO,26,30,2034,3683.776471504697
ABMO,26,30,2035,3204.5313627044425
ABMO,26,30,2036,3476.3360750801658
ABMO,26,30,2037,3187.5960324670496
ABMO,26,30,2038,3218.6172926193294
ABMO,26,30,2039,3199.822348391712
ABMO,26,30,2040,3444.622301555528
ABMO,26,30,2041,3265.537434684548
ABMO,26,30,2042,3269.4365922282714
ABMO,26,30,2043,3132.1709411023057
ABMO,26,30,2044,3191.9162408751217
ABMO,26,30,2045,3193.9856855656635
ABMO,26,30,2046,3172.157170226932
ABMO,26,30,2047,3434.275738096483
ABMO,26,30,2048,3177.297317968223
ABMO,26,30,2049,3173.986916567246
ABMO,26,30,2050,3146.0243682139785
ABMO,26,30,2051,3345.400363494299
ABMO,26,30,2052,3117.812946152409
ABMO,26,30,2053,3242.876191671632
ABMO,26,30,2054,3249.435142201305
ABMO,26,30,2055,3590.170199428171
AS-ABMO,26,30,2026,3177.7382571711178
AS-ABMO,26,30,2027,3197.081713362737
AS-ABMO,26,30,2028,3150.0010476100524
AS-ABMO,26,30,2029,3158.47644557347
AS-ABMO,26,30,2030,3129.767662226706
AS-ABMO,26,30,2031,3172.978141295427
AS-ABMO,26,30,2032,3127.4074658660684
AS-ABMO,26,30,2033,3122.6589669561954
AS-ABMO,26,30,2034,3130.3499287979876
AS-ABMO,26,30,2035,3166.4862416168617
AS-ABMO,26,30,2036,3174.387010602971
AS-ABMO,26,30,2037,3144.013801291274
AS-ABMO,26,30,2038,3252.854974106763
AS-ABMO,26,30,2039,3164.2093583577507
AS-ABMO,26,30,2040,3165.3852570928257
AS-ABMO,26,30,2041,3145.763477167481
AS-ABMO,26,30,2042,3400.2379639791325
AS-ABMO,26,30,2043,3149.09042433596
AS-ABMO,26,30,2044,3145.4102073625227
AS-ABMO,26,30,2045,3203.3944851285114
AS-ABMO,26,30,2046,3158.845693949853
AS-ABMO,26,30,2047,3136.6488916422377
AS-ABMO,26,30,2048,3218.735433887287
AS-ABMO,26,30,2049,3154.424971066163
AS-ABMO,26,30,2050,3133.853283999303
AS-ABMO,26,30,2051,3170.1528284523224
AS-ABMO,26,30,2052,3152.381803364745
AS-ABMO,26,30,2053,3128.6756156369406
AS-ABMO,26,30,2054,3125.2322052664317
AS-ABMO,26,30,2055,3186.0126641650945
RUN,26,30,2026,3476.2014811741274
RUN,26,30,2027,3318.7811175663273
RUN,26,30,2028,3334.149801301469
RUN,26,30,2029,3546.5284469526537
RUN,26,30,2030,3313.7263651880944
RUN,26,30,2031,3252.698935855513
RUN,26,30,2032,3331.1307297585754
RUN,26,30,2033,3317.918862639751
RUN,26,30,2034,3396.6140938474937
RUN,26,30,2035,3243.817466701994
RUN,26,30,2036,3396.6755561151003
RUN,26,30,2037,3512.154771386038
RUN,26,30,2038,3250.232339933911
RUN,26,30,2039,3383.12305546635
RUN,26,30,2040,3229.9207166950405
RUN,26,30,2041,3413.201380844048
RUN,26,30,2042,3315.0506969181633
RUN,26,30,2043,3472.042996954544
RUN,26,30,2044,3364.1837923624676
RUN,26,30,2045,3350.1979013315986
RUN,26,30,2046,3322.6724223577057
RUN,26,30,2047,3384.786378880581
RUN,26,30,2048,3400.504470967121
RUN,26,30,2049,3435.141511538379
RUN,26,30,2050,3379.3290617385455
RUN,26,30,2051,3270.292993178792
RUN,26,30,2052,3509.2016259105976
RUN,26,30,2053,3362.6147740227634
RUN,26,30,2054,3423.269128819627
RUN,26,30,2055,3319.529141099876
GWO,26,30,2026,3174.3940236701155
GWO,26,30,2027,3211.8164791345225
GWO,26,30,2028,3177.410084888973
GWO,26,30,2029,3185.667565632539
GWO,26,30,2030,3192.3143975785574
GWO,26,30,2031,3202.4056145410823
GWO,26,30,2032,3232.514710735323
GWO,26,30,2033,3157.376697643731
GWO,26,30,2034,3184.489458664376
GWO,26,30,2035,3191.977238569356
GWO,26,30,2036,3176.066018482711
GWO,26,30,2037,3189.9660695894754
GWO,26,30,2038,3157.597710881474
GWO,26,30,2039,3180.3881280606474
GWO,26,30,2040,3176.832429853588
GWO,26,30,2041,3203.389518658815
GWO,26,30,2042,3197.1750766627465
GWO,26,30,2043,3187.2874266712925
GWO,26,30,2044,3171.4527631580727
GWO,26,30,2045,3178.0557579504284
GWO,26,30,2046,3176.2258736887725
GWO,26,30,2047,3158.1186842958577
GWO,26,30,2048,3191.5766020700894
GWO,26,30,2049,3203.6850156408323
GWO,26,30,2050,3178.512486222872
GWO,26,30,2051,3167.634249420097
GWO,26,30,2052,3183.6600928388384
GWO,26,30,2053,3174.978877323204
GWO,26,30,2054,3234.294259701914
GWO,26,30,2055,3170.6459510482055
WOA,26,30,2026,3792.3122932093506
WOA,26,30,2027,3900.730411052017
WOA,26,30,2028,3957.13395191535
WOA,26,30,2029,3375.3161799192626
WOA,26,30,2030,3430.6538552055054
WOA,26,30,2031,3673.941596915862
WOA,26,30,2032,4128.421644902749
WOA,26,30,2033,3680.2491741807194
WOA,26,30,2034,3832.8039490138226
WOA,26,30,2035,3501.04033024382
WOA,26,30,2036,4176.080357419247
WOA,26,30,2037,3588.854661495099
WOA,26,30,2038,3480.9676265812122
WOA,26,30,2039,4661.140635418353
WOA,26,30,2040,4015.770561086693
WOA,26,30,2041,3574.128980214032
WOA,26,30,2042,3728.3282597308043
WOA,26,30,2043,3750.521860391805
WOA,26,30,2044,3573.4756397666224
WOA,26,30,2045,3440.085336981728
WOA,26,30,2046,3892.915625368043
WOA,26,30,2047,4026.4692411549213
WOA,26,30,2048,3360.992657722463
WOA,26,30,2049,3595.321477037389
WOA,26,30,2050,3312.8001677359525
WOA,26,30,2051,4270.574588834933
WOA,26,30,2052,3809.813526523606
WOA,26,30,2053,3929.893758667497
WOA,26,30,2054,4126.040905134435
WOA,26,30,2055,4029.971096732036
HHO,26,30,2026,4393.08149856739
HHO,26,30,2027,4159.90766375161
HHO,26,30,2028,4241.373079603488
HHO,26,30,2029,4439.026370471696
HHO,26,30,2030,3645.5614766347962
HHO,26,30,2031,3805.7744150424082
HHO,26,30,2032,3986.088873521555
HHO,26,30,2033,3687.860586142233
HHO,26,30,2034,3574.689817777493
HHO,26,30,2035,3572.474421440022
HHO,26,30,2036,3649.0080337639215
HHO,26,30,2037,5254.900765179959
HHO,26,30,2038,3766.729996106204
HHO,26,30,2039,4753.609536242344
HHO,26,30,2040,4018.0596592514185
HHO,26,30,2041,3931.667978621099
HHO,26,30,2042,3746.6660550099273
HHO,26,30,2043,3444.890907721705
HHO,26,30,2044,3839.5679963827533
HHO,26,30,2045,3791.905096032355
HHO,26,30,2046,3465.429109750142
HHO,26,30,2047,3737.785055377587
HHO,26,30,2048,4893.126973028107
HHO,26,30,2049,3499.805926397641
HHO,26,30,2050,4067.95922535947
HHO,26,30,2051,4021.871798793769
HHO,26,30,2052,4005.3102840008864
HHO,26,30,2053,4347.47562126015
HHO,26,30,2054,4257.222773334668
HHO,26,30,2055,4242.186465748026
SCA,26,30,2026,3904.9558045897766
SCA,26,30,2027,3951.810054772948
SCA,26,30,2028,3821.782897122288
SCA,26,30,2029,3826.796599028101
SCA,26,30,2030,3820.8917248139005
SCA,26,30,2031,3876.0447233194022
SCA,26,30,2032,3923.4172539742995
SCA,26,30,2033,3852.7377936355224
SCA,26,30,2034,3907.8781728530153
SCA,26,30,2035,3478.9669309456212
SCA,26,30,2036,3752.118768633939
SCA,26,30,2037,3858.32130348899
SCA,26,30,2038,4120.293809512776
SCA,26,30,2039,3844.602329348728
SCA,26,30,2040,4010.904719941723
SCA,26,30,2041,3839.8889251410224
SCA,26,30,2042,3902.236681219043
SCA,26,30,2043,3727.067310453747
SCA,26,30,2044,3901.4494031538225
SCA,26,30,2045,3649.3118018270247
SCA,26,30,2046,3985.837788571248
SCA,26,30,2047,3708.1962508647352
SCA,26,30,2048,3909.159011933576
SCA,26,30,2049,3641.45964407039
SCA,26,30,2050,3694.274139180507
SCA,26,30,2051,4118.298985646791
SCA,26,30,2052,3727.5839672016546
SCA,26,30,2053,3748.5185194538876
SCA,26,30,2054,3743.300014907702
SCA,26,30,2055,3886.0039956868886
LSHADE,26,30,2026,3107.4369596041465
LSHADE,26,30,2027,3107.6420724918057
LSHADE,26,30,2028,3103.441871954074
LSHADE,26,30,2029,3155.710121528367
LSHADE,26,30,2030,3105.253450347884
LSHADE,26,30,2031,3108.717083655191
LSHADE,26,30,2032,3110.6174082853713
LSHADE,26,30,2033,3109.628832403693
LSHADE,26,30,2034,3107.5849362867675
LSHADE,26,30,2035,3144.642366573173
LSHADE,26,30,2036,3118.4596098205557
LSHADE,26,30,2037,3121.6832506853634
LSHADE,26,30,2038,3118.119475055724
LSHADE,26,30,2039,3119.98869212477
LSHADE,26,30,2040,3121.386927883996
LSHADE,26,30,2041,3130.4284019518373
LSHADE,26,30,2042,3128.9446948725495
LSHADE,26,30,2043,3114.507426922356
LSHADE,26,30,2044,3107.049288900916
LSHADE,26,30,2045,3108.682554617949
LSHADE,26,30,2046,3107.8339347073756
LSHADE,26,30,2047,3103.3598380576636
LSHADE,26,30,2048,3102.1315929732023
LSHADE,26,30,2049,3114.820784183594
LSHADE,26,30,2050,3124.8676583880347
LSHADE,26,30,2051,3109.161782184164
LSHADE,26,30,2052,3134.232124662348
LSHADE,26,30,2053,3110.731110526683
LSHADE,26,30,2054,3120.8169668471005
LSHADE,26,30,2055,3113.559210302382
ABMO,27,30,2026,3294.987634582819
ABMO,27,30,2027,3532.317001339393
ABMO,27,30,2028,3157.937436212472
ABMO,27,30,2029,3337.901739495771
ABMO,27,30,2030,3194.1321239708845
ABMO,27,30,2031,3287.3472500858325
ABMO,27,30,2032,3157.58972945394
ABMO,27,30,2033,3275.854147022266
ABMO,27,30,2034,3089.7978559142084
ABMO,27,30,2035,3165.373704057143
ABMO,27,30,2036,3301.0515578774894
ABMO,27,30,2037,3665.042287978287
ABMO,27,30,2038,3102.3316934643926
ABMO,27,30,2039,3197.0825245679052
ABMO,27,30,2040,3404.7935992390467
ABMO,27,30,2041,3672.43236824406
ABMO,27,30,2042,3128.2802316989973
ABMO,27,30,2043,3328.987450226754
ABMO,27,30,2044,3170.068033651821
ABMO,27,30,2045,3031.8758984650813
ABMO,27,30,2046,3278.3465525904094
ABMO,27,30,2047,3226.578918270182
ABMO,27,30,2048,3228.1531483681806
ABMO,27,30,2049,3505.1789779007677
ABMO,27,30,2050,3261.3384697624706
ABMO,27,30,2051,2981.517959560107
ABMO,27,30,2052,3221.3551768787465
ABMO,27,30,2053,3133.402291544994
ABMO,27,30,2054,3273.1526105246285
ABMO,27,30,2055,4186.635473608285
AS-ABMO,27,30,2026,2951.7400452207976
AS-ABMO,27,30,2027,3115.5628536278687
AS-ABMO,27,30,2028,2948.4342301791894
AS-ABMO,27,30,2029,3016.9657386182803
AS-ABMO,27,30,2030,3085.0614314097575
AS-ABMO,27,30,2031,3117.765707118194
AS-ABMO,27,30,2032,3137.1273627878704
AS-ABMO,27,30,2033,2972.846984191508
AS-ABMO,27,30,2034,3157.6109542021654
AS-ABMO,27,30,2035,3228.215737140975
AS-ABMO,27,30,2036,3167.3114273019387
AS-ABMO,27,30,2037,3197.035191626314
AS-ABMO,27,30,2038,2932.4607440096665
AS-ABMO,27,30,2039,2859.575133471986
AS-ABMO,27,30,2040,3149.445054690088
AS-ABMO,27,30,2041,3185.016129090591
AS-ABMO,27,30,2042,3105.8889132462673
AS-ABMO,27,30,2043,2864.502721056721
AS-ABMO,27,30,2044,2930.034553767393
AS-ABMO,27,30,2045,2942.281843642376
AS-ABMO,27,30,2046,3219.0057467574024
AS-ABMO,27,30,2047,2954.306740830155
AS-ABMO,27,30,2048,2988.781501109273
AS-ABMO,27,30,2049,3065.8479304800067
AS-ABMO,27,30,2050,3281.706056690531
AS-ABMO,27,30,2051,3205.835607664977
AS-ABMO,27,30,2052,3311.086500791494
AS-ABMO,27,30,2053,3131.677652393972
AS-ABMO,27,30,2054,3165.4564640751832
AS-ABMO,27,30,2055,3158.145765603828
RUN,27,30,2026,3657.845026106902
RUN,27,30,2027,3918.6398272424394
RUN,27,30,2028,3465.8465879895734
RUN,27,30,2029,4260.639114422667
RUN,27,30,2030,3500.017896884205
RUN,27,30,2031,3838.73542605679
RUN,27,30,2032,3959.5183841888306
RUN,27,30,2033,4345.178979773433
RUN,27,30,2034,3594.330368525558
RUN,27,30,2035,3711.5783590315386
RUN,27,30,2036,3526.7683560744367
RUN,27,30,2037,3800.7764075409514
RUN,27,30,2038,3742.4912498684407
RUN,27,30,2039,3738.25690277921
RUN,27,30,2040,3903.6684664603367
RUN,27,30,2041,3731.129763168473
RUN,27,30,2042,3940.0582394771495
RUN,27,30,2043,3818.834076409563
RUN,27,30,2044,3722.154929469635
RUN,27,30,2045,3964.399657553478
RUN,27,30,2046,3475.0655061208245
RUN,27,30,2047,3964.3760846886935
RUN,27,30,2048,3984.511859097209
RUN,27,30,2049,3766.6469100107943
RUN,27,30,2050,4187.911948649387
RUN,27,30,2051,3791.3347987021725
RUN,27,30,2052,4024.909035677463
RUN,27,30,2053,3889.5160167140393
RUN,27,30,2054,3779.723870870926
RUN,27,30,2055,3980.4327028669845
GWO,27,30,2026,3258.174225446886
GWO,27,30,2027,3301.366918868969
GWO,27,30,2028,3245.397840991267
GWO,27,30,2029,3283.719976529879
GWO,27,30,2030,3217.922819486429
GWO,27,30,2031,3261.0337853919705
GWO,27,30,2032,3247.646910183758
GWO,27,30,2033,3243.590513279085
GWO,27,30,2034,3278.8385104791196
GWO,27,30,2035,3308.1718077491423
GWO,27,30,2036,3257.927794392434
GWO,27,30,2037,3262.5734368254894
GWO,27,30,2038,3288.4842643252573
GWO,27,30,2039,3225.097002841664
GWO,27,30,2040,3319.89964580812
GWO,27,30,2041,3260.9511607845006
GWO,27,30,2042,3214.7802989954716
GWO,27,30,2043,3251.165072452537
GWO,27,30,2044,3250.413759468168
GWO,27,30,2045,3250.2936715350706
GWO,27,30,2046,3242.500268240667
GWO,27,30,2047,3262.9527066526857
GWO,27,30,2048,3231.2092456170203
GWO,27,30,2049,3258.7899652986107
GWO,27,30,2050,3215.030927230858
GWO,27,30,2051,3255.6533202920928
GWO,27,30,2052,3213.427649578398
GWO,27,30,2053,3221.2260085248345
GWO,27,30,2054,3287.1952990712284
GWO,27,30,2055,3254.896473742688
WOA,27,30,2026,3674.450613787574
WOA,27,30,2027,3246.549796870042
WOA,27,30,2028,3341.239801282382
WOA,27,30,2029,3347.7779027116408
WOA,27,30,2030,3901.0702368923216
WOA,27,30,2031,3427.9421328342614
WOA,27,30,2032,3379.905135798741
WOA,27,30,2033,3642.045567031689
WOA,27,30,2034,3423.88694625864
WOA,27,30,2035,3383.849145471603
WOA,27,30,2036,3927.758662376331
WOA,27,30,2037,3504.1676168997446
WOA,27,30,2038,3369.8111081996535
WOA,27,30,2039,3476.7595615729856
WOA,27,30,2040,3642.990866656495
WOA,27,30,2041,3338.562917237983
WOA,27,30,2042,3453.6366905738146
WOA,27,30,2043,3331.4539326861127
WOA,27,30,2044,3693.959345042107
WOA,27,30,2045,5106.841324642288
WOA,27,30,2046,3469.3615608341283
WOA,27,30,2047,3394.6290223941724
WOA,27,30,2048,3504.0421285926423
WOA,27,30,2049,3537.0080024498034
WOA,27,30,2050,3593.9587407847507
WOA,27,30,2051,3478.447445590288
WOA,27,30,2052,3517.8504319163953
WOA,27,30,2053,3318.4406472879587
WOA,27,30,2054,3848.253725416992
WOA,27,30,2055,3540.6048632105294
HHO,27,30,2026,3598.679714632127
HHO,27,30,2027,3959.0672996033754
HHO,27,30,2028,3697.70236686708
HHO,27,30,2029,3463.621665220794
HHO,27,30,2030,4003.4791552127103
HHO,27,30,2031,3560.6221704294976
HHO,27,30,2032,3720.376854431848
HHO,27,30,2033,3964.427198933333
HHO,27,30,2034,4441.776514600107
HHO,27,30,2035,3860.632124178721
HHO,27,30,2036,4308.013461816423
HHO,27,30,2037,4546.070346311815
HHO,27,30,2038,4079.44914469362
HHO,27,30,2039,3885.850698521978
HHO,27,30,2040,4065.5485024343425
HHO,27,30,2041,4732.96861778287
HHO,27,30,2042,4310.473000157317
HHO,27,30,2043,3558.5711023802796
HHO,27,30,2044,4388.220021223959
HHO,27,30,2045,4055.5513851814208
HHO,27,30,2046,4079.3734937674935
HHO,27,30,2047,3766.1596400887743
HHO,27,30,2048,3924.0453654931302
HHO,27,30,2049,3681.9223136564833
HHO,27,30,2050,4061.1440275427135
HHO,27,30,2051,4059.669872572692
HHO,27,30,2052,4007.9809193960446
HHO,27,30,2053,4361.021260291065
HHO,27,30,2054,3748.550043519599
HHO,27,30,2055,4040.544355995531
SCA,27,30,2026,4440.043286574388
SCA,27,30,2027,4323.631366618315
SCA,27,30,2028,4186.793518140453
SCA,27,30,2029,3985.847946358105
SCA,27,30,2030,3964.871586683395
SCA,27,30,2031,4365.204745598238
SCA,27,30,2032,4481.312954787893
SCA,27,30,2033,4320.3548279586
SCA,27,30,2034,4531.791520553252
SCA,27,30,2035,4541.5353734708615
SCA,27,30,2036,4107.524944368275
SCA,27,30,2037,4222.318067330385
SCA,27,30,2038,4198.833662185338
SCA,27,30,2039,4409.874011658989
SCA,27,30,2040,4583.905488060624
SCA,27,30,2041,4464.501934089264
SCA,27,30,2042,4101.660250723224
SCA,27,30,2043,4544.153121277958
SCA,27,30,2044,4260.228835744791
SCA,27,30,2045,4333.875351540301
SCA,27,30,2046,4315.385275339069
SCA,27,30,2047,4609.212550976345
SCA,27,30,2048,4647.330997358614
SCA,27,30,2049,4239.7478822116655
SCA,27,30,2050,4261.371320048182
SCA,27,30,2051,4540.6445346470555
SCA,27,30,2052,4560.173875888054
SCA,27,30,2053,4045.774606870741
SCA,27,30,2054,4516.1521775364645
SCA,27,30,2055,4534.63568674511
LSHADE,27,30,2026,2703.037308251512
LSHADE,27,30,2027,2700.001627770133
LSHADE,27,30,2028,2715.7093064368405
LSHADE,27,30,2029,2700.0042225679886
LSHADE,27,30,2030,2700.073526165695
LSHADE,27,30,2031,2858.527211527038
LSHADE,27,30,2032,2700.002567295206
LSHADE,27,30,2033,2700.035883630898
LSHADE,27,30,2034,2700.0006865990526
LSHADE,27,30,2035,2700.0029507687245
LSHADE,27,30,2036,2700.00967152821
LSHADE,27,30,2037,2700.8544143893505
LSHADE,27,30,2038,2715.4024991836495
LSHADE,27,30,2039,2715.4000499676577
LSHADE,27,30,2040,2700.000724715772
LSHADE,27,30,2041,2700.0493759160568
LSHADE,27,30,2042,2700.3647921042707
LSHADE,27,30,2043,2867.250136537604
LSHADE,27,30,2044,2710.652337712635
LSHADE,27,30,2045,2717.303164000541
LSHADE,27,30,2046,2700.0442506987265
LSHADE,27,30,2047,2706.2526094645264
LSHADE,27,30,2048,2700.0017943978023
LSHADE,27,30,2049,2700.001518396202
LSHADE,27,30,2050,2700.064104934927
LSHADE,27,30,2051,2713.1474462417777
LSHADE,27,30,2052,2861.359683662754
LSHADE,27,30,2053,2715.6643439275854
LSHADE,27,30,2054,2700.000550882935
LSHADE,27,30,2055,2700.039061325986
ABMO,28,30,2026,280924.11582343327
ABMO,28,30,2027,36355.94940477769
ABMO,28,30,2028,85573.95832085749
ABMO,28,30,2029,466159.59538623434
ABMO,28,30,2030,137187.42336012714
ABMO,28,30,2031,119912.97366561319
ABMO,28,30,2032,123736.67642927275
ABMO,28,30,2033,136552.9462350814
ABMO,28,30,2034,127428362.74952081
ABMO,28,30,2035,36784067.5636981
ABMO,28,30,2036,2737524.7165407394
ABMO,28,30,2037,1129461.4291503793
ABMO,28,30,2038,58089428.17232283
ABMO,28,30,2039,3243377.3424142874
ABMO,28,30,2040,48155.90437779314
ABMO,28,30,2041,57379257.200642265
ABMO,28,30,2042,156415.03784995244
ABMO,28,30,2043,62516.903899277444
ABMO,28,30,2044,1119238.397259673
ABMO,28,30,2045,93630.61829219047
ABMO,28,30,2046,8059056.216760792
ABMO,28,30,2047,49295.34081488445
ABMO,28,30,2048,1297156.5582274557
ABMO,28,30,2049,17167.69816241026
ABMO,28,30,2050,66813508.35348139
ABMO,28,30,2051,530753.782595492
ABMO,28,30,2052,52074707.26330304
ABMO,28,30,2053,191736703.03335744
ABMO,28,30,2054,8082624.324360931
ABMO,28,30,2055,110530.83042534205
AS-ABMO,28,30,2026,55276.80382631041
AS-ABMO,28,30,2027,82064.76712930834
AS-ABMO,28,30,2028,128894.4388735554
AS-ABMO,28,30,2029,15176.50594499902
AS-ABMO,28,30,2030,50820.312646098
AS-ABMO,28,30,2031,16097.135420891736
AS-ABMO,28,30,2032,48094.20522265597
AS-ABMO,28,30,2033,67086933.250633135
AS-ABMO,28,30,2034,1419629.0450263345
AS-ABMO,28,30,2035,12676.028659480813
AS-ABMO,28,30,2036,9618.498065626085
AS-ABMO,28,30,2037,121252.5018209137
AS-ABMO,28,30,2038,222323.7695560603
AS-ABMO,28,30,2039,19204.390437419424
AS-ABMO,28,30,2040,14228.825732583788
AS-ABMO,28,30,2041,113651.53445700614
AS-ABMO,28,30,2042,137612.2055897777
AS-ABMO,28,30,2043,65462.30852842247
AS-ABMO,28,30,2044,54766.49536803193
AS-ABMO,28,30,2045,52223.67207859666
AS-ABMO,28,30,2046,10127.434170493656
AS-ABMO,28,30,2047,14282.89808222895
AS-ABMO,28,30,2048,37121.03410474448
AS-ABMO,28,30,2049,144764.62787137972
AS-ABMO,28,30,2050,24711.829941220636
AS-ABMO,28,30,2051,83643.10614303483
AS-ABMO,28,30,2052,27270.36885404622
AS-ABMO,28,30,2053,334510292.6054005
AS-ABMO,28,30,2054,140359.2870630395
AS-ABMO,28,30,2055,519324.0568567836
RUN,28,30,2026,1795486378.96888
RUN,28,30,2027,410656461.85636234
RUN,28,30,2028,4767677090.344533
RUN,28,30,2029,1153004069.2963002
RUN,28,30,2030,2257750306.094997
RUN,28,30,2031,1183529089.1046185
RUN,28,30,2032,642136757.7353907
RUN,28,30,2033,301572825.9111058
RUN,28,30,2034,1148714904.3319647
RUN,28,30,2035,2223351817.6983366
RUN,28,30,2036,1752308676.4196582
RUN,28,30,2037,573039812.3662438
RUN,28,30,2038,1026117787.7987866
RUN,28,30,2039,3869262568.7408633
RUN,28,30,2040,1541998178.6686378
RUN,28,30,2041,1052894407.8759202
RUN,28,30,2042,1607383359.0674086
RUN,28,30,2043,3008179549.572989
RUN,28,30,2044,1369438768.1586692
RUN,28,30,2045,696847059.5034453
RUN,28,30,2046,525656591.5344851
RUN,28,30,2047,1900423589.3918784
RUN,28,30,2048,898324986.4815595
RUN,28,30,2049,1032126628.0757016
RUN,28,30,2050,1626656862.3914638
RUN,28,30,2051,641154711.0285937
RUN,28,30,2052,837401424.7379616
RUN,28,30,2053,547233081.577618
RUN,28,30,2054,1118039883.7661853
RUN,28,30,2055,1382941763.4284983
GWO,28,30,2026,5879161.819854529
GWO,28,30,2027,112674196.92343628
GWO,28,30,2028,68813310.94606774
GWO,28,30,2029,100269573.96622111
GWO,28,30,2030,285806972.27504826
GWO,28,30,2031,34994675.199494705
GWO,28,30,2032,16332438.378946913
GWO,28,30,2033,116925374.27498361
GWO,28,30,2034,42196922.46039464
GWO,28,30,2035,398696498.68517566
GWO,28,30,2036,212569365.01481944
GWO,28,30,2037,38941446.17511574
GWO,28,30,2038,75953784.5799157
GWO,28,30,2039,811453679.3739467
GWO,28,30,2040,148556969.38759166
GWO,28,30,2041,638887613.2370943
GWO,28,30,2042,97346997.48445323
GWO,28,30,2043,1068069350.4320253
GWO,28,30,2044,266365720.77420643
GWO,28,30,2045,119030460.4665446
GWO,28,30,2046,259042583.58045185
GWO,28,30,2047,577475049.1360548
GWO,28,30,2048,161272009.93779913
GWO,28,30,2049,22026339.505101897
GWO,28,30,2050,122780791.96645787
GWO,28,30,2051,34520364.02878167
GWO,28,30,2052,20479114.06909501
GWO,28,30,2053,210967802.60364988
GWO,28,30,2054,154124236.93242097
GWO,28,30,2055,41687147.9579455
WOA,28,30,2026,76322833.07157148
WOA,28,30,2027,880916144.6177212
WOA,28,30,2028,8297161609.379791
WOA,28,30,2029,268094822.23713753
WOA,28,30,2030,2312079.5940868175
WOA,28,30,2031,572820692.2821643
WOA,28,30,2032,21956483.523159526
WOA,28,30,2033,999184512.1996099
WOA,28,30,2034,986936645.9834076
WOA,28,30,2035,549903527.1303377
WOA,28,30,2036,8486750.683308998
WOA,28,30,2037,549053429.6170461
WOA,28,30,2038,532130603.1124674
WOA,28,30,2039,206872745.81466204
WOA,28,30,2040,48896731.093617864
WOA,28,30,2041,536046167.35959876
WOA,28,30,2042,1318202674.2949755
WOA,28,30,2043,561889177.9595131
WOA,28,30,2044,2288790364.270788
WOA,28,30,2045,166418621.84093684
WOA,28,30,2046,1322340794.540404
WOA,28,30,2047,556128344.5388675
WOA,28,30,2048,110247408.69706538
WOA,28,30,2049,112593393.56201907
WOA,28,30,2050,31584758.133276824
WOA,28,30,2051,269958029.14279795
WOA,28,30,2052,546406623.6342118
WOA,28,30,2053,544286827.2272547
WOA,28,30,2054,1830307807.7761166
WOA,28,30,2055,18285310.38982692
HHO,28,30,2026,1070962049.5929148
HHO,28,30,2027,9696126389.03731
HHO,28,30,2028,16541926881.152277
HHO,28,30,2029,1011370826.4053212
HHO,28,30,2030,3488372950.321898
HHO,28,30,2031,5313834995.390841
HHO,28,30,2032,327349758.48622644
HHO,28,30,2033,4109786761.629223
HHO,28,30,2034,4696875479.763591
HHO,28,30,2035,1734487207.8221009
HHO,28,30,2036,5177548084.328859
HHO,28,30,2037,1363803125.7068233
HHO,28,30,2038,1293534179.4074411
HHO,28,30,2039,9332710379.771273
HHO,28,30,2040,706487290.6386852
HHO,28,30,2041,6883914452.844824
HHO,28,30,2042,2429615727.3574147
HHO,28,30,2043,1229601626.8381784
HHO,28,30,2044,9663917085.428663
HHO,28,30,2045,2004736344.544366
HHO,28,30,2046,1389671333.8848913
HHO,28,30,2047,1747533850.5066643
HHO,28,30,2048,1569210394.7345915
HHO,28,30,2049,1379606926.3162854
HHO,28,30,2050,4371569455.059796
HHO,28,30,2051,1318220484.301126
HHO,28,30,2052,4310193003.546737
HHO,28,30,2053,43935951465.3009
HHO,28,30,2054,2853087517.803071
HHO,28,30,2055,1467487899.0799007
SCA,28,30,2026,4653802995.036686
SCA,28,30,2027,32389756536.61307
SCA,28,30,2028,3568893735.0124125
SCA,28,30,2029,7852956642.646307
SCA,28,30,2030,9770797337.035486
SCA,28,30,2031,15307463747.378916
SCA,28,30,2032,18761715945.53348
SCA,28,30,2033,3284458725.7477574
SCA,28,30,2034,5781124766.0860195
SCA,28,30,2035,9178051930.536856
SCA,28,30,2036,11070105017.806412
SCA,28,30,2037,6567772249.669332
SCA,28,30,2038,7782773960.161014
SCA,28,30,2039,10748184172.709421
SCA,28,30,2040,2756789709.575822
SCA,28,30,2041,6325959581.011277
SCA,28,30,2042,6073350007.253799
SCA,28,30,2043,29966999998.53067
SCA,28,30,2044,14399458610.986502
SCA,28,30,2045,21533255168.277245
SCA,28,30,2046,13790769737.302494
SCA,28,30,2047,12409996852.130577
SCA,28,30,2048,6818054172.042921
SCA,28,30,2049,25595578447.248962
SCA,28,30,2050,9353562279.903276
SCA,28,30,2051,12379258361.906807
SCA,28,30,2052,6458713756.106762
SCA,28,30,2053,9892691017.195023
SCA,28,30,2054,4074423870.35312
SCA,28,30,2055,4400460428.243673
LSHADE,28,30,2026,8031.188975960714
LSHADE,28,30,2027,8465.163638043898
LSHADE,28,30,2028,5737.54859695782
LSHADE,28,30,2029,6001.62616624616
LSHADE,28,30,2030,9590.06470714077
LSHADE,28,30,2031,14558.273198320054
LSHADE,28,30,2032,8809.0589059238
LSHADE,28,30,2033,6504.671918670272
LSHADE,28,30,2034,5392.551360019149
LSHADE,28,30,2035,4979.319873561322
LSHADE,28,30,2036,5071.429547981164
LSHADE,28,30,2037,5383.08970294963
LSHADE,28,30,2038,6524.60819370775
LSHADE,28,30,2039,6821.059563449132
LSHADE,28,30,2040,4935.1606456700165
LSHADE,28,30,2041,5129.500223890617
LSHADE,28,30,2042,5445.263372124741
LSHADE,28,30,2043,6107.818640856277
LSHADE,28,30,2044,4890.789880095843
LSHADE,28,30,2045,7337.544779571662
LSHADE,28,30,2046,11909.327570694353
LSHADE,28,30,2047,6458.742092680417
LSHADE,28,30,2048,6313.731002868969
LSHADE,28,30,2049,5470.823209576088
LSHADE,28,30,2050,5262.8764697798215
LSHADE,28,30,2051,12726.525256976558
LSHADE,28,30,2052,6088.313451091935
LSHADE,28,30,2053,8839.884504695441
LSHADE,28,30,2054,8452.6540596892
LSHADE,28,30,2055,14284.24096944221
ABMO,29,30,2026,949305927.9183173
ABMO,29,30,2027,2928863.6113945097
ABMO,29,30,2028,22320.390381041787
ABMO,29,30,2029,9065741.647086894
ABMO,29,30,2030,36296822.13458583
ABMO,29,30,2031,202166.63558006473
ABMO,29,30,2032,16612.418782128116
ABMO,29,30,2033,5244953489.487088
ABMO,29,30,2034,59147.43584944348
ABMO,29,30,2035,35375.134316516516
ABMO,29,30,2036,81376.38425010737
ABMO,29,30,2037,1688621.7067250067
ABMO,29,30,2038,5017466.33648073
ABMO,29,30,2039,1579377.7478518656
ABMO,29,30,2040,105473.82218847104
ABMO,29,30,2041,70286.45477007404
ABMO,29,30,2042,328534.27208985866
ABMO,29,30,2043,89166.17137302567
ABMO,29,30,2044,426166.9295479058
ABMO,29,30,2045,5983777939.247426
ABMO,29,30,2046,5183050.997967723
ABMO,29,30,2047,57277.032783466304
ABMO,29,30,2048,10775343.63748267
ABMO,29,30,2049,55323.056906920036
ABMO,29,30,2050,2465297.175570102
ABMO,29,30,2051,206614.28050236453
ABMO,29,30,2052,21394.942274800487
ABMO,29,30,2053,1133268.4224249863
ABMO,29,30,2054,1052477.318143605
ABMO,29,30,2055,568898490.8731863
AS-ABMO,29,30,2026,61771.45344378792
AS-ABMO,29,30,2027,102342.0242624816
AS-ABMO,29,30,2028,640250.9988446143
AS-ABMO,29,30,2029,128825.65934616137
AS-ABMO,29,30,2030,14517.825065231222
AS-ABMO,29,30,2031,132090.18531551963
AS-ABMO,29,30,2032,71339.64967172068
AS-ABMO,29,30,2033,20606.033458855574
AS-ABMO,29,30,2034,41584.24306174865
AS-ABMO,29,30,2035,7346.020211810768
AS-ABMO,29,30,2036,33432.92522815393
AS-ABMO,29,30,2037,69453.01560936491
AS-ABMO,29,30,2038,114197.84360472881
AS-ABMO,29,30,2039,936256.2161645426
AS-ABMO,29,30,2040,10092.291262302348
AS-ABMO,29,30,2041,51695.16183398728
AS-ABMO,29,30,2042,620611.3963494964
AS-ABMO,29,30,2043,64234.783860033065
AS-ABMO,29,30,2044,42006.584184120176
AS-ABMO,29,30,2045,34820.35278317622
AS-ABMO,29,30,2046,19734501.449842315
AS-ABMO,29,30,2047,8681.81969001041
AS-ABMO,29,30,2048,80200.31546199809
AS-ABMO,29,30,2049,24411.64665920357
AS-ABMO,29,30,2050,20426.64236859984
AS-ABMO,29,30,2051,56332.85497001077
AS-ABMO,29,30,2052,12037.45317133018
AS-ABMO,29,30,2053,30434.645997222076
AS-ABMO,29,30,2054,26394.96162245811
AS-ABMO,29,30,2055,22803.242716729856
RUN,29,30,2026,1493546885.2330272
RUN,29,30,2027,3301854270.190217
RUN,29,30,2028,738704246.7164326
RUN,29,30,2029,677506096.7656863
RUN,29,30,2030,806208898.9991167
RUN,29,30,2031,1947164192.4451885
RUN,29,30,2032,957236404.2865403
RUN,29,30,2033,1825854457.518066
RUN,29,30,2034,864371822.1114233
RUN,29,30,2035,641361664.1010839
RUN,29,30,2036,2837276674.5855565
RUN,29,30,2037,1583699560.795415
RUN,29,30,2038,1037009859.496239
RUN,29,30,2039,1852535117.753655
RUN,29,30,2040,1029039791.1613822
RUN,29,30,2041,870025357.1594656
RUN,29,30,2042,1398374796.5624006
RUN,29,30,2043,2678190975.150609
RUN,29,30,2044,1113971622.443225
RUN,29,30,2045,916402352.5777433
RUN,29,30,2046,987487968.5860416
RUN,29,30,2047,1576704737.575321
RUN,29,30,2048,1073993836.8449988
RUN,29,30,2049,3825692133.0081124
RUN,29,30,2050,1215920131.572769
RUN,29,30,2051,1289003114.0323448
RUN,29,30,2052,789489569.159413
RUN,29,30,2053,1379783021.5165048
RUN,29,30,2054,1652143202.7094903
RUN,29,30,2055,2434558179.226482
GWO,29,30,2026,754693750.997858
GWO,29,30,2027,73115187.26559633
GWO,29,30,2028,150241521.7698175
GWO,29,30,2029,104428388.77001888
GWO,29,30,2030,275610453.12126845
GWO,29,30,2031,178339057.84945384
GWO,29,30,2032,180368417.9020598
GWO,29,30,2033,448872318.7296303
GWO,29,30,2034,202433751.200123
GWO,29,30,2035,143959233.5906077
GWO,29,30,2036,501970567.79296064
GWO,29,30,2037,150457482.5594682
GWO,29,30,2038,395159802.01439285
GWO,29,30,2039,79101900.15273824
GWO,29,30,2040,293640778.78298575
GWO,29,30,2041,279309784.7951223
GWO,29,30,2042,197491933.36123165
GWO,29,30,2043,751988627.3108338
GWO,29,30,2044,415347291.14013624
GWO,29,30,2045,439228887.359307
GWO,29,30,2046,155061654.22278008
GWO,29,30,2047,138798019.23863137
GWO,29,30,2048,130084222.2503229
GWO,29,30,2049,112828752.51347758
GWO,29,30,2050,387444655.85865265
GWO,29,30,2051,279724788.08067507
GWO,29,30,2052,268859122.9735305
GWO,29,30,2053,178243304.38726184
GWO,29,30,2054,160126468.97790638
GWO,29,30,2055,426274608.3641222
WOA,29,30,2026,3355917089.6000466
WOA,29,30,2027,1013695083.9037771
WOA,29,30,2028,1092816489.9639494
WOA,29,30,2029,12639099714.91938
WOA,29,30,2030,252943441.46729445
WOA,29,30,2031,156361221.71366405
WOA,29,30,2032,206024732.23670852
WOA,29,30,2033,2447967914.634798
WOA,29,30,2034,360216645.8147322
WOA,29,30,2035,204148376.11620033
WOA,29,30,2036,1049187571.9020689
WOA,29,30,2037,1812631730.6650186
WOA,29,30,2038,1005063998.4940851
WOA,29,30,2039,1749481320.441743
WOA,29,30,2040,1318296993.3916643
WOA,29,30,2041,2378242885.074759
WOA,29,30,2042,384421495.88656914
WOA,29,30,2043,335075219.3558214
WOA,29,30,2044,114983703.8463851
WOA,29,30,2045,1637562030.315235
WOA,29,30,2046,806119859.3464063
WOA,29,30,2047,1108880258.9104576
WOA,29,30,2048,19448955.0918687
WOA,29,30,2049,485225339.6400836
WOA,29,30,2050,4080805800.1381655
WOA,29,30,2051,32505565.600382634
WOA,29,30,2052,803006275.9651687
WOA,29,30,2053,2380123302.624044
WOA,29,30,2054,598935120.4209392
WOA,29,30,2055,234543989.86515903
HHO,29,30,2026,21158372714.641796
HHO,29,30,2027,2258054619.4459343
HHO,29,30,2028,32322737216.88929
HHO,29,30,2029,2991743012.5924954
HHO,29,30,2030,3386334774.0199733
HHO,29,30,2031,8092658487.683987
HHO,29,30,2032,1461592981.4968023
HHO,29,30,2033,8369189980.604796
HHO,29,30,2034,1835768317.3089142
HHO,29,30,2035,4039097121.885692
HHO,29,30,2036,15782025518.56871
HHO,29,30,2037,1826553507.8776445
HHO,29,30,2038,16143742555.476059
HHO,29,30,2039,1864371008.4705377
HHO,29,30,2040,3952617683.891312
HHO,29,30,2041,3320720710.023781
HHO,29,30,2042,3895969343.925188
HHO,29,30,2043,3405066433.4980264
HHO,29,30,2044,9307567807.958992
HHO,29,30,2045,1572769456.6993155
HHO,29,30,2046,3956532013.1789904
HHO,29,30,2047,4203938525.321951
HHO,29,30,2048,2441000406.485137
HHO,29,30,2049,2242765450.1940603
HHO,29,30,2050,12815933530.686224
HHO,29,30,2051,2303436205.3807235
HHO,29,30,2052,7007106260.506595
HHO,29,30,2053,11018930038.902819
HHO,29,30,2054,43115627643.6972
HHO,29,30,2055,10670225888.782866
SCA,29,30,2026,2649727965.047511
SCA,29,30,2027,3147281425.93549
SCA,29,30,2028,7452854310.890358
SCA,29,30,2029,4789761485.899325
SCA,29,30,2030,3690274217.543092
SCA,29,30,2031,6368877808.817469
SCA,29,30,2032,2278399658.09881
SCA,29,30,2033,7659884946.366981
SCA,29,30,2034,4158997204.3010516
SCA,29,30,2035,9030715267.10289
SCA,29,30,2036,4876195455.289255
SCA,29,30,2037,6332406972.872305
SCA,29,30,2038,7811052296.985292
SCA,29,30,2039,4662139547.344486
SCA,29,30,2040,4145888608.2823915
SCA,29,30,2041,6879908008.657787
SCA,29,30,2042,4113847068.7866025
SCA,29,30,2043,4709310594.833202
SCA,29,30,2044,5749583572.327783
SCA,29,30,2045,3518403356.1986237
SCA,29,30,2046,3988478064.8203816
SCA,29,30,2047,7970350960.447664
SCA,29,30,2048,5328237206.4059105
SCA,29,30,2049,3460579849.7410817
SCA,29,30,2050,1280275583.774428
SCA,29,30,2051,2891215526.710682
SCA,29,30,2052,6011407398.709036
SCA,29,30,2053,5309701722.858771
SCA,29,30,2054,2609958197.609501
SCA,29,30,2055,5217442050.347311
LSHADE,29,30,2026,45806.795365555896
LSHADE,29,30,2027,36113.607286662664
LSHADE,29,30,2028,9837.605435247504
LSHADE,29,30,2029,19440.362452315487
LSHADE,29,30,2030,7687.60909875486
LSHADE,29,30,2031,7340.662630605741
LSHADE,29,30,2032,14920.053862480821
LSHADE,29,30,2033,50487.80382087055
LSHADE,29,30,2034,17612.715934008538
LSHADE,29,30,2035,14799.872357433216
LSHADE,29,30,2036,6192.9120503949425
LSHADE,29,30,2037,19019.233590381333
LSHADE,29,30,2038,13688.637126572055
LSHADE,29,30,2039,57580.782571462245
LSHADE,29,30,2040,23372.736829669695
LSHADE,29,30,2041,18734.45695420251
LSHADE,29,30,2042,25617.615308840395
LSHADE,29,30,2043,19866.453199445878
LSHADE,29,30,2044,18006.934392330753
LSHADE,29,30,2045,6706.285293719411
LSHADE,29,30,2046,9179.002996895495
LSHADE,29,30,2047,9668.020684883302
LSHADE,29,30,2048,52375.860807632795
LSHADE,29,30,2049,13452.96797510146
LSHADE,29,30,2050,7470.758789724552
LSHADE,29,30,2051,14949.826846927524
LSHADE,29,30,2052,18487.993321512735
LSHADE,29,30,2053,14771.46033440781
LSHADE,29,30,2054,15678.35875022582
LSHADE,29,30,2055,36004.25135807929
