p_target,s_max,fid,dim,seed,f
0.1,3.0,1,10,2026,300.0
0.1,3.0,1,10,2027,300.00000000000006
0.1,3.0,1,10,2028,300.00000000000034
0.1,3.0,1,10,2029,300.00000000000006
0.1,3.0,1,10,2030,300.0
0.1,3.0,1,10,2031,300.0
0.1,3.0,1,10,2032,300.0
0.1,3.0,1,10,2033,300.00000000000006
0.1,3.0,1,10,2034,300.00000000000006
0.1,3.0,1,10,2035,300.00000000000006
0.1,3.0,1,10,2036,300.00000000000006
0.1,3.0,1,10,2037,300.00000000000006
0.1,3.0,1,10,2038,300.00000000000006
0.1,3.0,1,10,2039,300.0000000000001
0.1,3.0,1,10,2040,300.00000000000006
0.1,3.0,1,10,2041,300.00000000000006
0.1,3.0,1,10,2042,300.00000000000006
0.1,3.0,1,10,2043,300.00000000000006
0.1,3.0,1,10,2044,300.0
0.1,3.0,1,10,2045,300.00000000000006
0.1,3.0,1,10,2046,300.00000000000006
0.1,3.0,1,10,2047,300.00000000000006
0.1,3.0,1,10,2048,300.0
0.1,3.0,1,10,2049,300.0
0.1,3.0,1,10,2050,300.00000000000006
0.1,3.0,1,10,2051,300.0
0.1,3.0,1,10,2052,300.00000000000006
0.1,3.0,1,10,2053,300.00000000000006
0.1,3.0,1,10,2054,300.0
0.1,3.0,1,10,2055,300.00000000000006
0.1,3.0,2,10,2026,408.9161019277814
0.1,3.0,2,10,2027,400.55272033824764
0.1,3.0,2,10,2028,408.91610192778137
0.1,3.0,2,10,2029,404.47277571168274
0.1,3.0,2,10,2030,406.32371593430054
0.1,3.0,2,10,2031,408.9161019277813
0.1,3.0,2,10,2032,408.2412761992644
0.1,3.0,2,10,2033,408.0023248862847
0.1,3.0,2,10,2034,404.37119755172284
0.1,3.0,2,10,2035,408.91610192778137
0.1,3.0,2,10,2036,400.30590458865373
0.1,3.0,2,10,2037,400.06748108811297
0.1,3.0,2,10,2038,408.2412761992644
0.1,3.0,2,10,2039,400.0438561282265
0.1,3.0,2,10,2040,400.55272033824735
0.1,3.0,2,10,2041,475.6345577831719
0.1,3.0,2,10,2042,408.9161019277813
0.1,3.0,2,10,2043,408.2412761992644
0.1,3.0,2,10,2044,407.5541219846673
0.1,3.0,2,10,2045,408.91610192778137
0.1,3.0,2,10,2046,400.5527203382474
0.1,3.0,2,10,2047,408.0023248862847
0.1,3.0,2,10,2048,407.55412198466723
0.1,3.0,2,10,2049,405.2515097579493
0.1,3.0,2,10,2050,404.53287920348845
0.1,3.0,2,10,2051,400.3162130630443
0.1,3.0,2,10,2052,400.00397520259594
0.1,3.0,2,10,2053,400.55272033824735
0.1,3.0,2,10,2054,408.2412761992644
0.1,3.0,2,10,2055,400.1776656206581
0.1,3.0,3,10,2026,600.0000000000001
0.1,3.0,3,10,2027,600.0000000000001
0.1,3.0,3,10,2028,600.0000000000001
0.1,3.0,3,10,2029,600.0
0.1,3.0,3,10,2030,600.0
0.1,3.0,3,10,2031,600.0000000000001
0.1,3.0,3,10,2032,600.0000000000001
0.1,3.0,3,10,2033,600.0000000000001
0.1,3.0,3,10,2034,600.0000000000001
0.1,3.0,3,10,2035,600.0000000000001
0.1,3.0,3,10,2036,600.0000000000001
0.1,3.0,3,10,2037,600.0
0.1,3.0,3,10,2038,600.0
0.1,3.0,3,10,2039,600.0000000000001
0.1,3.0,3,10,2040,600.0000000000001
0.1,3.0,3,10,2041,600.0
0.1,3.0,3,10,2042,600.0
0.1,3.0,3,10,2043,600.0
0.1,3.0,3,10,2044,600.0
0.1,3.0,3,10,2045,600.0
0.1,3.0,3,10,2046,600.0000000000001
0.1,3.0,3,10,2047,600.0000000000002
0.1,3.0,3,10,2048,600.0
0.1,3.0,3,10,2049,600.0000000000001
0.1,3.0,3,10,2050,600.0
0.1,3.0,3,10,2051,600.0000000000001
0.1,3.0,3,10,2052,600.0000000000001
0.1,3.0,3,10,2053,600.0
0.1,3.0,3,10,2054,600.0
0.1,3.0,3,10,2055,600.0
0.1,3.0,4,10,2026,834.0
0.1,3.0,4,10,2027,882.0000000000001
0.1,3.0,4,10,2028,818.0
0.1,3.0,4,10,2029,818.0
0.1,3.0,4,10,2030,856.0
0.1,3.0,4,10,2031,876.0
0.1,3.0,4,10,2032,830.0
0.1,3.0,4,10,2033,840.0
0.1,3.0,4,10,2034,868.0000000000001
0.1,3.0,4,10,2035,862.0000000000001
0.1,3.0,4,10,2036,868.0
0.1,3.0,4,10,2037,852.0000000000002
0.1,3.0,4,10,2038,874.0
0.1,3.0,4,10,2039,870.0
0.1,3.0,4,10,2040,860.0
0.1,3.0,4,10,2041,862.0
0.1,3.0,4,10,2042,850.0
0.1,3.0,4,10,2043,852.0000000000045
0.1,3.0,4,10,2044,898.0
0.1,3.0,4,10,2045,852.0
0.1,3.0,4,10,2046,828.0
0.1,3.0,4,10,2047,842.0
0.1,3.0,4,10,2048,848.0
0.1,3.0,4,10,2049,852.0000000000001
0.1,3.0,4,10,2050,856.0
0.1,3.0,4,10,2051,828.0
0.1,3.0,4,10,2052,834.0
0.1,3.0,4,10,2053,836.0
0.1,3.0,4,10,2054,830.0000000001994
0.1,3.0,4,10,2055,868.0
0.1,3.0,5,10,2026,905.1790388032703
0.1,3.0,5,10,2027,901.0877045380153
0.1,3.0,5,10,2028,900.4543240185913
0.1,3.0,5,10,2029,900.9981762875989
0.1,3.0,5,10,2030,900.0000000000003
0.1,3.0,5,10,2031,900.1790565008336
0.1,3.0,5,10,2032,900.633380519424
0.1,3.0,5,10,2033,904.3178152814343
0.1,3.0,5,10,2034,900.179056500833
0.1,3.0,5,10,2035,900.4543240185915
0.1,3.0,5,10,2036,901.8823596327585
0.1,3.0,5,10,2037,900.9981762876023
0.1,3.0,5,10,2038,905.4908081336101
0.1,3.0,5,10,2039,900.1790565008336
0.1,3.0,5,10,2040,902.2715989370826
0.1,3.0,5,10,2041,902.8154512060538
0.1,3.0,5,10,2042,902.1820706866282
0.1,3.0,5,10,2043,900.9981762875991
0.1,3.0,5,10,2044,900.9086480371841
0.1,3.0,5,10,2045,903.3087274453644
0.1,3.0,5,10,2046,903.08649633864
0.1,3.0,5,10,2047,902.2715989370417
0.1,3.0,5,10,2048,900.5438522690073
0.1,3.0,5,10,2049,901.906803168867
0.1,3.0,5,10,2050,900.1790565008333
0.1,3.0,5,10,2051,900.5438522690084
0.1,3.0,5,10,2052,902.2715989370414
0.1,3.0,5,10,2053,900.0000000000006
0.1,3.0,5,10,2054,900.5438522690079
0.1,3.0,5,10,2055,900.0000000000005
0.1,3.0,6,10,2026,3147.2665622868453
0.1,3.0,6,10,2027,7947.095138602622
0.1,3.0,6,10,2028,22441.847044935228
0.1,3.0,6,10,2029,26944.48261552792
0.1,3.0,6,10,2030,24817.427446691345
0.1,3.0,6,10,2031,28592.132346278995
0.1,3.0,6,10,2032,23821.268194892666
0.1,3.0,6,10,2033,5117.794961638074
0.1,3.0,6,10,2034,22408.776340178287
0.1,3.0,6,10,2035,11881.265871045363
0.1,3.0,6,10,2036,34013.43098867638
0.1,3.0,6,10,2037,6120.585925669984
0.1,3.0,6,10,2038,15502.22838062342
0.1,3.0,6,10,2039,3461.2190646936297
0.1,3.0,6,10,2040,2058.7609405062612
0.1,3.0,6,10,2041,19701.143124028014
0.1,3.0,6,10,2042,10556.095608712933
0.1,3.0,6,10,2043,3750.684999826567
0.1,3.0,6,10,2044,29542.51603310114
0.1,3.0,6,10,2045,39456.09556894223
0.1,3.0,6,10,2046,3817.0186722955805
0.1,3.0,6,10,2047,33127.402447530534
0.1,3.0,6,10,2048,5508.798042295797
0.1,3.0,6,10,2049,3923.559893671016
0.1,3.0,6,10,2050,4410.124983056223
0.1,3.0,6,10,2051,19585.300244756334
0.1,3.0,6,10,2052,14970.422209895201
0.1,3.0,6,10,2053,13721.014760007823
0.1,3.0,6,10,2054,19620.486770023686
0.1,3.0,6,10,2055,36880.88029516058
0.1,3.0,7,10,2026,2072.237235725257
0.1,3.0,7,10,2027,2030.4491963429477
0.1,3.0,7,10,2028,2126.4082147417403
0.1,3.0,7,10,2029,2025.0072784662188
0.1,3.0,7,10,2030,2025.4747900767516
0.1,3.0,7,10,2031,2040.4860754849858
0.1,3.0,7,10,2032,2026.0174341914528
0.1,3.0,7,10,2033,2143.5751439288783
0.1,3.0,7,10,2034,2022.6209392416226
0.1,3.0,7,10,2035,2024.4798311905304
0.1,3.0,7,10,2036,2023.9964088755555
0.1,3.0,7,10,2037,2025.4114635033732
0.1,3.0,7,10,2038,2035.7513366633068
0.1,3.0,7,10,2039,2021.4949589758032
0.1,3.0,7,10,2040,2124.3346837363733
0.1,3.0,7,10,2041,2004.0744518772576
0.1,3.0,7,10,2042,2020.4999999999704
0.1,3.0,7,10,2043,2025.4747902193708
0.1,3.0,7,10,2044,2021.4949590536148
0.1,3.0,7,10,2045,2138.3343407245975
0.1,3.0,7,10,2046,2030.4495602985771
0.1,3.0,7,10,2047,2022.0623641351049
0.1,3.0,7,10,2048,2023.98059631038
0.1,3.0,7,10,2049,2025.460545021625
0.1,3.0,7,10,2050,2019.6875286213042
0.1,3.0,7,10,2051,2122.181571486254
0.1,3.0,7,10,2052,2084.6109807250627
0.1,3.0,7,10,2053,2033.434432425953
0.1,3.0,7,10,2054,2132.4216694478414
0.1,3.0,7,10,2055,2119.6585637544335
0.1,3.0,8,10,2026,2221.046239018702
0.1,3.0,8,10,2027,2665.6786499663303
0.1,3.0,8,10,2028,2221.4665681720226
0.1,3.0,8,10,2029,2222.859063987909
0.1,3.0,8,10,2030,2226.6749137512707
0.1,3.0,8,10,2031,2327.972465189694
0.1,3.0,8,10,2032,2220.5633478453706
0.1,3.0,8,10,2033,2232.9070535097435
0.1,3.0,8,10,2034,2628.7735421090138
0.1,3.0,8,10,2035,2220.3735036890316
0.1,3.0,8,10,2036,2223.5178652056898
0.1,3.0,8,10,2037,2220.297907714121
0.1,3.0,8,10,2038,2221.3973266131825
0.1,3.0,8,10,2039,2225.9766462475504
0.1,3.0,8,10,2040,2221.2753789540275
0.1,3.0,8,10,2041,2223.2145982550273
0.1,3.0,8,10,2042,2224.288528889116
0.1,3.0,8,10,2043,2220.447223167915
0.1,3.0,8,10,2044,2222.0372984388664
0.1,3.0,8,10,2045,2222.5577700051044
0.1,3.0,8,10,2046,2222.5144868194693
0.1,3.0,8,10,2047,2255.5292897418303
0.1,3.0,8,10,2048,2222.3371512710437
0.1,3.0,8,10,2049,2234.3272265163864
0.1,3.0,8,10,2050,2223.2027756460025
0.1,3.0,8,10,2051,2224.423167649852
0.1,3.0,8,10,2052,2225.571163853951
0.1,3.0,8,10,2053,2220.733030196742
0.1,3.0,8,10,2054,2221.488142065026
0.1,3.0,8,10,2055,2322.789621922764
0.1,3.0,9,10,2026,2670.1079759592353
0.1,3.0,9,10,2027,2680.239934060168
0.1,3.0,9,10,2028,2670.1079759592376
0.1,3.0,9,10,2029,2659.192805180881
0.1,3.0,9,10,2030,2659.192805180879
0.1,3.0,9,10,2031,2659.192805180921
0.1,3.0,9,10,2032,2680.2399340601687
0.1,3.0,9,10,2033,2659.094344780371
0.1,3.0,9,10,2034,2670.107975959236
0.1,3.0,9,10,2035,2669.859803723639
0.1,3.0,9,10,2036,2745.6054735939706
0.1,3.0,9,10,2037,2300.000000000001
0.1,3.0,9,10,2038,2666.9081428783225
0.1,3.0,9,10,2039,3009.2535230782173
0.1,3.0,9,10,2040,2907.191950971618
0.1,3.0,9,10,2041,2300.000000000001
0.1,3.0,9,10,2042,2659.192805180883
0.1,3.0,9,10,2043,2664.542432756196
0.1,3.0,9,10,2044,2670.107975959236
0.1,3.0,9,10,2045,2669.85980372364
0.1,3.0,9,10,2046,2670.1079759592353
0.1,3.0,9,10,2047,2670.107975959236
0.1,3.0,9,10,2048,2670.1079759592367
0.1,3.0,9,10,2049,2659.0943447803693
0.1,3.0,9,10,2050,2659.1928051808763
0.1,3.0,9,10,2051,2300.0000000000005
0.1,3.0,9,10,2052,2670.107975959236
0.1,3.0,9,10,2053,2664.5424327561955
0.1,3.0,9,10,2054,2670.1079759592353
0.1,3.0,9,10,2055,2659.094344780369
0.1,3.0,10,10,2026,2780.935458254059
0.1,3.0,10,10,2027,2624.500169440089
0.1,3.0,10,10,2028,2631.471457932393
0.1,3.0,10,10,2029,2741.172910810291
0.1,3.0,10,10,2030,2623.733236430407
0.1,3.0,10,10,2031,3058.7597282577804
0.1,3.0,10,10,2032,3312.7124292422513
0.1,3.0,10,10,2033,3226.410799746593
0.1,3.0,10,10,2034,2620.8726497489797
0.1,3.0,10,10,2035,2634.354701831973
0.1,3.0,10,10,2036,2628.353664443553
0.1,3.0,10,10,2037,2749.410487892519
0.1,3.0,10,10,2038,2793.975540092256
0.1,3.0,10,10,2039,2770.720800249223
0.1,3.0,10,10,2040,2626.1953327673878
0.1,3.0,10,10,2041,2764.290960783176
0.1,3.0,10,10,2042,2751.8353750340534
0.1,3.0,10,10,2043,2786.2904721952773
0.1,3.0,10,10,2044,2786.762522046961
0.1,3.0,10,10,2045,2623.5345958122466
0.1,3.0,10,10,2046,2628.045802790111
0.1,3.0,10,10,2047,2630.8667321238763
0.1,3.0,10,10,2048,2633.2372972038665
0.1,3.0,10,10,2049,2755.0202036923074
0.1,3.0,10,10,2050,2759.0254421517147
0.1,3.0,10,10,2051,2789.7020019784904
0.1,3.0,10,10,2052,2623.7332364304075
0.1,3.0,10,10,2053,2627.2576658291728
0.1,3.0,10,10,2054,2760.4270148322084
0.1,3.0,10,10,2055,4220.2508838469
0.1,3.0,11,10,2026,2623.4308474762424
0.1,3.0,11,10,2027,2600.0000000000005
0.1,3.0,11,10,2028,2624.3560491284948
0.1,3.0,11,10,2029,2600.000000000001
0.1,3.0,11,10,2030,3480.217287819594
0.1,3.0,11,10,2031,2600.0000000000014
0.1,3.0,11,10,2032,2600.0000000000005
0.1,3.0,11,10,2033,2600.000000000001
0.1,3.0,11,10,2034,2600.0000000000005
0.1,3.0,11,10,2035,3498.1857122457354
0.1,3.0,11,10,2036,2600.0000000000014
0.1,3.0,11,10,2037,3476.9248252571206
0.1,3.0,11,10,2038,2621.072377922809
0.1,3.0,11,10,2039,2623.430847476241
0.1,3.0,11,10,2040,2600.000000000002
0.1,3.0,11,10,2041,2624.356049128496
0.1,3.0,11,10,2042,2600.0000000000005
0.1,3.0,11,10,2043,3477.941788224063
0.1,3.0,11,10,2044,3477.8828309750606
0.1,3.0,11,10,2045,2600.000000000001
0.1,3.0,11,10,2046,3477.4088689844257
0.1,3.0,11,10,2047,2600.000000000001
0.1,3.0,11,10,2048,2600.000000000002
0.1,3.0,11,10,2049,2627.08930807601
0.1,3.0,11,10,2050,2600.000000000001
0.1,3.0,11,10,2051,2600.000000000001
0.1,3.0,11,10,2052,2600.000000000003
0.1,3.0,11,10,2053,2600.0000000000055
0.1,3.0,11,10,2054,2600.000000000004
0.1,3.0,11,10,2055,2600.0000000000005
0.1,3.0,12,10,2026,2909.6729451675124
0.1,3.0,12,10,2027,2870.7743713534915
0.1,3.0,12,10,2028,2872.718101416568
0.1,3.0,12,10,2029,2871.3513551700753
0.1,3.0,12,10,2030,2954.9348693526313
0.1,3.0,12,10,2031,2872.20292004403
0.1,3.0,12,10,2032,2867.524113550363
0.1,3.0,12,10,2033,2936.422749367079
0.1,3.0,12,10,2034,2866.672170283222
0.1,3.0,12,10,2035,2872.2096680927402
0.1,3.0,12,10,2036,2869.8919828690696
0.1,3.0,12,10,2037,2866.87638074084
0.1,3.0,12,10,2038,2867.1562770776436
0.1,3.0,12,10,2039,2893.7667518860326
0.1,3.0,12,10,2040,2872.3238724454427
0.1,3.0,12,10,2041,2870.6236625832234
0.1,3.0,12,10,2042,2866.28312609529
0.1,3.0,12,10,2043,2866.5237451229245
0.1,3.0,12,10,2044,2879.3899784878017
0.1,3.0,12,10,2045,2873.2675982289015
0.1,3.0,12,10,2046,2873.11176699317
0.1,3.0,12,10,2047,2944.527215303233
0.1,3.0,12,10,2048,2911.764752028008
0.1,3.0,12,10,2049,2874.2123996860296
0.1,3.0,12,10,2050,2870.279952868812
0.1,3.0,12,10,2051,2943.455538094429
0.1,3.0,12,10,2052,2958.9936254486097
0.1,3.0,12,10,2053,2901.999793588475
0.1,3.0,12,10,2054,2917.4154613548535
0.1,3.0,12,10,2055,2866.730493937714
0.1,10.0,1,10,2026,300.00000000000006
0.1,10.0,1,10,2027,300.00000000000006
0.1,10.0,1,10,2028,300.00000000000006
0.1,10.0,1,10,2029,300.0
0.1,10.0,1,10,2030,300.0000000000001
0.1,10.0,1,10,2031,300.00000000000006
0.1,10.0,1,10,2032,300.0
0.1,10.0,1,10,2033,300.0
0.1,10.0,1,10,2034,300.0
0.1,10.0,1,10,2035,300.00000000000006
0.1,10.0,1,10,2036,300.00000000000006
0.1,10.0,1,10,2037,300.00000000000006
0.1,10.0,1,10,2038,300.0
0.1,10.0,1,10,2039,300.00000000000006
0.1,10.0,1,10,2040,300.0
0.1,10.0,1,10,2041,300.00000000000017
0.1,10.0,1,10,2042,300.0
0.1,10.0,1,10,2043,300.0
0.1,10.0,1,10,2044,300.00000000000057
0.1,10.0,1,10,2045,300.00000000000006
0.1,10.0,1,10,2046,300.0
0.1,10.0,1,10,2047,300.00000000000006
0.1,10.0,1,10,2048,300.00000000000006
0.1,10.0,1,10,2049,300.0
0.1,10.0,1,10,2050,300.0000000000001
0.1,10.0,1,10,2051,300.0
0.1,10.0,1,10,2052,300.00000000000006
0.1,10.0,1,10,2053,300.00000000000006
0.1,10.0,1,10,2054,300.00000000000006
0.1,10.0,1,10,2055,300.0
0.1,10.0,2,10,2026,407.9099114152651
0.1,10.0,2,10,2027,469.0436150438383
0.1,10.0,2,10,2028,419.4616607967074
0.1,10.0,2,10,2029,408.91610192778137
0.1,10.0,2,10,2030,408.9161019277813
0.1,10.0,2,10,2031,469.7918438953574
0.1,10.0,2,10,2032,404.9175566418962
0.1,10.0,2,10,2033,408.91610192778137
0.1,10.0,2,10,2034,408.9161019277813
0.1,10.0,2,10,2035,400.55272033824735
0.1,10.0,2,10,2036,400.3851109227155
0.1,10.0,2,10,2037,404.95381182216556
0.1,10.0,2,10,2038,408.9161019277813
0.1,10.0,2,10,2039,400.5527203382474
0.1,10.0,2,10,2040,400.2262161544566
0.1,10.0,2,10,2041,408.9161019277813
0.1,10.0,2,10,2042,404.12116798889997
0.1,10.0,2,10,2043,408.24127619926446
0.1,10.0,2,10,2044,406.3237160145248
0.1,10.0,2,10,2045,408.91610192778137
0.1,10.0,2,10,2046,408.91610192778137
0.1,10.0,2,10,2047,405.15368786374245
0.1,10.0,2,10,2048,407.55412198466746
0.1,10.0,2,10,2049,408.0023248862847
0.1,10.0,2,10,2050,408.91610192778154
0.1,10.0,2,10,2051,400.36533243984275
0.1,10.0,2,10,2052,408.91610192778137
0.1,10.0,2,10,2053,400.0527888984154
0.1,10.0,2,10,2054,407.9099114152653
0.1,10.0,2,10,2055,400.55272033824747
0.1,10.0,3,10,2026,600.0000000000001
0.1,10.0,3,10,2027,600.0000000000001
0.1,10.0,3,10,2028,600.0000000000001
0.1,10.0,3,10,2029,600.0000000000001
0.1,10.0,3,10,2030,600.0
0.1,10.0,3,10,2031,600.0
0.1,10.0,3,10,2032,600.0000000000001
0.1,10.0,3,10,2033,600.0000000000001
0.1,10.0,3,10,2034,600.0000000000001
0.1,10.0,3,10,2035,600.0
0.1,10.0,3,10,2036,600.0000000000001
0.1,10.0,3,10,2037,600.0
0.1,10.0,3,10,2038,600.0
0.1,10.0,3,10,2039,600.0
0.1,10.0,3,10,2040,600.0000000000001
0.1,10.0,3,10,2041,600.0
0.1,10.0,3,10,2042,600.0000000000001
0.1,10.0,3,10,2043,600.0000000000002
0.1,10.0,3,10,2044,600.0000000000001
0.1,10.0,3,10,2045,600.0000000000002
0.1,10.0,3,10,2046,600.0
0.1,10.0,3,10,2047,600.0000000000001
0.1,10.0,3,10,2048,600.0000000000001
0.1,10.0,3,10,2049,600.0000000000001
0.1,10.0,3,10,2050,600.0
0.1,10.0,3,10,2051,600.0000000000001
0.1,10.0,3,10,2052,600.0000000000001
0.1,10.0,3,10,2053,600.0000000000001
0.1,10.0,3,10,2054,600.0000000000001
0.1,10.0,3,10,2055,600.0
0.1,10.0,4,10,2026,822.0
0.1,10.0,4,10,2027,854.0
0.1,10.0,4,10,2028,864.7647037147284
0.1,10.0,4,10,2029,818.0
0.1,10.0,4,10,2030,820.0
0.1,10.0,4,10,2031,874.5
0.1,10.0,4,10,2032,830.0
0.1,10.0,4,10,2033,844.0
0.1,10.0,4,10,2034,892.0
0.1,10.0,4,10,2035,814.0
0.1,10.0,4,10,2036,874.0000000000043
0.1,10.0,4,10,2037,840.0
0.1,10.0,4,10,2038,862.0000000000247
0.1,10.0,4,10,2039,854.0000000000008
0.1,10.0,4,10,2040,844.0
0.1,10.0,4,10,2041,830.0
0.1,10.0,4,10,2042,844.0
0.1,10.0,4,10,2043,820.0
0.1,10.0,4,10,2044,878.0
0.1,10.0,4,10,2045,824.0
0.1,10.0,4,10,2046,828.0
0.1,10.0,4,10,2047,828.0
0.1,10.0,4,10,2048,846.0
0.1,10.0,4,10,2049,848.0
0.1,10.0,4,10,2050,856.0
0.1,10.0,4,10,2051,838.0
0.1,10.0,4,10,2052,846.0
0.1,10.0,4,10,2053,828.0
0.1,10.0,4,10,2054,830.0
0.1,10.0,4,10,2055,846.0
0.1,10.0,5,10,2026,905.1790390332146
0.1,10.0,5,10,2027,900.4543240185916
0.1,10.0,5,10,2028,900.0000000000023
0.1,10.0,5,10,2029,900.998176287599
0.1,10.0,5,10,2030,900.454324018592
0.1,10.0,5,10,2031,900.454324018591
0.1,10.0,5,10,2032,900.6333805194243
0.1,10.0,5,10,2033,904.3178152814343
0.1,10.0,5,10,2034,900.1790565008337
0.1,10.0,5,10,2035,900.4543240185916
0.1,10.0,5,10,2036,900.9086480371832
0.1,10.0,5,10,2037,900.0895282504176
0.1,10.0,5,10,2038,901.8823596327585
0.1,10.0,5,10,2039,900.089528250417
0.1,10.0,5,10,2040,900.2685847512495
0.1,10.0,5,10,2041,901.8172960755528
0.1,10.0,5,10,2042,900.4543240185918
0.1,10.0,5,10,2043,900.089528250417
0.1,10.0,5,10,2044,900.0895282504167
0.1,10.0,5,10,2045,903.3982556957801
0.1,10.0,5,10,2046,902.9074398378199
0.1,10.0,5,10,2047,900.089528250417
0.1,10.0,5,10,2048,900.543852269008
0.1,10.0,5,10,2049,901.996331419283
0.1,10.0,5,10,2050,900.0000000000001
0.1,10.0,5,10,2051,900.4543240185917
0.1,10.0,5,10,2052,900.7229087698407
0.1,10.0,5,10,2053,900.0000000000006
0.1,10.0,5,10,2054,900.4543240185915
0.1,10.0,5,10,2055,900.4543240185915
0.1,10.0,6,10,2026,3153.7713330601982
0.1,10.0,6,10,2027,2554.3078194478276
0.1,10.0,6,10,2028,38055.64155442837
0.1,10.0,6,10,2029,5051.429761319283
0.1,10.0,6,10,2030,1942.5775648249703
0.1,10.0,6,10,2031,21723.96488491543
0.1,10.0,6,10,2032,36734.54206648861
0.1,10.0,6,10,2033,3549.9380538185674
0.1,10.0,6,10,2034,17770.20825231383
0.1,10.0,6,10,2035,24790.59227606847
0.1,10.0,6,10,2036,30045.42639562042
0.1,10.0,6,10,2037,6381.819133636377
0.1,10.0,6,10,2038,15139.894726995626
0.1,10.0,6,10,2039,2324.4987668124586
0.1,10.0,6,10,2040,10557.888034631611
0.1,10.0,6,10,2041,4198.393207329808
0.1,10.0,6,10,2042,31687.47266837538
0.1,10.0,6,10,2043,3192.7531879457665
0.1,10.0,6,10,2044,22559.913978709366
0.1,10.0,6,10,2045,41789.85468630847
0.1,10.0,6,10,2046,4251.683291108704
0.1,10.0,6,10,2047,11680.89123964092
0.1,10.0,6,10,2048,7079.857543455518
0.1,10.0,6,10,2049,4495.568332056986
0.1,10.0,6,10,2050,3575.4838295145582
0.1,10.0,6,10,2051,5740.203000759126
0.1,10.0,6,10,2052,6156.151584929326
0.1,10.0,6,10,2053,7382.546917146518
0.1,10.0,6,10,2054,49600.389981639986
0.1,10.0,6,10,2055,13684.640941211412
0.1,10.0,7,10,2026,2025.474790247663
0.1,10.0,7,10,2027,2023.9793905629274
0.1,10.0,7,10,2028,2133.9592825849927
0.1,10.0,7,10,2029,2055.8207840801215
0.1,10.0,7,10,2030,2032.0063215629357
0.1,10.0,7,10,2031,2020.1277299603832
0.1,10.0,7,10,2032,2023.4915018403253
0.1,10.0,7,10,2033,2120.7482904133085
0.1,10.0,7,10,2034,2021.995229496827
0.1,10.0,7,10,2035,2030.7645464246684
0.1,10.0,7,10,2036,2024.4798307835404
0.1,10.0,7,10,2037,2030.2527577178566
0.1,10.0,7,10,2038,2041.4604049555019
0.1,10.0,7,10,2039,2029.3122497084496
0.1,10.0,7,10,2040,2128.7938618548224
0.1,10.0,7,10,2041,2045.8709946632232
0.1,10.0,7,10,2042,2033.2002172231394
0.1,10.0,7,10,2043,2028.459661957793
0.1,10.0,7,10,2044,2029.8340563273766
0.1,10.0,7,10,2045,2119.5905842363245
0.1,10.0,7,10,2046,2021.4607932218917
0.1,10.0,7,10,2047,2022.0395449773732
0.1,10.0,7,10,2048,2029.961668682214
0.1,10.0,7,10,2049,2024.4798300698722
0.1,10.0,7,10,2050,2023.9608418254654
0.1,10.0,7,10,2051,2127.9290433228143
0.1,10.0,7,10,2052,2037.0763424992224
0.1,10.0,7,10,2053,2023.9832397766809
0.1,10.0,7,10,2054,2131.432131310406
0.1,10.0,7,10,2055,2120.148314311149
0.1,10.0,8,10,2026,2216.5844503019457
0.1,10.0,8,10,2027,2220.584186281133
0.1,10.0,8,10,2028,2225.165900206226
0.1,10.0,8,10,2029,2221.767644941664
0.1,10.0,8,10,2030,2225.0385642747915
0.1,10.0,8,10,2031,2222.5769871545
0.1,10.0,8,10,2032,2636.918868510288
0.1,10.0,8,10,2033,2221.066147080892
0.1,10.0,8,10,2034,2629.9381932435617
0.1,10.0,8,10,2035,2222.0172504971397
0.1,10.0,8,10,2036,2682.1266350472856
0.1,10.0,8,10,2037,2221.218315007037
0.1,10.0,8,10,2038,2221.5572530994564
0.1,10.0,8,10,2039,2240.444358605132
0.1,10.0,8,10,2040,2220.606557730342
0.1,10.0,8,10,2041,2222.832821873685
0.1,10.0,8,10,2042,2220.8030680956244
0.1,10.0,8,10,2043,2221.387863722056
0.1,10.0,8,10,2044,2220.2725344472688
0.1,10.0,8,10,2045,2226.8624543612045
0.1,10.0,8,10,2046,2224.5687303840696
0.1,10.0,8,10,2047,2220.39708489349
0.1,10.0,8,10,2048,2240.1274192727756
0.1,10.0,8,10,2049,2239.726836218047
0.1,10.0,8,10,2050,2221.5700836349006
0.1,10.0,8,10,2051,2223.284128942309
0.1,10.0,8,10,2052,2228.2808802816085
0.1,10.0,8,10,2053,2225.413224948426
0.1,10.0,8,10,2054,2220.154134337716
0.1,10.0,8,10,2055,2242.2974761469277
0.1,10.0,9,10,2026,2666.9081524800795
0.1,10.0,9,10,2027,2664.5424327630153
0.1,10.0,9,10,2028,2670.1079759592362
0.1,10.0,9,10,2029,2680.239934060171
0.1,10.0,9,10,2030,2659.1928051821287
0.1,10.0,9,10,2031,2659.0943447803684
0.1,10.0,9,10,2032,2659.192805185479
0.1,10.0,9,10,2033,2659.1928051816403
0.1,10.0,9,10,2034,2746.7276983743413
0.1,10.0,9,10,2035,2300.0000000000005
0.1,10.0,9,10,2036,2300.000000000004
0.1,10.0,9,10,2037,2300.000000000002
0.1,10.0,9,10,2038,2670.1079759592376
0.1,10.0,9,10,2039,3009.2535230782187
0.1,10.0,9,10,2040,2680.239934060168
0.1,10.0,9,10,2041,2659.0943447805544
0.1,10.0,9,10,2042,2300.000000000001
0.1,10.0,9,10,2043,2664.542432756193
0.1,10.0,9,10,2044,2666.9081432603657
0.1,10.0,9,10,2045,2680.239934060168
0.1,10.0,9,10,2046,2670.1079759592353
0.1,10.0,9,10,2047,2680.2399340601673
0.1,10.0,9,10,2048,2670.1079759592353
0.1,10.0,9,10,2049,2659.1928051959662
0.1,10.0,9,10,2050,2664.542432756243
0.1,10.0,9,10,2051,2300.000000000001
0.1,10.0,9,10,2052,2300.0000000000014
0.1,10.0,9,10,2053,2300.000000000002
0.1,10.0,9,10,2054,2670.107975959236
0.1,10.0,9,10,2055,2659.192805192222
0.1,10.0,10,10,2026,2736.2585983494273
0.1,10.0,10,10,2027,2626.4626900563917
0.1,10.0,10,10,2028,2623.070092061498
0.1,10.0,10,10,2029,2756.3759898901203
0.1,10.0,10,10,2030,2634.02589539555
0.1,10.0,10,10,2031,3379.4019325499776
0.1,10.0,10,10,2032,3289.403368131017
0.1,10.0,10,10,2033,3226.410799746594
0.1,10.0,10,10,2034,2620.8726497489806
0.1,10.0,10,10,2035,2623.340571024519
0.1,10.0,10,10,2036,2630.433996028774
0.1,10.0,10,10,2037,2722.486794537349
0.1,10.0,10,10,2038,2778.9483063687585
0.1,10.0,10,10,2039,2744.7462927003
0.1,10.0,10,10,2040,2621.424070151546
0.1,10.0,10,10,2041,2761.0667663965287
0.1,10.0,10,10,2042,2745.566390872222
0.1,10.0,10,10,2043,2742.365974251348
0.1,10.0,10,10,2044,2777.243703946439
0.1,10.0,10,10,2045,2632.6157192554574
0.1,10.0,10,10,2046,2622.537687492699
0.1,10.0,10,10,2047,2621.2377775971386
0.1,10.0,10,10,2048,2622.1040248531735
0.1,10.0,10,10,2049,2724.246040692709
0.1,10.0,10,10,2050,2744.788960169886
0.1,10.0,10,10,2051,2770.855010212073
0.1,10.0,10,10,2052,2625.4733649258915
0.1,10.0,10,10,2053,2622.198315277739
0.1,10.0,10,10,2054,2750.453194782619
0.1,10.0,10,10,2055,4220.250883846901
0.1,10.0,11,10,2026,2623.1243794882266
0.1,10.0,11,10,2027,2600.0000000000005
0.1,10.0,11,10,2028,2622.425596245957
0.1,10.0,11,10,2029,2622.092730272961
0.1,10.0,11,10,2030,3476.7184285022477
0.1,10.0,11,10,2031,2600.000000000001
0.1,10.0,11,10,2032,2600.0000000000005
0.1,10.0,11,10,2033,2600.000000000008
0.1,10.0,11,10,2034,2617.394645425255
0.1,10.0,11,10,2035,3476.7184285022477
0.1,10.0,11,10,2036,2600.000000000001
0.1,10.0,11,10,2037,3477.4088689844248
0.1,10.0,11,10,2038,2621.072377922809
0.1,10.0,11,10,2039,2600.0000000000005
0.1,10.0,11,10,2040,2622.4255962459574
0.1,10.0,11,10,2041,2621.8939220275274
0.1,10.0,11,10,2042,2622.425596245958
0.1,10.0,11,10,2043,3476.9248252571206
0.1,10.0,11,10,2044,3478.1196451467895
0.1,10.0,11,10,2045,2600.000000000001
0.1,10.0,11,10,2046,3479.815991687641
0.1,10.0,11,10,2047,2600.0000000000014
0.1,10.0,11,10,2048,2600.000000000001
0.1,10.0,11,10,2049,2623.430847476242
0.1,10.0,11,10,2050,2617.394645425255
0.1,10.0,11,10,2051,2600.0000000000005
0.1,10.0,11,10,2052,2600.0000000000005
0.1,10.0,11,10,2053,2600.0000000000014
0.1,10.0,11,10,2054,2600.000000000003
0.1,10.0,11,10,2055,2600.0000000000005
0.1,10.0,12,10,2026,2866.684617539957
0.1,10.0,12,10,2027,2870.360583277941
0.1,10.0,12,10,2028,2874.3806609285375
0.1,10.0,12,10,2029,2871.3513551700753
0.1,10.0,12,10,2030,2964.4560379303603
0.1,10.0,12,10,2031,2894.884456181782
0.1,10.0,12,10,2032,2873.4053903608574
0.1,10.0,12,10,2033,2877.212236505896
0.1,10.0,12,10,2034,2876.0756927419925
0.1,10.0,12,10,2035,2875.815365274621
0.1,10.0,12,10,2036,2870.774355995285
0.1,10.0,12,10,2037,2865.9100319290774
0.1,10.0,12,10,2038,2869.9507571516883
0.1,10.0,12,10,2039,2871.565664054081
0.1,10.0,12,10,2040,2890.9747592460844
0.1,10.0,12,10,2041,2866.597370013361
0.1,10.0,12,10,2042,2872.397304264852
0.1,10.0,12,10,2043,2868.8323048695374
0.1,10.0,12,10,2044,2865.9100805539006
0.1,10.0,12,10,2045,2951.972349118517
0.1,10.0,12,10,2046,2873.8448688613594
0.1,10.0,12,10,2047,2872.051532919113
0.1,10.0,12,10,2048,2871.2487182867285
0.1,10.0,12,10,2049,2873.7177116138337
0.1,10.0,12,10,2050,2899.729219302193
0.1,10.0,12,10,2051,2955.1577964224766
0.1,10.0,12,10,2052,2920.246727463628
0.1,10.0,12,10,2053,2898.196673682836
0.1,10.0,12,10,2054,2917.41546135485
0.1,10.0,12,10,2055,2880.5972687712692
0.1,30.0,1,10,2026,300.00000000000006
0.1,30.0,1,10,2027,300.0000000000001
0.1,30.0,1,10,2028,300.00000000000006
0.1,30.0,1,10,2029,300.00000000000006
0.1,30.0,1,10,2030,300.00000000000006
0.1,30.0,1,10,2031,300.00000000000006
0.1,30.0,1,10,2032,300.00000000000006
0.1,30.0,1,10,2033,300.0
0.1,30.0,1,10,2034,300.00000000000006
0.1,30.0,1,10,2035,300.00000000000006
0.1,30.0,1,10,2036,300.0
0.1,30.0,1,10,2037,300.00000000000006
0.1,30.0,1,10,2038,300.0
0.1,30.0,1,10,2039,300.00000000000006
0.1,30.0,1,10,2040,300.0
0.1,30.0,1,10,2041,300.00000000000006
0.1,30.0,1,10,2042,300.00000000000006
0.1,30.0,1,10,2043,300.00000000000006
0.1,30.0,1,10,2044,300.0
0.1,30.0,1,10,2045,300.00000000000006
0.1,30.0,1,10,2046,300.0
0.1,30.0,1,10,2047,300.0
0.1,30.0,1,10,2048,300.00000000000006
0.1,30.0,1,10,2049,300.00000000000006
0.1,30.0,1,10,2050,300.0
0.1,30.0,1,10,2051,300.00000000000006
0.1,30.0,1,10,2052,300.00000000000006
0.1,30.0,1,10,2053,300.00000000000006
0.1,30.0,1,10,2054,300.00000000000006
0.1,30.0,1,10,2055,300.00000000000006
0.1,30.0,2,10,2026,404.0492991076107
0.1,30.0,2,10,2027,407.5541219846673
0.1,30.0,2,10,2028,408.9161019277813
0.1,30.0,2,10,2029,407.5541219846673
0.1,30.0,2,10,2030,408.9161019277814
0.1,30.0,2,10,2031,408.00232488628467
0.1,30.0,2,10,2032,408.9161019277813
0.1,30.0,2,10,2033,408.91610192778137
0.1,30.0,2,10,2034,408.91610192778137
0.1,30.0,2,10,2035,408.9161019277813
0.1,30.0,2,10,2036,400.38511092271546
0.1,30.0,2,10,2037,404.6484097350442
0.1,30.0,2,10,2038,408.9161019277813
0.1,30.0,2,10,2039,408.9161019277813
0.1,30.0,2,10,2040,400.09075442796444
0.1,30.0,2,10,2041,408.9161019277813
0.1,30.0,2,10,2042,408.91610192778137
0.1,30.0,2,10,2043,408.9161019277813
0.1,30.0,2,10,2044,408.91610192778137
0.1,30.0,2,10,2045,408.91610192778137
0.1,30.0,2,10,2046,400.5527203382474
0.1,30.0,2,10,2047,405.6956880901443
0.1,30.0,2,10,2048,471.41386780066335
0.1,30.0,2,10,2049,405.5046317096849
0.1,30.0,2,10,2050,419.4616607967074
0.1,30.0,2,10,2051,408.91610192778137
0.1,30.0,2,10,2052,470.8471164187876
0.1,30.0,2,10,2053,408.91610192778137
0.1,30.0,2,10,2054,407.90991141526524
0.1,30.0,2,10,2055,400.55272033824735
0.1,30.0,3,10,2026,600.0000000000001
0.1,30.0,3,10,2027,600.0000000000002
0.1,30.0,3,10,2028,600.0000000000001
0.1,30.0,3,10,2029,600.0
0.1,30.0,3,10,2030,600.0000000000002
0.1,30.0,3,10,2031,600.0000000000001
0.1,30.0,3,10,2032,600.0000000000001
0.1,30.0,3,10,2033,600.0000000000001
0.1,30.0,3,10,2034,600.0000000000002
0.1,30.0,3,10,2035,600.0000000000001
0.1,30.0,3,10,2036,600.0000000000001
0.1,30.0,3,10,2037,600.0000000000001
0.1,30.0,3,10,2038,600.0000000000001
0.1,30.0,3,10,2039,600.0
0.1,30.0,3,10,2040,600.0000000000001
0.1,30.0,3,10,2041,600.0000000000001
0.1,30.0,3,10,2042,600.0000000000001
0.1,30.0,3,10,2043,600.0
0.1,30.0,3,10,2044,600.0
0.1,30.0,3,10,2045,600.0000000000001
0.1,30.0,3,10,2046,600.0000000000001
0.1,30.0,3,10,2047,600.0
0.1,30.0,3,10,2048,600.0000000000001
0.1,30.0,3,10,2049,600.0000000000001
0.1,30.0,3,10,2050,600.0000000000001
0.1,30.0,3,10,2051,600.0
0.1,30.0,3,10,2052,600.0000000000001
0.1,30.0,3,10,2053,600.0000000000001
0.1,30.0,3,10,2054,600.0000000000001
0.1,30.0,3,10,2055,600.0000000000001
0.1,30.0,4,10,2026,822.0
0.1,30.0,4,10,2027,854.0
0.1,30.0,4,10,2028,832.4899200447985
0.1,30.0,4,10,2029,818.0
0.1,30.0,4,10,2030,820.0
0.1,30.0,4,10,2031,874.5
0.1,30.0,4,10,2032,836.0000000000653
0.1,30.0,4,10,2033,878.0
0.1,30.0,4,10,2034,892.0
0.1,30.0,4,10,2035,814.0
0.1,30.0,4,10,2036,874.0
0.1,30.0,4,10,2037,840.0
0.1,30.0,4,10,2038,840.0
0.1,30.0,4,10,2039,854.0
0.1,30.0,4,10,2040,844.0
0.1,30.0,4,10,2041,830.0
0.1,30.0,4,10,2042,844.0
0.1,30.0,4,10,2043,820.0
0.1,30.0,4,10,2044,878.0
0.1,30.0,4,10,2045,824.0
0.1,30.0,4,10,2046,832.0
0.1,30.0,4,10,2047,830.0
0.1,30.0,4,10,2048,846.0
0.1,30.0,4,10,2049,848.0
0.1,30.0,4,10,2050,856.0
0.1,30.0,4,10,2051,826.0
0.1,30.0,4,10,2052,846.0
0.1,30.0,4,10,2053,830.0
0.1,30.0,4,10,2054,830.0
0.1,30.0,4,10,2055,846.0
0.1,30.0,5,10,2026,905.1790389270502
0.1,30.0,5,10,2027,900.5438522690084
0.1,30.0,5,10,2028,900.0000000000013
0.1,30.0,5,10,2029,900.9086480371819
0.1,30.0,5,10,2030,900.4543240185919
0.1,30.0,5,10,2031,900.1790565008332
0.1,30.0,5,10,2032,900.7229087698405
0.1,30.0,5,10,2033,904.3178152814345
0.1,30.0,5,10,2034,900.1790565008334
0.1,30.0,5,10,2035,900.633380519424
0.1,30.0,5,10,2036,900.9086480371832
0.1,30.0,5,10,2037,900.454324018593
0.1,30.0,5,10,2038,900.5438522690077
0.1,30.0,5,10,2039,900.0895282504172
0.1,30.0,5,10,2040,900.0895282504179
0.1,30.0,5,10,2041,901.3629720557732
0.1,30.0,5,10,2042,901.4525003061912
0.1,30.0,5,10,2043,900.4543240185924
0.1,30.0,5,10,2044,900.0000000000002
0.1,30.0,5,10,2045,903.3982556957802
0.1,30.0,5,10,2046,903.1760245890573
0.1,30.0,5,10,2047,903.2453105326172
0.1,30.0,5,10,2048,900.5438522690077
0.1,30.0,5,10,2049,901.9068031688665
0.1,30.0,5,10,2050,900.0895282504165
0.1,30.0,5,10,2051,900.5438522690077
0.1,30.0,5,10,2052,900.6333805194241
0.1,30.0,5,10,2053,900.0000000000008
0.1,30.0,5,10,2054,900.4543240185948
0.1,30.0,5,10,2055,900.0000000000003
0.1,30.0,6,10,2026,3507.602137417277
0.1,30.0,6,10,2027,17658.014244176906
0.1,30.0,6,10,2028,43314.84520797598
0.1,30.0,6,10,2029,6640.186869127471
0.1,30.0,6,10,2030,4512.515307277436
0.1,30.0,6,10,2031,7119.77345876952
0.1,30.0,6,10,2032,33445.49788681612
0.1,30.0,6,10,2033,14423.46111447106
0.1,30.0,6,10,2034,8238.643951387738
0.1,30.0,6,10,2035,41607.58770306169
0.1,30.0,6,10,2036,26666.213357662586
0.1,30.0,6,10,2037,6845.451695214652
0.1,30.0,6,10,2038,14070.878743805515
0.1,30.0,6,10,2039,2117.9450906096013
0.1,30.0,6,10,2040,2915.8214860992025
0.1,30.0,6,10,2041,3953.8551769344085
0.1,30.0,6,10,2042,19028.233485965357
0.1,30.0,6,10,2043,31387.650920103868
0.1,30.0,6,10,2044,14908.745120389895
0.1,30.0,6,10,2045,32389.67903547821
0.1,30.0,6,10,2046,3340.561030429585
0.1,30.0,6,10,2047,9244.56308835145
0.1,30.0,6,10,2048,32825.62065564413
0.1,30.0,6,10,2049,10258.44138589246
0.1,30.0,6,10,2050,3011.1944052449594
0.1,30.0,6,10,2051,7049.111177382507
0.1,30.0,6,10,2052,21809.055892820757
0.1,30.0,6,10,2053,20772.155270971532
0.1,30.0,6,10,2054,19328.878900862772
0.1,30.0,6,10,2055,24663.38532634252
0.1,30.0,7,10,2026,2027.0159027820214
0.1,30.0,7,10,2027,2023.9912312924143
0.1,30.0,7,10,2028,2023.5119012617672
0.1,30.0,7,10,2029,2021.4949342836499
0.1,30.0,7,10,2030,2026.5118261664882
0.1,30.0,7,10,2031,2024.425753988917
0.1,30.0,7,10,2032,2042.2888739654609
0.1,30.0,7,10,2033,2024.9841154365429
0.1,30.0,7,10,2034,2021.9989921892657
0.1,30.0,7,10,2035,2028.635042428587
0.1,30.0,7,10,2036,2024.4798309007901
0.1,30.0,7,10,2037,2040.002611542884
0.1,30.0,7,10,2038,2040.3126290498853
0.1,30.0,7,10,2039,2029.4546012166845
0.1,30.0,7,10,2040,2025.5269598812397
0.1,30.0,7,10,2041,2023.984036226012
0.1,30.0,7,10,2042,2028.0601969316617
0.1,30.0,7,10,2043,2028.4596619577937
0.1,30.0,7,10,2044,2041.536756797047
0.1,30.0,7,10,2045,2121.1212129080154
0.1,30.0,7,10,2046,2021.3952200335882
0.1,30.0,7,10,2047,2042.9128508181466
0.1,30.0,7,10,2048,2029.949662176213
0.1,30.0,7,10,2049,2021.4949571845452
0.1,30.0,7,10,2050,2005.0698456712203
0.1,30.0,7,10,2051,2125.1337039804753
0.1,30.0,7,10,2052,2026.068518271767
0.1,30.0,7,10,2053,2037.4143718065834
0.1,30.0,7,10,2054,2124.6591629423874
0.1,30.0,7,10,2055,2120.5738777163347
0.1,30.0,8,10,2026,2222.572998742432
0.1,30.0,8,10,2027,2206.8581916428116
0.1,30.0,8,10,2028,2221.9909608770504
0.1,30.0,8,10,2029,2220.161625442885
0.1,30.0,8,10,2030,2224.6766016281954
0.1,30.0,8,10,2031,2271.6419453488365
0.1,30.0,8,10,2032,2223.4364604849206
0.1,30.0,8,10,2033,2222.4745094066557
0.1,30.0,8,10,2034,2628.983361396923
0.1,30.0,8,10,2035,2226.359606535884
0.1,30.0,8,10,2036,2224.2083077127904
0.1,30.0,8,10,2037,2221.482532224706
0.1,30.0,8,10,2038,2222.4490585862554
0.1,30.0,8,10,2039,2220.8154241012953
0.1,30.0,8,10,2040,2221.5074133975345
0.1,30.0,8,10,2041,2202.327921146812
0.1,30.0,8,10,2042,2364.3145869731366
0.1,30.0,8,10,2043,2222.974180398173
0.1,30.0,8,10,2044,2222.4324204626455
0.1,30.0,8,10,2045,2220.2906888857206
0.1,30.0,8,10,2046,2222.2172632165166
0.1,30.0,8,10,2047,2220.856838433695
0.1,30.0,8,10,2048,2221.8160037524985
0.1,30.0,8,10,2049,2255.7903156710818
0.1,30.0,8,10,2050,2316.336390471013
0.1,30.0,8,10,2051,2222.8790810335163
0.1,30.0,8,10,2052,2223.0038383093856
0.1,30.0,8,10,2053,2221.7235866433643
0.1,30.0,8,10,2054,2224.327689474756
0.1,30.0,8,10,2055,2221.2747836246126
0.1,30.0,9,10,2026,2664.5427474370163
0.1,30.0,9,10,2027,2659.192899046413
0.1,30.0,9,10,2028,2670.1079759592353
0.1,30.0,9,10,2029,2680.239934060168
0.1,30.0,9,10,2030,2659.09434478037
0.1,30.0,9,10,2031,2659.192805181659
0.1,30.0,9,10,2032,2669.8598037236543
0.1,30.0,9,10,2033,2659.192805640293
0.1,30.0,9,10,2034,2666.9085865215457
0.1,30.0,9,10,2035,2300.0000000000014
0.1,30.0,9,10,2036,2745.6054735939715
0.1,30.0,9,10,2037,2300.000000000001
0.1,30.0,9,10,2038,2659.1934011056514
0.1,30.0,9,10,2039,2907.191950971618
0.1,30.0,9,10,2040,2666.9101532244204
0.1,30.0,9,10,2041,2659.094344780626
0.1,30.0,9,10,2042,2665.470854468036
0.1,30.0,9,10,2043,2664.542432762017
0.1,30.0,9,10,2044,2680.2399340601714
0.1,30.0,9,10,2045,2666.9082575604593
0.1,30.0,9,10,2046,2669.8598037236443
0.1,30.0,9,10,2047,2670.107975959239
0.1,30.0,9,10,2048,2664.5424379860915
0.1,30.0,9,10,2049,2659.0943447804993
0.1,30.0,9,10,2050,2659.1928067641275
0.1,30.0,9,10,2051,2300.0000000000005
0.1,30.0,9,10,2052,2659.1928051817767
0.1,30.0,9,10,2053,2300.000000000002
0.1,30.0,9,10,2054,2670.1079759592362
0.1,30.0,9,10,2055,2659.0943447803998
0.1,30.0,10,10,2026,2728.2711859578853
0.1,30.0,10,10,2027,2622.1981649256318
0.1,30.0,10,10,2028,2622.1744000774947
0.1,30.0,10,10,2029,2630.5975886983433
0.1,30.0,10,10,2030,2622.174400077495
0.1,30.0,10,10,2031,3379.4019325499785
0.1,30.0,10,10,2032,3289.095848489809
0.1,30.0,10,10,2033,3219.232708809638
0.1,30.0,10,10,2034,2622.4738766144164
0.1,30.0,10,10,2035,2632.7052130476336
0.1,30.0,10,10,2036,2629.410213740292
0.1,30.0,10,10,2037,2722.486794537349
0.1,30.0,10,10,2038,2794.0774089859997
0.1,30.0,10,10,2039,2621.122057282524
0.1,30.0,10,10,2040,2622.1744000774947
0.1,30.0,10,10,2041,2780.5796459870635
0.1,30.0,10,10,2042,2731.825967724417
0.1,30.0,10,10,2043,2741.6938553088003
0.1,30.0,10,10,2044,2624.539415680899
0.1,30.0,10,10,2045,2626.9992821869682
0.1,30.0,10,10,2046,2627.4778383909684
0.1,30.0,10,10,2047,2626.4218061997108
0.1,30.0,10,10,2048,2625.231319168906
0.1,30.0,10,10,2049,2752.5075622471777
0.1,30.0,10,10,2050,2755.5482162942367
0.1,30.0,10,10,2051,2769.0412393645333
0.1,30.0,10,10,2052,2629.812243323843
0.1,30.0,10,10,2053,2627.7512900062825
0.1,30.0,10,10,2054,2752.5895438131065
0.1,30.0,10,10,2055,4220.250883846902
0.1,30.0,11,10,2026,2621.072377922809
0.1,30.0,11,10,2027,2600.000000000001
0.1,30.0,11,10,2028,2600.0000000000014
0.1,30.0,11,10,2029,2600.000000000001
0.1,30.0,11,10,2030,3476.9248252571206
0.1,30.0,11,10,2031,2600.0000000000005
0.1,30.0,11,10,2032,2600.000000000003
0.1,30.0,11,10,2033,2600.000000000001
0.1,30.0,11,10,2034,2618.6637389164216
0.1,30.0,11,10,2035,3476.7184285022477
0.1,30.0,11,10,2036,2600.0000000000005
0.1,30.0,11,10,2037,3476.774571163448
0.1,30.0,11,10,2038,2622.425596245957
0.1,30.0,11,10,2039,2623.4308474762415
0.1,30.0,11,10,2040,2624.074645905943
0.1,30.0,11,10,2041,2623.430847476241
0.1,30.0,11,10,2042,2600.0000000000014
0.1,30.0,11,10,2043,3477.4088689844248
0.1,30.0,11,10,2044,3476.068898326548
0.1,30.0,11,10,2045,2600.000000000001
0.1,30.0,11,10,2046,3476.718428502247
0.1,30.0,11,10,2047,2600.000000000001
0.1,30.0,11,10,2048,2600.000000000001
0.1,30.0,11,10,2049,2623.430847476241
0.1,30.0,11,10,2050,2622.26893986593
0.1,30.0,11,10,2051,2600.000000000001
0.1,30.0,11,10,2052,2600.0000000000005
0.1,30.0,11,10,2053,2600.000000000001
0.1,30.0,11,10,2054,2623.4308474762424
0.1,30.0,11,10,2055,2624.3560491284934
0.1,30.0,12,10,2026,2867.811136976925
0.1,30.0,12,10,2027,2866.886457596337
0.1,30.0,12,10,2028,2868.964263770293
0.1,30.0,12,10,2029,2870.79354791542
0.1,30.0,12,10,2030,2866.631980254162
0.1,30.0,12,10,2031,2865.5011170799476
0.1,30.0,12,10,2032,2868.262792651635
0.1,30.0,12,10,2033,2871.251608275292
0.1,30.0,12,10,2034,2868.0449161823035
0.1,30.0,12,10,2035,2868.3969570030467
0.1,30.0,12,10,2036,2868.007836379719
0.1,30.0,12,10,2037,2866.4857021672824
0.1,30.0,12,10,2038,2868.844152639527
0.1,30.0,12,10,2039,2869.029060828808
0.1,30.0,12,10,2040,2866.5025524580797
0.1,30.0,12,10,2041,2866.8310629111656
0.1,30.0,12,10,2042,2867.4800433759565
0.1,30.0,12,10,2043,2867.555699946046
0.1,30.0,12,10,2044,2866.7365523524813
0.1,30.0,12,10,2045,2868.5983387669894
0.1,30.0,12,10,2046,2866.902743719289
0.1,30.0,12,10,2047,2868.040891488277
0.1,30.0,12,10,2048,2871.3513551700753
0.1,30.0,12,10,2049,2865.9101703064803
0.1,30.0,12,10,2050,2899.7292193021926
0.1,30.0,12,10,2051,2899.7292193021926
0.1,30.0,12,10,2052,2874.3042143198268
0.1,30.0,12,10,2053,2866.671932294966
0.1,30.0,12,10,2054,2874.932258243242
0.1,30.0,12,10,2055,2867.029327579865
0.2,3.0,1,10,2026,300.0000000000001
0.2,3.0,1,10,2027,300.0000000000001
0.2,3.0,1,10,2028,300.0
0.2,3.0,1,10,2029,300.00000000000006
0.2,3.0,1,10,2030,300.0
0.2,3.0,1,10,2031,300.0000000000001
0.2,3.0,1,10,2032,300.0
0.2,3.0,1,10,2033,300.0
0.2,3.0,1,10,2034,300.00000000000006
0.2,3.0,1,10,2035,300.00000000000006
0.2,3.0,1,10,2036,300.00000000000017
0.2,3.0,1,10,2037,300.0
0.2,3.0,1,10,2038,300.0
0.2,3.0,1,10,2039,300.00000000000006
0.2,3.0,1,10,2040,300.0
0.2,3.0,1,10,2041,300.00000000000006
0.2,3.0,1,10,2042,300.0
0.2,3.0,1,10,2043,300.0000000000001
0.2,3.0,1,10,2044,300.0000000000001
0.2,3.0,1,10,2045,300.0
0.2,3.0,1,10,2046,300.0
0.2,3.0,1,10,2047,300.00000000000006
0.2,3.0,1,10,2048,300.00000000000006
0.2,3.0,1,10,2049,300.0
0.2,3.0,1,10,2050,300.00000000000006
0.2,3.0,1,10,2051,300.0
0.2,3.0,1,10,2052,300.00000000000006
0.2,3.0,1,10,2053,300.0000000000001
0.2,3.0,1,10,2054,300.00000000000006
0.2,3.0,1,10,2055,300.0000000000001
0.2,3.0,2,10,2026,407.5541219846674
0.2,3.0,2,10,2027,404.1224781471497
0.2,3.0,2,10,2028,408.9161019277813
0.2,3.0,2,10,2029,404.4938941481827
0.2,3.0,2,10,2030,404.6295339303764
0.2,3.0,2,10,2031,408.9161019277813
0.2,3.0,2,10,2032,408.91610192778137
0.2,3.0,2,10,2033,408.91610192778137
0.2,3.0,2,10,2034,408.9161019277813
0.2,3.0,2,10,2035,408.9161019277813
0.2,3.0,2,10,2036,400.3312621790272
0.2,3.0,2,10,2037,404.52807100235276
0.2,3.0,2,10,2038,404.213915761547
0.2,3.0,2,10,2039,400.55272033824747
0.2,3.0,2,10,2040,400.5527203382474
0.2,3.0,2,10,2041,475.59974458385005
0.2,3.0,2,10,2042,470.10746925541224
0.2,3.0,2,10,2043,404.6058103601434
0.2,3.0,2,10,2044,408.91610192778137
0.2,3.0,2,10,2045,408.9161019277813
0.2,3.0,2,10,2046,408.91610192778137
0.2,3.0,2,10,2047,404.29830439235957
0.2,3.0,2,10,2048,404.99508620228397
0.2,3.0,2,10,2049,404.67055581122804
0.2,3.0,2,10,2050,407.55412198466723
0.2,3.0,2,10,2051,470.7810838174773
0.2,3.0,2,10,2052,408.9161019277813
0.2,3.0,2,10,2053,419.4616607967074
0.2,3.0,2,10,2054,419.4616607967074
0.2,3.0,2,10,2055,406.3237159353111
0.2,3.0,3,10,2026,600.0
0.2,3.0,3,10,2027,600.0000000000001
0.2,3.0,3,10,2028,600.0
0.2,3.0,3,10,2029,600.0
0.2,3.0,3,10,2030,600.0000000000001
0.2,3.0,3,10,2031,600.0
0.2,3.0,3,10,2032,600.0000000000001
0.2,3.0,3,10,2033,600.0000000000002
0.2,3.0,3,10,2034,600.0
0.2,3.0,3,10,2035,600.0000000000001
0.2,3.0,3,10,2036,600.0000000000001
0.2,3.0,3,10,2037,600.0
0.2,3.0,3,10,2038,600.0000000000001
0.2,3.0,3,10,2039,600.0000000000001
0.2,3.0,3,10,2040,600.0000000000001
0.2,3.0,3,10,2041,600.0000000000001
0.2,3.0,3,10,2042,600.0
0.2,3.0,3,10,2043,600.0
0.2,3.0,3,10,2044,600.0
0.2,3.0,3,10,2045,600.0
0.2,3.0,3,10,2046,600.0000000000002
0.2,3.0,3,10,2047,600.0000000000002
0.2,3.0,3,10,2048,600.0
0.2,3.0,3,10,2049,600.0
0.2,3.0,3,10,2050,600.0
0.2,3.0,3,10,2051,600.0000000000001
0.2,3.0,3,10,2052,600.0000000000005
0.2,3.0,3,10,2053,600.0
0.2,3.0,3,10,2054,600.0
0.2,3.0,3,10,2055,600.0
0.2,3.0,4,10,2026,822.0
0.2,3.0,4,10,2027,986.0
0.2,3.0,4,10,2028,882.0
0.2,3.0,4,10,2029,858.5
0.2,3.0,4,10,2030,832.0
0.2,3.0,4,10,2031,876.0
0.2,3.0,4,10,2032,862.0
0.2,3.0,4,10,2033,886.0
0.2,3.0,4,10,2034,892.0000000000007
0.2,3.0,4,10,2035,842.0
0.2,3.0,4,10,2036,868.0
0.2,3.0,4,10,2037,874.0
0.2,3.0,4,10,2038,830.0
0.2,3.0,4,10,2039,872.0
0.2,3.0,4,10,2040,832.0
0.2,3.0,4,10,2041,858.0
0.2,3.0,4,10,2042,812.0
0.2,3.0,4,10,2043,828.0
0.2,3.0,4,10,2044,936.5
0.2,3.0,4,10,2045,880.0
0.2,3.0,4,10,2046,838.0
0.2,3.0,4,10,2047,870.5
0.2,3.0,4,10,2048,862.0000000000026
0.2,3.0,4,10,2049,932.0000000002236
0.2,3.0,4,10,2050,872.0
0.2,3.0,4,10,2051,892.0
0.2,3.0,4,10,2052,830.0000000000002
0.2,3.0,4,10,2053,848.0
0.2,3.0,4,10,2054,840.0
0.2,3.0,4,10,2055,896.5
0.2,3.0,5,10,2026,905.5438345432675
0.2,3.0,5,10,2027,901.1604532106742
0.2,3.0,5,10,2028,900.0000000000005
0.2,3.0,5,10,2029,900.9086480371817
0.2,3.0,5,10,2030,901.5175638645841
0.2,3.0,5,10,2031,900.4543240185911
0.2,3.0,5,10,2032,900.4543240185917
0.2,3.0,5,10,2033,904.4302284353324
0.2,3.0,5,10,2034,900.4543240185981
0.2,3.0,5,10,2035,900.4543240185918
0.2,3.0,5,10,2036,902.150944384008
0.2,3.0,5,10,2037,900.9086480371824
0.2,3.0,5,10,2038,905.4907982920232
0.2,3.0,5,10,2039,900.9981762875998
0.2,3.0,5,10,2040,902.2715989370444
0.2,3.0,5,10,2041,905.7039990864446
0.2,3.0,5,10,2042,902.9439316771899
0.2,3.0,5,10,2043,905.3050588646482
0.2,3.0,5,10,2044,900.0895282504167
0.2,3.0,5,10,2045,903.487783946196
0.2,3.0,5,10,2046,903.0864963386433
0.2,3.0,5,10,2047,900.6333805194245
0.2,3.0,5,10,2048,900.5438522690077
0.2,3.0,5,10,2049,901.7277466680343
0.2,3.0,5,10,2050,900.9981762875992
0.2,3.0,5,10,2051,900.9981762875987
0.2,3.0,5,10,2052,902.182070686627
0.2,3.0,5,10,2053,900.5438522690091
0.2,3.0,5,10,2054,900.4543240185915
0.2,3.0,5,10,2055,900.454324018591
0.2,3.0,6,10,2026,7114.621313469424
0.2,3.0,6,10,2027,4329.24214242663
0.2,3.0,6,10,2028,21180.371061262744
0.2,3.0,6,10,2029,11337.207927531934
0.2,3.0,6,10,2030,4962.678665096371
0.2,3.0,6,10,2031,30578.38882045287
0.2,3.0,6,10,2032,57359.02564103401
0.2,3.0,6,10,2033,23731.061841684423
0.2,3.0,6,10,2034,35703.1583261761
0.2,3.0,6,10,2035,16008.56490378744
0.2,3.0,6,10,2036,34486.65462935263
0.2,3.0,6,10,2037,3146.3370840858024
0.2,3.0,6,10,2038,21422.71239832817
0.2,3.0,6,10,2039,3566.5321909268896
0.2,3.0,6,10,2040,4057.4231686797434
0.2,3.0,6,10,2041,8484.560314225226
0.2,3.0,6,10,2042,29716.1778874403
0.2,3.0,6,10,2043,5752.312733913997
0.2,3.0,6,10,2044,8188.5869460312215
0.2,3.0,6,10,2045,27824.86833801915
0.2,3.0,6,10,2046,21605.860202455988
0.2,3.0,6,10,2047,19231.809500449657
0.2,3.0,6,10,2048,65973.80442481859
0.2,3.0,6,10,2049,2372.7383278397137
0.2,3.0,6,10,2050,7328.075480535325
0.2,3.0,6,10,2051,3408.578921543728
0.2,3.0,6,10,2052,14651.772027184861
0.2,3.0,6,10,2053,17618.062156014443
0.2,3.0,6,10,2054,26873.844703350278
0.2,3.0,6,10,2055,16693.38967096403
0.2,3.0,7,10,2026,2141.3398563477313
0.2,3.0,7,10,2027,2020.4999119099186
0.2,3.0,7,10,2028,2119.503921478646
0.2,3.0,7,10,2029,2021.1574242647325
0.2,3.0,7,10,2030,2040.3697582696373
0.2,3.0,7,10,2031,2130.4704191246583
0.2,3.0,7,10,2032,2028.0460844619404
0.2,3.0,7,10,2033,2127.0464143041336
0.2,3.0,7,10,2034,2024.4797778799793
0.2,3.0,7,10,2035,2069.752758404094
0.2,3.0,7,10,2036,2078.2065940225903
0.2,3.0,7,10,2037,2022.7883820867298
0.2,3.0,7,10,2038,2040.3990747524408
0.2,3.0,7,10,2039,2029.7644153334056
0.2,3.0,7,10,2040,2160.577824943656
0.2,3.0,7,10,2041,2025.4747902442175
0.2,3.0,7,10,2042,2038.409202302321
0.2,3.0,7,10,2043,2151.928137505785
0.2,3.0,7,10,2044,2105.6397550126935
0.2,3.0,7,10,2045,2121.699926312686
0.2,3.0,7,10,2046,2038.7436429349016
0.2,3.0,7,10,2047,2025.471402481261
0.2,3.0,7,10,2048,2088.1554864944146
0.2,3.0,7,10,2049,2037.9641481205038
0.2,3.0,7,10,2050,2028.5856067233458
0.2,3.0,7,10,2051,2125.3961289279678
0.2,3.0,7,10,2052,2021.05202407637
0.2,3.0,7,10,2053,2029.4546012378216
0.2,3.0,7,10,2054,2024.9826960584294
0.2,3.0,7,10,2055,2125.2487347709466
0.2,3.0,8,10,2026,2223.2811301597535
0.2,3.0,8,10,2027,2217.567906272849
0.2,3.0,8,10,2028,2222.178999838393
0.2,3.0,8,10,2029,2334.4360298431034
0.2,3.0,8,10,2030,2244.592073011664
0.2,3.0,8,10,2031,2221.9581567956275
0.2,3.0,8,10,2032,2220.935478131553
0.2,3.0,8,10,2033,2223.973680973518
0.2,3.0,8,10,2034,2223.2250160797753
0.2,3.0,8,10,2035,2229.328996092125
0.2,3.0,8,10,2036,2757.254308384267
0.2,3.0,8,10,2037,2221.919585621431
0.2,3.0,8,10,2038,2238.3963142929215
0.2,3.0,8,10,2039,2222.2817912154073
0.2,3.0,8,10,2040,2222.674795290389
0.2,3.0,8,10,2041,2222.8530707057957
0.2,3.0,8,10,2042,2808.648511763465
0.2,3.0,8,10,2043,2229.051905598886
0.2,3.0,8,10,2044,2224.1090092159507
0.2,3.0,8,10,2045,2223.016602413819
0.2,3.0,8,10,2046,2220.8011181738907
0.2,3.0,8,10,2047,2221.2474645050715
0.2,3.0,8,10,2048,2226.2299812184388
0.2,3.0,8,10,2049,2220.4099422851564
0.2,3.0,8,10,2050,2223.7232785004194
0.2,3.0,8,10,2051,2221.3881441150165
0.2,3.0,8,10,2052,2222.184332429359
0.2,3.0,8,10,2053,2227.6400257654104
0.2,3.0,8,10,2054,2230.4218729959753
0.2,3.0,8,10,2055,2392.939096575313
0.2,3.0,9,10,2026,2669.859803723639
0.2,3.0,9,10,2027,2664.5424327562346
0.2,3.0,9,10,2028,2670.1079759592367
0.2,3.0,9,10,2029,2680.2399340601687
0.2,3.0,9,10,2030,2659.0943447803634
0.2,3.0,9,10,2031,2659.1928051808804
0.2,3.0,9,10,2032,2670.1079759592353
0.2,3.0,9,10,2033,2664.542432756426
0.2,3.0,9,10,2034,2745.150975628985
0.2,3.0,9,10,2035,2670.107975959236
0.2,3.0,9,10,2036,2745.605473593971
0.2,3.0,9,10,2037,2659.094344780371
0.2,3.0,9,10,2038,2670.1079759592376
0.2,3.0,9,10,2039,2907.191950971618
0.2,3.0,9,10,2040,2680.2399340601696
0.2,3.0,9,10,2041,2659.1928051808727
0.2,3.0,9,10,2042,2666.908142877908
0.2,3.0,9,10,2043,2659.0943447803675
0.2,3.0,9,10,2044,2670.107975959237
0.2,3.0,9,10,2045,2670.107975959236
0.2,3.0,9,10,2046,2670.107975959236
0.2,3.0,9,10,2047,2680.2399340601705
0.2,3.0,9,10,2048,2669.859803723645
0.2,3.0,9,10,2049,2659.1928051808745
0.2,3.0,9,10,2050,2737.039681497209
0.2,3.0,9,10,2051,2300.0000000000005
0.2,3.0,9,10,2052,2300.000000000001
0.2,3.0,9,10,2053,2670.107975959236
0.2,3.0,9,10,2054,2670.107975959236
0.2,3.0,9,10,2055,2664.5424327562014
0.2,3.0,10,10,2026,2754.4943100151536
0.2,3.0,10,10,2027,2629.344945432721
0.2,3.0,10,10,2028,2635.1799214171474
0.2,3.0,10,10,2029,2725.2850614228005
0.2,3.0,10,10,2030,2626.3161802187396
0.2,3.0,10,10,2031,3355.2328309450195
0.2,3.0,10,10,2032,3194.3014073051913
0.2,3.0,10,10,2033,3877.1109949187826
0.2,3.0,10,10,2034,2622.062913581202
0.2,3.0,10,10,2035,2628.5603885619403
0.2,3.0,10,10,2036,2630.826448527423
0.2,3.0,10,10,2037,2763.5762785514457
0.2,3.0,10,10,2038,2805.505541520354
0.2,3.0,10,10,2039,3647.4073525588547
0.2,3.0,10,10,2040,2622.4026294326613
0.2,3.0,10,10,2041,2731.345459760893
0.2,3.0,10,10,2042,2751.7447485426496
0.2,3.0,10,10,2043,2829.8672904907357
0.2,3.0,10,10,2044,2821.777099091162
0.2,3.0,10,10,2045,2622.1173086912368
0.2,3.0,10,10,2046,2624.1106683572893
0.2,3.0,10,10,2047,2626.91147474563
0.2,3.0,10,10,2048,2625.7050677051934
0.2,3.0,10,10,2049,2761.936541051059
0.2,3.0,10,10,2050,2757.7646070191868
0.2,3.0,10,10,2051,2759.589150862692
0.2,3.0,10,10,2052,2625.246822891513
0.2,3.0,10,10,2053,2625.4610755399426
0.2,3.0,10,10,2054,2746.939350339987
0.2,3.0,10,10,2055,3577.9329012513576
0.2,3.0,11,10,2026,2622.4255962459574
0.2,3.0,11,10,2027,2600.0000000000005
0.2,3.0,11,10,2028,2600.000000000001
0.2,3.0,11,10,2029,2618.6637389164216
0.2,3.0,11,10,2030,3476.7184285022477
0.2,3.0,11,10,2031,2600.000000000001
0.2,3.0,11,10,2032,2600.0000000000014
0.2,3.0,11,10,2033,2600.000000000001
0.2,3.0,11,10,2034,2623.4308474762415
0.2,3.0,11,10,2035,3476.4586483747266
0.2,3.0,11,10,2036,2621.0723779228097
0.2,3.0,11,10,2037,3476.718428502247
0.2,3.0,11,10,2038,2600.0000000000023
0.2,3.0,11,10,2039,2621.072377922809
0.2,3.0,11,10,2040,2600.0000000000014
0.2,3.0,11,10,2041,2632.19946134981
0.2,3.0,11,10,2042,2600.0000000000014
0.2,3.0,11,10,2043,3479.147157098435
0.2,3.0,11,10,2044,3477.2868834202404
0.2,3.0,11,10,2045,2600.000000000001
0.2,3.0,11,10,2046,3477.88283097506
0.2,3.0,11,10,2047,2600.0000000000005
0.2,3.0,11,10,2048,2600.0000000000005
0.2,3.0,11,10,2049,2600.0000000000005
0.2,3.0,11,10,2050,2621.3235371999754
0.2,3.0,11,10,2051,2600.000000000001
0.2,3.0,11,10,2052,2600.000000000001
0.2,3.0,11,10,2053,2600.0000000000005
0.2,3.0,11,10,2054,2623.430847476241
0.2,3.0,11,10,2055,2600.0000000000005
0.2,3.0,12,10,2026,2872.6412392926036
0.2,3.0,12,10,2027,2868.8632310441008
0.2,3.0,12,10,2028,2871.083438775291
0.2,3.0,12,10,2029,2871.3513551700753
0.2,3.0,12,10,2030,2946.0459992417836
0.2,3.0,12,10,2031,2874.692374278799
0.2,3.0,12,10,2032,2869.3548919185614
0.2,3.0,12,10,2033,2870.258711406699
0.2,3.0,12,10,2034,2864.686236021566
0.2,3.0,12,10,2035,2873.936821599811
0.2,3.0,12,10,2036,2871.6661878022355
0.2,3.0,12,10,2037,2871.2746527165486
0.2,3.0,12,10,2038,2867.1558931802247
0.2,3.0,12,10,2039,2870.8593265259037
0.2,3.0,12,10,2040,2885.9176886763294
0.2,3.0,12,10,2041,2866.446950612863
0.2,3.0,12,10,2042,2873.8671081300495
0.2,3.0,12,10,2043,2872.5962265829417
0.2,3.0,12,10,2044,2870.9902622087184
0.2,3.0,12,10,2045,2951.972349118517
0.2,3.0,12,10,2046,2868.8632306749955
0.2,3.0,12,10,2047,2967.008185502472
0.2,3.0,12,10,2048,2868.84415297138
0.2,3.0,12,10,2049,2881.384347395793
0.2,3.0,12,10,2050,2910.090683181816
0.2,3.0,12,10,2051,2944.1120305242753
0.2,3.0,12,10,2052,2959.251107615529
0.2,3.0,12,10,2053,2868.239998717947
0.2,3.0,12,10,2054,2917.4154613548517
0.2,3.0,12,10,2055,2875.8501250417235
0.2,10.0,1,10,2026,300.00000000000006
0.2,10.0,1,10,2027,300.00000000000006
0.2,10.0,1,10,2028,300.00000000000006
0.2,10.0,1,10,2029,300.00000000000006
0.2,10.0,1,10,2030,300.0000000000001
0.2,10.0,1,10,2031,300.00000000000017
0.2,10.0,1,10,2032,300.00000000000006
0.2,10.0,1,10,2033,300.0000000000001
0.2,10.0,1,10,2034,300.00000000000006
0.2,10.0,1,10,2035,300.0
0.2,10.0,1,10,2036,300.00000000000006
0.2,10.0,1,10,2037,300.0
0.2,10.0,1,10,2038,300.00000000000006
0.2,10.0,1,10,2039,300.00000000000006
0.2,10.0,1,10,2040,300.0
0.2,10.0,1,10,2041,300.0
0.2,10.0,1,10,2042,300.00000000000006
0.2,10.0,1,10,2043,300.00000000000006
0.2,10.0,1,10,2044,300.00000000000006
0.2,10.0,1,10,2045,300.00000000000006
0.2,10.0,1,10,2046,300.0
0.2,10.0,1,10,2047,300.00000000000006
0.2,10.0,1,10,2048,300.00000000000006
0.2,10.0,1,10,2049,300.00000000000006
0.2,10.0,1,10,2050,300.00000000000006
0.2,10.0,1,10,2051,300.00000000000006
0.2,10.0,1,10,2052,300.00000000000006
0.2,10.0,1,10,2053,300.0
0.2,10.0,1,10,2054,300.00000000000006
0.2,10.0,1,10,2055,300.00000000000006
0.2,10.0,2,10,2026,419.4616607967074
0.2,10.0,2,10,2027,400.5527203382474
0.2,10.0,2,10,2028,400.55272033824735
0.2,10.0,2,10,2029,404.89249408516207
0.2,10.0,2,10,2030,408.9161019277813
0.2,10.0,2,10,2031,469.7918438953576
0.2,10.0,2,10,2032,408.91610192778137
0.2,10.0,2,10,2033,404.3746598888061
0.2,10.0,2,10,2034,408.9161019277813
0.2,10.0,2,10,2035,408.9161019277813
0.2,10.0,2,10,2036,413.6121505394953
0.2,10.0,2,10,2037,404.0997646572489
0.2,10.0,2,10,2038,407.9099114152651
0.2,10.0,2,10,2039,400.00419195393374
0.2,10.0,2,10,2040,400.0576832260784
0.2,10.0,2,10,2041,408.9161019277813
0.2,10.0,2,10,2042,404.2350541349204
0.2,10.0,2,10,2043,408.91610192778137
0.2,10.0,2,10,2044,406.32371593261234
0.2,10.0,2,10,2045,408.91610192778137
0.2,10.0,2,10,2046,400.5527203382474
0.2,10.0,2,10,2047,408.00232488628467
0.2,10.0,2,10,2048,408.0023248862847
0.2,10.0,2,10,2049,407.55412198466735
0.2,10.0,2,10,2050,407.55412198466723
0.2,10.0,2,10,2051,408.91610192778137
0.2,10.0,2,10,2052,408.91610192778137
0.2,10.0,2,10,2053,404.70896577371934
0.2,10.0,2,10,2054,408.00232488628467
0.2,10.0,2,10,2055,408.9161019277813
0.2,10.0,3,10,2026,600.0
0.2,10.0,3,10,2027,600.0
0.2,10.0,3,10,2028,600.0000000000001
0.2,10.0,3,10,2029,600.0000000000001
0.2,10.0,3,10,2030,600.0000000000001
0.2,10.0,3,10,2031,600.0000000000001
0.2,10.0,3,10,2032,600.0
0.2,10.0,3,10,2033,600.0000000000001
0.2,10.0,3,10,2034,600.0000000000001
0.2,10.0,3,10,2035,600.0000000000001
0.2,10.0,3,10,2036,600.0
0.2,10.0,3,10,2037,600.0000000000001
0.2,10.0,3,10,2038,600.0000000000001
0.2,10.0,3,10,2039,600.0000000000001
0.2,10.0,3,10,2040,600.0000000000001
0.2,10.0,3,10,2041,600.0000000000001
0.2,10.0,3,10,2042,600.0000000000001
0.2,10.0,3,10,2043,600.0
0.2,10.0,3,10,2044,600.0
0.2,10.0,3,10,2045,600.0
0.2,10.0,3,10,2046,600.0000000000001
0.2,10.0,3,10,2047,600.0000000000001
0.2,10.0,3,10,2048,600.0
0.2,10.0,3,10,2049,600.0000000000001
0.2,10.0,3,10,2050,600.0
0.2,10.0,3,10,2051,600.0
0.2,10.0,3,10,2052,600.0000000000002
0.2,10.0,3,10,2053,600.0
0.2,10.0,3,10,2054,600.0
0.2,10.0,3,10,2055,600.0000000000001
0.2,10.0,4,10,2026,818.0
0.2,10.0,4,10,2027,986.0
0.2,10.0,4,10,2028,882.0
0.2,10.0,4,10,2029,818.0
0.2,10.0,4,10,2030,824.0
0.2,10.0,4,10,2031,876.0
0.2,10.0,4,10,2032,832.0
0.2,10.0,4,10,2033,904.0
0.2,10.0,4,10,2034,892.0
0.2,10.0,4,10,2035,842.0
0.2,10.0,4,10,2036,868.0
0.2,10.0,4,10,2037,874.0
0.2,10.0,4,10,2038,868.0
0.2,10.0,4,10,2039,876.0
0.2,10.0,4,10,2040,832.0
0.2,10.0,4,10,2041,830.0
0.2,10.0,4,10,2042,842.0
0.2,10.0,4,10,2043,836.0
0.2,10.0,4,10,2044,908.0
0.2,10.0,4,10,2045,846.0
0.2,10.0,4,10,2046,862.0
0.2,10.0,4,10,2047,830.0
0.2,10.0,4,10,2048,862.0
0.2,10.0,4,10,2049,932.0
0.2,10.0,4,10,2050,872.0
0.2,10.0,4,10,2051,870.0
0.2,10.0,4,10,2052,874.0
0.2,10.0,4,10,2053,824.0
0.2,10.0,4,10,2054,858.0
0.2,10.0,4,10,2055,860.0
0.2,10.0,5,10,2026,905.4543084377271
0.2,10.0,5,10,2027,901.7043054796817
0.2,10.0,5,10,2028,900.1790565008358
0.2,10.0,5,10,2029,900.9981762875989
0.2,10.0,5,10,2030,900.543852269008
0.2,10.0,5,10,2031,900.4543240185914
0.2,10.0,5,10,2032,900.6333805194242
0.2,10.0,5,10,2033,904.4302284353494
0.2,10.0,5,10,2034,900.0895282504165
0.2,10.0,5,10,2035,900.4543240185915
0.2,10.0,5,10,2036,901.8823596327586
0.2,10.0,5,10,2037,900.9981762875981
0.2,10.0,5,10,2038,905.945123385648
0.2,10.0,5,10,2039,900.4543240185918
0.2,10.0,5,10,2040,902.2715989370573
0.2,10.0,5,10,2041,905.5795477082636
0.2,10.0,5,10,2042,902.8544034267719
0.2,10.0,5,10,2043,905.3050588657629
0.2,10.0,5,10,2044,900.0000000000001
0.2,10.0,5,10,2045,903.3982556957806
0.2,10.0,5,10,2046,902.9969680882238
0.2,10.0,5,10,2047,900.7229087698412
0.2,10.0,5,10,2048,900.4543240185915
0.2,10.0,5,10,2049,901.8172749184504
0.2,10.0,5,10,2050,900.9086480371822
0.2,10.0,5,10,2051,900.9981762875991
0.2,10.0,5,10,2052,902.2715989370621
0.2,10.0,5,10,2053,900.0000000000005
0.2,10.0,5,10,2054,900.4543240185917
0.2,10.0,5,10,2055,900.0000000000006
0.2,10.0,6,10,2026,4330.582324677488
0.2,10.0,6,10,2027,20373.798218799646
0.2,10.0,6,10,2028,20628.38334730039
0.2,10.0,6,10,2029,9664.34595263816
0.2,10.0,6,10,2030,4460.721837143615
0.2,10.0,6,10,2031,29395.860354883276
0.2,10.0,6,10,2032,21130.58631885482
0.2,10.0,6,10,2033,21362.383362772
0.2,10.0,6,10,2034,17217.04135008382
0.2,10.0,6,10,2035,24992.445881660635
0.2,10.0,6,10,2036,11916.741820952759
0.2,10.0,6,10,2037,7709.955564259674
0.2,10.0,6,10,2038,3628.7128604371137
0.2,10.0,6,10,2039,1876.9765401028233
0.2,10.0,6,10,2040,3726.8069885714085
0.2,10.0,6,10,2041,6596.430298078114
0.2,10.0,6,10,2042,30598.59179353121
0.2,10.0,6,10,2043,3717.8340383066234
0.2,10.0,6,10,2044,23719.322328137303
0.2,10.0,6,10,2045,6841.958511404337
0.2,10.0,6,10,2046,6263.78683805536
0.2,10.0,6,10,2047,9951.356709608179
0.2,10.0,6,10,2048,47652.188770170964
0.2,10.0,6,10,2049,2988.451000442054
0.2,10.0,6,10,2050,4505.423310735619
0.2,10.0,6,10,2051,11282.291952476713
0.2,10.0,6,10,2052,16690.005033105208
0.2,10.0,6,10,2053,9129.058712710625
0.2,10.0,6,10,2054,11141.542046095341
0.2,10.0,6,10,2055,26221.115229848507
0.2,10.0,7,10,2026,2143.2868932693546
0.2,10.0,7,10,2027,2028.9571478221203
0.2,10.0,7,10,2028,2124.9389559129877
0.2,10.0,7,10,2029,2029.4546011405978
0.2,10.0,7,10,2030,2022.0084001952002
0.2,10.0,7,10,2031,2139.282276862831
0.2,10.0,7,10,2032,2034.0017050667761
0.2,10.0,7,10,2033,2123.8791070871653
0.2,10.0,7,10,2034,2037.4141954172355
0.2,10.0,7,10,2035,2045.3737229284898
0.2,10.0,7,10,2036,2028.4596616130475
0.2,10.0,7,10,2037,2022.0716361537654
0.2,10.0,7,10,2038,2024.4797963764997
0.2,10.0,7,10,2039,2021.494841179321
0.2,10.0,7,10,2040,2128.5825213214353
0.2,10.0,7,10,2041,2036.464457087184
0.2,10.0,7,10,2042,2023.9838512996382
0.2,10.0,7,10,2043,2134.347058097822
0.2,10.0,7,10,2044,2105.0687290604183
0.2,10.0,7,10,2045,2134.0328209889362
0.2,10.0,7,10,2046,2030.4495563386859
0.2,10.0,7,10,2047,2037.4031485110515
0.2,10.0,7,10,2048,2087.682622445195
0.2,10.0,7,10,2049,2022.4899181095977
0.2,10.0,7,10,2050,2027.9335263520165
0.2,10.0,7,10,2051,2129.5394275455424
0.2,10.0,7,10,2052,2022.489010115438
0.2,10.0,7,10,2053,2025.4747905411948
0.2,10.0,7,10,2054,2165.446197726463
0.2,10.0,7,10,2055,2122.074287535408
0.2,10.0,8,10,2026,2229.905873666793
0.2,10.0,8,10,2027,2223.0698239127128
0.2,10.0,8,10,2028,2225.090242957445
0.2,10.0,8,10,2029,2221.8429132818583
0.2,10.0,8,10,2030,2227.5736132606453
0.2,10.0,8,10,2031,2266.781347176551
0.2,10.0,8,10,2032,2223.625317534426
0.2,10.0,8,10,2033,2221.8311945063742
0.2,10.0,8,10,2034,2232.7167771515265
0.2,10.0,8,10,2035,2245.6501380496734
0.2,10.0,8,10,2036,2220.146282895741
0.2,10.0,8,10,2037,2223.5809682724575
0.2,10.0,8,10,2038,2222.1389702613374
0.2,10.0,8,10,2039,2220.235785222448
0.2,10.0,8,10,2040,2221.2081928898674
0.2,10.0,8,10,2041,2221.111187621536
0.2,10.0,8,10,2042,2877.39338327979
0.2,10.0,8,10,2043,2222.734535754608
0.2,10.0,8,10,2044,2320.7810042381248
0.2,10.0,8,10,2045,2221.275428806398
0.2,10.0,8,10,2046,2222.182488910659
0.2,10.0,8,10,2047,2221.862551313658
0.2,10.0,8,10,2048,2222.1727294859706
0.2,10.0,8,10,2049,2221.083428290628
0.2,10.0,8,10,2050,2229.2103412730276
0.2,10.0,8,10,2051,2223.378861192516
0.2,10.0,8,10,2052,2225.2172810146485
0.2,10.0,8,10,2053,2220.2379347583724
0.2,10.0,8,10,2054,2222.9706675153666
0.2,10.0,8,10,2055,2320.4854720214344
0.2,10.0,9,10,2026,2664.5424328327053
0.2,10.0,9,10,2027,2300.000000000001
0.2,10.0,9,10,2028,2670.107975959236
0.2,10.0,9,10,2029,2680.2399340601705
0.2,10.0,9,10,2030,2659.094344780363
0.2,10.0,9,10,2031,2664.542432756556
0.2,10.0,9,10,2032,2670.107975959236
0.2,10.0,9,10,2033,2300.0000000000005
0.2,10.0,9,10,2034,2670.107975959236
0.2,10.0,9,10,2035,2664.5424327566984
0.2,10.0,9,10,2036,2670.107975959236
0.2,10.0,9,10,2037,2666.908142877418
0.2,10.0,9,10,2038,2670.1079759592362
0.2,10.0,9,10,2039,3009.2535230782178
0.2,10.0,9,10,2040,2680.239934060168
0.2,10.0,9,10,2041,2659.0943447803616
0.2,10.0,9,10,2042,2664.5424327639357
0.2,10.0,9,10,2043,2664.542432756559
0.2,10.0,9,10,2044,2670.1079759592362
0.2,10.0,9,10,2045,2680.2399340601683
0.2,10.0,9,10,2046,2666.908142878111
0.2,10.0,9,10,2047,2680.239934060168
0.2,10.0,9,10,2048,2670.1079759592353
0.2,10.0,9,10,2049,2664.542432756217
0.2,10.0,9,10,2050,2659.1928051808827
0.2,10.0,9,10,2051,2300.0000000000005
0.2,10.0,9,10,2052,2300.0000000000014
0.2,10.0,9,10,2053,2745.605473593971
0.2,10.0,9,10,2054,2670.1079759592353
0.2,10.0,9,10,2055,2659.094344780372
0.2,10.0,10,10,2026,2766.575369501827
0.2,10.0,10,10,2027,2630.0164068028935
0.2,10.0,10,10,2028,2623.471739581965
0.2,10.0,10,10,2029,2740.7593872694765
0.2,10.0,10,10,2030,2626.2895091912305
0.2,10.0,10,10,2031,3355.2328309450213
0.2,10.0,10,10,2032,3194.3014073051913
0.2,10.0,10,10,2033,3877.1109949187826
0.2,10.0,10,10,2034,2628.815450591121
0.2,10.0,10,10,2035,2623.6218848435105
0.2,10.0,10,10,2036,2630.4444049309604
0.2,10.0,10,10,2037,2751.533527146839
0.2,10.0,10,10,2038,2783.1953625059955
0.2,10.0,10,10,2039,4104.075884537719
0.2,10.0,10,10,2040,2626.332278208322
0.2,10.0,10,10,2041,2736.4038188310624
0.2,10.0,10,10,2042,2783.8162839977745
0.2,10.0,10,10,2043,2790.5076264143163
0.2,10.0,10,10,2044,2747.1171416674592
0.2,10.0,10,10,2045,2622.107946349429
0.2,10.0,10,10,2046,2622.473876614418
0.2,10.0,10,10,2047,2627.0023228020286
0.2,10.0,10,10,2048,2630.7112808992524
0.2,10.0,10,10,2049,2732.5362439227374
0.2,10.0,10,10,2050,2729.7800241271298
0.2,10.0,10,10,2051,2783.0412498452088
0.2,10.0,10,10,2052,2622.5376874926997
0.2,10.0,10,10,2053,2621.3494272349835
0.2,10.0,10,10,2054,2746.939350339986
0.2,10.0,10,10,2055,3577.932901251357
0.2,10.0,11,10,2026,2600.000000000001
0.2,10.0,11,10,2027,2600.000000000001
0.2,10.0,11,10,2028,2600.000000000001
0.2,10.0,11,10,2029,2623.4308474762424
0.2,10.0,11,10,2030,3477.286879560281
0.2,10.0,11,10,2031,2600.000000000001
0.2,10.0,11,10,2032,2600.0000000000005
0.2,10.0,11,10,2033,2600.000000000001
0.2,10.0,11,10,2034,2600.000000000001
0.2,10.0,11,10,2035,3477.8828309750606
0.2,10.0,11,10,2036,2600.000000000001
0.2,10.0,11,10,2037,3482.358323785087
0.2,10.0,11,10,2038,2600.0000000000005
0.2,10.0,11,10,2039,2624.0746459059433
0.2,10.0,11,10,2040,2622.4255962459574
0.2,10.0,11,10,2041,2600.0000000000014
0.2,10.0,11,10,2042,2622.425596245957
0.2,10.0,11,10,2043,3477.8828309750606
0.2,10.0,11,10,2044,3477.4088689844248
0.2,10.0,11,10,2045,2600.000000000001
0.2,10.0,11,10,2046,3482.3583237850876
0.2,10.0,11,10,2047,2600.0000000000014
0.2,10.0,11,10,2048,2600.0000000000014
0.2,10.0,11,10,2049,2621.323537199975
0.2,10.0,11,10,2050,2622.425596245957
0.2,10.0,11,10,2051,2600.0000000000005
0.2,10.0,11,10,2052,2600.000000000001
0.2,10.0,11,10,2053,2600.0000000000045
0.2,10.0,11,10,2054,2600.0000000000014
0.2,10.0,11,10,2055,2600.0000000000014
0.2,10.0,12,10,2026,2878.155964900379
0.2,10.0,12,10,2027,2869.633260486628
0.2,10.0,12,10,2028,2868.1816705075453
0.2,10.0,12,10,2029,2869.132366828071
0.2,10.0,12,10,2030,2953.8951161541877
0.2,10.0,12,10,2031,2867.1557974570806
0.2,10.0,12,10,2032,2874.347194998857
0.2,10.0,12,10,2033,2877.322183295292
0.2,10.0,12,10,2034,2871.666187821493
0.2,10.0,12,10,2035,2868.862238794775
0.2,10.0,12,10,2036,2870.2587786711083
0.2,10.0,12,10,2037,2868.964263770293
0.2,10.0,12,10,2038,2869.1550716819047
0.2,10.0,12,10,2039,2870.7743712452398
0.2,10.0,12,10,2040,2868.5983207314903
0.2,10.0,12,10,2041,2871.6661879701232
0.2,10.0,12,10,2042,2872.4554375490056
0.2,10.0,12,10,2043,2871.5656640509787
0.2,10.0,12,10,2044,2866.832291282268
0.2,10.0,12,10,2045,2888.6718052615765
0.2,10.0,12,10,2046,2874.669718378441
0.2,10.0,12,10,2047,2955.753404604677
0.2,10.0,12,10,2048,2866.684636419726
0.2,10.0,12,10,2049,2873.7175346034305
0.2,10.0,12,10,2050,2906.54646874388
0.2,10.0,12,10,2051,2951.0037171994286
0.2,10.0,12,10,2052,2920.9487685618337
0.2,10.0,12,10,2053,2869.4548313884384
0.2,10.0,12,10,2054,2910.9641736734093
0.2,10.0,12,10,2055,2867.658917158126
0.2,30.0,1,10,2026,300.0
0.2,30.0,1,10,2027,300.00000000000006
0.2,30.0,1,10,2028,300.0
0.2,30.0,1,10,2029,300.00000000000006
0.2,30.0,1,10,2030,300.00000000000006
0.2,30.0,1,10,2031,300.00000000000006
0.2,30.0,1,10,2032,300.0
0.2,30.0,1,10,2033,300.0
0.2,30.0,1,10,2034,300.0
0.2,30.0,1,10,2035,300.0
0.2,30.0,1,10,2036,300.00000000000006
0.2,30.0,1,10,2037,300.00000000000017
0.2,30.0,1,10,2038,300.0000000000001
0.2,30.0,1,10,2039,300.0000000000001
0.2,30.0,1,10,2040,300.0000000000007
0.2,30.0,1,10,2041,300.0000000000001
0.2,30.0,1,10,2042,300.00000000000006
0.2,30.0,1,10,2043,300.0
0.2,30.0,1,10,2044,300.00000000000006
0.2,30.0,1,10,2045,300.0
0.2,30.0,1,10,2046,300.00000000000006
0.2,30.0,1,10,2047,300.0
0.2,30.0,1,10,2048,300.0
0.2,30.0,1,10,2049,300.00000000000006
0.2,30.0,1,10,2050,300.0
0.2,30.0,1,10,2051,300.0
0.2,30.0,1,10,2052,300.0
0.2,30.0,1,10,2053,300.0
0.2,30.0,1,10,2054,300.0
0.2,30.0,1,10,2055,300.0
0.2,30.0,2,10,2026,407.9099114152651
0.2,30.0,2,10,2027,411.76185707355165
0.2,30.0,2,10,2028,408.9161019277814
0.2,30.0,2,10,2029,407.55412198466735
0.2,30.0,2,10,2030,408.00232488628467
0.2,30.0,2,10,2031,408.9161019277813
0.2,30.0,2,10,2032,408.91610192778137
0.2,30.0,2,10,2033,408.0023248862847
0.2,30.0,2,10,2034,408.91610192778137
0.2,30.0,2,10,2035,408.91610192778137
0.2,30.0,2,10,2036,400.358983317077
0.2,30.0,2,10,2037,405.11468657214675
0.2,30.0,2,10,2038,406.4051439599046
0.2,30.0,2,10,2039,400.00323330755765
0.2,30.0,2,10,2040,400.1661404622394
0.2,30.0,2,10,2041,408.9161019277813
0.2,30.0,2,10,2042,404.08859229304204
0.2,30.0,2,10,2043,400.1023637707106
0.2,30.0,2,10,2044,406.32371593617813
0.2,30.0,2,10,2045,408.91610192778137
0.2,30.0,2,10,2046,400.5527203382474
0.2,30.0,2,10,2047,404.8550774663281
0.2,30.0,2,10,2048,408.00232488628467
0.2,30.0,2,10,2049,408.91610192778137
0.2,30.0,2,10,2050,407.55412198466723
0.2,30.0,2,10,2051,400.55272033824735
0.2,30.0,2,10,2052,400.13569689125507
0.2,30.0,2,10,2053,404.2836339836406
0.2,30.0,2,10,2054,408.0023248862848
0.2,30.0,2,10,2055,406.3237159508249
0.2,30.0,3,10,2026,600.0000000000001
0.2,30.0,3,10,2027,600.0
0.2,30.0,3,10,2028,600.0000000000001
0.2,30.0,3,10,2029,600.0000000000001
0.2,30.0,3,10,2030,600.0000000000001
0.2,30.0,3,10,2031,600.0
0.2,30.0,3,10,2032,600.0000000000001
0.2,30.0,3,10,2033,600.0
0.2,30.0,3,10,2034,600.0000000000001
0.2,30.0,3,10,2035,600.0
0.2,30.0,3,10,2036,600.0
0.2,30.0,3,10,2037,600.0000000000001
0.2,30.0,3,10,2038,600.0000000000001
0.2,30.0,3,10,2039,600.0000000000001
0.2,30.0,3,10,2040,600.0000000000001
0.2,30.0,3,10,2041,600.0
0.2,30.0,3,10,2042,600.0
0.2,30.0,3,10,2043,600.0000000000001
0.2,30.0,3,10,2044,600.0000000000001
0.2,30.0,3,10,2045,600.0000000000001
0.2,30.0,3,10,2046,600.0
0.2,30.0,3,10,2047,600.0
0.2,30.0,3,10,2048,600.0
0.2,30.0,3,10,2049,600.0
0.2,30.0,3,10,2050,600.0
0.2,30.0,3,10,2051,600.0000000000001
0.2,30.0,3,10,2052,600.0
0.2,30.0,3,10,2053,600.0000000000003
0.2,30.0,3,10,2054,600.0000000000001
0.2,30.0,3,10,2055,600.0000000000001
0.2,30.0,4,10,2026,818.0
0.2,30.0,4,10,2027,986.0
0.2,30.0,4,10,2028,882.0
0.2,30.0,4,10,2029,818.0
0.2,30.0,4,10,2030,824.0
0.2,30.0,4,10,2031,876.0
0.2,30.0,4,10,2032,832.0
0.2,30.0,4,10,2033,904.0
0.2,30.0,4,10,2034,892.0
0.2,30.0,4,10,2035,842.0
0.2,30.0,4,10,2036,868.0
0.2,30.0,4,10,2037,874.0
0.2,30.0,4,10,2038,868.0
0.2,30.0,4,10,2039,876.0
0.2,30.0,4,10,2040,832.0
0.2,30.0,4,10,2041,830.0
0.2,30.0,4,10,2042,842.0
0.2,30.0,4,10,2043,836.0000000000001
0.2,30.0,4,10,2044,908.0
0.2,30.0,4,10,2045,846.0
0.2,30.0,4,10,2046,862.0
0.2,30.0,4,10,2047,830.0
0.2,30.0,4,10,2048,862.0
0.2,30.0,4,10,2049,932.0
0.2,30.0,4,10,2050,872.0
0.2,30.0,4,10,2051,870.0
0.2,30.0,4,10,2052,874.0
0.2,30.0,4,10,2053,824.0
0.2,30.0,4,10,2054,858.0
0.2,30.0,4,10,2055,860.0
0.2,30.0,5,10,2026,905.5438346446714
0.2,30.0,5,10,2027,901.7938337300978
0.2,30.0,5,10,2028,900.0000000000006
0.2,30.0,5,10,2029,900.9086480371832
0.2,30.0,5,10,2030,900.5438522690081
0.2,30.0,5,10,2031,900.4543240185928
0.2,30.0,5,10,2032,900.4543240185956
0.2,30.0,5,10,2033,904.4302284358877
0.2,30.0,5,10,2034,900.0895282504168
0.2,30.0,5,10,2035,900.812437020257
0.2,30.0,5,10,2036,901.9718878831753
0.2,30.0,5,10,2037,900.1790565008331
0.2,30.0,5,10,2038,906.4889753640979
0.2,30.0,5,10,2039,900.4543240185919
0.2,30.0,5,10,2040,902.1820706867451
0.2,30.0,5,10,2041,905.5795478513079
0.2,30.0,5,10,2042,903.0334599276046
0.2,30.0,5,10,2043,905.3151292078196
0.2,30.0,5,10,2044,900.0000000000005
0.2,30.0,5,10,2045,903.4877839461969
0.2,30.0,5,10,2046,902.9074398378073
0.2,30.0,5,10,2047,900.6333805194243
0.2,30.0,5,10,2048,900.5438522690076
0.2,30.0,5,10,2049,901.7277466680334
0.2,30.0,5,10,2050,900.9086480371828
0.2,30.0,5,10,2051,900.9981762875987
0.2,30.0,5,10,2052,902.1820706866271
0.2,30.0,5,10,2053,900.0000000000002
0.2,30.0,5,10,2054,900.4543240185909
0.2,30.0,5,10,2055,900.4543240185916
0.2,30.0,6,10,2026,4596.462949942684
0.2,30.0,6,10,2027,5316.274827597972
0.2,30.0,6,10,2028,39147.71146856314
0.2,30.0,6,10,2029,4607.694341111275
0.2,30.0,6,10,2030,4902.190024535394
0.2,30.0,6,10,2031,37618.286273389866
0.2,30.0,6,10,2032,36127.19756317338
0.2,30.0,6,10,2033,10142.515681030754
0.2,30.0,6,10,2034,32796.54762281917
0.2,30.0,6,10,2035,41223.606260404056
0.2,30.0,6,10,2036,28902.29107197802
0.2,30.0,6,10,2037,6503.583355714514
0.2,30.0,6,10,2038,2558.1875364571024
0.2,30.0,6,10,2039,10822.06517976876
0.2,30.0,6,10,2040,20044.216170413012
0.2,30.0,6,10,2041,13749.383554382768
0.2,30.0,6,10,2042,31026.314527845483
0.2,30.0,6,10,2043,3082.7707816506986
0.2,30.0,6,10,2044,13499.607826763353
0.2,30.0,6,10,2045,14512.545887646436
0.2,30.0,6,10,2046,4895.584909291063
0.2,30.0,6,10,2047,9594.372347835044
0.2,30.0,6,10,2048,8989.749229573028
0.2,30.0,6,10,2049,4593.593961947987
0.2,30.0,6,10,2050,6095.174332810335
0.2,30.0,6,10,2051,3099.76735913376
0.2,30.0,6,10,2052,5128.6986965367905
0.2,30.0,6,10,2053,3197.4209971675896
0.2,30.0,6,10,2054,32402.60272690931
0.2,30.0,6,10,2055,26115.047288428806
0.2,30.0,7,10,2026,2141.776716182202
0.2,30.0,7,10,2027,2029.4544049604708
0.2,30.0,7,10,2028,2124.938955912988
0.2,30.0,7,10,2029,2021.009113513009
0.2,30.0,7,10,2030,2022.0062426009558
0.2,30.0,7,10,2031,2139.282276862923
0.2,30.0,7,10,2032,2021.991287581463
0.2,30.0,7,10,2033,2123.103596154982
0.2,30.0,7,10,2034,2037.4141954172355
0.2,30.0,7,10,2035,2023.006545849456
0.2,30.0,7,10,2036,2028.4596616130468
0.2,30.0,7,10,2037,2021.000940663056
0.2,30.0,7,10,2038,2024.4797977132775
0.2,30.0,7,10,2039,2030.9933364662602
0.2,30.0,7,10,2040,2128.591947410344
0.2,30.0,7,10,2041,2023.9798733233554
0.2,30.0,7,10,2042,2025.0400408463959
0.2,30.0,7,10,2043,2134.4305901285375
0.2,30.0,7,10,2044,2105.0687290604183
0.2,30.0,7,10,2045,2137.3985298798275
0.2,30.0,7,10,2046,2024.4798701873501
0.2,30.0,7,10,2047,2036.3967375285097
0.2,30.0,7,10,2048,2087.6587058961536
0.2,30.0,7,10,2049,2022.4899181081746
0.2,30.0,7,10,2050,2022.4038812500037
0.2,30.0,7,10,2051,2022.034676103188
0.2,30.0,7,10,2052,2022.489010115438
0.2,30.0,7,10,2053,2025.4747902473987
0.2,30.0,7,10,2054,2165.389200858622
0.2,30.0,7,10,2055,2124.0113366166897
0.2,30.0,8,10,2026,2224.2432794684273
0.2,30.0,8,10,2027,2223.0151972267
0.2,30.0,8,10,2028,2231.754199927609
0.2,30.0,8,10,2029,2222.6522995847995
0.2,30.0,8,10,2030,2222.031688105381
0.2,30.0,8,10,2031,2222.0205142279883
0.2,30.0,8,10,2032,2222.807688117003
0.2,30.0,8,10,2033,2221.1850377985265
0.2,30.0,8,10,2034,2220.481635554763
0.2,30.0,8,10,2035,2224.334241280647
0.2,30.0,8,10,2036,2639.642379074702
0.2,30.0,8,10,2037,2223.253512703279
0.2,30.0,8,10,2038,2221.4232785538125
0.2,30.0,8,10,2039,2229.7456912254797
0.2,30.0,8,10,2040,2221.824211022364
0.2,30.0,8,10,2041,2222.6840645249554
0.2,30.0,8,10,2042,2846.7193221524885
0.2,30.0,8,10,2043,2222.589544391851
0.2,30.0,8,10,2044,2220.4540731050956
0.2,30.0,8,10,2045,2224.4226310254858
0.2,30.0,8,10,2046,2238.89776342445
0.2,30.0,8,10,2047,2222.6012197293426
0.2,30.0,8,10,2048,2220.268014540449
0.2,30.0,8,10,2049,2247.198430801856
0.2,30.0,8,10,2050,2220.1778765646823
0.2,30.0,8,10,2051,2221.9912126609306
0.2,30.0,8,10,2052,2222.4458870495605
0.2,30.0,8,10,2053,2221.9268550168917
0.2,30.0,8,10,2054,2228.008456324484
0.2,30.0,8,10,2055,2331.5666468508916
0.2,30.0,9,10,2026,2669.859803723644
0.2,30.0,9,10,2027,2300.000000000001
0.2,30.0,9,10,2028,2680.2399340601696
0.2,30.0,9,10,2029,2680.2399340601683
0.2,30.0,9,10,2030,2659.0943447803666
0.2,30.0,9,10,2031,2669.8598037236407
0.2,30.0,9,10,2032,2666.9081648906695
0.2,30.0,9,10,2033,2300.0000000000014
0.2,30.0,9,10,2034,2742.447827227491
0.2,30.0,9,10,2035,2664.5424362604717
0.2,30.0,9,10,2036,2745.6054735939715
0.2,30.0,9,10,2037,2659.1928051846608
0.2,30.0,9,10,2038,2670.107975959236
0.2,30.0,9,10,2039,2941.0124055797532
0.2,30.0,9,10,2040,2680.239934060168
0.2,30.0,9,10,2041,2300.0000000000014
0.2,30.0,9,10,2042,2666.908142878544
0.2,30.0,9,10,2043,2669.859803723639
0.2,30.0,9,10,2044,2670.107975959236
0.2,30.0,9,10,2045,2680.2399340601683
0.2,30.0,9,10,2046,2666.908142878429
0.2,30.0,9,10,2047,2670.1079759592385
0.2,30.0,9,10,2048,2670.1079759592362
0.2,30.0,9,10,2049,2659.1928051808804
0.2,30.0,9,10,2050,2680.2399340601696
0.2,30.0,9,10,2051,2300.0000000000005
0.2,30.0,9,10,2052,2300.0000000000045
0.2,30.0,9,10,2053,2670.1079759592394
0.2,30.0,9,10,2054,2670.1079759592353
0.2,30.0,9,10,2055,2659.192805181084
0.2,30.0,10,10,2026,2766.5753695018266
0.2,30.0,10,10,2027,2624.6159341157904
0.2,30.0,10,10,2028,2626.9114747456297
0.2,30.0,10,10,2029,2730.215318834196
0.2,30.0,10,10,2030,2625.5289014259693
0.2,30.0,10,10,2031,3355.23283094502
0.2,30.0,10,10,2032,3194.3014073051913
0.2,30.0,10,10,2033,3877.1109949187826
0.2,30.0,10,10,2034,2620.575779251164
0.2,30.0,10,10,2035,2622.71275534326
0.2,30.0,10,10,2036,2630.5975212604585
0.2,30.0,10,10,2037,2753.767040215947
0.2,30.0,10,10,2038,2756.210754902533
0.2,30.0,10,10,2039,4104.075884537717
0.2,30.0,10,10,2040,2634.5011884304267
0.2,30.0,10,10,2041,2749.7470018340077
0.2,30.0,10,10,2042,2778.0728767079763
0.2,30.0,10,10,2043,2791.6055157156916
0.2,30.0,10,10,2044,2758.704070240761
0.2,30.0,10,10,2045,2627.026781354407
0.2,30.0,10,10,2046,2623.3405438580767
0.2,30.0,10,10,2047,2627.004659699344
0.2,30.0,10,10,2048,2630.4583919946035
0.2,30.0,10,10,2049,2743.8403152201827
0.2,30.0,10,10,2050,2747.832485744587
0.2,30.0,10,10,2051,2782.0192919534984
0.2,30.0,10,10,2052,2622.537687492699
0.2,30.0,10,10,2053,2622.2553324321107
0.2,30.0,10,10,2054,2735.8693775028173
0.2,30.0,10,10,2055,3577.932901251357
0.2,30.0,11,10,2026,2623.430847476241
0.2,30.0,11,10,2027,2600.000000000001
0.2,30.0,11,10,2028,2600.0000000000005
0.2,30.0,11,10,2029,2623.430847476241
0.2,30.0,11,10,2030,3477.408868984425
0.2,30.0,11,10,2031,2600.0000000000005
0.2,30.0,11,10,2032,2600.000000000001
0.2,30.0,11,10,2033,2600.000000000002
0.2,30.0,11,10,2034,2600.0000000000005
0.2,30.0,11,10,2035,3476.068898326548
0.2,30.0,11,10,2036,2600.000000000002
0.2,30.0,11,10,2037,3476.7184285022477
0.2,30.0,11,10,2038,2624.356049128497
0.2,30.0,11,10,2039,2626.668375919275
0.2,30.0,11,10,2040,2600.0000000000014
0.2,30.0,11,10,2041,2622.425596245957
0.2,30.0,11,10,2042,2621.323537199976
0.2,30.0,11,10,2043,3476.9248252571206
0.2,30.0,11,10,2044,3477.408868984425
0.2,30.0,11,10,2045,2600.0000000000014
0.2,30.0,11,10,2046,3476.718428502247
0.2,30.0,11,10,2047,2600.000000000001
0.2,30.0,11,10,2048,2600.0000000000023
0.2,30.0,11,10,2049,2617.394645425255
0.2,30.0,11,10,2050,2626.6029638806194
0.2,30.0,11,10,2051,2600.0000000000023
0.2,30.0,11,10,2052,2617.394645425256
0.2,30.0,11,10,2053,2622.425596245957
0.2,30.0,11,10,2054,2600.000000000001
0.2,30.0,11,10,2055,2600.000000000001
0.2,30.0,12,10,2026,2870.7743593421874
0.2,30.0,12,10,2027,2867.156350871144
0.2,30.0,12,10,2028,2872.719658074105
0.2,30.0,12,10,2029,2871.3513551700753
0.2,30.0,12,10,2030,2868.5562343560387
0.2,30.0,12,10,2031,2870.774372571002
0.2,30.0,12,10,2032,2868.040821244752
0.2,30.0,12,10,2033,2870.7743562210976
0.2,30.0,12,10,2034,2866.8316744412564
0.2,30.0,12,10,2035,2872.2638111024453
0.2,30.0,12,10,2036,2866.565323910644
0.2,30.0,12,10,2037,2867.244007779141
0.2,30.0,12,10,2038,2866.218189981708
0.2,30.0,12,10,2039,2870.7743712137762
0.2,30.0,12,10,2040,2870.518980857987
0.2,30.0,12,10,2041,2870.7743594771327
0.2,30.0,12,10,2042,2867.4872582733346
0.2,30.0,12,10,2043,2868.5998789367227
0.2,30.0,12,10,2044,2879.0568100757646
0.2,30.0,12,10,2045,2885.211310377589
0.2,30.0,12,10,2046,2868.964263770293
0.2,30.0,12,10,2047,2922.30253486585
0.2,30.0,12,10,2048,2870.6997598924645
0.2,30.0,12,10,2049,2869.1054352852484
0.2,30.0,12,10,2050,2878.338759728208
0.2,30.0,12,10,2051,2938.9577535854314
0.2,30.0,12,10,2052,2906.5854459597094
0.2,30.0,12,10,2053,2874.5252195099024
0.2,30.0,12,10,2054,2867.4800239877754
0.2,30.0,12,10,2055,2868.556225250491
0.3,3.0,1,10,2026,300.00000000000006
0.3,3.0,1,10,2027,300.00000000000006
0.3,3.0,1,10,2028,300.0
0.3,3.0,1,10,2029,300.00000000000006
0.3,3.0,1,10,2030,300.00000000000006
0.3,3.0,1,10,2031,300.0000000000003
0.3,3.0,1,10,2032,300.0
0.3,3.0,1,10,2033,300.00000000000006
0.3,3.0,1,10,2034,300.0
0.3,3.0,1,10,2035,300.00000000000006
0.3,3.0,1,10,2036,300.0
0.3,3.0,1,10,2037,300.0
0.3,3.0,1,10,2038,300.0000000000001
0.3,3.0,1,10,2039,300.00000000000006
0.3,3.0,1,10,2040,300.00000000000006
0.3,3.0,1,10,2041,300.00000000000006
0.3,3.0,1,10,2042,300.00000000000006
0.3,3.0,1,10,2043,300.00000000000006
0.3,3.0,1,10,2044,300.00000000000006
0.3,3.0,1,10,2045,300.00000000000006
0.3,3.0,1,10,2046,300.0000000000001
0.3,3.0,1,10,2047,300.00000000000006
0.3,3.0,1,10,2048,300.00000000000006
0.3,3.0,1,10,2049,300.0
0.3,3.0,1,10,2050,300.0
0.3,3.0,1,10,2051,300.00000000000006
0.3,3.0,1,10,2052,300.0000000000001
0.3,3.0,1,10,2053,300.00000000000006
0.3,3.0,1,10,2054,300.0
0.3,3.0,1,10,2055,300.00000000000006
0.3,3.0,2,10,2026,408.91610192778137
0.3,3.0,2,10,2027,475.6279693308856
0.3,3.0,2,10,2028,408.9161019277813
0.3,3.0,2,10,2029,403.989656339554
0.3,3.0,2,10,2030,408.9161019277813
0.3,3.0,2,10,2031,408.0023248862847
0.3,3.0,2,10,2032,408.9161019277814
0.3,3.0,2,10,2033,407.5541219846672
0.3,3.0,2,10,2034,408.9161019277813
0.3,3.0,2,10,2035,406.3237159344734
0.3,3.0,2,10,2036,400.3851109227155
0.3,3.0,2,10,2037,404.2734930679173
0.3,3.0,2,10,2038,419.4616607967074
0.3,3.0,2,10,2039,465.7946612304081
0.3,3.0,2,10,2040,400.0000000000073
0.3,3.0,2,10,2041,404.78649119536186
0.3,3.0,2,10,2042,408.9161019277813
0.3,3.0,2,10,2043,408.9161019277813
0.3,3.0,2,10,2044,408.9161019277813
0.3,3.0,2,10,2045,408.9161019277813
0.3,3.0,2,10,2046,400.02684278845123
0.3,3.0,2,10,2047,408.9161019277813
0.3,3.0,2,10,2048,408.2412761992644
0.3,3.0,2,10,2049,408.0023248862847
0.3,3.0,2,10,2050,407.5541219846672
0.3,3.0,2,10,2051,472.82286121358226
0.3,3.0,2,10,2052,408.9161019277813
0.3,3.0,2,10,2053,407.5541219846673
0.3,3.0,2,10,2054,408.0023248862847
0.3,3.0,2,10,2055,419.4616607967074
0.3,3.0,3,10,2026,600.0000000000001
0.3,3.0,3,10,2027,600.0
0.3,3.0,3,10,2028,600.0000000000001
0.3,3.0,3,10,2029,600.0
0.3,3.0,3,10,2030,600.0000000000001
0.3,3.0,3,10,2031,600.0000000000001
0.3,3.0,3,10,2032,600.0
0.3,3.0,3,10,2033,600.0
0.3,3.0,3,10,2034,600.0
0.3,3.0,3,10,2035,600.0000000000001
0.3,3.0,3,10,2036,600.0000000000003
0.3,3.0,3,10,2037,600.0000000000001
0.3,3.0,3,10,2038,600.0000000000001
0.3,3.0,3,10,2039,600.0000000000001
0.3,3.0,3,10,2040,600.0
0.3,3.0,3,10,2041,600.0000000000001
0.3,3.0,3,10,2042,600.0
0.3,3.0,3,10,2043,600.0
0.3,3.0,3,10,2044,600.0000000000001
0.3,3.0,3,10,2045,600.0000000000001
0.3,3.0,3,10,2046,600.0000000000001
0.3,3.0,3,10,2047,600.0
0.3,3.0,3,10,2048,600.0
0.3,3.0,3,10,2049,600.0
0.3,3.0,3,10,2050,600.0000000000001
0.3,3.0,3,10,2051,600.0
0.3,3.0,3,10,2052,600.0000000000001
0.3,3.0,3,10,2053,600.0
0.3,3.0,3,10,2054,600.0000000000024
0.3,3.0,3,10,2055,600.0000000000001
0.3,3.0,4,10,2026,820.0
0.3,3.0,4,10,2027,986.0
0.3,3.0,4,10,2028,884.0
0.3,3.0,4,10,2029,818.0
0.3,3.0,4,10,2030,834.0
0.3,3.0,4,10,2031,876.0
0.3,3.0,4,10,2032,860.0
0.3,3.0,4,10,2033,902.0
0.3,3.0,4,10,2034,892.0
0.3,3.0,4,10,2035,862.0000000000007
0.3,3.0,4,10,2036,874.0
0.3,3.0,4,10,2037,900.0
0.3,3.0,4,10,2038,934.0
0.3,3.0,4,10,2039,862.0
0.3,3.0,4,10,2040,896.0
0.3,3.0,4,10,2041,852.0
0.3,3.0,4,10,2042,840.0
0.3,3.0,4,10,2043,842.0
0.3,3.0,4,10,2044,840.0000000000002
0.3,3.0,4,10,2045,834.0
0.3,3.0,4,10,2046,860.0
0.3,3.0,4,10,2047,830.0
0.3,3.0,4,10,2048,828.0
0.3,3.0,4,10,2049,932.0
0.3,3.0,4,10,2050,884.0
0.3,3.0,4,10,2051,932.0000000000001
0.3,3.0,4,10,2052,920.0
0.3,3.0,4,10,2053,894.0
0.3,3.0,4,10,2054,830.0
0.3,3.0,4,10,2055,874.0
0.3,3.0,5,10,2026,904.9999822742636
0.3,3.0,5,10,2027,901.696620365417
0.3,3.0,5,10,2028,900.4543240185916
0.3,3.0,5,10,2029,900.9981762875981
0.3,3.0,5,10,2030,900.9981762875985
0.3,3.0,5,10,2031,900.4543240185914
0.3,3.0,5,10,2032,900.4543240185914
0.3,3.0,5,10,2033,904.3178152814344
0.3,3.0,5,10,2034,900.2685847512494
0.3,3.0,5,10,2035,900.5438522690075
0.3,3.0,5,10,2036,902.4277795537745
0.3,3.0,5,10,2037,900.9981762875989
0.3,3.0,5,10,2038,905.9451228247169
0.3,3.0,5,10,2039,900.4543240185917
0.3,3.0,5,10,2040,902.6580645436295
0.3,3.0,5,10,2041,906.3213998375836
0.3,3.0,5,10,2042,902.4896076585969
0.3,3.0,5,10,2043,905.7349181912143
0.3,3.0,5,10,2044,900.2685847512494
0.3,3.0,5,10,2045,903.5773121966114
0.3,3.0,5,10,2046,903.1760245890566
0.3,3.0,5,10,2047,900.454324018592
0.3,3.0,5,10,2048,900.5438522690074
0.3,3.0,5,10,2049,902.1820706866246
0.3,3.0,5,10,2050,901.4525003061917
0.3,3.0,5,10,2051,900.0895282504177
0.3,3.0,5,10,2052,902.7259229556332
0.3,3.0,5,10,2053,900.089528250417
0.3,3.0,5,10,2054,900.6333805194248
0.3,3.0,5,10,2055,900.958812833339
0.3,3.0,6,10,2026,2311.732489718623
0.3,3.0,6,10,2027,19076.758218449904
0.3,3.0,6,10,2028,63400.962272837074
0.3,3.0,6,10,2029,24357.907198782574
0.3,3.0,6,10,2030,18367.767679197634
0.3,3.0,6,10,2031,25117.09312300481
0.3,3.0,6,10,2032,10941.474627482734
0.3,3.0,6,10,2033,3354.728400165118
0.3,3.0,6,10,2034,27701.728945677554
0.3,3.0,6,10,2035,48117.59433145558
0.3,3.0,6,10,2036,15516.787920091783
0.3,3.0,6,10,2037,6694.43831086596
0.3,3.0,6,10,2038,5811.950949751155
0.3,3.0,6,10,2039,2144.398298587588
0.3,3.0,6,10,2040,2411.3857696206705
0.3,3.0,6,10,2041,16837.264719411018
0.3,3.0,6,10,2042,10900.623185118537
0.3,3.0,6,10,2043,8368.652751761856
0.3,3.0,6,10,2044,4842.943309897812
0.3,3.0,6,10,2045,31533.104281148248
0.3,3.0,6,10,2046,7514.38731430497
0.3,3.0,6,10,2047,16046.07698822952
0.3,3.0,6,10,2048,2381.4810023227647
0.3,3.0,6,10,2049,4759.979505952904
0.3,3.0,6,10,2050,7534.976370971755
0.3,3.0,6,10,2051,4660.502702749498
0.3,3.0,6,10,2052,20869.459829011543
0.3,3.0,6,10,2053,11666.24493696163
0.3,3.0,6,10,2054,20847.465346206693
0.3,3.0,6,10,2055,39199.57889207364
0.3,3.0,7,10,2026,2138.5137354667427
0.3,3.0,7,10,2027,2022.487449916972
0.3,3.0,7,10,2028,2123.3342763772243
0.3,3.0,7,10,2029,2024.479831093494
0.3,3.0,7,10,2030,2022.1649466200095
0.3,3.0,7,10,2031,2025.4747902363056
0.3,3.0,7,10,2032,2024.9811682355153
0.3,3.0,7,10,2033,2135.417210052634
0.3,3.0,7,10,2034,2025.4747900249945
0.3,3.0,7,10,2035,2025.4747902476222
0.3,3.0,7,10,2036,2037.4142028483045
0.3,3.0,7,10,2037,2046.9164214453158
0.3,3.0,7,10,2038,2036.9514648855234
0.3,3.0,7,10,2039,2048.9868724464277
0.3,3.0,7,10,2040,2127.5224858361344
0.3,3.0,7,10,2041,2030.4495583663888
0.3,3.0,7,10,2042,2125.2135724097197
0.3,3.0,7,10,2043,2129.2249270941243
0.3,3.0,7,10,2044,2130.443936003296
0.3,3.0,7,10,2045,2124.922962806305
0.3,3.0,7,10,2046,2024.9966357833027
0.3,3.0,7,10,2047,2025.4018796790858
0.3,3.0,7,10,2048,2024.9937643883354
0.3,3.0,7,10,2049,2020.4985410262743
0.3,3.0,7,10,2050,2023.8093530564956
0.3,3.0,7,10,2051,2138.3868318690543
0.3,3.0,7,10,2052,2068.6739536451582
0.3,3.0,7,10,2053,2033.4344324303493
0.3,3.0,7,10,2054,2165.874317575702
0.3,3.0,7,10,2055,2141.9233778969865
0.3,3.0,8,10,2026,2244.272879822435
0.3,3.0,8,10,2027,2225.3293875323325
0.3,3.0,8,10,2028,2275.600792718057
0.3,3.0,8,10,2029,2428.1623240091585
0.3,3.0,8,10,2030,2229.1509001645727
0.3,3.0,8,10,2031,2221.7368070875023
0.3,3.0,8,10,2032,2631.4722252211677
0.3,3.0,8,10,2033,2225.007737976209
0.3,3.0,8,10,2034,2229.3652926512837
0.3,3.0,8,10,2035,2221.8786982063725
0.3,3.0,8,10,2036,2225.8225785879604
0.3,3.0,8,10,2037,2224.91972025085
0.3,3.0,8,10,2038,2231.8817399371237
0.3,3.0,8,10,2039,2223.0548946518297
0.3,3.0,8,10,2040,2221.594589383432
0.3,3.0,8,10,2041,2221.370601347913
0.3,3.0,8,10,2042,2859.275812280607
0.3,3.0,8,10,2043,2225.376199512203
0.3,3.0,8,10,2044,2220.9706185161795
0.3,3.0,8,10,2045,2223.657908564853
0.3,3.0,8,10,2046,2227.437553525705
0.3,3.0,8,10,2047,2363.60207510527
0.3,3.0,8,10,2048,2223.500153982499
0.3,3.0,8,10,2049,2220.111358881599
0.3,3.0,8,10,2050,2207.151017867729
0.3,3.0,8,10,2051,2225.9901945166985
0.3,3.0,8,10,2052,2220.8275806548304
0.3,3.0,8,10,2053,2223.296712043218
0.3,3.0,8,10,2054,2220.9576749529615
0.3,3.0,8,10,2055,2220.6720560095737
0.3,3.0,9,10,2026,2664.5424327563255
0.3,3.0,9,10,2027,2300.0000000000005
0.3,3.0,9,10,2028,2680.239934060168
0.3,3.0,9,10,2029,2670.107975959236
0.3,3.0,9,10,2030,2659.094344780361
0.3,3.0,9,10,2031,2659.1928051808795
0.3,3.0,9,10,2032,2664.542432756203
0.3,3.0,9,10,2033,2300.000000000001
0.3,3.0,9,10,2034,2670.1079759592367
0.3,3.0,9,10,2035,2666.908142877349
0.3,3.0,9,10,2036,2300.000000000001
0.3,3.0,9,10,2037,2680.239934060168
0.3,3.0,9,10,2038,2670.107975959236
0.3,3.0,9,10,2039,3009.2535230782178
0.3,3.0,9,10,2040,3205.3225214792233
0.3,3.0,9,10,2041,2659.0943447803666
0.3,3.0,9,10,2042,2659.1928051808713
0.3,3.0,9,10,2043,2669.8598037236393
0.3,3.0,9,10,2044,2670.107975959236
0.3,3.0,9,10,2045,2680.239934060168
0.3,3.0,9,10,2046,2745.605473593972
0.3,3.0,9,10,2047,2670.107975959236
0.3,3.0,9,10,2048,2669.8598037236407
0.3,3.0,9,10,2049,2300.000000000001
0.3,3.0,9,10,2050,2659.094344780382
0.3,3.0,9,10,2051,2300.0000000000005
0.3,3.0,9,10,2052,2669.85980372364
0.3,3.0,9,10,2053,2670.107975959236
0.3,3.0,9,10,2054,2742.488521534748
0.3,3.0,9,10,2055,2659.1928051808727
0.3,3.0,10,10,2026,2776.0490992486166
0.3,3.0,10,10,2027,2627.292879862247
0.3,3.0,10,10,2028,2622.116864134539
0.3,3.0,10,10,2029,2771.888308110443
0.3,3.0,10,10,2030,2634.716814213539
0.3,3.0,10,10,2031,3740.254578923853
0.3,3.0,10,10,2032,3271.0408511887636
0.3,3.0,10,10,2033,3278.028628870539
0.3,3.0,10,10,2034,2631.8644608698037
0.3,3.0,10,10,2035,2626.9725411095624
0.3,3.0,10,10,2036,2629.344168674382
0.3,3.0,10,10,2037,2775.980212745659
0.3,3.0,10,10,2038,2766.667911540768
0.3,3.0,10,10,2039,3511.4507061938248
0.3,3.0,10,10,2040,2631.155377870628
0.3,3.0,10,10,2041,2770.544498296703
0.3,3.0,10,10,2042,2755.2484219856005
0.3,3.0,10,10,2043,2777.764124403684
0.3,3.0,10,10,2044,2784.462036664866
0.3,3.0,10,10,2045,2622.198400936144
0.3,3.0,10,10,2046,2623.6539047432952
0.3,3.0,10,10,2047,2622.103567884
0.3,3.0,10,10,2048,2625.958476661334
0.3,3.0,10,10,2049,2761.995923897772
0.3,3.0,10,10,2050,2781.9988402788013
0.3,3.0,10,10,2051,2763.278881016372
0.3,3.0,10,10,2052,2627.670491046927
0.3,3.0,10,10,2053,2624.784711147782
0.3,3.0,10,10,2054,2747.985280974077
0.3,3.0,10,10,2055,4220.250883846902
0.3,3.0,11,10,2026,2600.0000000000005
0.3,3.0,11,10,2027,2600.000000000001
0.3,3.0,11,10,2028,2622.425596245957
0.3,3.0,11,10,2029,2600.0000000000005
0.3,3.0,11,10,2030,3476.9248252571206
0.3,3.0,11,10,2031,2600.0000000000023
0.3,3.0,11,10,2032,2600.0000000000005
0.3,3.0,11,10,2033,2600.000000000001
0.3,3.0,11,10,2034,2600.0000000000005
0.3,3.0,11,10,2035,3476.068898326548
0.3,3.0,11,10,2036,2622.425596245957
0.3,3.0,11,10,2037,3476.92482525712
0.3,3.0,11,10,2038,2627.9340479840034
0.3,3.0,11,10,2039,2600.0000000000014
0.3,3.0,11,10,2040,2600.000000000002
0.3,3.0,11,10,2041,2600.000000000001
0.3,3.0,11,10,2042,2621.3235371999754
0.3,3.0,11,10,2043,3477.941788224063
0.3,3.0,11,10,2044,3478.1196451467895
0.3,3.0,11,10,2045,2600.000000000001
0.3,3.0,11,10,2046,3485.081836300798
0.3,3.0,11,10,2047,2600.000000000001
0.3,3.0,11,10,2048,2600.0000000000005
0.3,3.0,11,10,2049,2622.425596245957
0.3,3.0,11,10,2050,2600.0000000000005
0.3,3.0,11,10,2051,2600.0000000000005
0.3,3.0,11,10,2052,2600.000000000001
0.3,3.0,11,10,2053,2600.0000000000005
0.3,3.0,11,10,2054,2600.0000000000005
0.3,3.0,11,10,2055,2600.000000000001
0.3,3.0,12,10,2026,2874.3042143198268
0.3,3.0,12,10,2027,2867.480013694308
0.3,3.0,12,10,2028,2870.351302948711
0.3,3.0,12,10,2029,2868.8441539145815
0.3,3.0,12,10,2030,2950.67981768048
0.3,3.0,12,10,2031,2895.9459024294983
0.3,3.0,12,10,2032,2873.8448688613594
0.3,3.0,12,10,2033,2873.352825418776
0.3,3.0,12,10,2034,2877.7068798842306
0.3,3.0,12,10,2035,2872.3944512242574
0.3,3.0,12,10,2036,2866.819979119339
0.3,3.0,12,10,2037,2869.141293201643
0.3,3.0,12,10,2038,2871.8696275833813
0.3,3.0,12,10,2039,2912.842460534233
0.3,3.0,12,10,2040,2871.4147555151667
0.3,3.0,12,10,2041,2869.463708980079
0.3,3.0,12,10,2042,2872.8629779256216
0.3,3.0,12,10,2043,2868.183789502569
0.3,3.0,12,10,2044,2873.6154445381685
0.3,3.0,12,10,2045,2952.2920297752858
0.3,3.0,12,10,2046,2873.4053903608574
0.3,3.0,12,10,2047,2963.9089065070207
0.3,3.0,12,10,2048,2868.703388568224
0.3,3.0,12,10,2049,2874.8289370030134
0.3,3.0,12,10,2050,2906.546468746775
0.3,3.0,12,10,2051,2933.0228600534692
0.3,3.0,12,10,2052,2959.440870151273
0.3,3.0,12,10,2053,2917.3055815687026
0.3,3.0,12,10,2054,2910.9641736734093
0.3,3.0,12,10,2055,2875.8222541502573
0.3,10.0,1,10,2026,300.0
0.3,10.0,1,10,2027,300.00000000000006
0.3,10.0,1,10,2028,300.00000000000006
0.3,10.0,1,10,2029,300.00000000000006
0.3,10.0,1,10,2030,300.0
0.3,10.0,1,10,2031,300.0
0.3,10.0,1,10,2032,300.00000000000006
0.3,10.0,1,10,2033,300.00000000000006
0.3,10.0,1,10,2034,300.0
0.3,10.0,1,10,2035,300.0000000000003
0.3,10.0,1,10,2036,300.0000000000001
0.3,10.0,1,10,2037,300.0
0.3,10.0,1,10,2038,300.00000000000006
0.3,10.0,1,10,2039,300.0
0.3,10.0,1,10,2040,300.00000000000006
0.3,10.0,1,10,2041,300.00000000000006
0.3,10.0,1,10,2042,300.00000000000006
0.3,10.0,1,10,2043,300.00000000000006
0.3,10.0,1,10,2044,300.0
0.3,10.0,1,10,2045,300.00000000000006
0.3,10.0,1,10,2046,300.00000000000006
0.3,10.0,1,10,2047,300.00000000000006
0.3,10.0,1,10,2048,300.00000000000006
0.3,10.0,1,10,2049,300.0
0.3,10.0,1,10,2050,300.00000000000006
0.3,10.0,1,10,2051,300.00000000000006
0.3,10.0,1,10,2052,300.0
0.3,10.0,1,10,2053,300.0
0.3,10.0,1,10,2054,300.00000000000006
0.3,10.0,1,10,2055,300.00000000000006
0.3,10.0,2,10,2026,407.55412198466723
0.3,10.0,2,10,2027,400.0084362829282
0.3,10.0,2,10,2028,408.2412761992644
0.3,10.0,2,10,2029,404.3515269862297
0.3,10.0,2,10,2030,408.9161019277813
0.3,10.0,2,10,2031,419.4616607967074
0.3,10.0,2,10,2032,408.91610192778137
0.3,10.0,2,10,2033,407.5541219846672
0.3,10.0,2,10,2034,408.91610192778137
0.3,10.0,2,10,2035,408.9161019277814
0.3,10.0,2,10,2036,408.00232488628467
0.3,10.0,2,10,2037,407.55412198466723
0.3,10.0,2,10,2038,406.32371593261803
0.3,10.0,2,10,2039,403.98888443161536
0.3,10.0,2,10,2040,400.16318135417447
0.3,10.0,2,10,2041,407.55412198466723
0.3,10.0,2,10,2042,408.91610192778137
0.3,10.0,2,10,2043,419.46166079670735
0.3,10.0,2,10,2044,408.9161019277813
0.3,10.0,2,10,2045,408.9161019277813
0.3,10.0,2,10,2046,404.24508962290764
0.3,10.0,2,10,2047,408.9161019277813
0.3,10.0,2,10,2048,408.9161019277813
0.3,10.0,2,10,2049,407.55412198466723
0.3,10.0,2,10,2050,407.5541219846672
0.3,10.0,2,10,2051,470.78108382171786
0.3,10.0,2,10,2052,400.08849437499515
0.3,10.0,2,10,2053,408.0023248862847
0.3,10.0,2,10,2054,404.71509337274034
0.3,10.0,2,10,2055,404.4914461445552
0.3,10.0,3,10,2026,600.0
0.3,10.0,3,10,2027,600.0000000000001
0.3,10.0,3,10,2028,600.0
0.3,10.0,3,10,2029,600.0
0.3,10.0,3,10,2030,600.0000000000001
0.3,10.0,3,10,2031,600.0
0.3,10.0,3,10,2032,600.0
0.3,10.0,3,10,2033,600.0
0.3,10.0,3,10,2034,600.0
0.3,10.0,3,10,2035,600.0
0.3,10.0,3,10,2036,600.0000000000001
0.3,10.0,3,10,2037,600.0000000000001
0.3,10.0,3,10,2038,600.0000000000002
0.3,10.0,3,10,2039,600.0
0.3,10.0,3,10,2040,600.0000000000001
0.3,10.0,3,10,2041,600.0
0.3,10.0,3,10,2042,600.0000000000001
0.3,10.0,3,10,2043,600.0
0.3,10.0,3,10,2044,600.0000000000001
0.3,10.0,3,10,2045,600.0000000000001
0.3,10.0,3,10,2046,600.0
0.3,10.0,3,10,2047,600.0000000000002
0.3,10.0,3,10,2048,600.0
0.3,10.0,3,10,2049,600.0
0.3,10.0,3,10,2050,600.0000000000001
0.3,10.0,3,10,2051,600.0
0.3,10.0,3,10,2052,600.0000000000001
0.3,10.0,3,10,2053,600.0000000000001
0.3,10.0,3,10,2054,600.0000000000001
0.3,10.0,3,10,2055,600.0000000000001
0.3,10.0,4,10,2026,820.0
0.3,10.0,4,10,2027,986.0
0.3,10.0,4,10,2028,884.0
0.3,10.0,4,10,2029,818.0
0.3,10.0,4,10,2030,834.0
0.3,10.0,4,10,2031,876.0
0.3,10.0,4,10,2032,858.0
0.3,10.0,4,10,2033,902.0
0.3,10.0,4,10,2034,892.0
0.3,10.0,4,10,2035,862.0
0.3,10.0,4,10,2036,874.0
0.3,10.0,4,10,2037,900.0
0.3,10.0,4,10,2038,960.0
0.3,10.0,4,10,2039,862.0
0.3,10.0,4,10,2040,896.0
0.3,10.0,4,10,2041,852.0
0.3,10.0,4,10,2042,840.0
0.3,10.0,4,10,2043,842.0
0.3,10.0,4,10,2044,840.0000000000024
0.3,10.0,4,10,2045,834.0
0.3,10.0,4,10,2046,860.0
0.3,10.0,4,10,2047,830.0
0.3,10.0,4,10,2048,828.0
0.3,10.0,4,10,2049,932.0
0.3,10.0,4,10,2050,884.0000000000006
0.3,10.0,4,10,2051,938.0
0.3,10.0,4,10,2052,920.0
0.3,10.0,4,10,2053,858.0
0.3,10.0,4,10,2054,830.0
0.3,10.0,4,10,2055,874.0
0.3,10.0,5,10,2026,904.9999822802044
0.3,10.0,5,10,2027,901.5175638645842
0.3,10.0,5,10,2028,900.5438522690084
0.3,10.0,5,10,2029,900.9086480371822
0.3,10.0,5,10,2030,900.908648037183
0.3,10.0,5,10,2031,900.0895282504173
0.3,10.0,5,10,2032,900.7229087698405
0.3,10.0,5,10,2033,904.3178152814343
0.3,10.0,5,10,2034,900.2685847512497
0.3,10.0,5,10,2035,900.4543240185911
0.3,10.0,5,10,2036,901.0877045380151
0.3,10.0,5,10,2037,901.0877045380146
0.3,10.0,5,10,2038,905.4931990233196
0.3,10.0,5,10,2039,900.6333805194248
0.3,10.0,5,10,2040,902.6580645437732
0.3,10.0,5,10,2041,906.3213998375837
0.3,10.0,5,10,2042,902.489607658601
0.3,10.0,5,10,2043,905.7349181912144
0.3,10.0,5,10,2044,900.0000000000005
0.3,10.0,5,10,2045,903.4877839461961
0.3,10.0,5,10,2046,903.1830249430004
0.3,10.0,5,10,2047,900.0000000000002
0.3,10.0,5,10,2048,900.0000000000001
0.3,10.0,5,10,2049,901.7277466680343
0.3,10.0,5,10,2050,900.9086480371828
0.3,10.0,5,10,2051,900.0000000000006
0.3,10.0,5,10,2052,903.1751904964121
0.3,10.0,5,10,2053,900.0895282504173
0.3,10.0,5,10,2054,900.5438522690075
0.3,10.0,5,10,2055,900.0000000000006
0.3,10.0,6,10,2026,2469.671149024303
0.3,10.0,6,10,2027,7000.835221754751
0.3,10.0,6,10,2028,40346.45788531573
0.3,10.0,6,10,2029,7989.842383286992
0.3,10.0,6,10,2030,18875.56181191705
0.3,10.0,6,10,2031,4949.689815282431
0.3,10.0,6,10,2032,53126.88014634829
0.3,10.0,6,10,2033,14351.96338451854
0.3,10.0,6,10,2034,26022.44197819473
0.3,10.0,6,10,2035,17020.61435343677
0.3,10.0,6,10,2036,33898.30395274768
0.3,10.0,6,10,2037,31523.599629156597
0.3,10.0,6,10,2038,39350.35998627644
0.3,10.0,6,10,2039,2039.6763042225277
0.3,10.0,6,10,2040,19920.305108490906
0.3,10.0,6,10,2041,8573.522277909064
0.3,10.0,6,10,2042,28236.561948425853
0.3,10.0,6,10,2043,4553.338231436351
0.3,10.0,6,10,2044,15920.118178527367
0.3,10.0,6,10,2045,24779.872136549537
0.3,10.0,6,10,2046,6207.784423465375
0.3,10.0,6,10,2047,17854.60732663399
0.3,10.0,6,10,2048,3207.172224742443
0.3,10.0,6,10,2049,5650.69826155411
0.3,10.0,6,10,2050,8607.567162067138
0.3,10.0,6,10,2051,29963.174573543198
0.3,10.0,6,10,2052,15138.975549079953
0.3,10.0,6,10,2053,10831.62236956453
0.3,10.0,6,10,2054,34418.290672916395
0.3,10.0,6,10,2055,31720.26782791284
0.3,10.0,7,10,2026,2152.8379778951453
0.3,10.0,7,10,2027,2022.139331400142
0.3,10.0,7,10,2028,2157.1253525112393
0.3,10.0,7,10,2029,2020.0279383103402
0.3,10.0,7,10,2030,2038.0973609711093
0.3,10.0,7,10,2031,2070.246951838529
0.3,10.0,7,10,2032,2022.9949827897658
0.3,10.0,7,10,2033,2131.4916164601705
0.3,10.0,7,10,2034,2028.4596623639898
0.3,10.0,7,10,2035,2025.4747902476224
0.3,10.0,7,10,2036,2024.479831188181
0.3,10.0,7,10,2037,2029.403303614213
0.3,10.0,7,10,2038,2037.9437421088123
0.3,10.0,7,10,2039,2036.4192437884653
0.3,10.0,7,10,2040,2158.9888100563335
0.3,10.0,7,10,2041,2025.0184736383258
0.3,10.0,7,10,2042,2131.78867744124
0.3,10.0,7,10,2043,2129.2185280715116
0.3,10.0,7,10,2044,2132.5092075925763
0.3,10.0,7,10,2045,2135.6385059471745
0.3,10.0,7,10,2046,2048.8687201530493
0.3,10.0,7,10,2047,2045.800020735497
0.3,10.0,7,10,2048,2025.0192339635141
0.3,10.0,7,10,2049,2024.985173767518
0.3,10.0,7,10,2050,2030.75572464388
0.3,10.0,7,10,2051,2123.608728894091
0.3,10.0,7,10,2052,2029.7374521587678
0.3,10.0,7,10,2053,2024.5025492726825
0.3,10.0,7,10,2054,2160.7788868011644
0.3,10.0,7,10,2055,2133.229684405849
0.3,10.0,8,10,2026,2227.8531693011732
0.3,10.0,8,10,2027,2221.825261670154
0.3,10.0,8,10,2028,2223.876319072216
0.3,10.0,8,10,2029,2228.0803317471727
0.3,10.0,8,10,2030,2220.6178438745737
0.3,10.0,8,10,2031,2221.9058094870084
0.3,10.0,8,10,2032,2682.792958813636
0.3,10.0,8,10,2033,2232.341630411188
0.3,10.0,8,10,2034,2221.398741464753
0.3,10.0,8,10,2035,2222.224072538145
0.3,10.0,8,10,2036,2633.317439781247
0.3,10.0,8,10,2037,2249.369079092055
0.3,10.0,8,10,2038,2226.721717715487
0.3,10.0,8,10,2039,2221.093532702575
0.3,10.0,8,10,2040,2226.2171824937977
0.3,10.0,8,10,2041,2220.5383059476117
0.3,10.0,8,10,2042,2222.9604641992114
0.3,10.0,8,10,2043,2228.66356654827
0.3,10.0,8,10,2044,2225.900381491464
0.3,10.0,8,10,2045,2227.6282462231334
0.3,10.0,8,10,2046,2224.7581390782275
0.3,10.0,8,10,2047,2220.349163767793
0.3,10.0,8,10,2048,2223.8695256565265
0.3,10.0,8,10,2049,2223.1349927681154
0.3,10.0,8,10,2050,2220.206421998948
0.3,10.0,8,10,2051,2223.871232634095
0.3,10.0,8,10,2052,2221.2746215548123
0.3,10.0,8,10,2053,2220.224787441511
0.3,10.0,8,10,2054,2226.136231831348
0.3,10.0,8,10,2055,2223.940278902537
0.3,10.0,9,10,2026,2670.107975959236
0.3,10.0,9,10,2027,2300.0000000000005
0.3,10.0,9,10,2028,2680.2399340601705
0.3,10.0,9,10,2029,2666.9081428772815
0.3,10.0,9,10,2030,2659.094344780363
0.3,10.0,9,10,2031,2664.542432756197
0.3,10.0,9,10,2032,2666.9081428772824
0.3,10.0,9,10,2033,2300.000000000001
0.3,10.0,9,10,2034,2752.9904535285345
0.3,10.0,9,10,2035,2300.000000000002
0.3,10.0,9,10,2036,2745.605473593972
0.3,10.0,9,10,2037,2665.470461023644
0.3,10.0,9,10,2038,2666.9081428824757
0.3,10.0,9,10,2039,2941.0124055797532
0.3,10.0,9,10,2040,2670.1079759592353
0.3,10.0,9,10,2041,2659.1928051808773
0.3,10.0,9,10,2042,2666.9081428779064
0.3,10.0,9,10,2043,2659.192805180872
0.3,10.0,9,10,2044,2746.727698374342
0.3,10.0,9,10,2045,2670.1079759592367
0.3,10.0,9,10,2046,2745.605473593971
0.3,10.0,9,10,2047,2680.2399340601687
0.3,10.0,9,10,2048,2669.859803723639
0.3,10.0,9,10,2049,2300.000000000001
0.3,10.0,9,10,2050,2670.1079759592362
0.3,10.0,9,10,2051,2300.0000000000005
0.3,10.0,9,10,2052,2664.5424327563624
0.3,10.0,9,10,2053,2670.1079759592367
0.3,10.0,9,10,2054,2745.6054735939715
0.3,10.0,9,10,2055,2659.1928051808754
0.3,10.0,10,10,2026,2774.178531594869
0.3,10.0,10,10,2027,2625.612631525558
0.3,10.0,10,10,2028,2621.1220572825246
0.3,10.0,10,10,2029,2750.4631687162114
0.3,10.0,10,10,2030,2632.40071110642
0.3,10.0,10,10,2031,3740.254578923854
0.3,10.0,10,10,2032,3270.9404173996913
0.3,10.0,10,10,2033,3278.0286288705383
0.3,10.0,10,10,2034,2631.865604784848
0.3,10.0,10,10,2035,2621.19735048352
0.3,10.0,10,10,2036,2632.2700221222403
0.3,10.0,10,10,2037,2768.5695724056627
0.3,10.0,10,10,2038,2775.2905867017544
0.3,10.0,10,10,2039,4041.3459558744034
0.3,10.0,10,10,2040,2620.8726497489797
0.3,10.0,10,10,2041,2764.6828855133967
0.3,10.0,10,10,2042,2763.7297597965767
0.3,10.0,10,10,2043,2769.9741204987868
0.3,10.0,10,10,2044,2784.462036664866
0.3,10.0,10,10,2045,2625.612631525558
0.3,10.0,10,10,2046,2626.163750339449
0.3,10.0,10,10,2047,2630.070999275995
0.3,10.0,10,10,2048,2632.027885101727
0.3,10.0,10,10,2049,2777.994171470775
0.3,10.0,10,10,2050,2779.2253580875063
0.3,10.0,10,10,2051,2778.4042558148794
0.3,10.0,10,10,2052,2622.671569527992
0.3,10.0,10,10,2053,2628.6126018387686
0.3,10.0,10,10,2054,2742.6664276593224
0.3,10.0,10,10,2055,3568.5770659547443
0.3,10.0,11,10,2026,2622.4894040961285
0.3,10.0,11,10,2027,2600.0000000000005
0.3,10.0,11,10,2028,2600.0000000000005
0.3,10.0,11,10,2029,2600.0000000000005
0.3,10.0,11,10,2030,3482.358323785087
0.3,10.0,11,10,2031,2600.000000000001
0.3,10.0,11,10,2032,2600.0000000000005
0.3,10.0,11,10,2033,2600.0000000000005
0.3,10.0,11,10,2034,2600.000000000001
0.3,10.0,11,10,2035,3476.7745711634484
0.3,10.0,11,10,2036,2600.000000000001
0.3,10.0,11,10,2037,3477.8828309750597
0.3,10.0,11,10,2038,2626.668375919275
0.3,10.0,11,10,2039,2600.0000000000005
0.3,10.0,11,10,2040,2600.0000000000005
0.3,10.0,11,10,2041,2624.3560491285093
0.3,10.0,11,10,2042,2600.000000000001
0.3,10.0,11,10,2043,3479.147159344469
0.3,10.0,11,10,2044,3477.88283097506
0.3,10.0,11,10,2045,2600.000000000001
0.3,10.0,11,10,2046,3483.113911320933
0.3,10.0,11,10,2047,2600.000000000001
0.3,10.0,11,10,2048,2600.000000000001
0.3,10.0,11,10,2049,2623.116203023754
0.3,10.0,11,10,2050,2600.000000000001
0.3,10.0,11,10,2051,2600.0000000000014
0.3,10.0,11,10,2052,2600.0000000000014
0.3,10.0,11,10,2053,2600.000000000001
0.3,10.0,11,10,2054,2600.000000000001
0.3,10.0,11,10,2055,2600.0000000000005
0.3,10.0,12,10,2026,2870.77437176871
0.3,10.0,12,10,2027,2867.5808662541644
0.3,10.0,12,10,2028,2870.41285327056
0.3,10.0,12,10,2029,2869.1323668280716
0.3,10.0,12,10,2030,2954.0760458626164
0.3,10.0,12,10,2031,2872.20292004403
0.3,10.0,12,10,2032,2868.5223608820156
0.3,10.0,12,10,2033,2870.6997598888047
0.3,10.0,12,10,2034,2874.5182782443744
0.3,10.0,12,10,2035,2871.80197149756
0.3,10.0,12,10,2036,2901.2247282059716
0.3,10.0,12,10,2037,2868.917436762119
0.3,10.0,12,10,2038,2873.9002887724364
0.3,10.0,12,10,2039,2878.155964900379
0.3,10.0,12,10,2040,2869.82559028469
0.3,10.0,12,10,2041,2870.680431537223
0.3,10.0,12,10,2042,2874.219909400822
0.3,10.0,12,10,2043,2868.1816977070453
0.3,10.0,12,10,2044,2873.6154447769145
0.3,10.0,12,10,2045,2963.1625996869534
0.3,10.0,12,10,2046,2874.3042143198268
0.3,10.0,12,10,2047,2970.4512264507675
0.3,10.0,12,10,2048,2869.542561939211
0.3,10.0,12,10,2049,2880.480989586272
0.3,10.0,12,10,2050,2900.3320463595187
0.3,10.0,12,10,2051,2939.0664719136576
0.3,10.0,12,10,2052,2959.440870151273
0.3,10.0,12,10,2053,2876.251879652337
0.3,10.0,12,10,2054,2910.963494583546
0.3,10.0,12,10,2055,2865.9419002917025
0.3,30.0,1,10,2026,300.00000000000006
0.3,30.0,1,10,2027,300.0
0.3,30.0,1,10,2028,300.00000000000006
0.3,30.0,1,10,2029,300.0
0.3,30.0,1,10,2030,300.00000000000006
0.3,30.0,1,10,2031,300.00000000000006
0.3,30.0,1,10,2032,300.0
0.3,30.0,1,10,2033,300.00000000000006
0.3,30.0,1,10,2034,300.00000000000006
0.3,30.0,1,10,2035,300.00000000000006
0.3,30.0,1,10,2036,300.00000000000006
0.3,30.0,1,10,2037,300.0
0.3,30.0,1,10,2038,300.00000000000006
0.3,30.0,1,10,2039,300.00000000000006
0.3,30.0,1,10,2040,300.00000000000006
0.3,30.0,1,10,2041,300.00000000000006
0.3,30.0,1,10,2042,300.00000000000006
0.3,30.0,1,10,2043,300.0000000000002
0.3,30.0,1,10,2044,300.00000000000006
0.3,30.0,1,10,2045,300.00000000000006
0.3,30.0,1,10,2046,300.00000000000006
0.3,30.0,1,10,2047,300.0000000000001
0.3,30.0,1,10,2048,300.0000000000002
0.3,30.0,1,10,2049,300.00000000000006
0.3,30.0,1,10,2050,300.00000000000006
0.3,30.0,1,10,2051,300.0
0.3,30.0,1,10,2052,300.00000000000006
0.3,30.0,1,10,2053,300.00000000000006
0.3,30.0,1,10,2054,300.00000000000006
0.3,30.0,1,10,2055,300.00000000000006
0.3,30.0,2,10,2026,407.5541219846673
0.3,30.0,2,10,2027,404.1399403977051
0.3,30.0,2,10,2028,408.0023248862849
0.3,30.0,2,10,2029,403.98675424922436
0.3,30.0,2,10,2030,408.9161019277813
0.3,30.0,2,10,2031,408.9161019277813
0.3,30.0,2,10,2032,408.9161019277813
0.3,30.0,2,10,2033,404.8793816131312
0.3,30.0,2,10,2034,408.9161019277813
0.3,30.0,2,10,2035,408.9161019277813
0.3,30.0,2,10,2036,404.74279890610245
0.3,30.0,2,10,2037,404.6368667578617
0.3,30.0,2,10,2038,408.91610192778137
0.3,30.0,2,10,2039,404.04577636393253
0.3,30.0,2,10,2040,400.2665692488573
0.3,30.0,2,10,2041,407.5541219846672
0.3,30.0,2,10,2042,408.00232488628467
0.3,30.0,2,10,2043,419.46166079670735
0.3,30.0,2,10,2044,408.9161019277813
0.3,30.0,2,10,2045,408.91610192778137
0.3,30.0,2,10,2046,406.32371593270324
0.3,30.0,2,10,2047,408.91610192778137
0.3,30.0,2,10,2048,408.24127619926446
0.3,30.0,2,10,2049,407.55412198466723
0.3,30.0,2,10,2050,406.3237159506937
0.3,30.0,2,10,2051,470.78108387439295
0.3,30.0,2,10,2052,400.0991125571858
0.3,30.0,2,10,2053,407.5541219846672
0.3,30.0,2,10,2054,407.55412198466723
0.3,30.0,2,10,2055,404.2755193011034
0.3,30.0,3,10,2026,600.0000000000001
0.3,30.0,3,10,2027,600.0000000000001
0.3,30.0,3,10,2028,600.0000000000001
0.3,30.0,3,10,2029,600.0
0.3,30.0,3,10,2030,600.0
0.3,30.0,3,10,2031,600.0000000000001
0.3,30.0,3,10,2032,600.0000000000001
0.3,30.0,3,10,2033,600.0000000000001
0.3,30.0,3,10,2034,600.0
0.3,30.0,3,10,2035,600.0000000000001
0.3,30.0,3,10,2036,600.0000000000001
0.3,30.0,3,10,2037,600.0
0.3,30.0,3,10,2038,600.0000000000001
0.3,30.0,3,10,2039,600.0
0.3,30.0,3,10,2040,600.0000000000007
0.3,30.0,3,10,2041,600.0
0.3,30.0,3,10,2042,600.0
0.3,30.0,3,10,2043,600.0
0.3,30.0,3,10,2044,600.0
0.3,30.0,3,10,2045,600.0
0.3,30.0,3,10,2046,600.0
0.3,30.0,3,10,2047,600.0000000000001
0.3,30.0,3,10,2048,600.0
0.3,30.0,3,10,2049,600.0
0.3,30.0,3,10,2050,600.0000000000001
0.3,30.0,3,10,2051,600.0
0.3,30.0,3,10,2052,600.0000000000001
0.3,30.0,3,10,2053,600.0
0.3,30.0,3,10,2054,600.0000000000002
0.3,30.0,3,10,2055,600.0
0.3,30.0,4,10,2026,820.0
0.3,30.0,4,10,2027,986.0
0.3,30.0,4,10,2028,884.0
0.3,30.0,4,10,2029,818.0
0.3,30.0,4,10,2030,834.0
0.3,30.0,4,10,2031,876.0
0.3,30.0,4,10,2032,858.0000000000002
0.3,30.0,4,10,2033,902.0
0.3,30.0,4,10,2034,892.0
0.3,30.0,4,10,2035,862.0000000000003
0.3,30.0,4,10,2036,874.0
0.3,30.0,4,10,2037,900.0
0.3,30.0,4,10,2038,960.0
0.3,30.0,4,10,2039,862.0
0.3,30.0,4,10,2040,896.0
0.3,30.0,4,10,2041,852.0
0.3,30.0,4,10,2042,840.0
0.3,30.0,4,10,2043,842.0000000000001
0.3,30.0,4,10,2044,840.0
0.3,30.0,4,10,2045,834.0
0.3,30.0,4,10,2046,860.0
0.3,30.0,4,10,2047,830.0
0.3,30.0,4,10,2048,828.0
0.3,30.0,4,10,2049,932.0
0.3,30.0,4,10,2050,884.0
0.3,30.0,4,10,2051,938.0
0.3,30.0,4,10,2052,920.0
0.3,30.0,4,10,2053,868.0
0.3,30.0,4,10,2054,830.0
0.3,30.0,4,10,2055,874.0
0.3,30.0,5,10,2026,905.089510525046
0.3,30.0,5,10,2027,901.5175638645844
0.3,30.0,5,10,2028,900.5438522690079
0.3,30.0,5,10,2029,901.087704538015
0.3,30.0,5,10,2030,900.9086480371834
0.3,30.0,5,10,2031,900.0000000000007
0.3,30.0,5,10,2032,900.5438522690075
0.3,30.0,5,10,2033,904.3178152814343
0.3,30.0,5,10,2034,900.0895282504173
0.3,30.0,5,10,2035,900.4543240185913
0.3,30.0,5,10,2036,900.9086480371831
0.3,30.0,5,10,2037,900.9086480371831
0.3,30.0,5,10,2038,905.49319902332
0.3,30.0,5,10,2039,900.6333805194242
0.3,30.0,5,10,2040,902.6580645436384
0.3,30.0,5,10,2041,906.3213998375837
0.3,30.0,5,10,2042,902.4896076585975
0.3,30.0,5,10,2043,905.6453899407974
0.3,30.0,5,10,2044,900.0895282504167
0.3,30.0,5,10,2045,903.4877839461956
0.3,30.0,5,10,2046,903.1760245890572
0.3,30.0,5,10,2047,900.0000000000002
0.3,30.0,5,10,2048,900.0895282504166
0.3,30.0,5,10,2049,901.727746668036
0.3,30.0,5,10,2050,900.908648037183
0.3,30.0,5,10,2051,900.0895282504167
0.3,30.0,5,10,2052,903.175190496412
0.3,30.0,5,10,2053,900.1790565008448
0.3,30.0,5,10,2054,900.633380519425
0.3,30.0,5,10,2055,900.0895282504168
0.3,30.0,6,10,2026,2509.815766211148
0.3,30.0,6,10,2027,15614.961097883694
0.3,30.0,6,10,2028,19602.123776624256
0.3,30.0,6,10,2029,8184.623024985873
0.3,30.0,6,10,2030,6569.792591500834
0.3,30.0,6,10,2031,26410.05170200747
0.3,30.0,6,10,2032,33882.695408274274
0.3,30.0,6,10,2033,24389.591689660403
0.3,30.0,6,10,2034,38822.41605773051
0.3,30.0,6,10,2035,29597.01199545776
0.3,30.0,6,10,2036,48649.29514469971
0.3,30.0,6,10,2037,3315.0707601827144
0.3,30.0,6,10,2038,32609.087768497884
0.3,30.0,6,10,2039,2503.7504013847315
0.3,30.0,6,10,2040,2640.9851719756034
0.3,30.0,6,10,2041,5150.201951623234
0.3,30.0,6,10,2042,32028.474188605178
0.3,30.0,6,10,2043,7103.382405593462
0.3,30.0,6,10,2044,15292.45758787823
0.3,30.0,6,10,2045,10427.60024948438
0.3,30.0,6,10,2046,17330.790938017348
0.3,30.0,6,10,2047,4318.773833979323
0.3,30.0,6,10,2048,8095.721532928223
0.3,30.0,6,10,2049,2769.825140176527
0.3,30.0,6,10,2050,9018.497499890864
0.3,30.0,6,10,2051,8896.08945148217
0.3,30.0,6,10,2052,37915.70984264434
0.3,30.0,6,10,2053,20019.211841687364
0.3,30.0,6,10,2054,44319.29299970664
0.3,30.0,6,10,2055,33961.493042194
0.3,30.0,7,10,2026,2130.77193285651
0.3,30.0,7,10,2027,2020.087368103249
0.3,30.0,7,10,2028,2157.5722888140813
0.3,30.0,7,10,2029,2021.508931958787
0.3,30.0,7,10,2030,2040.4001917914798
0.3,30.0,7,10,2031,2069.7469929512977
0.3,30.0,7,10,2032,2021.494959026743
0.3,30.0,7,10,2033,2131.2670722305943
0.3,30.0,7,10,2034,2028.4596623619066
0.3,30.0,7,10,2035,2025.0283798752628
0.3,30.0,7,10,2036,2024.0257236211871
0.3,30.0,7,10,2037,2029.3990714896681
0.3,30.0,7,10,2038,2030.1062767263354
0.3,30.0,7,10,2039,2029.130638860337
0.3,30.0,7,10,2040,2140.6789530587785
0.3,30.0,7,10,2041,2032.149862467909
0.3,30.0,7,10,2042,2130.2755645797242
0.3,30.0,7,10,2043,2129.2118002867387
0.3,30.0,7,10,2044,2132.3634447738227
0.3,30.0,7,10,2045,2120.797673961828
0.3,30.0,7,10,2046,2023.982275705137
0.3,30.0,7,10,2047,2045.3158269096477
0.3,30.0,7,10,2048,2025.0209197707507
0.3,30.0,7,10,2049,2024.4771892255098
0.3,30.0,7,10,2050,2026.8675094080058
0.3,30.0,7,10,2051,2122.5487800060737
0.3,30.0,7,10,2052,2026.8372932444852
0.3,30.0,7,10,2053,2028.4823804903176
0.3,30.0,7,10,2054,2162.7790266610637
0.3,30.0,7,10,2055,2131.8553360507094
0.3,30.0,8,10,2026,2220.552187035624
0.3,30.0,8,10,2027,2221.8044326178924
0.3,30.0,8,10,2028,2225.09371770415
0.3,30.0,8,10,2029,2223.018326919805
0.3,30.0,8,10,2030,2227.1111872701463
0.3,30.0,8,10,2031,2221.6901922128404
0.3,30.0,8,10,2032,2682.710858430422
0.3,30.0,8,10,2033,2225.0326082898796
0.3,30.0,8,10,2034,2222.9745009696844
0.3,30.0,8,10,2035,2239.089105028759
0.3,30.0,8,10,2036,2632.117051782312
0.3,30.0,8,10,2037,2230.1986481905965
0.3,30.0,8,10,2038,2223.237373199992
0.3,30.0,8,10,2039,2222.271065247712
0.3,30.0,8,10,2040,2224.314725489133
0.3,30.0,8,10,2041,2224.1676194230968
0.3,30.0,8,10,2042,2235.6825353675063
0.3,30.0,8,10,2043,2222.398526977098
0.3,30.0,8,10,2044,2221.5558156789343
0.3,30.0,8,10,2045,2226.033616049236
0.3,30.0,8,10,2046,2224.2953094398063
0.3,30.0,8,10,2047,2304.2226652057275
0.3,30.0,8,10,2048,2223.6342472285414
0.3,30.0,8,10,2049,2222.7288392515848
0.3,30.0,8,10,2050,2223.1422204494775
0.3,30.0,8,10,2051,2222.8364699992712
0.3,30.0,8,10,2052,2222.646331504429
0.3,30.0,8,10,2053,2221.4579387506033
0.3,30.0,8,10,2054,2227.6159731698476
0.3,30.0,8,10,2055,2223.7953500828316
0.3,30.0,9,10,2026,2670.1079759592376
0.3,30.0,9,10,2027,2300.000000000001
0.3,30.0,9,10,2028,2670.107975959236
0.3,30.0,9,10,2029,2659.192805180884
0.3,30.0,9,10,2030,2659.1928051808695
0.3,30.0,9,10,2031,2664.5424327561977
0.3,30.0,9,10,2032,2670.107975959236
0.3,30.0,9,10,2033,2300.000000000001
0.3,30.0,9,10,2034,2753.128332667188
0.3,30.0,9,10,2035,2300.0000000000005
0.3,30.0,9,10,2036,2745.605473593972
0.3,30.0,9,10,2037,2669.859803723639
0.3,30.0,9,10,2038,2666.9081428780282
0.3,30.0,9,10,2039,2941.0124055797532
0.3,30.0,9,10,2040,2680.239934060168
0.3,30.0,9,10,2041,2659.094344780362
0.3,30.0,9,10,2042,2664.542432756202
0.3,30.0,9,10,2043,2659.1928051808754
0.3,30.0,9,10,2044,2670.107975959236
0.3,30.0,9,10,2045,2664.542432756248
0.3,30.0,9,10,2046,2745.605473593971
0.3,30.0,9,10,2047,2670.1079759592367
0.3,30.0,9,10,2048,2670.107975959236
0.3,30.0,9,10,2049,2300.0000000000014
0.3,30.0,9,10,2050,2664.5424327562077
0.3,30.0,9,10,2051,2300.0000000000005
0.3,30.0,9,10,2052,2670.1079759592353
0.3,30.0,9,10,2053,2670.1079759592353
0.3,30.0,9,10,2054,2670.1079759592353
0.3,30.0,9,10,2055,2659.0943447803747
0.3,30.0,10,10,2026,2774.178531594869
0.3,30.0,10,10,2027,2628.870942939829
0.3,30.0,10,10,2028,2627.9100284806054
0.3,30.0,10,10,2029,2765.827098815401
0.3,30.0,10,10,2030,2642.0721861847537
0.3,30.0,10,10,2031,3740.254578923853
0.3,30.0,10,10,2032,3270.939856212885
0.3,30.0,10,10,2033,3278.0286288705393
0.3,30.0,10,10,2034,2631.8675153540735
0.3,30.0,10,10,2035,2627.2576924159494
0.3,30.0,10,10,2036,2627.846598394746
0.3,30.0,10,10,2037,2768.5695724056627
0.3,30.0,10,10,2038,2775.290586701754
0.3,30.0,10,10,2039,4080.89802908378
0.3,30.0,10,10,2040,2625.246822891513
0.3,30.0,10,10,2041,2764.6828855133963
0.3,30.0,10,10,2042,2763.7297597965794
0.3,30.0,10,10,2043,2769.9741204987868
0.3,30.0,10,10,2044,2784.4620366648664
0.3,30.0,10,10,2045,2625.612631525558
0.3,30.0,10,10,2046,2629.191147597369
0.3,30.0,10,10,2047,2623.7332364304066
0.3,30.0,10,10,2048,2632.0932835230624
0.3,30.0,10,10,2049,2777.994171470775
0.3,30.0,10,10,2050,2779.2171097615305
0.3,30.0,10,10,2051,2778.4042558148794
0.3,30.0,10,10,2052,2622.6720410181656
0.3,30.0,10,10,2053,2625.209007131891
0.3,30.0,10,10,2054,2742.6664276593224
0.3,30.0,10,10,2055,3627.17522987762
0.3,30.0,11,10,2026,2622.3828694866984
0.3,30.0,11,10,2027,2600.0000000000014
0.3,30.0,11,10,2028,2622.4255962459574
0.3,30.0,11,10,2029,2624.074645905943
0.3,30.0,11,10,2030,3483.113911320933
0.3,30.0,11,10,2031,2622.268939865931
0.3,30.0,11,10,2032,2600.000000000001
0.3,30.0,11,10,2033,2600.0000000000023
0.3,30.0,11,10,2034,2600.0000000000005
0.3,30.0,11,10,2035,3476.718428502247
0.3,30.0,11,10,2036,2600.000000000001
0.3,30.0,11,10,2037,3482.358323785088
0.3,30.0,11,10,2038,2626.602963880619
0.3,30.0,11,10,2039,2600.0000000000014
0.3,30.0,11,10,2040,2600.0000000000014
0.3,30.0,11,10,2041,2621.072377922809
0.3,30.0,11,10,2042,2600.0000000000023
0.3,30.0,11,10,2043,3477.88283097506
0.3,30.0,11,10,2044,3477.8828309750606
0.3,30.0,11,10,2045,2600.0000000000014
0.3,30.0,11,10,2046,3483.113911320933
0.3,30.0,11,10,2047,2600.0000000000005
0.3,30.0,11,10,2048,2600.0000000000014
0.3,30.0,11,10,2049,2623.4308474762415
0.3,30.0,11,10,2050,2621.4424523266985
0.3,30.0,11,10,2051,2600.0000000000005
0.3,30.0,11,10,2052,2629.462821577849
0.3,30.0,11,10,2053,2600.0000000000014
0.3,30.0,11,10,2054,2600.000000000004
0.3,30.0,11,10,2055,2600.0000000000014
0.3,30.0,12,10,2026,2871.6808645380415
0.3,30.0,12,10,2027,2867.278719595952
0.3,30.0,12,10,2028,2870.412853977225
0.3,30.0,12,10,2029,2869.132366828071
0.3,30.0,12,10,2030,2935.506849905082
0.3,30.0,12,10,2031,2872.6412392926036
0.3,30.0,12,10,2032,2868.0164980393647
0.3,30.0,12,10,2033,2874.645007941407
0.3,30.0,12,10,2034,2874.5185086811616
0.3,30.0,12,10,2035,2871.772864767328
0.3,30.0,12,10,2036,2901.224713095912
0.3,30.0,12,10,2037,2868.8281940701745
0.3,30.0,12,10,2038,2866.9879364490225
0.3,30.0,12,10,2039,2915.3086852366387
0.3,30.0,12,10,2040,2869.8255885611525
0.3,30.0,12,10,2041,2870.6804285944945
0.3,30.0,12,10,2042,2874.0541626556715
0.3,30.0,12,10,2043,2867.1557169157013
0.3,30.0,12,10,2044,2873.6154425860223
0.3,30.0,12,10,2045,2963.2766460767766
0.3,30.0,12,10,2046,2873.8448688613594
0.3,30.0,12,10,2047,2969.9020608405135
0.3,30.0,12,10,2048,2866.685197118317
0.3,30.0,12,10,2049,2880.480989671607
0.3,30.0,12,10,2050,2870.774356276983
0.3,30.0,12,10,2051,2871.565664050933
0.3,30.0,12,10,2052,2923.8480652139483
0.3,30.0,12,10,2053,2876.251879652337
0.3,30.0,12,10,2054,2910.9641736734093
0.3,30.0,12,10,2055,2865.9588820407907
