p_target,s_max,fid,dim,seed,f
0.1,3.0,1,10,2026,300.00000000000017
0.1,3.0,1,10,2027,300.00000000000006
0.1,3.0,1,10,2028,300.00000000000006
0.1,3.0,1,10,2029,300.00000000000006
0.1,3.0,1,10,2030,300.00000000000006
0.1,3.0,1,10,2031,300.00000000000006
0.1,3.0,1,10,2032,300.00000000000006
0.1,3.0,1,10,2033,300.00000000000006
0.1,3.0,1,10,2034,300.00000000000006
0.1,3.0,1,10,2035,300.0
0.1,3.0,1,10,2036,300.00000000000006
0.1,3.0,1,10,2037,300.0
0.1,3.0,1,10,2038,300.0
0.1,3.0,1,10,2039,300.00000000000006
0.1,3.0,1,10,2040,300.0
0.1,3.0,1,10,2041,300.00000000000006
0.1,3.0,1,10,2042,300.00000000000006
0.1,3.0,1,10,2043,300.00000000000006
0.1,3.0,1,10,2044,300.00000000000006
0.1,3.0,1,10,2045,300.0
0.1,3.0,1,10,2046,300.00000000000006
0.1,3.0,1,10,2047,300.00000000000006
0.1,3.0,1,10,2048,300.0000000000001
0.1,3.0,1,10,2049,300.00000000000006
0.1,3.0,1,10,2050,300.00000000000006
0.1,3.0,1,10,2051,300.0
0.1,3.0,1,10,2052,300.00000000000006
0.1,3.0,1,10,2053,300.00000000000006
0.1,3.0,1,10,2054,300.00000000000006
0.1,3.0,1,10,2055,300.00000000000006
0.1,3.0,2,10,2026,408.9161019277813
0.1,3.0,2,10,2027,404.1159753528301
0.1,3.0,2,10,2028,404.6770481584006
0.1,3.0,2,10,2029,408.9161019277813
0.1,3.0,2,10,2030,404.1745464883455
0.1,3.0,2,10,2031,404.301608828214
0.1,3.0,2,10,2032,407.55412198466723
0.1,3.0,2,10,2033,408.9161019277813
0.1,3.0,2,10,2034,408.91610192778137
0.1,3.0,2,10,2035,400.3851109227156
0.1,3.0,2,10,2036,400.1708790795364
0.1,3.0,2,10,2037,408.9161019277814
0.1,3.0,2,10,2038,408.91610192778137
0.1,3.0,2,10,2039,408.91610192778137
0.1,3.0,2,10,2040,408.9161019277813
0.1,3.0,2,10,2041,407.55412198466723
0.1,3.0,2,10,2042,493.4939510564532
0.1,3.0,2,10,2043,407.9099114152651
0.1,3.0,2,10,2044,408.91610192778137
0.1,3.0,2,10,2045,400.07853784289244
0.1,3.0,2,10,2046,404.4377457496182
0.1,3.0,2,10,2047,488.72064848382513
0.1,3.0,2,10,2048,406.3237159352564
0.1,3.0,2,10,2049,400.38511092271557
0.1,3.0,2,10,2050,400.02830719521666
0.1,3.0,2,10,2051,400.1338026655347
0.1,3.0,2,10,2052,408.91610192778137
0.1,3.0,2,10,2053,400.00060479409774
0.1,3.0,2,10,2054,407.9099114152652
0.1,3.0,2,10,2055,408.9161019277813
0.1,3.0,3,10,2026,600.0000000000001
0.1,3.0,3,10,2027,600.0
0.1,3.0,3,10,2028,600.0000000000001
0.1,3.0,3,10,2029,600.0
0.1,3.0,3,10,2030,600.0
0.1,3.0,3,10,2031,600.0000000000001
0.1,3.0,3,10,2032,600.0
0.1,3.0,3,10,2033,600.0000000000001
0.1,3.0,3,10,2034,600.0000000000002
0.1,3.0,3,10,2035,600.0000000000002
0.1,3.0,3,10,2036,600.0000000000001
0.1,3.0,3,10,2037,600.0000000000003
0.1,3.0,3,10,2038,600.0000000000001
0.1,3.0,3,10,2039,600.0000000000001
0.1,3.0,3,10,2040,600.0000000000001
0.1,3.0,3,10,2041,600.0
0.1,3.0,3,10,2042,600.0000000000001
0.1,3.0,3,10,2043,600.0
0.1,3.0,3,10,2044,600.0000000000001
0.1,3.0,3,10,2045,600.0
0.1,3.0,3,10,2046,600.0000000000001
0.1,3.0,3,10,2047,600.0
0.1,3.0,3,10,2048,600.0
0.1,3.0,3,10,2049,600.0
0.1,3.0,3,10,2050,600.0
0.1,3.0,3,10,2051,600.0000000000001
0.1,3.0,3,10,2052,600.0000000000001
0.1,3.0,3,10,2053,600.0000000000001
0.1,3.0,3,10,2054,600.0
0.1,3.0,3,10,2055,600.0000000000001
0.1,3.0,4,10,2026,858.0
0.1,3.0,4,10,2027,866.0000000000002
0.1,3.0,4,10,2028,834.0
0.1,3.0,4,10,2029,884.0000000009694
0.1,3.0,4,10,2030,846.0000000000001
0.1,3.0,4,10,2031,854.0
0.1,3.0,4,10,2032,840.0
0.1,3.0,4,10,2033,810.0
0.1,3.0,4,10,2034,842.0
0.1,3.0,4,10,2035,846.0
0.1,3.0,4,10,2036,846.0
0.1,3.0,4,10,2037,842.0
0.1,3.0,4,10,2038,902.0
0.1,3.0,4,10,2039,852.0
0.1,3.0,4,10,2040,886.0
0.1,3.0,4,10,2041,834.0
0.1,3.0,4,10,2042,900.0
0.1,3.0,4,10,2043,826.0
0.1,3.0,4,10,2044,872.0
0.1,3.0,4,10,2045,830.0
0.1,3.0,4,10,2046,838.0
0.1,3.0,4,10,2047,870.0
0.1,3.0,4,10,2048,840.0
0.1,3.0,4,10,2049,880.0
0.1,3.0,4,10,2050,876.0
0.1,3.0,4,10,2051,890.0
0.1,3.0,4,10,2052,894.0000000000358
0.1,3.0,4,10,2053,862.0000000000553
0.1,3.0,4,10,2054,846.0000000000109
0.1,3.0,4,10,2055,832.0
0.1,3.0,5,10,2026,900.9737115955769
0.1,3.0,5,10,2027,900.9086480371841
0.1,3.0,5,10,2028,900.4543240185914
0.1,3.0,5,10,2029,900.0000000000001
0.1,3.0,5,10,2030,900.5438522690082
0.1,3.0,5,10,2031,900.4543240185928
0.1,3.0,5,10,2032,901.727846074201
0.1,3.0,5,10,2033,900.9981762875993
0.1,3.0,5,10,2034,900.5438522690081
0.1,3.0,5,10,2035,900.0000000000001
0.1,3.0,5,10,2036,900.5438522690079
0.1,3.0,5,10,2037,900.9981762875991
0.1,3.0,5,10,2038,900.9086480371831
0.1,3.0,5,10,2039,900.4543240185915
0.1,3.0,5,10,2040,900.4543240185918
0.1,3.0,5,10,2041,900.5438522690076
0.1,3.0,5,10,2042,900.9086480371897
0.1,3.0,5,10,2043,900.7229087698407
0.1,3.0,5,10,2044,901.8823596327585
0.1,3.0,5,10,2045,900.0895282504168
0.1,3.0,5,10,2046,900.4543240185926
0.1,3.0,5,10,2047,903.1568057858722
0.1,3.0,5,10,2048,900.454324018591
0.1,3.0,5,10,2049,900.0895282504172
0.1,3.0,5,10,2050,900.9086480371831
0.1,3.0,5,10,2051,900.5438522690092
0.1,3.0,5,10,2052,900.0000000000003
0.1,3.0,5,10,2053,900.5438522690085
0.1,3.0,5,10,2054,900.9086480371848
0.1,3.0,5,10,2055,900.0000000000002
0.1,3.0,6,10,2026,12083.316255353971
0.1,3.0,6,10,2027,6310.786122449645
0.1,3.0,6,10,2028,21146.86324358962
0.1,3.0,6,10,2029,3017.940876410278
0.1,3.0,6,10,2030,29006.962671461835
0.1,3.0,6,10,2031,3562.237735593107
0.1,3.0,6,10,2032,9021.06740993428
0.1,3.0,6,10,2033,15459.58583154961
0.1,3.0,6,10,2034,9229.625567885792
0.1,3.0,6,10,2035,6763.502406877554
0.1,3.0,6,10,2036,8170.3353907381725
0.1,3.0,6,10,2037,7922.9096596097315
0.1,3.0,6,10,2038,5894.04160497488
0.1,3.0,6,10,2039,2795.6477932440985
0.1,3.0,6,10,2040,4046.473527403537
0.1,3.0,6,10,2041,27782.443135468944
0.1,3.0,6,10,2042,19733.90176480148
0.1,3.0,6,10,2043,8761.265616909897
0.1,3.0,6,10,2044,16640.98026719563
0.1,3.0,6,10,2045,20749.00747172813
0.1,3.0,6,10,2046,8090.796650420019
0.1,3.0,6,10,2047,44395.49732917253
0.1,3.0,6,10,2048,55770.92027651412
0.1,3.0,6,10,2049,15966.704125235156
0.1,3.0,6,10,2050,2489.045600093135
0.1,3.0,6,10,2051,45303.8423308386
0.1,3.0,6,10,2052,6099.476200904557
0.1,3.0,6,10,2053,3959.8889647776214
0.1,3.0,6,10,2054,25822.646252360166
0.1,3.0,6,10,2055,20670.591697194766
0.1,3.0,7,10,2026,2142.0712770518244
0.1,3.0,7,10,2027,2025.4747902416311
0.1,3.0,7,10,2028,2007.554730077321
0.1,3.0,7,10,2029,2120.1582427313797
0.1,3.0,7,10,2030,2027.0601308253226
0.1,3.0,7,10,2031,2028.6306877080667
0.1,3.0,7,10,2032,2025.0170578395284
0.1,3.0,7,10,2033,2028.4597456978997
0.1,3.0,7,10,2034,2021.4891834579382
0.1,3.0,7,10,2035,2022.2765079473902
0.1,3.0,7,10,2036,2121.7831002561197
0.1,3.0,7,10,2037,2028.954420728197
0.1,3.0,7,10,2038,2022.4949190914654
0.1,3.0,7,10,2039,2021.0412374455404
0.1,3.0,7,10,2040,2134.8285351549493
0.1,3.0,7,10,2041,2022.4498299365625
0.1,3.0,7,10,2042,2024.0778981152503
0.1,3.0,7,10,2043,2021.4949127941964
0.1,3.0,7,10,2044,2025.4975083295499
0.1,3.0,7,10,2045,2010.449611091062
0.1,3.0,7,10,2046,2029.9690558276204
0.1,3.0,7,10,2047,2025.4975083293555
0.1,3.0,7,10,2048,2023.8771787862102
0.1,3.0,7,10,2049,2021.4949591544153
0.1,3.0,7,10,2050,2021.0876475332434
0.1,3.0,7,10,2051,2128.8149637453666
0.1,3.0,7,10,2052,2029.4238052865421
0.1,3.0,7,10,2053,2030.9451056332825
0.1,3.0,7,10,2054,2022.363063983539
0.1,3.0,7,10,2055,2026.5789295926652
0.1,3.0,8,10,2026,2221.01012264859
0.1,3.0,8,10,2027,2221.7088281390147
0.1,3.0,8,10,2028,2218.154593111774
0.1,3.0,8,10,2029,2223.193638016872
0.1,3.0,8,10,2030,2221.434886839762
0.1,3.0,8,10,2031,2222.5092501965596
0.1,3.0,8,10,2032,2222.8728738029904
0.1,3.0,8,10,2033,2221.2488467974385
0.1,3.0,8,10,2034,2220.5997776080767
0.1,3.0,8,10,2035,2221.801299604012
0.1,3.0,8,10,2036,2221.7671472531006
0.1,3.0,8,10,2037,2225.314766203187
0.1,3.0,8,10,2038,2630.626178422093
0.1,3.0,8,10,2039,2221.533074071562
0.1,3.0,8,10,2040,2222.2436680615883
0.1,3.0,8,10,2041,2221.4388332329468
0.1,3.0,8,10,2042,2221.204416731246
0.1,3.0,8,10,2043,2628.512919395471
0.1,3.0,8,10,2044,2222.224468333731
0.1,3.0,8,10,2045,2638.2238237228094
0.1,3.0,8,10,2046,2222.9217598773907
0.1,3.0,8,10,2047,2221.2194197980707
0.1,3.0,8,10,2048,2221.292163112559
0.1,3.0,8,10,2049,2223.7995690064463
0.1,3.0,8,10,2050,2224.454081590755
0.1,3.0,8,10,2051,2223.3142720543574
0.1,3.0,8,10,2052,2221.1592404687926
0.1,3.0,8,10,2053,2201.8937368370766
0.1,3.0,8,10,2054,2321.3778820937164
0.1,3.0,8,10,2055,2220.260784624567
0.1,3.0,9,10,2026,2669.8598037236397
0.1,3.0,9,10,2027,2670.107975959236
0.1,3.0,9,10,2028,2659.1928051809073
0.1,3.0,9,10,2029,2665.4704608078487
0.1,3.0,9,10,2030,2659.094344780367
0.1,3.0,9,10,2031,2659.192805180998
0.1,3.0,9,10,2032,2665.470538129355
0.1,3.0,9,10,2033,2659.0943447803847
0.1,3.0,9,10,2034,2665.470460906875
0.1,3.0,9,10,2035,2669.8598037236393
0.1,3.0,9,10,2036,2670.1079759592362
0.1,3.0,9,10,2037,2659.0943447804793
0.1,3.0,9,10,2038,2670.107975959236
0.1,3.0,9,10,2039,3009.2535230782173
0.1,3.0,9,10,2040,2664.542432756199
0.1,3.0,9,10,2041,2680.156591799063
0.1,3.0,9,10,2042,2669.85980372364
0.1,3.0,9,10,2043,2300.000000000002
0.1,3.0,9,10,2044,2742.4477618165633
0.1,3.0,9,10,2045,2664.542432756208
0.1,3.0,9,10,2046,2670.107975959236
0.1,3.0,9,10,2047,2664.5424327562687
0.1,3.0,9,10,2048,2669.85980372364
0.1,3.0,9,10,2049,2659.192805180872
0.1,3.0,9,10,2050,2664.542432756214
0.1,3.0,9,10,2051,2669.8598037236425
0.1,3.0,9,10,2052,2670.107975959236
0.1,3.0,9,10,2053,2666.9081428772956
0.1,3.0,9,10,2054,2670.107975959236
0.1,3.0,9,10,2055,2669.8598037236397
0.1,3.0,10,10,2026,2741.518099232375
0.1,3.0,10,10,2027,2622.537687492699
0.1,3.0,10,10,2028,2621.422623009133
0.1,3.0,10,10,2029,2727.548231664358
0.1,3.0,10,10,2030,2621.855262935436
0.1,3.0,10,10,2031,2622.537687492699
0.1,3.0,10,10,2032,2622.432070831733
0.1,3.0,10,10,2033,2994.0404430717263
0.1,3.0,10,10,2034,2623.629671792412
0.1,3.0,10,10,2035,2620.8726497489797
0.1,3.0,10,10,2036,2623.1372499779854
0.1,3.0,10,10,2037,2728.923389164548
0.1,3.0,10,10,2038,2766.7183664080794
0.1,3.0,10,10,2039,2739.424752567296
0.1,3.0,10,10,2040,2621.122057282524
0.1,3.0,10,10,2041,2878.755149999042
0.1,3.0,10,10,2042,2768.537747152748
0.1,3.0,10,10,2043,2762.448204796463
0.1,3.0,10,10,2044,2718.1259704101285
0.1,3.0,10,10,2045,2621.1220572825246
0.1,3.0,10,10,2046,2627.8448618012794
0.1,3.0,10,10,2047,2623.534288399545
0.1,3.0,10,10,2048,2626.299564780596
0.1,3.0,10,10,2049,2731.197547540303
0.1,3.0,10,10,2050,2771.1015442610787
0.1,3.0,10,10,2051,2623.5344128279094
0.1,3.0,10,10,2052,2622.671009649742
0.1,3.0,10,10,2053,3051.988354533235
0.1,3.0,10,10,2054,2735.214655324355
0.1,3.0,10,10,2055,4220.250883846902
0.1,3.0,11,10,2026,3479.1471601105604
0.1,3.0,11,10,2027,2600.000000000001
0.1,3.0,11,10,2028,2600.000000000001
0.1,3.0,11,10,2029,3477.286879182031
0.1,3.0,11,10,2030,3476.45864448491
0.1,3.0,11,10,2031,3476.993286665764
0.1,3.0,11,10,2032,2600.0000000000005
0.1,3.0,11,10,2033,2600.0000000000014
0.1,3.0,11,10,2034,2600.0000000000027
0.1,3.0,11,10,2035,3476.0688983265486
0.1,3.0,11,10,2036,2600.0000000000005
0.1,3.0,11,10,2037,2600.000000000001
0.1,3.0,11,10,2038,2621.8939416307767
0.1,3.0,11,10,2039,2617.394645425255
0.1,3.0,11,10,2040,2600.000000000001
0.1,3.0,11,10,2041,2600.000000000001
0.1,3.0,11,10,2042,2600.0000000000014
0.1,3.0,11,10,2043,3477.4088689844248
0.1,3.0,11,10,2044,3477.941788224063
0.1,3.0,11,10,2045,2600.0000000000014
0.1,3.0,11,10,2046,2600.0000000000055
0.1,3.0,11,10,2047,2600.000000000001
0.1,3.0,11,10,2048,2600.000000000002
0.1,3.0,11,10,2049,3479.815991687641
0.1,3.0,11,10,2050,2600.000000000002
0.1,3.0,11,10,2051,2600.000000000001
0.1,3.0,11,10,2052,2619.017355969195
0.1,3.0,11,10,2053,2600.0000000000005
0.1,3.0,11,10,2054,2600.000000000001
0.1,3.0,11,10,2055,2600.0000000000005
0.1,3.0,12,10,2026,2940.377411745795
0.1,3.0,12,10,2027,2873.0840628439505
0.1,3.0,12,10,2028,2883.4904735961036
0.1,3.0,12,10,2029,2870.535349385904
0.1,3.0,12,10,2030,2868.2577533804265
0.1,3.0,12,10,2031,2868.1816518580695
0.1,3.0,12,10,2032,2872.928123568935
0.1,3.0,12,10,2033,2875.053161853727
0.1,3.0,12,10,2034,2930.362320471072
0.1,3.0,12,10,2035,2865.4300495414996
0.1,3.0,12,10,2036,2878.561116429942
0.1,3.0,12,10,2037,2866.422902691864
0.1,3.0,12,10,2038,2872.263811025154
0.1,3.0,12,10,2039,2873.3074280554747
0.1,3.0,12,10,2040,2871.358575306419
0.1,3.0,12,10,2041,2867.6564600263737
0.1,3.0,12,10,2042,2866.4918077656553
0.1,3.0,12,10,2043,2987.956306619084
0.1,3.0,12,10,2044,2865.9500863464355
0.1,3.0,12,10,2045,2870.278858985005
0.1,3.0,12,10,2046,2866.400143414477
0.1,3.0,12,10,2047,2887.952791972226
0.1,3.0,12,10,2048,2866.999040027689
0.1,3.0,12,10,2049,2885.0027804659658
0.1,3.0,12,10,2050,2866.9992501813167
0.1,3.0,12,10,2051,2939.2806052644714
0.1,3.0,12,10,2052,2921.4056739247912
0.1,3.0,12,10,2053,2987.8215715968004
0.1,3.0,12,10,2054,2873.0768826847398
0.1,3.0,12,10,2055,2865.5960685322207
0.1,10.0,1,10,2026,300.0
0.1,10.0,1,10,2027,300.00000000000006
0.1,10.0,1,10,2028,300.00000000000006
0.1,10.0,1,10,2029,300.00000000000006
0.1,10.0,1,10,2030,300.00000000000006
0.1,10.0,1,10,2031,300.0000000000002
0.1,10.0,1,10,2032,300.00000000000006
0.1,10.0,1,10,2033,300.00000000000017
0.1,10.0,1,10,2034,300.0
0.1,10.0,1,10,2035,300.00000000000006
0.1,10.0,1,10,2036,300.0
0.1,10.0,1,10,2037,300.00000000000006
0.1,10.0,1,10,2038,300.00000000000006
0.1,10.0,1,10,2039,300.0000000000001
0.1,10.0,1,10,2040,300.00000000000006
0.1,10.0,1,10,2041,300.00000000000006
0.1,10.0,1,10,2042,300.0
0.1,10.0,1,10,2043,300.0
0.1,10.0,1,10,2044,300.0
0.1,10.0,1,10,2045,300.0
0.1,10.0,1,10,2046,300.00000000000006
0.1,10.0,1,10,2047,300.00000000000006
0.1,10.0,1,10,2048,300.0
0.1,10.0,1,10,2049,300.0
0.1,10.0,1,10,2050,300.00000000000006
0.1,10.0,1,10,2051,300.0
0.1,10.0,1,10,2052,300.0
0.1,10.0,1,10,2053,300.00000000000006
0.1,10.0,1,10,2054,300.00000000000006
0.1,10.0,1,10,2055,300.00000000000006
0.1,10.0,2,10,2026,408.00232488628467
0.1,10.0,2,10,2027,404.3745885822657
0.1,10.0,2,10,2028,407.55412198466723
0.1,10.0,2,10,2029,408.91610192778137
0.1,10.0,2,10,2030,405.0799689950996
0.1,10.0,2,10,2031,405.35428855741606
0.1,10.0,2,10,2032,405.18080296475364
0.1,10.0,2,10,2033,405.0913510776029
0.1,10.0,2,10,2034,404.04042571042197
0.1,10.0,2,10,2035,407.5541219846673
0.1,10.0,2,10,2036,400.02851868467354
0.1,10.0,2,10,2037,405.7739988372517
0.1,10.0,2,10,2038,408.91610192778137
0.1,10.0,2,10,2039,408.91610192778137
0.1,10.0,2,10,2040,408.9161019277813
0.1,10.0,2,10,2041,408.9161019277813
0.1,10.0,2,10,2042,408.9161019277813
0.1,10.0,2,10,2043,407.5541219846672
0.1,10.0,2,10,2044,400.17322639980495
0.1,10.0,2,10,2045,400.067599651031
0.1,10.0,2,10,2046,407.55412198466723
0.1,10.0,2,10,2047,469.4775258319969
0.1,10.0,2,10,2048,400.01282540052034
0.1,10.0,2,10,2049,405.16433595633976
0.1,10.0,2,10,2050,400.0908098084795
0.1,10.0,2,10,2051,407.5541219846672
0.1,10.0,2,10,2052,408.91610192778137
0.1,10.0,2,10,2053,400.24102173575
0.1,10.0,2,10,2054,406.3237711551341
0.1,10.0,2,10,2055,400.5527203382474
0.1,10.0,3,10,2026,600.0000000000001
0.1,10.0,3,10,2027,600.0
0.1,10.0,3,10,2028,600.0000000000001
0.1,10.0,3,10,2029,600.0000000000001
0.1,10.0,3,10,2030,600.0000000000003
0.1,10.0,3,10,2031,600.0000000000001
0.1,10.0,3,10,2032,600.0000000000001
0.1,10.0,3,10,2033,600.0000000000001
0.1,10.0,3,10,2034,600.0000000000001
0.1,10.0,3,10,2035,600.0000000000001
0.1,10.0,3,10,2036,600.0000000000001
0.1,10.0,3,10,2037,600.0
0.1,10.0,3,10,2038,600.0
0.1,10.0,3,10,2039,600.0
0.1,10.0,3,10,2040,600.0000000000001
0.1,10.0,3,10,2041,600.0
0.1,10.0,3,10,2042,600.0000000000001
0.1,10.0,3,10,2043,600.0000000000001
0.1,10.0,3,10,2044,600.0000000000001
0.1,10.0,3,10,2045,600.0000000000001
0.1,10.0,3,10,2046,600.0
0.1,10.0,3,10,2047,600.0000000000001
0.1,10.0,3,10,2048,600.0
0.1,10.0,3,10,2049,600.0000000000001
0.1,10.0,3,10,2050,600.0
0.1,10.0,3,10,2051,600.0000000000001
0.1,10.0,3,10,2052,600.0
0.1,10.0,3,10,2053,600.0
0.1,10.0,3,10,2054,600.0000000000001
0.1,10.0,3,10,2055,600.0
0.1,10.0,4,10,2026,844.0
0.1,10.0,4,10,2027,872.0
0.1,10.0,4,10,2028,838.0
0.1,10.0,4,10,2029,870.0
0.1,10.0,4,10,2030,848.0
0.1,10.0,4,10,2031,826.0
0.1,10.0,4,10,2032,848.0
0.1,10.0,4,10,2033,810.0
0.1,10.0,4,10,2034,866.0
0.1,10.0,4,10,2035,820.0
0.1,10.0,4,10,2036,852.0000000000437
0.1,10.0,4,10,2037,836.0
0.1,10.0,4,10,2038,845.1021527696905
0.1,10.0,4,10,2039,842.0
0.1,10.0,4,10,2040,836.0
0.1,10.0,4,10,2041,844.0
0.1,10.0,4,10,2042,854.0
0.1,10.0,4,10,2043,832.0
0.1,10.0,4,10,2044,842.0
0.1,10.0,4,10,2045,816.0
0.1,10.0,4,10,2046,894.0
0.1,10.0,4,10,2047,852.0000000000008
0.1,10.0,4,10,2048,848.0
0.1,10.0,4,10,2049,864.0
0.1,10.0,4,10,2050,846.0000000000223
0.1,10.0,4,10,2051,858.0
0.1,10.0,4,10,2052,838.0
0.1,10.0,4,10,2053,836.0
0.1,10.0,4,10,2054,842.0000000000001
0.1,10.0,4,10,2055,828.0
0.1,10.0,5,10,2026,900.0000000000011
0.1,10.0,5,10,2027,900.0000000000002
0.1,10.0,5,10,2028,900.5438522690079
0.1,10.0,5,10,2029,900.0000000000007
0.1,10.0,5,10,2030,900.0000000000005
0.1,10.0,5,10,2031,900.4543240185915
0.1,10.0,5,10,2032,900.0895282504171
0.1,10.0,5,10,2033,900.9981762875997
0.1,10.0,5,10,2034,900.0000000000003
0.1,10.0,5,10,2035,900.089528250417
0.1,10.0,5,10,2036,902.1820706866248
0.1,10.0,5,10,2037,900.0000000000003
0.1,10.0,5,10,2038,900.0000000000006
0.1,10.0,5,10,2039,900.4543240185915
0.1,10.0,5,10,2040,900.5438522690076
0.1,10.0,5,10,2041,900.4543240185916
0.1,10.0,5,10,2042,900.0000000000003
0.1,10.0,5,10,2043,900.0895282504168
0.1,10.0,5,10,2044,900.0000000000008
0.1,10.0,5,10,2045,900.0895282504166
0.1,10.0,5,10,2046,900.0000000000002
0.1,10.0,5,10,2047,900.0000000000007
0.1,10.0,5,10,2048,900.0000000000003
0.1,10.0,5,10,2049,900.0895282504165
0.1,10.0,5,10,2050,900.4543240185916
0.1,10.0,5,10,2051,900.0000000000002
0.1,10.0,5,10,2052,900.0000000000006
0.1,10.0,5,10,2053,900.0000000000006
0.1,10.0,5,10,2054,900.0000000000003
0.1,10.0,5,10,2055,900.0000000000003
0.1,10.0,6,10,2026,13151.474865062024
0.1,10.0,6,10,2027,11760.543500243832
0.1,10.0,6,10,2028,6304.48747548892
0.1,10.0,6,10,2029,9597.927099365334
0.1,10.0,6,10,2030,2350.585186662531
0.1,10.0,6,10,2031,16149.737149827664
0.1,10.0,6,10,2032,7819.081344380138
0.1,10.0,6,10,2033,11518.275201848135
0.1,10.0,6,10,2034,11306.930029938532
0.1,10.0,6,10,2035,25552.64647645103
0.1,10.0,6,10,2036,10278.617642621688
0.1,10.0,6,10,2037,4469.016267598458
0.1,10.0,6,10,2038,11017.952175307919
0.1,10.0,6,10,2039,3086.1452521215065
0.1,10.0,6,10,2040,5769.165340918882
0.1,10.0,6,10,2041,8627.047867408583
0.1,10.0,6,10,2042,11711.693552510424
0.1,10.0,6,10,2043,2068.8976563396764
0.1,10.0,6,10,2044,9456.19381733989
0.1,10.0,6,10,2045,14080.704198099987
0.1,10.0,6,10,2046,5147.424087007499
0.1,10.0,6,10,2047,5860.335714379675
0.1,10.0,6,10,2048,29828.597382599022
0.1,10.0,6,10,2049,3800.4767240201686
0.1,10.0,6,10,2050,4208.258369870747
0.1,10.0,6,10,2051,30502.370608706195
0.1,10.0,6,10,2052,4411.488881711819
0.1,10.0,6,10,2053,17725.968707753836
0.1,10.0,6,10,2054,15058.463180870462
0.1,10.0,6,10,2055,25817.084403143155
0.1,10.0,7,10,2026,2126.6160682976665
0.1,10.0,7,10,2027,2024.3658905287862
0.1,10.0,7,10,2028,2021.0317476964597
0.1,10.0,7,10,2029,2002.5496546936085
0.1,10.0,7,10,2030,2025.5094182390073
0.1,10.0,7,10,2031,2022.4899181238102
0.1,10.0,7,10,2032,2024.664164898926
0.1,10.0,7,10,2033,2025.2830388785808
0.1,10.0,7,10,2034,2022.2104900354316
0.1,10.0,7,10,2035,2026.060149004429
0.1,10.0,7,10,2036,2020.5227180818179
0.1,10.0,7,10,2037,2021.1174844791194
0.1,10.0,7,10,2038,2028.1260123852712
0.1,10.0,7,10,2039,2020.9958366101357
0.1,10.0,7,10,2040,2029.9954566589704
0.1,10.0,7,10,2041,2031.1610584587938
0.1,10.0,7,10,2042,2022.3291578030364
0.1,10.0,7,10,2043,2028.6183062128064
0.1,10.0,7,10,2044,2025.5212101363916
0.1,10.0,7,10,2045,2022.232789492379
0.1,10.0,7,10,2046,2033.7679911056757
0.1,10.0,7,10,2047,2030.9580185763527
0.1,10.0,7,10,2048,2025.1885621982428
0.1,10.0,7,10,2049,2027.6435153696066
0.1,10.0,7,10,2050,2020.7671673443729
0.1,10.0,7,10,2051,2120.5088732411764
0.1,10.0,7,10,2052,2020.9961009453343
0.1,10.0,7,10,2053,2025.9074779775246
0.1,10.0,7,10,2054,2023.546829088761
0.1,10.0,7,10,2055,2020.2825769144442
0.1,10.0,8,10,2026,2220.446356309354
0.1,10.0,8,10,2027,2223.5614166630157
0.1,10.0,8,10,2028,2221.58423407298
0.1,10.0,8,10,2029,2223.5035279705126
0.1,10.0,8,10,2030,2205.4288798319567
0.1,10.0,8,10,2031,2221.8181097899883
0.1,10.0,8,10,2032,2221.2398926092374
0.1,10.0,8,10,2033,2224.250111540497
0.1,10.0,8,10,2034,2223.0439730345865
0.1,10.0,8,10,2035,2223.6358973973
0.1,10.0,8,10,2036,2221.8666715340805
0.1,10.0,8,10,2037,2201.167943399644
0.1,10.0,8,10,2038,2226.611248944385
0.1,10.0,8,10,2039,2231.3463586363314
0.1,10.0,8,10,2040,2220.933055114179
0.1,10.0,8,10,2041,2222.504382962911
0.1,10.0,8,10,2042,2223.2814621796315
0.1,10.0,8,10,2043,2222.0182260667434
0.1,10.0,8,10,2044,2222.6722105448225
0.1,10.0,8,10,2045,2220.652044641161
0.1,10.0,8,10,2046,2221.419332959167
0.1,10.0,8,10,2047,2223.503744434993
0.1,10.0,8,10,2048,2222.771389862458
0.1,10.0,8,10,2049,2226.4710396322366
0.1,10.0,8,10,2050,2225.132696024662
0.1,10.0,8,10,2051,2221.2395331287576
0.1,10.0,8,10,2052,2221.644182376352
0.1,10.0,8,10,2053,2223.5525529309157
0.1,10.0,8,10,2054,2222.6693133501944
0.1,10.0,8,10,2055,2221.0429784756057
0.1,10.0,9,10,2026,2669.8598037236434
0.1,10.0,9,10,2027,2664.5424403718434
0.1,10.0,9,10,2028,2300.0000000000005
0.1,10.0,9,10,2029,2665.4712926124253
0.1,10.0,9,10,2030,2300.0000000000036
0.1,10.0,9,10,2031,2664.542433195969
0.1,10.0,9,10,2032,2659.1928051814075
0.1,10.0,9,10,2033,2669.8598037236416
0.1,10.0,9,10,2034,2670.1079759592353
0.1,10.0,9,10,2035,2664.542664433913
0.1,10.0,9,10,2036,2664.5424327564397
0.1,10.0,9,10,2037,2659.0943447803725
0.1,10.0,9,10,2038,2670.107975959236
0.1,10.0,9,10,2039,2669.85980372364
0.1,10.0,9,10,2040,2669.859803723702
0.1,10.0,9,10,2041,2659.094344780577
0.1,10.0,9,10,2042,2664.5424327725
0.1,10.0,9,10,2043,2659.192805190878
0.1,10.0,9,10,2044,2669.8598037236416
0.1,10.0,9,10,2045,2670.107975959236
0.1,10.0,9,10,2046,2300.000000000001
0.1,10.0,9,10,2047,2670.1079759592353
0.1,10.0,9,10,2048,2659.1928052421063
0.1,10.0,9,10,2049,2659.0943447803647
0.1,10.0,9,10,2050,2659.0943447803634
0.1,10.0,9,10,2051,2659.1928051809914
0.1,10.0,9,10,2052,2666.908143304409
0.1,10.0,9,10,2053,2300.000000000001
0.1,10.0,9,10,2054,2300.0000000000023
0.1,10.0,9,10,2055,2659.193234358274
0.1,10.0,10,10,2026,2734.4591913561867
0.1,10.0,10,10,2027,2621.422896241093
0.1,10.0,10,10,2028,2621.52491044438
0.1,10.0,10,10,2029,2726.941496356296
0.1,10.0,10,10,2030,2621.122057282524
0.1,10.0,10,10,2031,2623.3416221955986
0.1,10.0,10,10,2032,2622.1036321089678
0.1,10.0,10,10,2033,2999.4202078305384
0.1,10.0,10,10,2034,2622.5376874926997
0.1,10.0,10,10,2035,2622.174400077495
0.1,10.0,10,10,2036,2622.4738766144164
0.1,10.0,10,10,2037,2738.403853797873
0.1,10.0,10,10,2038,2732.939489445745
0.1,10.0,10,10,2039,2738.9456360624317
0.1,10.0,10,10,2040,2622.1744000774943
0.1,10.0,10,10,2041,3369.0757974583535
0.1,10.0,10,10,2042,2729.0588688779035
0.1,10.0,10,10,2043,2757.616997935332
0.1,10.0,10,10,2044,2755.12559358371
0.1,10.0,10,10,2045,2622.537687492699
0.1,10.0,10,10,2046,2625.669433949592
0.1,10.0,10,10,2047,2620.8726497489806
0.1,10.0,10,10,2048,2622.5376874926997
0.1,10.0,10,10,2049,2731.927906973266
0.1,10.0,10,10,2050,2726.5556259708014
0.1,10.0,10,10,2051,2623.404297041058
0.1,10.0,10,10,2052,2621.4242816093383
0.1,10.0,10,10,2053,3078.0381953129977
0.1,10.0,10,10,2054,2719.706008425421
0.1,10.0,10,10,2055,4220.250883846902
0.1,10.0,11,10,2026,3477.286880679685
0.1,10.0,11,10,2027,2600.0000000000014
0.1,10.0,11,10,2028,2600.0000000000005
0.1,10.0,11,10,2029,3477.2868852167367
0.1,10.0,11,10,2030,3476.068898326548
0.1,10.0,11,10,2031,3476.9248252571206
0.1,10.0,11,10,2032,2600.000000000001
0.1,10.0,11,10,2033,2617.394645425255
0.1,10.0,11,10,2034,2600.000000000001
0.1,10.0,11,10,2035,3476.068898326548
0.1,10.0,11,10,2036,2600.000000000001
0.1,10.0,11,10,2037,2600.000000000001
0.1,10.0,11,10,2038,2622.425596245957
0.1,10.0,11,10,2039,2600.0000000000014
0.1,10.0,11,10,2040,2622.425596245957
0.1,10.0,11,10,2041,2600.000000000001
0.1,10.0,11,10,2042,2600.0000000000005
0.1,10.0,11,10,2043,3476.068898326548
0.1,10.0,11,10,2044,3477.286881113595
0.1,10.0,11,10,2045,2600.000000000009
0.1,10.0,11,10,2046,2600.0000000000014
0.1,10.0,11,10,2047,2600.0000000000005
0.1,10.0,11,10,2048,2600.000000000003
0.1,10.0,11,10,2049,3476.9248252571206
0.1,10.0,11,10,2050,2600.0000000000005
0.1,10.0,11,10,2051,2600.0000000000005
0.1,10.0,11,10,2052,2600.0000000000005
0.1,10.0,11,10,2053,2600.0000000000027
0.1,10.0,11,10,2054,2621.323537199975
0.1,10.0,11,10,2055,2600.0000000000027
0.1,10.0,12,10,2026,2865.630329777067
0.1,10.0,12,10,2027,2866.7507195662197
0.1,10.0,12,10,2028,2865.7880510251007
0.1,10.0,12,10,2029,2865.9438737345677
0.1,10.0,12,10,2030,2871.3513551700753
0.1,10.0,12,10,2031,2871.083438775291
0.1,10.0,12,10,2032,2868.355133508939
0.1,10.0,12,10,2033,2866.4470354167042
0.1,10.0,12,10,2034,2870.634481978986
0.1,10.0,12,10,2035,2868.2405816883334
0.1,10.0,12,10,2036,2867.13761413211
0.1,10.0,12,10,2037,2867.0794400177642
0.1,10.0,12,10,2038,2865.5785545546146
0.1,10.0,12,10,2039,2866.6134786877055
0.1,10.0,12,10,2040,2867.018511267556
0.1,10.0,12,10,2041,2865.9532596278796
0.1,10.0,12,10,2042,2868.048868750973
0.1,10.0,12,10,2043,2874.4659048421126
0.1,10.0,12,10,2044,2870.279186939014
0.1,10.0,12,10,2045,2865.9422393563623
0.1,10.0,12,10,2046,2868.8632307999032
0.1,10.0,12,10,2047,2867.4800367630587
0.1,10.0,12,10,2048,2868.3174239505297
0.1,10.0,12,10,2049,2867.242388563599
0.1,10.0,12,10,2050,2864.5667539090005
0.1,10.0,12,10,2051,2870.573099833836
0.1,10.0,12,10,2052,2920.7316688134842
0.1,10.0,12,10,2053,2870.2847162515327
0.1,10.0,12,10,2054,2869.7931335941566
0.1,10.0,12,10,2055,2865.427617306677
0.1,30.0,1,10,2026,300.00000000000006
0.1,30.0,1,10,2027,300.0
0.1,30.0,1,10,2028,300.00000000000006
0.1,30.0,1,10,2029,300.0
0.1,30.0,1,10,2030,300.00000000000006
0.1,30.0,1,10,2031,300.00000000000006
0.1,30.0,1,10,2032,300.00000000000006
0.1,30.0,1,10,2033,300.00000000000006
0.1,30.0,1,10,2034,300.0
0.1,30.0,1,10,2035,300.00000000000006
0.1,30.0,1,10,2036,300.00000000000006
0.1,30.0,1,10,2037,300.0
0.1,30.0,1,10,2038,300.0000000000001
0.1,30.0,1,10,2039,300.0000000000002
0.1,30.0,1,10,2040,300.0
0.1,30.0,1,10,2041,300.0
0.1,30.0,1,10,2042,300.0
0.1,30.0,1,10,2043,300.00000000000006
0.1,30.0,1,10,2044,300.00000000000006
0.1,30.0,1,10,2045,300.00000000000006
0.1,30.0,1,10,2046,300.0
0.1,30.0,1,10,2047,300.00000000000006
0.1,30.0,1,10,2048,300.00000000000006
0.1,30.0,1,10,2049,300.00000000000006
0.1,30.0,1,10,2050,300.00000000000006
0.1,30.0,1,10,2051,300.00000000000006
0.1,30.0,1,10,2052,300.0
0.1,30.0,1,10,2053,300.00000000000006
0.1,30.0,1,10,2054,300.00000000000006
0.1,30.0,1,10,2055,300.00000000000006
0.1,30.0,2,10,2026,405.47110405860786
0.1,30.0,2,10,2027,404.37473561915994
0.1,30.0,2,10,2028,405.5136569816398
0.1,30.0,2,10,2029,408.91610192778137
0.1,30.0,2,10,2030,404.67572011234336
0.1,30.0,2,10,2031,404.5260987974834
0.1,30.0,2,10,2032,405.1822892037173
0.1,30.0,2,10,2033,404.0246970334347
0.1,30.0,2,10,2034,404.01029241356537
0.1,30.0,2,10,2035,400.0001500634983
0.1,30.0,2,10,2036,400.0020674666228
0.1,30.0,2,10,2037,404.0725495660037
0.1,30.0,2,10,2038,408.9161019277813
0.1,30.0,2,10,2039,400.0196997026407
0.1,30.0,2,10,2040,408.91610192778137
0.1,30.0,2,10,2041,407.5541219846672
0.1,30.0,2,10,2042,483.79849648169943
0.1,30.0,2,10,2043,405.67246201074073
0.1,30.0,2,10,2044,408.9161019277813
0.1,30.0,2,10,2045,408.9161019277813
0.1,30.0,2,10,2046,408.9161019277813
0.1,30.0,2,10,2047,400.1158611452441
0.1,30.0,2,10,2048,408.91610192778137
0.1,30.0,2,10,2049,407.5541219846673
0.1,30.0,2,10,2050,400.02272004402755
0.1,30.0,2,10,2051,406.3254308847912
0.1,30.0,2,10,2052,408.9161019277813
0.1,30.0,2,10,2053,400.08279747422887
0.1,30.0,2,10,2054,405.5797456071049
0.1,30.0,2,10,2055,400.26003825914086
0.1,30.0,3,10,2026,600.0
0.1,30.0,3,10,2027,600.0
0.1,30.0,3,10,2028,600.0000000000001
0.1,30.0,3,10,2029,600.0000000000001
0.1,30.0,3,10,2030,600.0000000000001
0.1,30.0,3,10,2031,600.0000000000001
0.1,30.0,3,10,2032,600.0
0.1,30.0,3,10,2033,600.0000000000001
0.1,30.0,3,10,2034,600.0000000000003
0.1,30.0,3,10,2035,600.0000000000001
0.1,30.0,3,10,2036,600.0000000000001
0.1,30.0,3,10,2037,600.0
0.1,30.0,3,10,2038,600.0000000000001
0.1,30.0,3,10,2039,600.0
0.1,30.0,3,10,2040,600.0000000000001
0.1,30.0,3,10,2041,600.0000000000001
0.1,30.0,3,10,2042,600.0000000000001
0.1,30.0,3,10,2043,600.0
0.1,30.0,3,10,2044,600.0
0.1,30.0,3,10,2045,600.0000000000003
0.1,30.0,3,10,2046,600.0000000000001
0.1,30.0,3,10,2047,600.0000000000001
0.1,30.0,3,10,2048,600.0000000000001
0.1,30.0,3,10,2049,600.0
0.1,30.0,3,10,2050,600.0000000000001
0.1,30.0,3,10,2051,600.0
0.1,30.0,3,10,2052,600.0
0.1,30.0,3,10,2053,600.0000000000001
0.1,30.0,3,10,2054,600.0000000000001
0.1,30.0,3,10,2055,600.0
0.1,30.0,4,10,2026,844.0
0.1,30.0,4,10,2027,878.0
0.1,30.0,4,10,2028,838.0
0.1,30.0,4,10,2029,870.0
0.1,30.0,4,10,2030,848.0000000000015
0.1,30.0,4,10,2031,826.0
0.1,30.0,4,10,2032,848.0
0.1,30.0,4,10,2033,810.0
0.1,30.0,4,10,2034,866.0
0.1,30.0,4,10,2035,820.0
0.1,30.0,4,10,2036,852.0
0.1,30.0,4,10,2037,832.0
0.1,30.0,4,10,2038,868.3221158093629
0.1,30.0,4,10,2039,842.0
0.1,30.0,4,10,2040,836.0
0.1,30.0,4,10,2041,860.0
0.1,30.0,4,10,2042,854.0
0.1,30.0,4,10,2043,832.0
0.1,30.0,4,10,2044,842.0
0.1,30.0,4,10,2045,816.0
0.1,30.0,4,10,2046,874.0
0.1,30.0,4,10,2047,868.0
0.1,30.0,4,10,2048,848.0
0.1,30.0,4,10,2049,864.0
0.1,30.0,4,10,2050,846.0
0.1,30.0,4,10,2051,858.0
0.1,30.0,4,10,2052,838.0
0.1,30.0,4,10,2053,836.0000000000192
0.1,30.0,4,10,2054,842.0
0.1,30.0,4,10,2055,828.0
0.1,30.0,5,10,2026,900.0000000000006
0.1,30.0,5,10,2027,900.4543240185914
0.1,30.0,5,10,2028,900.9086480371825
0.1,30.0,5,10,2029,900.0895282504165
0.1,30.0,5,10,2030,900.454324018592
0.1,30.0,5,10,2031,900.4543240185922
0.1,30.0,5,10,2032,900.0895282504182
0.1,30.0,5,10,2033,900.0000000000006
0.1,30.0,5,10,2034,900.0000000000005
0.1,30.0,5,10,2035,900.0000000000005
0.1,30.0,5,10,2036,902.1820706866256
0.1,30.0,5,10,2037,900.0000000000007
0.1,30.0,5,10,2038,900.0895282504171
0.1,30.0,5,10,2039,900.0000000000002
0.1,30.0,5,10,2040,900.0000000000008
0.1,30.0,5,10,2041,900.0000000000001
0.1,30.0,5,10,2042,900.0000000000001
0.1,30.0,5,10,2043,900.1790565008332
0.1,30.0,5,10,2044,900.0895282504167
0.1,30.0,5,10,2045,900.0895282504173
0.1,30.0,5,10,2046,900.5438522690093
0.1,30.0,5,10,2047,900.0895282504166
0.1,30.0,5,10,2048,900.089528250417
0.1,30.0,5,10,2049,900.1790565008331
0.1,30.0,5,10,2050,900.5438522690076
0.1,30.0,5,10,2051,900.0895282504168
0.1,30.0,5,10,2052,900.0000000000001
0.1,30.0,5,10,2053,900.0895282504175
0.1,30.0,5,10,2054,900.0000000000003
0.1,30.0,5,10,2055,900.0000000000005
0.1,30.0,6,10,2026,10797.12534191208
0.1,30.0,6,10,2027,5203.346083949314
0.1,30.0,6,10,2028,26153.081077033363
0.1,30.0,6,10,2029,15624.83019942903
0.1,30.0,6,10,2030,4672.057897883667
0.1,30.0,6,10,2031,3132.838477804532
0.1,30.0,6,10,2032,11430.180851847625
0.1,30.0,6,10,2033,33025.09957733212
0.1,30.0,6,10,2034,35007.15873260344
0.1,30.0,6,10,2035,34250.78543379632
0.1,30.0,6,10,2036,7225.086013811645
0.1,30.0,6,10,2037,3811.450933807974
0.1,30.0,6,10,2038,51964.05804924847
0.1,30.0,6,10,2039,8785.159849638967
0.1,30.0,6,10,2040,7143.584000228382
0.1,30.0,6,10,2041,38349.5926034589
0.1,30.0,6,10,2042,57867.59114612643
0.1,30.0,6,10,2043,3167.3939291747465
0.1,30.0,6,10,2044,8534.425940256235
0.1,30.0,6,10,2045,17402.761344292623
0.1,30.0,6,10,2046,8462.740908401676
0.1,30.0,6,10,2047,11417.07582734465
0.1,30.0,6,10,2048,10551.51406901291
0.1,30.0,6,10,2049,10322.653705784307
0.1,30.0,6,10,2050,7374.612668567872
0.1,30.0,6,10,2051,3347.6000677270067
0.1,30.0,6,10,2052,14769.210937649119
0.1,30.0,6,10,2053,2761.078614104492
0.1,30.0,6,10,2054,23223.579726070548
0.1,30.0,6,10,2055,41393.223675179936
0.1,30.0,7,10,2026,2126.911427810106
0.1,30.0,7,10,2027,2021.3646352462104
0.1,30.0,7,10,2028,2035.7927939694705
0.1,30.0,7,10,2029,2021.5184263540827
0.1,30.0,7,10,2030,2024.9850136511507
0.1,30.0,7,10,2031,2028.2508643883095
0.1,30.0,7,10,2032,2031.524795037164
0.1,30.0,7,10,2033,2030.0839945901216
0.1,30.0,7,10,2034,2021.4947413376758
0.1,30.0,7,10,2035,2032.3911839629723
0.1,30.0,7,10,2036,2020.0231947604652
0.1,30.0,7,10,2037,2047.9578829512147
0.1,30.0,7,10,2038,2021.9189082428663
0.1,30.0,7,10,2039,2021.5187939580755
0.1,30.0,7,10,2040,2026.2457407767113
0.1,30.0,7,10,2041,2030.0201447651195
0.1,30.0,7,10,2042,2020.7556384387842
0.1,30.0,7,10,2043,2025.474981554339
0.1,30.0,7,10,2044,2025.464196323317
0.1,30.0,7,10,2045,2026.4810962009174
0.1,30.0,7,10,2046,2034.0847205249333
0.1,30.0,7,10,2047,2023.9839700845005
0.1,30.0,7,10,2048,2024.0599635308545
0.1,30.0,7,10,2049,2025.4177673881275
0.1,30.0,7,10,2050,2024.6878360977341
0.1,30.0,7,10,2051,2122.166721331764
0.1,30.0,7,10,2052,2021.0023656251883
0.1,30.0,7,10,2053,2024.4798137773628
0.1,30.0,7,10,2054,2021.5540910346626
0.1,30.0,7,10,2055,2020.7685703918476
0.1,30.0,8,10,2026,2210.131458395908
0.1,30.0,8,10,2027,2204.1141540617323
0.1,30.0,8,10,2028,2222.4004389850925
0.1,30.0,8,10,2029,2221.2286365234345
0.1,30.0,8,10,2030,2224.03404362351
0.1,30.0,8,10,2031,2222.9887293082384
0.1,30.0,8,10,2032,2222.533669758272
0.1,30.0,8,10,2033,2224.9723074577682
0.1,30.0,8,10,2034,2223.2408515803945
0.1,30.0,8,10,2035,2221.6373710896496
0.1,30.0,8,10,2036,2221.6319102146235
0.1,30.0,8,10,2037,2223.5854681899295
0.1,30.0,8,10,2038,2221.4930491315044
0.1,30.0,8,10,2039,2231.5279038151666
0.1,30.0,8,10,2040,2221.854605934619
0.1,30.0,8,10,2041,2228.608200081223
0.1,30.0,8,10,2042,2221.851587319446
0.1,30.0,8,10,2043,2231.465177409423
0.1,30.0,8,10,2044,2221.313298354291
0.1,30.0,8,10,2045,2221.850133313186
0.1,30.0,8,10,2046,2220.3371083863412
0.1,30.0,8,10,2047,2222.264691596644
0.1,30.0,8,10,2048,2223.6247114896014
0.1,30.0,8,10,2049,2221.368139277349
0.1,30.0,8,10,2050,2222.0372002586173
0.1,30.0,8,10,2051,2221.8803209129237
0.1,30.0,8,10,2052,2221.931814990784
0.1,30.0,8,10,2053,2222.7745077717623
0.1,30.0,8,10,2054,2226.8390002936585
0.1,30.0,8,10,2055,2220.7706087976226
0.1,30.0,9,10,2026,2659.094344861745
0.1,30.0,9,10,2027,2666.9150221294108
0.1,30.0,9,10,2028,2300.000000000001
0.1,30.0,9,10,2029,2666.508729061725
0.1,30.0,9,10,2030,2659.0943447804734
0.1,30.0,9,10,2031,2659.0943458485863
0.1,30.0,9,10,2032,2659.192141494839
0.1,30.0,9,10,2033,2664.774223888587
0.1,30.0,9,10,2034,2745.1509756289847
0.1,30.0,9,10,2035,2665.4888076668376
0.1,30.0,9,10,2036,2666.9081428940012
0.1,30.0,9,10,2037,2659.0943447804584
0.1,30.0,9,10,2038,2665.5131884237176
0.1,30.0,9,10,2039,2670.107975959236
0.1,30.0,9,10,2040,2670.1079759592367
0.1,30.0,9,10,2041,2659.1928181499225
0.1,30.0,9,10,2042,2659.2190006756937
0.1,30.0,9,10,2043,2659.2051418190904
0.1,30.0,9,10,2044,2664.5522441832495
0.1,30.0,9,10,2045,2660.801259017179
0.1,30.0,9,10,2046,2659.094344784483
0.1,30.0,9,10,2047,2665.487178617881
0.1,30.0,9,10,2048,2300.000000000001
0.1,30.0,9,10,2049,2659.094344908312
0.1,30.0,9,10,2050,2659.0943447803606
0.1,30.0,9,10,2051,2300.0000000000023
0.1,30.0,9,10,2052,2665.754986332257
0.1,30.0,9,10,2053,2664.5949738415
0.1,30.0,9,10,2054,2666.907687028806
0.1,30.0,9,10,2055,2664.543480065216
0.1,30.0,10,10,2026,2734.6290121965544
0.1,30.0,10,10,2027,2627.0514154819048
0.1,30.0,10,10,2028,2622.473876614417
0.1,30.0,10,10,2029,2733.5464349694466
0.1,30.0,10,10,2030,2622.1980956659722
0.1,30.0,10,10,2031,2626.999282186968
0.1,30.0,10,10,2032,2627.1000223794704
0.1,30.0,10,10,2033,2999.42020783054
0.1,30.0,10,10,2034,2624.1106208519045
0.1,30.0,10,10,2035,2622.151650652296
0.1,30.0,10,10,2036,2622.859888298762
0.1,30.0,10,10,2037,2752.6010766177214
0.1,30.0,10,10,2038,2732.2929795575255
0.1,30.0,10,10,2039,2721.634421844006
0.1,30.0,10,10,2040,2624.615529173921
0.1,30.0,10,10,2041,3369.0757974583535
0.1,30.0,10,10,2042,2767.509875472915
0.1,30.0,10,10,2043,2631.3619759417365
0.1,30.0,10,10,2044,2757.990529602474
0.1,30.0,10,10,2045,2622.5376874926988
0.1,30.0,10,10,2046,2622.1744000774947
0.1,30.0,10,10,2047,2626.9243302436544
0.1,30.0,10,10,2048,2623.0006892643282
0.1,30.0,10,10,2049,2738.140478658517
0.1,30.0,10,10,2050,2748.540185602997
0.1,30.0,10,10,2051,2622.4738766144164
0.1,30.0,10,10,2052,2623.733236430407
0.1,30.0,10,10,2053,3078.038195312997
0.1,30.0,10,10,2054,2742.866312271303
0.1,30.0,10,10,2055,3627.2376842630792
0.1,30.0,11,10,2026,3477.2868801593404
0.1,30.0,11,10,2027,2621.072377922809
0.1,30.0,11,10,2028,2600.0000000000005
0.1,30.0,11,10,2029,3476.9248252571206
0.1,30.0,11,10,2030,3476.7745711634484
0.1,30.0,11,10,2031,3476.4586433920713
0.1,30.0,11,10,2032,2600.0000000000005
0.1,30.0,11,10,2033,2600.0000000000014
0.1,30.0,11,10,2034,2600.000000000001
0.1,30.0,11,10,2035,3476.068898326548
0.1,30.0,11,10,2036,2600.000000000001
0.1,30.0,11,10,2037,2622.425596245957
0.1,30.0,11,10,2038,2600.0000000000005
0.1,30.0,11,10,2039,2600.0000000000014
0.1,30.0,11,10,2040,2600.000000000001
0.1,30.0,11,10,2041,2622.4255962459574
0.1,30.0,11,10,2042,2600.0000000000005
0.1,30.0,11,10,2043,3476.068898326548
0.1,30.0,11,10,2044,3476.068898326548
0.1,30.0,11,10,2045,2600.000000000002
0.1,30.0,11,10,2046,2600.0000000000005
0.1,30.0,11,10,2047,2600.000000000001
0.1,30.0,11,10,2048,2600.000000000001
0.1,30.0,11,10,2049,3476.9248252571206
0.1,30.0,11,10,2050,2600.0000000000014
0.1,30.0,11,10,2051,2600.0000000000005
0.1,30.0,11,10,2052,2622.425596245957
0.1,30.0,11,10,2053,2600.000000000001
0.1,30.0,11,10,2054,2600.000000000001
0.1,30.0,11,10,2055,2600.000000000001
0.1,30.0,12,10,2026,2867.180245171254
0.1,30.0,12,10,2027,2867.1753510437084
0.1,30.0,12,10,2028,2866.543005757643
0.1,30.0,12,10,2029,2867.4669686511334
0.1,30.0,12,10,2030,2866.7757621264536
0.1,30.0,12,10,2031,2865.5878194545485
0.1,30.0,12,10,2032,2864.9032343211284
0.1,30.0,12,10,2033,2868.182009762369
0.1,30.0,12,10,2034,2915.3086852366387
0.1,30.0,12,10,2035,2867.487258299754
0.1,30.0,12,10,2036,2866.194180706463
0.1,30.0,12,10,2037,2865.4943923330784
0.1,30.0,12,10,2038,2866.4856199158194
0.1,30.0,12,10,2039,2866.6192229807275
0.1,30.0,12,10,2040,2866.6846420393267
0.1,30.0,12,10,2041,2866.422901920018
0.1,30.0,12,10,2042,2867.1557213700826
0.1,30.0,12,10,2043,2866.8303971093133
0.1,30.0,12,10,2044,2870.7743711711173
0.1,30.0,12,10,2045,2865.9457689499486
0.1,30.0,12,10,2046,2865.913274104841
0.1,30.0,12,10,2047,2866.7632774618673
0.1,30.0,12,10,2048,2868.256431200692
0.1,30.0,12,10,2049,2866.565245327087
0.1,30.0,12,10,2050,2866.4567198831883
0.1,30.0,12,10,2051,2900.488863811125
0.1,30.0,12,10,2052,2871.2487182840855
0.1,30.0,12,10,2053,2866.45715850885
0.1,30.0,12,10,2054,2865.929210729891
0.1,30.0,12,10,2055,2866.722175006818
0.2,3.0,1,10,2026,300.00000000000006
0.2,3.0,1,10,2027,300.00000000000006
0.2,3.0,1,10,2028,300.00000000000006
0.2,3.0,1,10,2029,300.00000000000006
0.2,3.0,1,10,2030,300.00000000000017
0.2,3.0,1,10,2031,300.0
0.2,3.0,1,10,2032,300.00000000000006
0.2,3.0,1,10,2033,300.0
0.2,3.0,1,10,2034,300.00000000000006
0.2,3.0,1,10,2035,300.00000000000006
0.2,3.0,1,10,2036,300.0000000000001
0.2,3.0,1,10,2037,300.00000000000006
0.2,3.0,1,10,2038,300.0000000000001
0.2,3.0,1,10,2039,300.00000000000006
0.2,3.0,1,10,2040,300.00000000000006
0.2,3.0,1,10,2041,300.00000000000006
0.2,3.0,1,10,2042,300.0
0.2,3.0,1,10,2043,300.00000000000006
0.2,3.0,1,10,2044,300.0
0.2,3.0,1,10,2045,300.0
0.2,3.0,1,10,2046,300.0
0.2,3.0,1,10,2047,300.00000000000006
0.2,3.0,1,10,2048,300.0
0.2,3.0,1,10,2049,300.0
0.2,3.0,1,10,2050,300.0
0.2,3.0,1,10,2051,300.00000000000006
0.2,3.0,1,10,2052,300.0
0.2,3.0,1,10,2053,300.00000000000006
0.2,3.0,1,10,2054,300.0000000000001
0.2,3.0,1,10,2055,300.00000000000006
0.2,3.0,2,10,2026,408.9161019277813
0.2,3.0,2,10,2027,468.77190776172426
0.2,3.0,2,10,2028,408.91610192778137
0.2,3.0,2,10,2029,408.9161019277813
0.2,3.0,2,10,2030,400.06563680292993
0.2,3.0,2,10,2031,404.18524529436365
0.2,3.0,2,10,2032,404.5729849626403
0.2,3.0,2,10,2033,419.46166079670735
0.2,3.0,2,10,2034,408.00232488628484
0.2,3.0,2,10,2035,475.6278466288809
0.2,3.0,2,10,2036,400.00401942516453
0.2,3.0,2,10,2037,408.91610192778137
0.2,3.0,2,10,2038,404.28909531208467
0.2,3.0,2,10,2039,408.91610192778137
0.2,3.0,2,10,2040,408.91610192778137
0.2,3.0,2,10,2041,408.9161019277814
0.2,3.0,2,10,2042,408.91610192778137
0.2,3.0,2,10,2043,408.91610192778137
0.2,3.0,2,10,2044,404.24516870390045
0.2,3.0,2,10,2045,470.78108381407606
0.2,3.0,2,10,2046,400.55272033824735
0.2,3.0,2,10,2047,408.9161019277815
0.2,3.0,2,10,2048,408.91610192778137
0.2,3.0,2,10,2049,408.9161019277813
0.2,3.0,2,10,2050,400.00369066142775
0.2,3.0,2,10,2051,408.91610192778137
0.2,3.0,2,10,2052,408.91610192778137
0.2,3.0,2,10,2053,408.9161019277813
0.2,3.0,2,10,2054,407.5541219846672
0.2,3.0,2,10,2055,408.91610192778137
0.2,3.0,3,10,2026,600.0000000000001
0.2,3.0,3,10,2027,600.0
0.2,3.0,3,10,2028,600.0
0.2,3.0,3,10,2029,600.0000000000001
0.2,3.0,3,10,2030,600.0
0.2,3.0,3,10,2031,600.0000000000001
0.2,3.0,3,10,2032,600.0
0.2,3.0,3,10,2033,600.0
0.2,3.0,3,10,2034,600.0000000000001
0.2,3.0,3,10,2035,600.0
0.2,3.0,3,10,2036,600.0
0.2,3.0,3,10,2037,600.0
0.2,3.0,3,10,2038,600.0
0.2,3.0,3,10,2039,600.0000000000007
0.2,3.0,3,10,2040,600.0
0.2,3.0,3,10,2041,600.0
0.2,3.0,3,10,2042,600.0
0.2,3.0,3,10,2043,600.0000000000001
0.2,3.0,3,10,2044,600.0000000000001
0.2,3.0,3,10,2045,600.0000000000001
0.2,3.0,3,10,2046,600.0000000000001
0.2,3.0,3,10,2047,600.0
0.2,3.0,3,10,2048,600.0000000000003
0.2,3.0,3,10,2049,600.0
0.2,3.0,3,10,2050,600.0
0.2,3.0,3,10,2051,600.0
0.2,3.0,3,10,2052,600.0
0.2,3.0,3,10,2053,600.0000000000001
0.2,3.0,3,10,2054,600.0000000000001
0.2,3.0,3,10,2055,600.0
0.2,3.0,4,10,2026,850.0
0.2,3.0,4,10,2027,840.0
0.2,3.0,4,10,2028,858.0
0.2,3.0,4,10,2029,856.0
0.2,3.0,4,10,2030,870.0
0.2,3.0,4,10,2031,854.0
0.2,3.0,4,10,2032,848.0
0.2,3.0,4,10,2033,834.0
0.2,3.0,4,10,2034,872.0
0.2,3.0,4,10,2035,852.0
0.2,3.0,4,10,2036,904.0
0.2,3.0,4,10,2037,858.0
0.2,3.0,4,10,2038,874.0
0.2,3.0,4,10,2039,868.5
0.2,3.0,4,10,2040,912.0
0.2,3.0,4,10,2041,904.0000000000152
0.2,3.0,4,10,2042,896.0
0.2,3.0,4,10,2043,848.0000000000002
0.2,3.0,4,10,2044,846.0000000000005
0.2,3.0,4,10,2045,826.0
0.2,3.0,4,10,2046,846.0
0.2,3.0,4,10,2047,832.0
0.2,3.0,4,10,2048,863.2123142438737
0.2,3.0,4,10,2049,868.0
0.2,3.0,4,10,2050,854.0
0.2,3.0,4,10,2051,911.6054839343085
0.2,3.0,4,10,2052,830.0000000000022
0.2,3.0,4,10,2053,828.0
0.2,3.0,4,10,2054,912.0000000000001
0.2,3.0,4,10,2055,860.0
0.2,3.0,5,10,2026,900.4543240185913
0.2,3.0,5,10,2027,900.9981762875991
0.2,3.0,5,10,2028,900.089528250417
0.2,3.0,5,10,2029,900.5438522690077
0.2,3.0,5,10,2030,900.0000000000016
0.2,3.0,5,10,2031,903.1802469744678
0.2,3.0,5,10,2032,902.2715989370413
0.2,3.0,5,10,2033,904.3178152814347
0.2,3.0,5,10,2034,900.454324018591
0.2,3.0,5,10,2035,900.0000000000001
0.2,3.0,5,10,2036,901.0877045380156
0.2,3.0,5,10,2037,900.998176287599
0.2,3.0,5,10,2038,902.3611271874578
0.2,3.0,5,10,2039,900.0000000000002
0.2,3.0,5,10,2040,900.0895282504167
0.2,3.0,5,10,2041,903.1329190145906
0.2,3.0,5,10,2042,900.9981762875991
0.2,3.0,5,10,2043,900.4543240185919
0.2,3.0,5,10,2044,900.9981762875988
0.2,3.0,5,10,2045,903.3087274453638
0.2,3.0,5,10,2046,900.5438522690076
0.2,3.0,5,10,2047,901.4525003061899
0.2,3.0,5,10,2048,900.0895282504177
0.2,3.0,5,10,2049,900.0000000000005
0.2,3.0,5,10,2050,900.9086480371823
0.2,3.0,5,10,2051,902.854403426772
0.2,3.0,5,10,2052,900.0000000000001
0.2,3.0,5,10,2053,900.5438522690082
0.2,3.0,5,10,2054,901.7043054796825
0.2,3.0,5,10,2055,900.9981762875988
0.2,3.0,6,10,2026,16698.239207940438
0.2,3.0,6,10,2027,14644.30536793492
0.2,3.0,6,10,2028,35387.71100170245
0.2,3.0,6,10,2029,3403.000428212057
0.2,3.0,6,10,2030,3541.46254473231
0.2,3.0,6,10,2031,4716.311711069711
0.2,3.0,6,10,2032,7096.323687640878
0.2,3.0,6,10,2033,18006.905633551876
0.2,3.0,6,10,2034,4202.497727569422
0.2,3.0,6,10,2035,5025.661640108382
0.2,3.0,6,10,2036,7039.030049821637
0.2,3.0,6,10,2037,5770.087899887698
0.2,3.0,6,10,2038,14600.826302438796
0.2,3.0,6,10,2039,6909.526392798926
0.2,3.0,6,10,2040,4833.396387089815
0.2,3.0,6,10,2041,5883.425526514233
0.2,3.0,6,10,2042,13805.977783055789
0.2,3.0,6,10,2043,2903.4165119228223
0.2,3.0,6,10,2044,15998.386394831405
0.2,3.0,6,10,2045,7535.747482005307
0.2,3.0,6,10,2046,8967.513914598134
0.2,3.0,6,10,2047,15637.847985616563
0.2,3.0,6,10,2048,47716.97223096773
0.2,3.0,6,10,2049,22117.541474506153
0.2,3.0,6,10,2050,3748.9922246476167
0.2,3.0,6,10,2051,2615.19881523602
0.2,3.0,6,10,2052,41431.532077443466
0.2,3.0,6,10,2053,3193.0458442956774
0.2,3.0,6,10,2054,3444.8436038718137
0.2,3.0,6,10,2055,35807.70826484391
0.2,3.0,7,10,2026,2142.76994152609
0.2,3.0,7,10,2027,2026.114664712514
0.2,3.0,7,10,2028,2021.4949393669444
0.2,3.0,7,10,2029,2026.0184780461711
0.2,3.0,7,10,2030,2033.7425638299362
0.2,3.0,7,10,2031,2025.4747542576124
0.2,3.0,7,10,2032,2128.6307537719285
0.2,3.0,7,10,2033,2123.513307997067
0.2,3.0,7,10,2034,2020.0146959157119
0.2,3.0,7,10,2035,2021.007541267205
0.2,3.0,7,10,2036,2032.9472100279659
0.2,3.0,7,10,2037,2026.675622187413
0.2,3.0,7,10,2038,2123.8265491640905
0.2,3.0,7,10,2039,2024.4798311020002
0.2,3.0,7,10,2040,2120.126804212595
0.2,3.0,7,10,2041,2026.2853947577808
0.2,3.0,7,10,2042,2028.957344970805
0.2,3.0,7,10,2043,2037.4142014947395
0.2,3.0,7,10,2044,2125.555470365017
0.2,3.0,7,10,2045,2025.4759634999914
0.2,3.0,7,10,2046,2021.4949590554522
0.2,3.0,7,10,2047,2022.9730134558667
0.2,3.0,7,10,2048,2036.9158915480177
0.2,3.0,7,10,2049,2025.4747902457682
0.2,3.0,7,10,2050,2017.1309457835673
0.2,3.0,7,10,2051,2029.4546078543428
0.2,3.0,7,10,2052,2124.2083934870625
0.2,3.0,7,10,2053,2025.4986251481844
0.2,3.0,7,10,2054,2022.0249145245896
0.2,3.0,7,10,2055,2030.9336023931562
0.2,3.0,8,10,2026,2226.3155020315844
0.2,3.0,8,10,2027,2232.7459815947805
0.2,3.0,8,10,2028,2222.1435642329047
0.2,3.0,8,10,2029,2222.143909754825
0.2,3.0,8,10,2030,2225.329282100328
0.2,3.0,8,10,2031,2223.184170471943
0.2,3.0,8,10,2032,2221.4030977726825
0.2,3.0,8,10,2033,2630.2397947348063
0.2,3.0,8,10,2034,2222.078180021913
0.2,3.0,8,10,2035,2223.833804700648
0.2,3.0,8,10,2036,2220.6187174899214
0.2,3.0,8,10,2037,2220.5544269187853
0.2,3.0,8,10,2038,2220.9182884621778
0.2,3.0,8,10,2039,2222.6033710268894
0.2,3.0,8,10,2040,2221.8753532512433
0.2,3.0,8,10,2041,2221.250100839054
0.2,3.0,8,10,2042,2630.4419317397337
0.2,3.0,8,10,2043,2642.617279040175
0.2,3.0,8,10,2044,2223.776150556821
0.2,3.0,8,10,2045,2222.475731303234
0.2,3.0,8,10,2046,2200.4508438898647
0.2,3.0,8,10,2047,2221.1215106395675
0.2,3.0,8,10,2048,2227.218047751794
0.2,3.0,8,10,2049,2220.4191151564855
0.2,3.0,8,10,2050,2223.2296841209527
0.2,3.0,8,10,2051,2224.565485501559
0.2,3.0,8,10,2052,2221.104837122111
0.2,3.0,8,10,2053,2222.8732205724473
0.2,3.0,8,10,2054,2327.262095905376
0.2,3.0,8,10,2055,2222.686181666666
0.2,3.0,9,10,2026,2659.192805182364
0.2,3.0,9,10,2027,2664.542432756207
0.2,3.0,9,10,2028,2670.1079759592367
0.2,3.0,9,10,2029,2664.5424327564992
0.2,3.0,9,10,2030,2659.094344780364
0.2,3.0,9,10,2031,2659.094344780375
0.2,3.0,9,10,2032,2752.990453615963
0.2,3.0,9,10,2033,2665.4704634013174
0.2,3.0,9,10,2034,2670.1079759592353
0.2,3.0,9,10,2035,2670.1079759592362
0.2,3.0,9,10,2036,2659.192805181013
0.2,3.0,9,10,2037,2659.094344780383
0.2,3.0,9,10,2038,2669.8598037236397
0.2,3.0,9,10,2039,3009.253523078218
0.2,3.0,9,10,2040,2664.542432756199
0.2,3.0,9,10,2041,2670.107975959236
0.2,3.0,9,10,2042,2659.094344780363
0.2,3.0,9,10,2043,2300.0000000000005
0.2,3.0,9,10,2044,2670.1079759592353
0.2,3.0,9,10,2045,2664.542432756299
0.2,3.0,9,10,2046,2670.1079759592367
0.2,3.0,9,10,2047,2664.542432756201
0.2,3.0,9,10,2048,2659.192805180871
0.2,3.0,9,10,2049,2680.2399340601683
0.2,3.0,9,10,2050,2659.192805180881
0.2,3.0,9,10,2051,2300.000000000001
0.2,3.0,9,10,2052,2670.1079759592353
0.2,3.0,9,10,2053,2664.542432759075
0.2,3.0,9,10,2054,2670.1079759592362
0.2,3.0,9,10,2055,2659.19280518087
0.2,3.0,10,10,2026,2735.417413192099
0.2,3.0,10,10,2027,2624.186671408071
0.2,3.0,10,10,2028,2630.4747345879146
0.2,3.0,10,10,2029,2744.637041738817
0.2,3.0,10,10,2030,2622.283645115858
0.2,3.0,10,10,2031,3062.112234479754
0.2,3.0,10,10,2032,2622.7127553432597
0.2,3.0,10,10,2033,3108.872475959368
0.2,3.0,10,10,2034,2627.2669573676794
0.2,3.0,10,10,2035,2622.537687492699
0.2,3.0,10,10,2036,2624.615360505226
0.2,3.0,10,10,2037,2743.4300839073644
0.2,3.0,10,10,2038,2785.834847117344
0.2,3.0,10,10,2039,2784.9943697553667
0.2,3.0,10,10,2040,2620.8726497489797
0.2,3.0,10,10,2041,2720.9860920533783
0.2,3.0,10,10,2042,2759.4798887401357
0.2,3.0,10,10,2043,4116.470558496869
0.2,3.0,10,10,2044,2777.45325187109
0.2,3.0,10,10,2045,2623.13809818423
0.2,3.0,10,10,2046,2623.458375268338
0.2,3.0,10,10,2047,2621.465800493813
0.2,3.0,10,10,2048,2626.316180218739
0.2,3.0,10,10,2049,2718.1259704101285
0.2,3.0,10,10,2050,2792.124800067123
0.2,3.0,10,10,2051,2624.1105463913777
0.2,3.0,10,10,2052,2622.1744000774947
0.2,3.0,10,10,2053,3396.029660094762
0.2,3.0,10,10,2054,2743.601150561987
0.2,3.0,10,10,2055,3559.7188720539143
0.2,3.0,11,10,2026,3476.068898326549
0.2,3.0,11,10,2027,2600.000000000001
0.2,3.0,11,10,2028,2600.0000000000023
0.2,3.0,11,10,2029,3476.068898326548
0.2,3.0,11,10,2030,3476.993287175142
0.2,3.0,11,10,2031,3483.113911320933
0.2,3.0,11,10,2032,2600.0000000000005
0.2,3.0,11,10,2033,2600.0000000000005
0.2,3.0,11,10,2034,2600.000000000001
0.2,3.0,11,10,2035,3482.358323785087
0.2,3.0,11,10,2036,2600.0000000000014
0.2,3.0,11,10,2037,2600.0000000000005
0.2,3.0,11,10,2038,2600.000000000001
0.2,3.0,11,10,2039,2600.0000000000014
0.2,3.0,11,10,2040,2600.0000000000036
0.2,3.0,11,10,2041,2600.0000000000005
0.2,3.0,11,10,2042,2622.4255962459574
0.2,3.0,11,10,2043,3482.358323785087
0.2,3.0,11,10,2044,3476.4586553327313
0.2,3.0,11,10,2045,2600.0000000000027
0.2,3.0,11,10,2046,2600.000000000003
0.2,3.0,11,10,2047,2624.0746459059437
0.2,3.0,11,10,2048,2600.000000000001
0.2,3.0,11,10,2049,3476.9248252571206
0.2,3.0,11,10,2050,2600.000000000001
0.2,3.0,11,10,2051,2600.000000000001
0.2,3.0,11,10,2052,2600.0000000000005
0.2,3.0,11,10,2053,2600.000000000003
0.2,3.0,11,10,2054,2600.000000000001
0.2,3.0,11,10,2055,2600.000000000001
0.2,3.0,12,10,2026,2865.9446107176414
0.2,3.0,12,10,2027,2868.181648415532
0.2,3.0,12,10,2028,2873.708796220781
0.2,3.0,12,10,2029,2870.8593265259037
0.2,3.0,12,10,2030,2873.8448688613594
0.2,3.0,12,10,2031,2866.9878016344524
0.2,3.0,12,10,2032,2881.268920556739
0.2,3.0,12,10,2033,2868.706592260738
0.2,3.0,12,10,2034,2930.3509839990293
0.2,3.0,12,10,2035,2877.073059853609
0.2,3.0,12,10,2036,2873.0840672408503
0.2,3.0,12,10,2037,2868.1891144316387
0.2,3.0,12,10,2038,2878.338759728208
0.2,3.0,12,10,2039,2871.531728378201
0.2,3.0,12,10,2040,2867.446841931145
0.2,3.0,12,10,2041,2864.5798723256503
0.2,3.0,12,10,2042,2868.6082793764026
0.2,3.0,12,10,2043,2945.6015050941714
0.2,3.0,12,10,2044,2869.132366828071
0.2,3.0,12,10,2045,2868.726430732153
0.2,3.0,12,10,2046,2867.4872590197247
0.2,3.0,12,10,2047,2886.590649353588
0.2,3.0,12,10,2048,3113.2099810516415
0.2,3.0,12,10,2049,2879.5107344970666
0.2,3.0,12,10,2050,2865.5189914065922
0.2,3.0,12,10,2051,2944.94543238012
0.2,3.0,12,10,2052,2953.2584270563248
0.2,3.0,12,10,2053,2987.3023694774356
0.2,3.0,12,10,2054,2894.989892666717
0.2,3.0,12,10,2055,2868.9489827627162
0.2,10.0,1,10,2026,300.00000000000006
0.2,10.0,1,10,2027,300.00000000000006
0.2,10.0,1,10,2028,300.0
0.2,10.0,1,10,2029,300.00000000000006
0.2,10.0,1,10,2030,300.0
0.2,10.0,1,10,2031,300.0
0.2,10.0,1,10,2032,300.00000000000006
0.2,10.0,1,10,2033,300.00000000000006
0.2,10.0,1,10,2034,300.0
0.2,10.0,1,10,2035,300.0
0.2,10.0,1,10,2036,300.00000000000006
0.2,10.0,1,10,2037,300.0
0.2,10.0,1,10,2038,300.0
0.2,10.0,1,10,2039,300.00000000000006
0.2,10.0,1,10,2040,300.0
0.2,10.0,1,10,2041,300.00000000000006
0.2,10.0,1,10,2042,300.00000000000006
0.2,10.0,1,10,2043,300.0
0.2,10.0,1,10,2044,300.00000000000034
0.2,10.0,1,10,2045,300.0
0.2,10.0,1,10,2046,300.0
0.2,10.0,1,10,2047,300.00000000000006
0.2,10.0,1,10,2048,300.00000000000006
0.2,10.0,1,10,2049,300.0000000000001
0.2,10.0,1,10,2050,300.0000000000001
0.2,10.0,1,10,2051,300.00000000000006
0.2,10.0,1,10,2052,300.00000000000006
0.2,10.0,1,10,2053,300.0
0.2,10.0,1,10,2054,300.00000000000006
0.2,10.0,1,10,2055,300.00000000000006
0.2,10.0,2,10,2026,408.9161019277813
0.2,10.0,2,10,2027,404.37458260709167
0.2,10.0,2,10,2028,408.91610192778137
0.2,10.0,2,10,2029,400.5527203382474
0.2,10.0,2,10,2030,404.9389999932934
0.2,10.0,2,10,2031,407.5541219846672
0.2,10.0,2,10,2032,404.5517659940585
0.2,10.0,2,10,2033,408.9161019277813
0.2,10.0,2,10,2034,408.91610192778137
0.2,10.0,2,10,2035,400.3300096758259
0.2,10.0,2,10,2036,400.5527203382474
0.2,10.0,2,10,2037,400.1234020174015
0.2,10.0,2,10,2038,405.185348813549
0.2,10.0,2,10,2039,408.9161019277813
0.2,10.0,2,10,2040,408.9161019277813
0.2,10.0,2,10,2041,404.6508542607785
0.2,10.0,2,10,2042,469.1767744036575
0.2,10.0,2,10,2043,407.55412198466723
0.2,10.0,2,10,2044,404.6158454082251
0.2,10.0,2,10,2045,408.91610192778137
0.2,10.0,2,10,2046,408.9161019277813
0.2,10.0,2,10,2047,471.0405737704509
0.2,10.0,2,10,2048,407.55412198466723
0.2,10.0,2,10,2049,406.32371594406624
0.2,10.0,2,10,2050,400.0005205093141
0.2,10.0,2,10,2051,404.6935107732818
0.2,10.0,2,10,2052,408.91610192778137
0.2,10.0,2,10,2053,408.91610192778137
0.2,10.0,2,10,2054,408.9161019277813
0.2,10.0,2,10,2055,408.91610192778137
0.2,10.0,3,10,2026,600.0000000000001
0.2,10.0,3,10,2027,600.0000000000005
0.2,10.0,3,10,2028,600.0
0.2,10.0,3,10,2029,600.0000000000001
0.2,10.0,3,10,2030,600.0
0.2,10.0,3,10,2031,600.0
0.2,10.0,3,10,2032,600.0000000000001
0.2,10.0,3,10,2033,600.0000000000001
0.2,10.0,3,10,2034,600.0
0.2,10.0,3,10,2035,600.0000000000001
0.2,10.0,3,10,2036,600.0000000000001
0.2,10.0,3,10,2037,600.0
0.2,10.0,3,10,2038,600.0000000000001
0.2,10.0,3,10,2039,600.0
0.2,10.0,3,10,2040,600.0000000000001
0.2,10.0,3,10,2041,600.0
0.2,10.0,3,10,2042,600.0
0.2,10.0,3,10,2043,600.0000000000001
0.2,10.0,3,10,2044,600.0000000000001
0.2,10.0,3,10,2045,600.0000000000001
0.2,10.0,3,10,2046,600.0000000000001
0.2,10.0,3,10,2047,600.0000000000001
0.2,10.0,3,10,2048,600.0000000000001
0.2,10.0,3,10,2049,600.0
0.2,10.0,3,10,2050,600.0000000000002
0.2,10.0,3,10,2051,600.0
0.2,10.0,3,10,2052,600.0
0.2,10.0,3,10,2053,600.0000000000001
0.2,10.0,3,10,2054,600.0
0.2,10.0,3,10,2055,600.0000000000001
0.2,10.0,4,10,2026,860.0
0.2,10.0,4,10,2027,840.0
0.2,10.0,4,10,2028,836.0
0.2,10.0,4,10,2029,856.0
0.2,10.0,4,10,2030,870.0
0.2,10.0,4,10,2031,854.0000000000001
0.2,10.0,4,10,2032,848.0
0.2,10.0,4,10,2033,846.0
0.2,10.0,4,10,2034,872.0
0.2,10.0,4,10,2035,834.0
0.2,10.0,4,10,2036,902.0
0.2,10.0,4,10,2037,832.0
0.2,10.0,4,10,2038,834.0
0.2,10.0,4,10,2039,828.0
0.2,10.0,4,10,2040,912.0
0.2,10.0,4,10,2041,890.0
0.2,10.0,4,10,2042,840.0
0.2,10.0,4,10,2043,856.0
0.2,10.0,4,10,2044,852.0000000000032
0.2,10.0,4,10,2045,826.0
0.2,10.0,4,10,2046,840.0
0.2,10.0,4,10,2047,850.0
0.2,10.0,4,10,2048,876.5
0.2,10.0,4,10,2049,852.0000000000038
0.2,10.0,4,10,2050,842.0
0.2,10.0,4,10,2051,848.0
0.2,10.0,4,10,2052,830.0
0.2,10.0,4,10,2053,860.5
0.2,10.0,4,10,2054,878.0
0.2,10.0,4,10,2055,872.0000000000028
0.2,10.0,5,10,2026,900.4543240185917
0.2,10.0,5,10,2027,900.0000000000014
0.2,10.0,5,10,2028,900.089528250417
0.2,10.0,5,10,2029,900.4543240185917
0.2,10.0,5,10,2030,900.0000000000005
0.2,10.0,5,10,2031,903.0907187238624
0.2,10.0,5,10,2032,900.0000000000001
0.2,10.0,5,10,2033,903.09071872381
0.2,10.0,5,10,2034,900.0000000000005
0.2,10.0,5,10,2035,900.0000000000007
0.2,10.0,5,10,2036,900.5438522690076
0.2,10.0,5,10,2037,900.9086480371827
0.2,10.0,5,10,2038,900.0895282504171
0.2,10.0,5,10,2039,900.4543240185913
0.2,10.0,5,10,2040,900.0000000000003
0.2,10.0,5,10,2041,900.0000000000023
0.2,10.0,5,10,2042,900.454324018591
0.2,10.0,5,10,2043,900.0000000000006
0.2,10.0,5,10,2044,900.0000000000007
0.2,10.0,5,10,2045,903.3982556957798
0.2,10.0,5,10,2046,900.0895282504177
0.2,10.0,5,10,2047,902.2715989370591
0.2,10.0,5,10,2048,901.8172749184502
0.2,10.0,5,10,2049,900.0000000000011
0.2,10.0,5,10,2050,900.9086480371826
0.2,10.0,5,10,2051,902.8544034267716
0.2,10.0,5,10,2052,900.0000000000002
0.2,10.0,5,10,2053,900.0000000000007
0.2,10.0,5,10,2054,900.0000000000009
0.2,10.0,5,10,2055,900.0000000000001
0.2,10.0,6,10,2026,2981.6647364105947
0.2,10.0,6,10,2027,49631.53358311797
0.2,10.0,6,10,2028,22034.046128562917
0.2,10.0,6,10,2029,19500.394186183694
0.2,10.0,6,10,2030,2463.3463321585978
0.2,10.0,6,10,2031,2299.556070400931
0.2,10.0,6,10,2032,8166.511831607647
0.2,10.0,6,10,2033,19011.76209177278
0.2,10.0,6,10,2034,29822.450939234463
0.2,10.0,6,10,2035,16900.310232837066
0.2,10.0,6,10,2036,15117.394459375235
0.2,10.0,6,10,2037,4382.929403184564
0.2,10.0,6,10,2038,19451.28808312783
0.2,10.0,6,10,2039,4332.450396890703
0.2,10.0,6,10,2040,32932.065914469604
0.2,10.0,6,10,2041,13839.680158175739
0.2,10.0,6,10,2042,2997.1643288152536
0.2,10.0,6,10,2043,2374.9344040354954
0.2,10.0,6,10,2044,7834.252386964918
0.2,10.0,6,10,2045,12205.836124635738
0.2,10.0,6,10,2046,38316.138182229675
0.2,10.0,6,10,2047,33985.97480898956
0.2,10.0,6,10,2048,48266.07247092207
0.2,10.0,6,10,2049,5867.96882622209
0.2,10.0,6,10,2050,2842.138015597944
0.2,10.0,6,10,2051,29581.92080934116
0.2,10.0,6,10,2052,26701.889984372967
0.2,10.0,6,10,2053,22563.13020674746
0.2,10.0,6,10,2054,29584.310464011345
0.2,10.0,6,10,2055,45715.96734989511
0.2,10.0,7,10,2026,2129.805623127502
0.2,10.0,7,10,2027,2022.4751716825183
0.2,10.0,7,10,2028,2025.4747735217547
0.2,10.0,7,10,2029,2123.099565685934
0.2,10.0,7,10,2030,2023.9841343753028
0.2,10.0,7,10,2031,2126.211675947388
0.2,10.0,7,10,2032,2024.1418417010323
0.2,10.0,7,10,2033,2121.760066638461
0.2,10.0,7,10,2034,2024.9129490795192
0.2,10.0,7,10,2035,2025.7566441051904
0.2,10.0,7,10,2036,2030.7685020409128
0.2,10.0,7,10,2037,2024.9846084824894
0.2,10.0,7,10,2038,2129.0036278762705
0.2,10.0,7,10,2039,2064.7765687989777
0.2,10.0,7,10,2040,2033.4344322840204
0.2,10.0,7,10,2041,2025.0067644870146
0.2,10.0,7,10,2042,2037.7767612252599
0.2,10.0,7,10,2043,2036.9152128663623
0.2,10.0,7,10,2044,2123.057885292961
0.2,10.0,7,10,2045,2028.9605330283532
0.2,10.0,7,10,2046,2021.0029694924845
0.2,10.0,7,10,2047,2025.5036495036147
0.2,10.0,7,10,2048,2039.9059176415612
0.2,10.0,7,10,2049,2036.93047008569
0.2,10.0,7,10,2050,2029.4160172104541
0.2,10.0,7,10,2051,2033.3479942510094
0.2,10.0,7,10,2052,2125.2323639335423
0.2,10.0,7,10,2053,2021.5176771387612
0.2,10.0,7,10,2054,2025.69476591185
0.2,10.0,7,10,2055,2025.749318869637
0.2,10.0,8,10,2026,2221.03161645252
0.2,10.0,8,10,2027,2224.226781248577
0.2,10.0,8,10,2028,2218.2478384696924
0.2,10.0,8,10,2029,2629.3459877538285
0.2,10.0,8,10,2030,2221.306440007971
0.2,10.0,8,10,2031,2222.3714922695385
0.2,10.0,8,10,2032,2223.5769295927175
0.2,10.0,8,10,2033,2223.115328386263
0.2,10.0,8,10,2034,2222.712272950017
0.2,10.0,8,10,2035,2222.777401347125
0.2,10.0,8,10,2036,2220.1686360217914
0.2,10.0,8,10,2037,2231.817005104765
0.2,10.0,8,10,2038,2222.8957797040375
0.2,10.0,8,10,2039,2223.192006971688
0.2,10.0,8,10,2040,2221.927738256954
0.2,10.0,8,10,2041,2222.551874016884
0.2,10.0,8,10,2042,2222.7369554035354
0.2,10.0,8,10,2043,2780.761161812853
0.2,10.0,8,10,2044,2222.064736059754
0.2,10.0,8,10,2045,2222.826195660676
0.2,10.0,8,10,2046,2220.560733768239
0.2,10.0,8,10,2047,2228.1251940938223
0.2,10.0,8,10,2048,2221.252413514269
0.2,10.0,8,10,2049,2223.428275081117
0.2,10.0,8,10,2050,2222.1398741980693
0.2,10.0,8,10,2051,2221.9244835713894
0.2,10.0,8,10,2052,2224.260798525153
0.2,10.0,8,10,2053,2225.0366684038613
0.2,10.0,8,10,2054,2222.6563049566944
0.2,10.0,8,10,2055,2224.6290366308654
0.2,10.0,9,10,2026,2659.1928051809123
0.2,10.0,9,10,2027,2659.1928051830037
0.2,10.0,9,10,2028,2664.5424328887316
0.2,10.0,9,10,2029,2666.908142879168
0.2,10.0,9,10,2030,2659.0943447803597
0.2,10.0,9,10,2031,2664.5424327586134
0.2,10.0,9,10,2032,2669.8598037236393
0.2,10.0,9,10,2033,2664.5424327766427
0.2,10.0,9,10,2034,2300.0000000000005
0.2,10.0,9,10,2035,2664.5424327619203
0.2,10.0,9,10,2036,2666.9081428778027
0.2,10.0,9,10,2037,2659.0943447803606
0.2,10.0,9,10,2038,2752.9904536755216
0.2,10.0,9,10,2039,2670.107975959236
0.2,10.0,9,10,2040,2664.5424327563187
0.2,10.0,9,10,2041,2659.1928051808864
0.2,10.0,9,10,2042,2659.1928051809136
0.2,10.0,9,10,2043,2664.5424327621736
0.2,10.0,9,10,2044,2669.8598037236416
0.2,10.0,9,10,2045,2670.107975959236
0.2,10.0,9,10,2046,2659.0943447808186
0.2,10.0,9,10,2047,2665.470460798551
0.2,10.0,9,10,2048,2669.859803723641
0.2,10.0,9,10,2049,2680.239934060168
0.2,10.0,9,10,2050,2659.0943447803656
0.2,10.0,9,10,2051,2664.5424327566484
0.2,10.0,9,10,2052,2669.8598037236393
0.2,10.0,9,10,2053,2670.107975959236
0.2,10.0,9,10,2054,2666.908142878482
0.2,10.0,9,10,2055,2659.192805180918
0.2,10.0,10,10,2026,2734.834245757457
0.2,10.0,10,10,2027,2624.539416541444
0.2,10.0,10,10,2028,2620.8726497489797
0.2,10.0,10,10,2029,2775.645561705679
0.2,10.0,10,10,2030,2623.0006096538154
0.2,10.0,10,10,2031,3062.112234479755
0.2,10.0,10,10,2032,2622.103706162636
0.2,10.0,10,10,2033,3108.872475959369
0.2,10.0,10,10,2034,2627.5955846537236
0.2,10.0,10,10,2035,2624.186931085541
0.2,10.0,10,10,2036,2624.110563879832
0.2,10.0,10,10,2037,2724.835944309186
0.2,10.0,10,10,2038,2727.419052716048
0.2,10.0,10,10,2039,2764.415876984033
0.2,10.0,10,10,2040,2621.3494272349835
0.2,10.0,10,10,2041,2720.986092053376
0.2,10.0,10,10,2042,2738.258347332992
0.2,10.0,10,10,2043,4112.123125532825
0.2,10.0,10,10,2044,2759.522031436938
0.2,10.0,10,10,2045,2622.5376874927
0.2,10.0,10,10,2046,2626.9992821869696
0.2,10.0,10,10,2047,2628.1663213819775
0.2,10.0,10,10,2048,2624.1105787252873
0.2,10.0,10,10,2049,2739.1445379196384
0.2,10.0,10,10,2050,2737.5796855617837
0.2,10.0,10,10,2051,2623.3404399794763
0.2,10.0,10,10,2052,2621.4243988104727
0.2,10.0,10,10,2053,3396.029660094762
0.2,10.0,10,10,2054,2748.118742291687
0.2,10.0,10,10,2055,4220.250883846902
0.2,10.0,11,10,2026,3476.9932882415005
0.2,10.0,11,10,2027,2600.0000000000014
0.2,10.0,11,10,2028,2600.0000000000023
0.2,10.0,11,10,2029,3476.9248252571206
0.2,10.0,11,10,2030,3476.068898326548
0.2,10.0,11,10,2031,3476.458645278047
0.2,10.0,11,10,2032,2621.072377922811
0.2,10.0,11,10,2033,2600.0000000000014
0.2,10.0,11,10,2034,2600.000000000003
0.2,10.0,11,10,2035,3476.9932875780123
0.2,10.0,11,10,2036,2600.000000000001
0.2,10.0,11,10,2037,2600.000000000001
0.2,10.0,11,10,2038,2600.000000000001
0.2,10.0,11,10,2039,2600.0000000000005
0.2,10.0,11,10,2040,2600.0000000000014
0.2,10.0,11,10,2041,2600.000000000001
0.2,10.0,11,10,2042,2600.000000000001
0.2,10.0,11,10,2043,3476.068898326548
0.2,10.0,11,10,2044,3476.9248252571206
0.2,10.0,11,10,2045,2600.0000000000005
0.2,10.0,11,10,2046,2600.000000000001
0.2,10.0,11,10,2047,2600.0000000000005
0.2,10.0,11,10,2048,2600.000000000001
0.2,10.0,11,10,2049,3477.2868809588867
0.2,10.0,11,10,2050,2600.0000000000014
0.2,10.0,11,10,2051,2600.0000000000005
0.2,10.0,11,10,2052,2600.000000000002
0.2,10.0,11,10,2053,2600.0000000000014
0.2,10.0,11,10,2054,2600.0000000000014
0.2,10.0,11,10,2055,2600.0000000000005
0.2,10.0,12,10,2026,2899.6876401333484
0.2,10.0,12,10,2027,2865.946212153531
0.2,10.0,12,10,2028,2865.94601555844
0.2,10.0,12,10,2029,2863.7723198546537
0.2,10.0,12,10,2030,2867.959458270987
0.2,10.0,12,10,2031,2869.976661520807
0.2,10.0,12,10,2032,2867.487258208934
0.2,10.0,12,10,2033,2865.9345702296114
0.2,10.0,12,10,2034,2870.7743722481873
0.2,10.0,12,10,2035,2871.3513551700753
0.2,10.0,12,10,2036,2865.9480856544683
0.2,10.0,12,10,2037,2869.6759007725805
0.2,10.0,12,10,2038,2874.3042143198268
0.2,10.0,12,10,2039,2865.910194372559
0.2,10.0,12,10,2040,2865.4863640450844
0.2,10.0,12,10,2041,2869.895705182257
0.2,10.0,12,10,2042,2871.3513551700753
0.2,10.0,12,10,2043,2874.525218981075
0.2,10.0,12,10,2044,2874.3042143198268
0.2,10.0,12,10,2045,2870.2787932795013
0.2,10.0,12,10,2046,2866.805162175832
0.2,10.0,12,10,2047,2883.245858601062
0.2,10.0,12,10,2048,2868.5401255175034
0.2,10.0,12,10,2049,2886.0275402546176
0.2,10.0,12,10,2050,2867.2056549601566
0.2,10.0,12,10,2051,2866.707789566985
0.2,10.0,12,10,2052,2870.774371251275
0.2,10.0,12,10,2053,2866.8868795928033
0.2,10.0,12,10,2054,2865.9546171178304
0.2,10.0,12,10,2055,2865.4917330515395
0.2,30.0,1,10,2026,300.00000000000006
0.2,30.0,1,10,2027,300.0
0.2,30.0,1,10,2028,300.0
0.2,30.0,1,10,2029,300.0000000000001
0.2,30.0,1,10,2030,300.00000000000006
0.2,30.0,1,10,2031,300.0
0.2,30.0,1,10,2032,300.0
0.2,30.0,1,10,2033,300.00000000000006
0.2,30.0,1,10,2034,300.0000000000001
0.2,30.0,1,10,2035,300.0000000000001
0.2,30.0,1,10,2036,300.0
0.2,30.0,1,10,2037,300.0
0.2,30.0,1,10,2038,300.00000000000006
0.2,30.0,1,10,2039,300.00000000000006
0.2,30.0,1,10,2040,300.00000000000006
0.2,30.0,1,10,2041,300.00000000000006
0.2,30.0,1,10,2042,300.0
0.2,30.0,1,10,2043,300.0000000000001
0.2,30.0,1,10,2044,300.00000000000006
0.2,30.0,1,10,2045,300.0
0.2,30.0,1,10,2046,300.0
0.2,30.0,1,10,2047,300.0
0.2,30.0,1,10,2048,300.0
0.2,30.0,1,10,2049,300.00000000000006
0.2,30.0,1,10,2050,300.00000000000006
0.2,30.0,1,10,2051,300.0000000000001
0.2,30.0,1,10,2052,300.00000000000006
0.2,30.0,1,10,2053,300.00000000000006
0.2,30.0,1,10,2054,300.00000000000006
0.2,30.0,1,10,2055,300.00000000000006
0.2,30.0,2,10,2026,408.9161019277813
0.2,30.0,2,10,2027,404.37458595128555
0.2,30.0,2,10,2028,408.91610192778137
0.2,30.0,2,10,2029,408.9161019277813
0.2,30.0,2,10,2030,405.09740903353423
0.2,30.0,2,10,2031,404.2476545702061
0.2,30.0,2,10,2032,404.59951035825264
0.2,30.0,2,10,2033,408.9161019277813
0.2,30.0,2,10,2034,408.91610192778137
0.2,30.0,2,10,2035,471.06598573686074
0.2,30.0,2,10,2036,400.02429865022293
0.2,30.0,2,10,2037,408.9161019277813
0.2,30.0,2,10,2038,404.56830247970686
0.2,30.0,2,10,2039,400.5527203382474
0.2,30.0,2,10,2040,408.9161019277814
0.2,30.0,2,10,2041,404.0947931164153
0.2,30.0,2,10,2042,408.91610192778137
0.2,30.0,2,10,2043,408.91610192778137
0.2,30.0,2,10,2044,404.7873417120575
0.2,30.0,2,10,2045,408.9161019277813
0.2,30.0,2,10,2046,408.91610192778137
0.2,30.0,2,10,2047,404.3745762116136
0.2,30.0,2,10,2048,408.0023248862848
0.2,30.0,2,10,2049,404.69709450538613
0.2,30.0,2,10,2050,400.00276978461454
0.2,30.0,2,10,2051,408.91610192778137
0.2,30.0,2,10,2052,408.91610192778137
0.2,30.0,2,10,2053,408.91610192778137
0.2,30.0,2,10,2054,419.4616607967074
0.2,30.0,2,10,2055,408.9161019277813
0.2,30.0,3,10,2026,600.0
0.2,30.0,3,10,2027,600.0000000000001
0.2,30.0,3,10,2028,600.0000000000001
0.2,30.0,3,10,2029,600.0
0.2,30.0,3,10,2030,600.0
0.2,30.0,3,10,2031,600.0
0.2,30.0,3,10,2032,600.0
0.2,30.0,3,10,2033,600.0000000000001
0.2,30.0,3,10,2034,600.0000000000001
0.2,30.0,3,10,2035,600.0
0.2,30.0,3,10,2036,600.0000000000001
0.2,30.0,3,10,2037,600.0
0.2,30.0,3,10,2038,600.0000000000001
0.2,30.0,3,10,2039,600.0000000000001
0.2,30.0,3,10,2040,600.0000000000001
0.2,30.0,3,10,2041,600.0
0.2,30.0,3,10,2042,600.0000000000001
0.2,30.0,3,10,2043,600.0000000000001
0.2,30.0,3,10,2044,600.0000000000001
0.2,30.0,3,10,2045,600.0
0.2,30.0,3,10,2046,600.0000000000001
0.2,30.0,3,10,2047,600.0000000000001
0.2,30.0,3,10,2048,600.0000000000001
0.2,30.0,3,10,2049,600.0
0.2,30.0,3,10,2050,600.0000000000002
0.2,30.0,3,10,2051,600.0
0.2,30.0,3,10,2052,600.0
0.2,30.0,3,10,2053,600.0000000000001
0.2,30.0,3,10,2054,600.0000000000001
0.2,30.0,3,10,2055,600.0000000000001
0.2,30.0,4,10,2026,860.0
0.2,30.0,4,10,2027,840.0
0.2,30.0,4,10,2028,836.0
0.2,30.0,4,10,2029,856.0
0.2,30.0,4,10,2030,870.0
0.2,30.0,4,10,2031,854.0000000000005
0.2,30.0,4,10,2032,848.0
0.2,30.0,4,10,2033,852.0
0.2,30.0,4,10,2034,872.0
0.2,30.0,4,10,2035,834.0
0.2,30.0,4,10,2036,902.0
0.2,30.0,4,10,2037,832.0
0.2,30.0,4,10,2038,834.0
0.2,30.0,4,10,2039,828.0
0.2,30.0,4,10,2040,912.0
0.2,30.0,4,10,2041,878.0
0.2,30.0,4,10,2042,840.0
0.2,30.0,4,10,2043,856.0
0.2,30.0,4,10,2044,852.0
0.2,30.0,4,10,2045,826.0
0.2,30.0,4,10,2046,840.0
0.2,30.0,4,10,2047,856.0
0.2,30.0,4,10,2048,876.5
0.2,30.0,4,10,2049,852.0
0.2,30.0,4,10,2050,842.0
0.2,30.0,4,10,2051,848.0
0.2,30.0,4,10,2052,830.0
0.2,30.0,4,10,2053,860.5
0.2,30.0,4,10,2054,878.0
0.2,30.0,4,10,2055,872.0
0.2,30.0,5,10,2026,900.4543240185918
0.2,30.0,5,10,2027,900.0000000000007
0.2,30.0,5,10,2028,900.0895282504166
0.2,30.0,5,10,2029,900.4543240185911
0.2,30.0,5,10,2030,900.0000000000002
0.2,30.0,5,10,2031,903.0907193763671
0.2,30.0,5,10,2032,900.0000000000005
0.2,30.0,5,10,2033,903.0907187238083
0.2,30.0,5,10,2034,900.0000000000007
0.2,30.0,5,10,2035,900.0000000000005
0.2,30.0,5,10,2036,900.543852269008
0.2,30.0,5,10,2037,900.9086480371818
0.2,30.0,5,10,2038,900.000000000001
0.2,30.0,5,10,2039,900.4543240185915
0.2,30.0,5,10,2040,900.0895282504167
0.2,30.0,5,10,2041,900.0000000000003
0.2,30.0,5,10,2042,900.4543240185918
0.2,30.0,5,10,2043,900.0000000000006
0.2,30.0,5,10,2044,900.089528250417
0.2,30.0,5,10,2045,903.398255695781
0.2,30.0,5,10,2046,900.0895282504167
0.2,30.0,5,10,2047,902.3611271874944
0.2,30.0,5,10,2048,901.8172749184512
0.2,30.0,5,10,2049,900.0000000000005
0.2,30.0,5,10,2050,900.9086480371823
0.2,30.0,5,10,2051,902.8544034267719
0.2,30.0,5,10,2052,900.0000000000001
0.2,30.0,5,10,2053,900.0000000000011
0.2,30.0,5,10,2054,900.0000000000002
0.2,30.0,5,10,2055,900.089528250417
0.2,30.0,6,10,2026,42824.03779528024
0.2,30.0,6,10,2027,25752.478229407294
0.2,30.0,6,10,2028,9103.479290057681
0.2,30.0,6,10,2029,1912.9699321332685
0.2,30.0,6,10,2030,13470.442826073478
0.2,30.0,6,10,2031,6576.685670900054
0.2,30.0,6,10,2032,7316.759964569735
0.2,30.0,6,10,2033,12417.553080373023
0.2,30.0,6,10,2034,41990.257763072914
0.2,30.0,6,10,2035,35666.09711095583
0.2,30.0,6,10,2036,9796.397754383634
0.2,30.0,6,10,2037,48442.60501542507
0.2,30.0,6,10,2038,15945.75708234787
0.2,30.0,6,10,2039,15092.376318508963
0.2,30.0,6,10,2040,5178.624753944424
0.2,30.0,6,10,2041,17761.12928264447
0.2,30.0,6,10,2042,8513.94593617741
0.2,30.0,6,10,2043,2424.2799706173573
0.2,30.0,6,10,2044,15320.55721373741
0.2,30.0,6,10,2045,6521.830395285634
0.2,30.0,6,10,2046,35895.17992738981
0.2,30.0,6,10,2047,15785.896076493336
0.2,30.0,6,10,2048,71326.62830068446
0.2,30.0,6,10,2049,2082.2560792803138
0.2,30.0,6,10,2050,9886.35507300507
0.2,30.0,6,10,2051,12198.153052159512
0.2,30.0,6,10,2052,24989.347971990235
0.2,30.0,6,10,2053,2644.3303980117184
0.2,30.0,6,10,2054,27989.735186002672
0.2,30.0,6,10,2055,22973.777737956298
0.2,30.0,7,10,2026,2129.9306188290348
0.2,30.0,7,10,2027,2022.4670100123367
0.2,30.0,7,10,2028,2024.9759204547622
0.2,30.0,7,10,2029,2133.5839534549973
0.2,30.0,7,10,2030,2023.9841343753028
0.2,30.0,7,10,2031,2129.487291932161
0.2,30.0,7,10,2032,2022.2697562621584
0.2,30.0,7,10,2033,2121.177647904289
0.2,30.0,7,10,2034,2023.9956321917043
0.2,30.0,7,10,2035,2025.7725715686531
0.2,30.0,7,10,2036,2030.4495602964405
0.2,30.0,7,10,2037,2026.975631319304
0.2,30.0,7,10,2038,2129.2467501715805
0.2,30.0,7,10,2039,2064.773974356954
0.2,30.0,7,10,2040,2033.4344323596617
0.2,30.0,7,10,2041,2025.0144670587547
0.2,30.0,7,10,2042,2037.256017785824
0.2,30.0,7,10,2043,2036.9724270869644
0.2,30.0,7,10,2044,2128.930710837166
0.2,30.0,7,10,2045,2028.981447846269
0.2,30.0,7,10,2046,2020.9949979873004
0.2,30.0,7,10,2047,2025.3254103444958
0.2,30.0,7,10,2048,2040.398275430786
0.2,30.0,7,10,2049,2037.4142028473111
0.2,30.0,7,10,2050,2021.9738418765753
0.2,30.0,7,10,2051,2038.0082634239468
0.2,30.0,7,10,2052,2124.219326323894
0.2,30.0,7,10,2053,2023.5661968754673
0.2,30.0,7,10,2054,2030.4842626925993
0.2,30.0,7,10,2055,2021.0073337464864
0.2,30.0,8,10,2026,2223.326327685449
0.2,30.0,8,10,2027,2222.4343969917613
0.2,30.0,8,10,2028,2222.78045554763
0.2,30.0,8,10,2029,2629.7726840199753
0.2,30.0,8,10,2030,2234.8222647357634
0.2,30.0,8,10,2031,2222.4235176221864
0.2,30.0,8,10,2032,2223.591539170221
0.2,30.0,8,10,2033,2221.6674577349054
0.2,30.0,8,10,2034,2221.762919174571
0.2,30.0,8,10,2035,2235.884281134317
0.2,30.0,8,10,2036,2221.8636147081725
0.2,30.0,8,10,2037,2224.547876549297
0.2,30.0,8,10,2038,2223.619498245226
0.2,30.0,8,10,2039,2224.608228192524
0.2,30.0,8,10,2040,2220.531091073011
0.2,30.0,8,10,2041,2220.9306697469783
0.2,30.0,8,10,2042,2223.5873198594536
0.2,30.0,8,10,2043,2780.761161812853
0.2,30.0,8,10,2044,2327.931434205543
0.2,30.0,8,10,2045,2228.2138949922014
0.2,30.0,8,10,2046,2220.453732449691
0.2,30.0,8,10,2047,2218.2351761005148
0.2,30.0,8,10,2048,2221.61748542229
0.2,30.0,8,10,2049,2223.464523489199
0.2,30.0,8,10,2050,2221.379690394356
0.2,30.0,8,10,2051,2229.4331759214892
0.2,30.0,8,10,2052,2224.413440507296
0.2,30.0,8,10,2053,2225.0390846748264
0.2,30.0,8,10,2054,2321.735210170105
0.2,30.0,8,10,2055,2226.822641023598
0.2,30.0,9,10,2026,2659.1928051809027
0.2,30.0,9,10,2027,2659.192805181114
0.2,30.0,9,10,2028,2664.5424327566598
0.2,30.0,9,10,2029,2666.9081428780687
0.2,30.0,9,10,2030,2659.0943447803597
0.2,30.0,9,10,2031,2664.5424327561936
0.2,30.0,9,10,2032,2669.8598037236393
0.2,30.0,9,10,2033,2666.9081429217317
0.2,30.0,9,10,2034,2300.000000000001
0.2,30.0,9,10,2035,2664.5424327561936
0.2,30.0,9,10,2036,2666.908142878388
0.2,30.0,9,10,2037,2659.0943447803606
0.2,30.0,9,10,2038,2752.9904535576875
0.2,30.0,9,10,2039,2907.191950971618
0.2,30.0,9,10,2040,2664.542432767628
0.2,30.0,9,10,2041,2659.0943447803697
0.2,30.0,9,10,2042,2659.192805180874
0.2,30.0,9,10,2043,2664.542432756214
0.2,30.0,9,10,2044,2669.8598037236407
0.2,30.0,9,10,2045,2670.107975959236
0.2,30.0,9,10,2046,2669.859803723639
0.2,30.0,9,10,2047,2666.9081428989202
0.2,30.0,9,10,2048,2659.1928051831414
0.2,30.0,9,10,2049,2670.107975959236
0.2,30.0,9,10,2050,2659.1928051808763
0.2,30.0,9,10,2051,2664.5424327562005
0.2,30.0,9,10,2052,2669.8598037236393
0.2,30.0,9,10,2053,2669.859803723639
0.2,30.0,9,10,2054,2665.470460889585
0.2,30.0,9,10,2055,2659.192805182164
0.2,30.0,10,10,2026,2734.834245757457
0.2,30.0,10,10,2027,2627.2311518418587
0.2,30.0,10,10,2028,2621.4233723593566
0.2,30.0,10,10,2029,2724.5245124753837
0.2,30.0,10,10,2030,2620.87264974898
0.2,30.0,10,10,2031,3062.112234479756
0.2,30.0,10,10,2032,2626.899640067882
0.2,30.0,10,10,2033,3108.8724759593697
0.2,30.0,10,10,2034,2627.595593172607
0.2,30.0,10,10,2035,2623.7332364304066
0.2,30.0,10,10,2036,2624.1107026336053
0.2,30.0,10,10,2037,2724.8359443091854
0.2,30.0,10,10,2038,2727.4190527160476
0.2,30.0,10,10,2039,2764.4158769840324
0.2,30.0,10,10,2040,2622.1744000774943
0.2,30.0,10,10,2041,2720.9860920533756
0.2,30.0,10,10,2042,2738.2583473329914
0.2,30.0,10,10,2043,4112.04305808859
0.2,30.0,10,10,2044,2759.5220314369376
0.2,30.0,10,10,2045,2622.537687492699
0.2,30.0,10,10,2046,2629.9093034055313
0.2,30.0,10,10,2047,2627.9412459542514
0.2,30.0,10,10,2048,2624.1104660523674
0.2,30.0,10,10,2049,2739.0021663633265
0.2,30.0,10,10,2050,2729.0755232351626
0.2,30.0,10,10,2051,2625.2468228915127
0.2,30.0,10,10,2052,2621.4238275812613
0.2,30.0,10,10,2053,3396.029660094762
0.2,30.0,10,10,2054,2748.1187422916864
0.2,30.0,10,10,2055,4220.250883846901
0.2,30.0,11,10,2026,3476.9932880773795
0.2,30.0,11,10,2027,2600.0000000000014
0.2,30.0,11,10,2028,2600.0000000000027
0.2,30.0,11,10,2029,3476.9248252571206
0.2,30.0,11,10,2030,3476.068898326549
0.2,30.0,11,10,2031,3476.718428502247
0.2,30.0,11,10,2032,2600.000000000001
0.2,30.0,11,10,2033,2600.0000000000014
0.2,30.0,11,10,2034,2600.0000000000005
0.2,30.0,11,10,2035,3476.068898326548
0.2,30.0,11,10,2036,2600.000000000001
0.2,30.0,11,10,2037,2600.000000000001
0.2,30.0,11,10,2038,2600.000000000001
0.2,30.0,11,10,2039,2622.4255962459574
0.2,30.0,11,10,2040,2600.0000000000005
0.2,30.0,11,10,2041,2600.0000000000014
0.2,30.0,11,10,2042,2600.000000000001
0.2,30.0,11,10,2043,3476.068898326548
0.2,30.0,11,10,2044,3476.9932866790214
0.2,30.0,11,10,2045,2600.0000000000014
0.2,30.0,11,10,2046,2600.0000000000014
0.2,30.0,11,10,2047,2623.430847476241
0.2,30.0,11,10,2048,2600.0000000000005
0.2,30.0,11,10,2049,3476.9248252571206
0.2,30.0,11,10,2050,2600.000000000001
0.2,30.0,11,10,2051,2600.000000000001
0.2,30.0,11,10,2052,2600.0000000000005
0.2,30.0,11,10,2053,2600.0000000000005
0.2,30.0,11,10,2054,2600.000000000001
0.2,30.0,11,10,2055,2600.0000000000005
0.2,30.0,12,10,2026,2866.828299257572
0.2,30.0,12,10,2027,2868.182902990956
0.2,30.0,12,10,2028,2869.909810815987
0.2,30.0,12,10,2029,2866.447076769649
0.2,30.0,12,10,2030,2864.018650579742
0.2,30.0,12,10,2031,2870.567204417798
0.2,30.0,12,10,2032,2867.487258399243
0.2,30.0,12,10,2033,2864.5878698349775
0.2,30.0,12,10,2034,2870.2805128383625
0.2,30.0,12,10,2035,2876.731721033329
0.2,30.0,12,10,2036,2868.1246055630745
0.2,30.0,12,10,2037,2865.4846971552656
0.2,30.0,12,10,2038,2873.9365751455966
0.2,30.0,12,10,2039,2866.6749650920847
0.2,30.0,12,10,2040,2866.5986058888466
0.2,30.0,12,10,2041,2865.9500804751383
0.2,30.0,12,10,2042,2868.1829030389954
0.2,30.0,12,10,2043,2874.5252190441242
0.2,30.0,12,10,2044,2868.382183391247
0.2,30.0,12,10,2045,2866.707989966055
0.2,30.0,12,10,2046,2870.155155797172
0.2,30.0,12,10,2047,2883.9724540974216
0.2,30.0,12,10,2048,2868.355133508939
0.2,30.0,12,10,2049,2886.027540266156
0.2,30.0,12,10,2050,2866.7441059715425
0.2,30.0,12,10,2051,2866.4470363288974
0.2,30.0,12,10,2052,2866.684776097807
0.2,30.0,12,10,2053,2864.9027626602697
0.2,30.0,12,10,2054,2866.4899803102044
0.2,30.0,12,10,2055,2866.317672622758
0.3,3.0,1,10,2026,300.0000000000002
0.3,3.0,1,10,2027,300.0
0.3,3.0,1,10,2028,300.00000000000006
0.3,3.0,1,10,2029,300.0000000000001
0.3,3.0,1,10,2030,300.00000000000006
0.3,3.0,1,10,2031,300.00000000000006
0.3,3.0,1,10,2032,300.00000000000006
0.3,3.0,1,10,2033,300.00000000000006
0.3,3.0,1,10,2034,300.0
0.3,3.0,1,10,2035,300.00000000000006
0.3,3.0,1,10,2036,300.00000000000006
0.3,3.0,1,10,2037,300.00000000000006
0.3,3.0,1,10,2038,300.00000000000006
0.3,3.0,1,10,2039,300.00000000000006
0.3,3.0,1,10,2040,300.00000000000017
0.3,3.0,1,10,2041,300.0
0.3,3.0,1,10,2042,300.00000000000006
0.3,3.0,1,10,2043,300.0
0.3,3.0,1,10,2044,300.0
0.3,3.0,1,10,2045,300.0
0.3,3.0,1,10,2046,300.00000000000006
0.3,3.0,1,10,2047,300.00000000000006
0.3,3.0,1,10,2048,300.0
0.3,3.0,1,10,2049,300.00000000000006
0.3,3.0,1,10,2050,300.0
0.3,3.0,1,10,2051,300.00000000000006
0.3,3.0,1,10,2052,300.0
0.3,3.0,1,10,2053,300.00000000000006
0.3,3.0,1,10,2054,300.00000000000006
0.3,3.0,1,10,2055,300.0
0.3,3.0,2,10,2026,408.91610192778137
0.3,3.0,2,10,2027,468.7305888302721
0.3,3.0,2,10,2028,408.9161019277813
0.3,3.0,2,10,2029,408.9161019277813
0.3,3.0,2,10,2030,404.10202223856163
0.3,3.0,2,10,2031,404.2591935641022
0.3,3.0,2,10,2032,404.2464268406458
0.3,3.0,2,10,2033,404.37458358669915
0.3,3.0,2,10,2034,419.4616607967074
0.3,3.0,2,10,2035,475.6146274219891
0.3,3.0,2,10,2036,400.0834442411942
0.3,3.0,2,10,2037,470.7810838743929
0.3,3.0,2,10,2038,408.9161019277813
0.3,3.0,2,10,2039,408.0023248862848
0.3,3.0,2,10,2040,408.9161019277813
0.3,3.0,2,10,2041,408.91610192778137
0.3,3.0,2,10,2042,400.03044832501087
0.3,3.0,2,10,2043,408.91610192778137
0.3,3.0,2,10,2044,407.5541219846677
0.3,3.0,2,10,2045,404.1526895456145
0.3,3.0,2,10,2046,400.0704080533474
0.3,3.0,2,10,2047,473.8189257697742
0.3,3.0,2,10,2048,400.14451120721105
0.3,3.0,2,10,2049,408.9161019277813
0.3,3.0,2,10,2050,408.9161019277813
0.3,3.0,2,10,2051,408.00232488628467
0.3,3.0,2,10,2052,408.91610192778137
0.3,3.0,2,10,2053,419.4616607967074
0.3,3.0,2,10,2054,408.00232488628467
0.3,3.0,2,10,2055,408.9161019277813
0.3,3.0,3,10,2026,600.0000000000001
0.3,3.0,3,10,2027,600.0
0.3,3.0,3,10,2028,600.0000000000003
0.3,3.0,3,10,2029,600.0000000000001
0.3,3.0,3,10,2030,600.0
0.3,3.0,3,10,2031,600.0
0.3,3.0,3,10,2032,600.0000000000001
0.3,3.0,3,10,2033,600.0000000000001
0.3,3.0,3,10,2034,600.0000000000002
0.3,3.0,3,10,2035,600.0000000000001
0.3,3.0,3,10,2036,600.0000000000001
0.3,3.0,3,10,2037,600.0000000000003
0.3,3.0,3,10,2038,600.0000000000001
0.3,3.0,3,10,2039,600.0
0.3,3.0,3,10,2040,600.0000000000001
0.3,3.0,3,10,2041,600.0
0.3,3.0,3,10,2042,600.0000000000002
0.3,3.0,3,10,2043,600.0
0.3,3.0,3,10,2044,600.0
0.3,3.0,3,10,2045,600.0
0.3,3.0,3,10,2046,600.0000000000001
0.3,3.0,3,10,2047,600.0
0.3,3.0,3,10,2048,600.0
0.3,3.0,3,10,2049,600.0
0.3,3.0,3,10,2050,600.0000000000001
0.3,3.0,3,10,2051,600.0000000000002
0.3,3.0,3,10,2052,600.0
0.3,3.0,3,10,2053,600.0000000000001
0.3,3.0,3,10,2054,600.0
0.3,3.0,3,10,2055,600.0000000000001
0.3,3.0,4,10,2026,882.0
0.3,3.0,4,10,2027,870.0
0.3,3.0,4,10,2028,860.0000000000009
0.3,3.0,4,10,2029,846.0000000000007
0.3,3.0,4,10,2030,834.0
0.3,3.0,4,10,2031,820.0
0.3,3.0,4,10,2032,916.5
0.3,3.0,4,10,2033,888.5
0.3,3.0,4,10,2034,856.0
0.3,3.0,4,10,2035,846.0
0.3,3.0,4,10,2036,862.0
0.3,3.0,4,10,2037,888.0
0.3,3.0,4,10,2038,834.0
0.3,3.0,4,10,2039,840.0000000000002
0.3,3.0,4,10,2040,912.0
0.3,3.0,4,10,2041,880.0
0.3,3.0,4,10,2042,872.0
0.3,3.0,4,10,2043,820.0
0.3,3.0,4,10,2044,880.0000000000002
0.3,3.0,4,10,2045,838.0
0.3,3.0,4,10,2046,918.0
0.3,3.0,4,10,2047,862.0
0.3,3.0,4,10,2048,820.0
0.3,3.0,4,10,2049,882.0
0.3,3.0,4,10,2050,862.0
0.3,3.0,4,10,2051,916.0000000000002
0.3,3.0,4,10,2052,888.0000000000001
0.3,3.0,4,10,2053,846.0
0.3,3.0,4,10,2054,868.0
0.3,3.0,4,10,2055,876.0
0.3,3.0,5,10,2026,900.454324018591
0.3,3.0,5,10,2027,903.3617638563996
0.3,3.0,5,10,2028,901.7043054796825
0.3,3.0,5,10,2029,900.998176287599
0.3,3.0,5,10,2030,900.9086480371818
0.3,3.0,5,10,2031,902.1820706866297
0.3,3.0,5,10,2032,900.4543240186366
0.3,3.0,5,10,2033,900.633380519424
0.3,3.0,5,10,2034,900.0895282504172
0.3,3.0,5,10,2035,900.0895282504167
0.3,3.0,5,10,2036,900.1790565008337
0.3,3.0,5,10,2037,900.9981762876002
0.3,3.0,5,10,2038,901.7278460742016
0.3,3.0,5,10,2039,901.5420285566071
0.3,3.0,5,10,2040,902.2715989370413
0.3,3.0,5,10,2041,903.2453316885309
0.3,3.0,5,10,2042,900.0000000000011
0.3,3.0,5,10,2043,902.2954239703824
0.3,3.0,5,10,2044,900.4543240185918
0.3,3.0,5,10,2045,903.4877839461965
0.3,3.0,5,10,2046,906.0716946459494
0.3,3.0,5,10,2047,902.725922955634
0.3,3.0,5,10,2048,902.271598937042
0.3,3.0,5,10,2049,900.0000000000001
0.3,3.0,5,10,2050,900.9981762876002
0.3,3.0,5,10,2051,900.9981762875984
0.3,3.0,5,10,2052,900.0000000000008
0.3,3.0,5,10,2053,900.4543240185916
0.3,3.0,5,10,2054,901.3629720557745
0.3,3.0,5,10,2055,905.3075192460171
0.3,3.0,6,10,2026,39610.26512551167
0.3,3.0,6,10,2027,27233.35696474743
0.3,3.0,6,10,2028,34896.16962463322
0.3,3.0,6,10,2029,5903.87396439175
0.3,3.0,6,10,2030,13978.2329865018
0.3,3.0,6,10,2031,7378.793050908082
0.3,3.0,6,10,2032,5109.23175315345
0.3,3.0,6,10,2033,33906.756173953436
0.3,3.0,6,10,2034,40194.016508235996
0.3,3.0,6,10,2035,32500.155419605573
0.3,3.0,6,10,2036,9151.576009111477
0.3,3.0,6,10,2037,6028.233544704359
0.3,3.0,6,10,2038,13126.313097783723
0.3,3.0,6,10,2039,3080.958333767837
0.3,3.0,6,10,2040,5305.316237021795
0.3,3.0,6,10,2041,14370.131215572555
0.3,3.0,6,10,2042,2592.7602507262645
0.3,3.0,6,10,2043,5923.267065791125
0.3,3.0,6,10,2044,5563.224587729452
0.3,3.0,6,10,2045,43486.20860541027
0.3,3.0,6,10,2046,21224.628606932914
0.3,3.0,6,10,2047,56622.2348439927
0.3,3.0,6,10,2048,11593.364359167523
0.3,3.0,6,10,2049,3130.117939591949
0.3,3.0,6,10,2050,7236.18251007182
0.3,3.0,6,10,2051,25782.238837165456
0.3,3.0,6,10,2052,22876.55514871904
0.3,3.0,6,10,2053,5454.307282079035
0.3,3.0,6,10,2054,47646.413360192215
0.3,3.0,6,10,2055,20767.628331899607
0.3,3.0,7,10,2026,2123.6086625035537
0.3,3.0,7,10,2027,2020.4993177949575
0.3,3.0,7,10,2028,2029.9993993487662
0.3,3.0,7,10,2029,2017.3169228281233
0.3,3.0,7,10,2030,2056.9003490668547
0.3,3.0,7,10,2031,2125.0637676908823
0.3,3.0,7,10,2032,2029.4546011435098
0.3,3.0,7,10,2033,2023.979900177789
0.3,3.0,7,10,2034,2025.8139597402067
0.3,3.0,7,10,2035,2042.534965741062
0.3,3.0,7,10,2036,2029.454600916755
0.3,3.0,7,10,2037,2021.803281691879
0.3,3.0,7,10,2038,2123.0200306651614
0.3,3.0,7,10,2039,2021.9885908821113
0.3,3.0,7,10,2040,2025.474790241381
0.3,3.0,7,10,2041,2025.4747902467677
0.3,3.0,7,10,2042,2020.0003366641472
0.3,3.0,7,10,2043,2023.393123976055
0.3,3.0,7,10,2044,2139.462527344372
0.3,3.0,7,10,2045,2123.111809172123
0.3,3.0,7,10,2046,2122.262837122375
0.3,3.0,7,10,2047,2021.0036282234466
0.3,3.0,7,10,2048,2060.7933448437857
0.3,3.0,7,10,2049,2084.779580782675
0.3,3.0,7,10,2050,2021.0161325691631
0.3,3.0,7,10,2051,2021.0356380104413
0.3,3.0,7,10,2052,2128.1406058298226
0.3,3.0,7,10,2053,2030.4495602890122
0.3,3.0,7,10,2054,2127.573752976517
0.3,3.0,7,10,2055,2021.0505740135754
0.3,3.0,8,10,2026,2221.635715130523
0.3,3.0,8,10,2027,2222.9462840517444
0.3,3.0,8,10,2028,2227.648229961217
0.3,3.0,8,10,2029,2636.4896811133767
0.3,3.0,8,10,2030,2222.497422660049
0.3,3.0,8,10,2031,2324.139452648435
0.3,3.0,8,10,2032,2223.379244734469
0.3,3.0,8,10,2033,2221.083244544005
0.3,3.0,8,10,2034,2224.991636295076
0.3,3.0,8,10,2035,2225.9161568442114
0.3,3.0,8,10,2036,2224.0017958827398
0.3,3.0,8,10,2037,2222.0173116620126
0.3,3.0,8,10,2038,2642.6447427312687
0.3,3.0,8,10,2039,2221.4954969686264
0.3,3.0,8,10,2040,2223.103553773463
0.3,3.0,8,10,2041,2230.059748716687
0.3,3.0,8,10,2042,2222.179465564627
0.3,3.0,8,10,2043,2221.821584336833
0.3,3.0,8,10,2044,2222.0390569540996
0.3,3.0,8,10,2045,2225.40197752774
0.3,3.0,8,10,2046,2216.081577038601
0.3,3.0,8,10,2047,2223.3865932333056
0.3,3.0,8,10,2048,2220.6129514604895
0.3,3.0,8,10,2049,2220.4407557517875
0.3,3.0,8,10,2050,2222.315488920877
0.3,3.0,8,10,2051,2224.6027531854097
0.3,3.0,8,10,2052,2222.2676741063856
0.3,3.0,8,10,2053,2635.748247242041
0.3,3.0,8,10,2054,2222.855063950696
0.3,3.0,8,10,2055,2227.779891005126
0.3,3.0,9,10,2026,2659.1928051809123
0.3,3.0,9,10,2027,2666.90814287731
0.3,3.0,9,10,2028,2664.5424327561987
0.3,3.0,9,10,2029,2669.859803723639
0.3,3.0,9,10,2030,2659.094344780362
0.3,3.0,9,10,2031,2665.470460794583
0.3,3.0,9,10,2032,2659.192805180904
0.3,3.0,9,10,2033,2745.6054735939733
0.3,3.0,9,10,2034,2745.150975628985
0.3,3.0,9,10,2035,2680.1565917990665
0.3,3.0,9,10,2036,2666.908142877307
0.3,3.0,9,10,2037,2659.0943447803666
0.3,3.0,9,10,2038,2665.4704608183447
0.3,3.0,9,10,2039,2669.8598037236425
0.3,3.0,9,10,2040,2669.8598037236425
0.3,3.0,9,10,2041,2670.1079759592367
0.3,3.0,9,10,2042,2659.1928051808745
0.3,3.0,9,10,2043,2659.1928051808736
0.3,3.0,9,10,2044,2669.8598037236397
0.3,3.0,9,10,2045,2669.859803723641
0.3,3.0,9,10,2046,2745.6054735939715
0.3,3.0,9,10,2047,2669.859803723639
0.3,3.0,9,10,2048,2300.000000000001
0.3,3.0,9,10,2049,2659.094344780362
0.3,3.0,9,10,2050,2659.1928051808704
0.3,3.0,9,10,2051,2659.0943447803647
0.3,3.0,9,10,2052,2737.039681497208
0.3,3.0,9,10,2053,2659.192805180891
0.3,3.0,9,10,2054,2752.990453527922
0.3,3.0,9,10,2055,2669.859803723639
0.3,3.0,10,10,2026,2781.1344180001897
0.3,3.0,10,10,2027,2622.1744000774947
0.3,3.0,10,10,2028,2619.4031333429575
0.3,3.0,10,10,2029,2760.033191009955
0.3,3.0,10,10,2030,2620.8726497489797
0.3,3.0,10,10,2031,2959.633495470468
0.3,3.0,10,10,2032,2803.8948740703504
0.3,3.0,10,10,2033,4118.898922636117
0.3,3.0,10,10,2034,2626.859285219615
0.3,3.0,10,10,2035,2622.537687492699
0.3,3.0,10,10,2036,2626.761235283153
0.3,3.0,10,10,2037,2760.4861623047545
0.3,3.0,10,10,2038,2774.6976287595544
0.3,3.0,10,10,2039,3772.0412798910324
0.3,3.0,10,10,2040,2627.624073993729
0.3,3.0,10,10,2041,3155.1520623423785
0.3,3.0,10,10,2042,2751.5653768875554
0.3,3.0,10,10,2043,4116.441995390202
0.3,3.0,10,10,2044,2759.153605409224
0.3,3.0,10,10,2045,2623.165340699475
0.3,3.0,10,10,2046,2625.542520160862
0.3,3.0,10,10,2047,2625.6694339495934
0.3,3.0,10,10,2048,2636.88573544382
0.3,3.0,10,10,2049,2724.3135186161157
0.3,3.0,10,10,2050,2627.9175899595953
0.3,3.0,10,10,2051,2625.763530803727
0.3,3.0,10,10,2052,2627.767961922467
0.3,3.0,10,10,2053,3792.0634231072013
0.3,3.0,10,10,2054,2757.277104121087
0.3,3.0,10,10,2055,4220.250883846901
0.3,3.0,11,10,2026,3477.2868795242157
0.3,3.0,11,10,2027,2600.0000000000014
0.3,3.0,11,10,2028,2600.0000000000005
0.3,3.0,11,10,2029,3476.4586515903743
0.3,3.0,11,10,2030,3476.458643404605
0.3,3.0,11,10,2031,3476.4586636827667
0.3,3.0,11,10,2032,2600.000000000001
0.3,3.0,11,10,2033,2600.0000000000005
0.3,3.0,11,10,2034,2600.0000000000014
0.3,3.0,11,10,2035,3476.068898326548
0.3,3.0,11,10,2036,2600.0000000000014
0.3,3.0,11,10,2037,2600.000000000001
0.3,3.0,11,10,2038,2600.0000000000005
0.3,3.0,11,10,2039,2600.000000000001
0.3,3.0,11,10,2040,2600.0000000000005
0.3,3.0,11,10,2041,2600.0000000000005
0.3,3.0,11,10,2042,2600.0000000000036
0.3,3.0,11,10,2043,3476.9248252571206
0.3,3.0,11,10,2044,3477.286880195429
0.3,3.0,11,10,2045,2600.0000000000005
0.3,3.0,11,10,2046,2600.000000000002
0.3,3.0,11,10,2047,2624.074645905943
0.3,3.0,11,10,2048,2600.000000000001
0.3,3.0,11,10,2049,3476.9248252571206
0.3,3.0,11,10,2050,2600.0000000000005
0.3,3.0,11,10,2051,2600.000000000001
0.3,3.0,11,10,2052,2600.000000000002
0.3,3.0,11,10,2053,2600.000000000001
0.3,3.0,11,10,2054,2600.0000000000005
0.3,3.0,11,10,2055,2600.0000000000005
0.3,3.0,12,10,2026,2867.4800679396785
0.3,3.0,12,10,2027,2877.1200470937893
0.3,3.0,12,10,2028,2870.3418539123822
0.3,3.0,12,10,2029,2870.6804374475846
0.3,3.0,12,10,2030,2866.391106363369
0.3,3.0,12,10,2031,2870.7743565796654
0.3,3.0,12,10,2032,2867.487258245637
0.3,3.0,12,10,2033,2872.2638110118933
0.3,3.0,12,10,2034,2915.3086852366387
0.3,3.0,12,10,2035,2871.9037003809353
0.3,3.0,12,10,2036,2868.8441552253985
0.3,3.0,12,10,2037,2865.5935987793064
0.3,3.0,12,10,2038,2873.4053903608574
0.3,3.0,12,10,2039,2865.9471542655288
0.3,3.0,12,10,2040,2865.4305801276423
0.3,3.0,12,10,2041,2867.191088900383
0.3,3.0,12,10,2042,2866.4470535108685
0.3,3.0,12,10,2043,2951.8662478441975
0.3,3.0,12,10,2044,2871.3174232179176
0.3,3.0,12,10,2045,2870.0485230976074
0.3,3.0,12,10,2046,2867.866801207427
0.3,3.0,12,10,2047,2940.3373507374395
0.3,3.0,12,10,2048,3040.987139983952
0.3,3.0,12,10,2049,2895.438851397103
0.3,3.0,12,10,2050,2866.521824685295
0.3,3.0,12,10,2051,2969.743780672923
0.3,3.0,12,10,2052,2906.5854459597094
0.3,3.0,12,10,2053,2991.0263757692264
0.3,3.0,12,10,2054,2893.2332536644367
0.3,3.0,12,10,2055,2864.6862332127125
0.3,10.0,1,10,2026,300.00000000000006
0.3,10.0,1,10,2027,300.00000000000006
0.3,10.0,1,10,2028,300.00000000000006
0.3,10.0,1,10,2029,300.00000000000006
0.3,10.0,1,10,2030,300.0
0.3,10.0,1,10,2031,300.00000000000006
0.3,10.0,1,10,2032,300.00000000000006
0.3,10.0,1,10,2033,300.0
0.3,10.0,1,10,2034,300.0
0.3,10.0,1,10,2035,300.00000000000006
0.3,10.0,1,10,2036,300.00000000000006
0.3,10.0,1,10,2037,300.00000000000006
0.3,10.0,1,10,2038,300.00000000000006
0.3,10.0,1,10,2039,300.0
0.3,10.0,1,10,2040,300.00000000000006
0.3,10.0,1,10,2041,300.00000000000006
0.3,10.0,1,10,2042,300.0000000000001
0.3,10.0,1,10,2043,300.00000000000006
0.3,10.0,1,10,2044,300.00000000000006
0.3,10.0,1,10,2045,300.00000000000006
0.3,10.0,1,10,2046,300.00000000000006
0.3,10.0,1,10,2047,300.0
0.3,10.0,1,10,2048,300.00000000000006
0.3,10.0,1,10,2049,300.0
0.3,10.0,1,10,2050,300.00000000000017
0.3,10.0,1,10,2051,300.00000000000006
0.3,10.0,1,10,2052,300.00000000000006
0.3,10.0,1,10,2053,300.00000000000006
0.3,10.0,1,10,2054,300.00000000000006
0.3,10.0,1,10,2055,300.00000000000006
0.3,10.0,2,10,2026,407.55412198466735
0.3,10.0,2,10,2027,404.37457491395566
0.3,10.0,2,10,2028,408.91610192778137
0.3,10.0,2,10,2029,408.9161019277815
0.3,10.0,2,10,2030,404.11386920200965
0.3,10.0,2,10,2031,408.9161019277813
0.3,10.0,2,10,2032,404.86095985553396
0.3,10.0,2,10,2033,400.38511092271557
0.3,10.0,2,10,2034,407.5541219846675
0.3,10.0,2,10,2035,408.9161019277815
0.3,10.0,2,10,2036,400.5527203382474
0.3,10.0,2,10,2037,408.9161019277813
0.3,10.0,2,10,2038,408.9161019277813
0.3,10.0,2,10,2039,408.91610192778137
0.3,10.0,2,10,2040,408.9161019277813
0.3,10.0,2,10,2041,408.91610192778137
0.3,10.0,2,10,2042,400.1916379619847
0.3,10.0,2,10,2043,407.9099114152651
0.3,10.0,2,10,2044,408.9161019277813
0.3,10.0,2,10,2045,400.38511092271546
0.3,10.0,2,10,2046,408.9161019277813
0.3,10.0,2,10,2047,400.38511092271557
0.3,10.0,2,10,2048,407.5541219846672
0.3,10.0,2,10,2049,400.5527203382476
0.3,10.0,2,10,2050,400.0002334034534
0.3,10.0,2,10,2051,407.55412198466723
0.3,10.0,2,10,2052,408.91610192778137
0.3,10.0,2,10,2053,408.91610192778137
0.3,10.0,2,10,2054,408.0023248862847
0.3,10.0,2,10,2055,408.9161019277813
0.3,10.0,3,10,2026,600.0
0.3,10.0,3,10,2027,600.0
0.3,10.0,3,10,2028,600.0
0.3,10.0,3,10,2029,600.0000000000001
0.3,10.0,3,10,2030,600.0000000000001
0.3,10.0,3,10,2031,600.0
0.3,10.0,3,10,2032,600.0
0.3,10.0,3,10,2033,600.0
0.3,10.0,3,10,2034,600.0000000000001
0.3,10.0,3,10,2035,600.0
0.3,10.0,3,10,2036,600.0
0.3,10.0,3,10,2037,600.0000000000001
0.3,10.0,3,10,2038,600.0000000000001
0.3,10.0,3,10,2039,600.0000000000001
0.3,10.0,3,10,2040,600.0000000000001
0.3,10.0,3,10,2041,600.0000000000002
0.3,10.0,3,10,2042,600.0000000000001
0.3,10.0,3,10,2043,600.0000000000002
0.3,10.0,3,10,2044,600.0
0.3,10.0,3,10,2045,600.0
0.3,10.0,3,10,2046,600.0000000000002
0.3,10.0,3,10,2047,600.0000000000001
0.3,10.0,3,10,2048,600.0
0.3,10.0,3,10,2049,600.0
0.3,10.0,3,10,2050,600.0
0.3,10.0,3,10,2051,600.0
0.3,10.0,3,10,2052,600.0
0.3,10.0,3,10,2053,600.0000000000001
0.3,10.0,3,10,2054,600.0000000000001
0.3,10.0,3,10,2055,600.0000000000001
0.3,10.0,4,10,2026,882.0
0.3,10.0,4,10,2027,870.0
0.3,10.0,4,10,2028,888.0
0.3,10.0,4,10,2029,846.0
0.3,10.0,4,10,2030,834.0
0.3,10.0,4,10,2031,820.0
0.3,10.0,4,10,2032,916.5000000000014
0.3,10.0,4,10,2033,848.0
0.3,10.0,4,10,2034,856.0
0.3,10.0,4,10,2035,838.0
0.3,10.0,4,10,2036,862.0
0.3,10.0,4,10,2037,888.0
0.3,10.0,4,10,2038,834.0
0.3,10.0,4,10,2039,856.0
0.3,10.0,4,10,2040,912.0
0.3,10.0,4,10,2041,880.0
0.3,10.0,4,10,2042,872.0
0.3,10.0,4,10,2043,820.0
0.3,10.0,4,10,2044,880.0000000000005
0.3,10.0,4,10,2045,838.0
0.3,10.0,4,10,2046,904.5
0.3,10.0,4,10,2047,826.0
0.3,10.0,4,10,2048,820.0
0.3,10.0,4,10,2049,886.0
0.3,10.0,4,10,2050,872.0
0.3,10.0,4,10,2051,916.0
0.3,10.0,4,10,2052,898.0
0.3,10.0,4,10,2053,844.0
0.3,10.0,4,10,2054,902.5
0.3,10.0,4,10,2055,850.0
0.3,10.0,5,10,2026,900.5438522690074
0.3,10.0,5,10,2027,903.3617638564006
0.3,10.0,5,10,2028,901.2499814610907
0.3,10.0,5,10,2029,900.9086480371833
0.3,10.0,5,10,2030,900.9086480371826
0.3,10.0,5,10,2031,902.1820706866273
0.3,10.0,5,10,2032,900.543852269008
0.3,10.0,5,10,2033,900.4543240185909
0.3,10.0,5,10,2034,900.5438522690079
0.3,10.0,5,10,2035,900.0000000000002
0.3,10.0,5,10,2036,900.9981762875997
0.3,10.0,5,10,2037,900.9981762875998
0.3,10.0,5,10,2038,901.7277466680339
0.3,10.0,5,10,2039,901.5420285566082
0.3,10.0,5,10,2040,902.1820706866278
0.3,10.0,5,10,2041,902.8805359203565
0.3,10.0,5,10,2042,900.0000000000005
0.3,10.0,5,10,2043,902.182070686625
0.3,10.0,5,10,2044,900.4543240185916
0.3,10.0,5,10,2045,903.0334599276046
0.3,10.0,5,10,2046,905.089510667269
0.3,10.0,5,10,2047,902.6363947052347
0.3,10.0,5,10,2048,902.2715989370436
0.3,10.0,5,10,2049,900.0895282504166
0.3,10.0,5,10,2050,900.454324018592
0.3,10.0,5,10,2051,900.4543240185918
0.3,10.0,5,10,2052,900.0895282504168
0.3,10.0,5,10,2053,900.0000000000009
0.3,10.0,5,10,2054,900.9981762875987
0.3,10.0,5,10,2055,905.2179909966848
0.3,10.0,6,10,2026,32864.602518397376
0.3,10.0,6,10,2027,19426.4647555079
0.3,10.0,6,10,2028,35306.16875780026
0.3,10.0,6,10,2029,2432.4327740547965
0.3,10.0,6,10,2030,3198.39546519965
0.3,10.0,6,10,2031,1865.4753488268323
0.3,10.0,6,10,2032,51833.19261072883
0.3,10.0,6,10,2033,38609.96338446449
0.3,10.0,6,10,2034,39677.49644428058
0.3,10.0,6,10,2035,29876.066843225355
0.3,10.0,6,10,2036,21204.480009929463
0.3,10.0,6,10,2037,26687.33306173845
0.3,10.0,6,10,2038,6443.36539524529
0.3,10.0,6,10,2039,2455.6409097589385
0.3,10.0,6,10,2040,10482.306745283053
0.3,10.0,6,10,2041,7048.784278550873
0.3,10.0,6,10,2042,22416.707496992927
0.3,10.0,6,10,2043,20334.429434189413
0.3,10.0,6,10,2044,5258.820801344722
0.3,10.0,6,10,2045,23898.643468126924
0.3,10.0,6,10,2046,4023.964181399293
0.3,10.0,6,10,2047,13962.584093902951
0.3,10.0,6,10,2048,42360.5041210806
0.3,10.0,6,10,2049,11007.298769197207
0.3,10.0,6,10,2050,2748.6932227769153
0.3,10.0,6,10,2051,23554.2170037249
0.3,10.0,6,10,2052,22293.85009944199
0.3,10.0,6,10,2053,2353.796028280079
0.3,10.0,6,10,2054,36682.58658124342
0.3,10.0,6,10,2055,46420.28487592399
0.3,10.0,7,10,2026,2140.778807943207
0.3,10.0,7,10,2027,2029.9505128754417
0.3,10.0,7,10,2028,2024.7794123114802
0.3,10.0,7,10,2029,2032.9567650054344
0.3,10.0,7,10,2030,2023.986412802108
0.3,10.0,7,10,2031,2119.1377504228512
0.3,10.0,7,10,2032,2021.529587208551
0.3,10.0,7,10,2033,2029.1059247254461
0.3,10.0,7,10,2034,2024.7291778222332
0.3,10.0,7,10,2035,2029.9732598888702
0.3,10.0,7,10,2036,2049.3535541082115
0.3,10.0,7,10,2037,2024.8965401876249
0.3,10.0,7,10,2038,2122.3030832716245
0.3,10.0,7,10,2039,2020.997248486157
0.3,10.0,7,10,2040,2036.024128117688
0.3,10.0,7,10,2041,2022.0023813468201
0.3,10.0,7,10,2042,2037.4141511326238
0.3,10.0,7,10,2043,2020.5549952916672
0.3,10.0,7,10,2044,2134.4806401715455
0.3,10.0,7,10,2045,2121.3066496545493
0.3,10.0,7,10,2046,2122.2628371223013
0.3,10.0,7,10,2047,2029.293713861131
0.3,10.0,7,10,2048,2037.9120471843628
0.3,10.0,7,10,2049,2045.6037696060782
0.3,10.0,7,10,2050,2022.829691923346
0.3,10.0,7,10,2051,2021.030004004618
0.3,10.0,7,10,2052,2122.9711491961643
0.3,10.0,7,10,2053,2021.518793957316
0.3,10.0,7,10,2054,2129.630489427781
0.3,10.0,7,10,2055,2029.5010276936805
0.3,10.0,8,10,2026,2221.9359062628755
0.3,10.0,8,10,2027,2223.6270030019245
0.3,10.0,8,10,2028,2220.7632574469185
0.3,10.0,8,10,2029,2220.0986170878755
0.3,10.0,8,10,2030,2221.9739387110862
0.3,10.0,8,10,2031,2223.309949306792
0.3,10.0,8,10,2032,2222.7481077255543
0.3,10.0,8,10,2033,2919.6437512980747
0.3,10.0,8,10,2034,2321.1110792487934
0.3,10.0,8,10,2035,2636.9969033660145
0.3,10.0,8,10,2036,2221.8407104737744
0.3,10.0,8,10,2037,2221.3523295542527
0.3,10.0,8,10,2038,2225.4717564396997
0.3,10.0,8,10,2039,2222.8911621855
0.3,10.0,8,10,2040,2224.043590080372
0.3,10.0,8,10,2041,2244.8839102785923
0.3,10.0,8,10,2042,2229.3872396211086
0.3,10.0,8,10,2043,2632.6175721476266
0.3,10.0,8,10,2044,2222.8986844055166
0.3,10.0,8,10,2045,2223.5017505045225
0.3,10.0,8,10,2046,2221.3594540855233
0.3,10.0,8,10,2047,2224.097594430051
0.3,10.0,8,10,2048,2221.750209307876
0.3,10.0,8,10,2049,2220.553816156574
0.3,10.0,8,10,2050,2228.09221706369
0.3,10.0,8,10,2051,2209.9827056634235
0.3,10.0,8,10,2052,2220.5138717655677
0.3,10.0,8,10,2053,2226.8577742643342
0.3,10.0,8,10,2054,2222.4155386980988
0.3,10.0,8,10,2055,2225.0526427506024
0.3,10.0,9,10,2026,2659.0943447803747
0.3,10.0,9,10,2027,2666.9081428773025
0.3,10.0,9,10,2028,2659.192805180874
0.3,10.0,9,10,2029,2664.5424327566025
0.3,10.0,9,10,2030,2659.0943447803606
0.3,10.0,9,10,2031,2664.542432756193
0.3,10.0,9,10,2032,2664.5424327562123
0.3,10.0,9,10,2033,2745.6054735939724
0.3,10.0,9,10,2034,2670.1079759592376
0.3,10.0,9,10,2035,2664.542432756195
0.3,10.0,9,10,2036,2664.5424327562005
0.3,10.0,9,10,2037,2664.542432756202
0.3,10.0,9,10,2038,2659.1928051808754
0.3,10.0,9,10,2039,2907.191950971618
0.3,10.0,9,10,2040,2669.859803723639
0.3,10.0,9,10,2041,2659.0943447803647
0.3,10.0,9,10,2042,2659.0943447803675
0.3,10.0,9,10,2043,2659.1928051808727
0.3,10.0,9,10,2044,2670.107975959236
0.3,10.0,9,10,2045,2670.1079759592385
0.3,10.0,9,10,2046,2745.6054735939715
0.3,10.0,9,10,2047,2300.000000000001
0.3,10.0,9,10,2048,2664.5424327561996
0.3,10.0,9,10,2049,2659.094344780364
0.3,10.0,9,10,2050,2659.1928051808736
0.3,10.0,9,10,2051,2659.0943447803625
0.3,10.0,9,10,2052,2664.542432756219
0.3,10.0,9,10,2053,2666.908142877858
0.3,10.0,9,10,2054,2745.150975628986
0.3,10.0,9,10,2055,2664.5424327561946
0.3,10.0,10,10,2026,2783.4817085268514
0.3,10.0,10,10,2027,2622.0632311065724
0.3,10.0,10,10,2028,2622.1744000774947
0.3,10.0,10,10,2029,2751.0156276073367
0.3,10.0,10,10,2030,2623.227662078034
0.3,10.0,10,10,2031,2959.6334954704676
0.3,10.0,10,10,2032,2730.803041016419
0.3,10.0,10,10,2033,4121.840158184721
0.3,10.0,10,10,2034,2622.4646216993387
0.3,10.0,10,10,2035,2623.000788709466
0.3,10.0,10,10,2036,2623.0006248065765
0.3,10.0,10,10,2037,2744.184158048455
0.3,10.0,10,10,2038,2748.933192698552
0.3,10.0,10,10,2039,3708.764263349487
0.3,10.0,10,10,2040,2630.0171063626917
0.3,10.0,10,10,2041,3155.152062342379
0.3,10.0,10,10,2042,2750.8863637015083
0.3,10.0,10,10,2043,4116.561920830731
0.3,10.0,10,10,2044,2735.712812203469
0.3,10.0,10,10,2045,2622.1034737556256
0.3,10.0,10,10,2046,2624.108663741218
0.3,10.0,10,10,2047,2625.9886073156263
0.3,10.0,10,10,2048,2626.3161802187396
0.3,10.0,10,10,2049,2742.9615230384047
0.3,10.0,10,10,2050,2620.87264974898
0.3,10.0,10,10,2051,2624.1113716211075
0.3,10.0,10,10,2052,2623.458375268338
0.3,10.0,10,10,2053,3218.62223914692
0.3,10.0,10,10,2054,2732.606745279401
0.3,10.0,10,10,2055,3953.6268889942353
0.3,10.0,11,10,2026,3476.9248252571206
0.3,10.0,11,10,2027,2600.0000000000005
0.3,10.0,11,10,2028,2600.0000000000005
0.3,10.0,11,10,2029,3476.068898326548
0.3,10.0,11,10,2030,3476.7184285022477
0.3,10.0,11,10,2031,3476.718428502247
0.3,10.0,11,10,2032,2600.0000000000005
0.3,10.0,11,10,2033,2600.0000000000005
0.3,10.0,11,10,2034,2600.0000000000014
0.3,10.0,11,10,2035,3477.2868803040365
0.3,10.0,11,10,2036,2600.000000000002
0.3,10.0,11,10,2037,2622.425596245957
0.3,10.0,11,10,2038,2600.0000000000005
0.3,10.0,11,10,2039,2600.000000000001
0.3,10.0,11,10,2040,2600.000000000001
0.3,10.0,11,10,2041,2600.0000000000005
0.3,10.0,11,10,2042,2600.000000000001
0.3,10.0,11,10,2043,3476.774571163448
0.3,10.0,11,10,2044,3476.718428502247
0.3,10.0,11,10,2045,2600.000000000002
0.3,10.0,11,10,2046,2600.000000000002
0.3,10.0,11,10,2047,2600.000000000002
0.3,10.0,11,10,2048,2600.000000000001
0.3,10.0,11,10,2049,3476.9248252571206
0.3,10.0,11,10,2050,2600.000000000001
0.3,10.0,11,10,2051,2600.000000000001
0.3,10.0,11,10,2052,2600.000000000001
0.3,10.0,11,10,2053,2600.0000000000005
0.3,10.0,11,10,2054,2600.000000000002
0.3,10.0,11,10,2055,2600.000000000001
0.3,10.0,12,10,2026,2868.181694083808
0.3,10.0,12,10,2027,2865.9115207976793
0.3,10.0,12,10,2028,2870.3419274185167
0.3,10.0,12,10,2029,2867.580901314015
0.3,10.0,12,10,2030,2866.407805003682
0.3,10.0,12,10,2031,2866.9324299038244
0.3,10.0,12,10,2032,2868.355133508939
0.3,10.0,12,10,2033,2865.910001804227
0.3,10.0,12,10,2034,2878.561116429942
0.3,10.0,12,10,2035,2868.844153199594
0.3,10.0,12,10,2036,2866.8286570694336
0.3,10.0,12,10,2037,2864.902705567704
0.3,10.0,12,10,2038,2870.634488178659
0.3,10.0,12,10,2039,2915.3086852366387
0.3,10.0,12,10,2040,2867.5008952552416
0.3,10.0,12,10,2041,2865.862175353535
0.3,10.0,12,10,2042,2869.132366828071
0.3,10.0,12,10,2043,2977.8317393072734
0.3,10.0,12,10,2044,2866.039407062387
0.3,10.0,12,10,2045,2866.5242993854968
0.3,10.0,12,10,2046,2868.182340124042
0.3,10.0,12,10,2047,2883.9878455573794
0.3,10.0,12,10,2048,3116.197902253767
0.3,10.0,12,10,2049,2892.960881318655
0.3,10.0,12,10,2050,2868.182174080476
0.3,10.0,12,10,2051,2939.122301751556
0.3,10.0,12,10,2052,2867.5009092601895
0.3,10.0,12,10,2053,2866.6846051373964
0.3,10.0,12,10,2054,2909.2980460635226
0.3,10.0,12,10,2055,2866.7221748062975
0.3,30.0,1,10,2026,300.00000000000006
0.3,30.0,1,10,2027,300.00000000000006
0.3,30.0,1,10,2028,300.00000000000006
0.3,30.0,1,10,2029,300.00000000000006
0.3,30.0,1,10,2030,300.0
0.3,30.0,1,10,2031,300.00000000000006
0.3,30.0,1,10,2032,300.00000000000006
0.3,30.0,1,10,2033,300.00000000000006
0.3,30.0,1,10,2034,300.0
0.3,30.0,1,10,2035,300.00000000000006
0.3,30.0,1,10,2036,300.00000000000006
0.3,30.0,1,10,2037,300.00000000000006
0.3,30.0,1,10,2038,300.00000000000006
0.3,30.0,1,10,2039,300.0
0.3,30.0,1,10,2040,300.00000000000006
0.3,30.0,1,10,2041,300.00000000000006
0.3,30.0,1,10,2042,300.0000000000001
0.3,30.0,1,10,2043,300.00000000000006
0.3,30.0,1,10,2044,300.00000000000006
0.3,30.0,1,10,2045,300.00000000000006
0.3,30.0,1,10,2046,300.00000000000006
0.3,30.0,1,10,2047,300.00000000000006
0.3,30.0,1,10,2048,300.00000000000006
0.3,30.0,1,10,2049,300.0
0.3,30.0,1,10,2050,300.0000000000001
0.3,30.0,1,10,2051,300.00000000000006
0.3,30.0,1,10,2052,300.00000000000006
0.3,30.0,1,10,2053,300.00000000000006
0.3,30.0,1,10,2054,300.00000000000006
0.3,30.0,1,10,2055,300.00000000000006
0.3,30.0,2,10,2026,407.55412198466735
0.3,30.0,2,10,2027,404.3745750144397
0.3,30.0,2,10,2028,408.91610192778137
0.3,30.0,2,10,2029,408.9161019277815
0.3,30.0,2,10,2030,404.09616454402794
0.3,30.0,2,10,2031,408.9161019277813
0.3,30.0,2,10,2032,404.7542240742254
0.3,30.0,2,10,2033,400.38511092271557
0.3,30.0,2,10,2034,407.5541219846675
0.3,30.0,2,10,2035,408.9161019277815
0.3,30.0,2,10,2036,400.5527203382474
0.3,30.0,2,10,2037,408.9161019277813
0.3,30.0,2,10,2038,408.9161019277813
0.3,30.0,2,10,2039,408.91610192778137
0.3,30.0,2,10,2040,408.9161019277813
0.3,30.0,2,10,2041,408.91610192778137
0.3,30.0,2,10,2042,400.18628616307615
0.3,30.0,2,10,2043,407.90991141526524
0.3,30.0,2,10,2044,408.9161019277813
0.3,30.0,2,10,2045,400.38511092271546
0.3,30.0,2,10,2046,408.9161019277813
0.3,30.0,2,10,2047,400.3851109227155
0.3,30.0,2,10,2048,407.5541219846672
0.3,30.0,2,10,2049,400.5527203382476
0.3,30.0,2,10,2050,400.0002366116497
0.3,30.0,2,10,2051,407.55412198466723
0.3,30.0,2,10,2052,408.91610192778137
0.3,30.0,2,10,2053,408.91610192778137
0.3,30.0,2,10,2054,408.0023248862847
0.3,30.0,2,10,2055,408.9161019277813
0.3,30.0,3,10,2026,600.0
0.3,30.0,3,10,2027,600.0
0.3,30.0,3,10,2028,600.0
0.3,30.0,3,10,2029,600.0000000000001
0.3,30.0,3,10,2030,600.0000000000001
0.3,30.0,3,10,2031,600.0
0.3,30.0,3,10,2032,600.0
0.3,30.0,3,10,2033,600.0
0.3,30.0,3,10,2034,600.0000000000001
0.3,30.0,3,10,2035,600.0
0.3,30.0,3,10,2036,600.0
0.3,30.0,3,10,2037,600.0000000000001
0.3,30.0,3,10,2038,600.0000000000001
0.3,30.0,3,10,2039,600.0000000000001
0.3,30.0,3,10,2040,600.0000000000001
0.3,30.0,3,10,2041,600.0000000000002
0.3,30.0,3,10,2042,600.0000000000001
0.3,30.0,3,10,2043,600.0000000000001
0.3,30.0,3,10,2044,600.0
0.3,30.0,3,10,2045,600.0
0.3,30.0,3,10,2046,600.0000000000002
0.3,30.0,3,10,2047,600.0000000000001
0.3,30.0,3,10,2048,600.0
0.3,30.0,3,10,2049,600.0
0.3,30.0,3,10,2050,600.0000000000001
0.3,30.0,3,10,2051,600.0
0.3,30.0,3,10,2052,600.0
0.3,30.0,3,10,2053,600.0000000000001
0.3,30.0,3,10,2054,600.0000000000001
0.3,30.0,3,10,2055,600.0000000000001
0.3,30.0,4,10,2026,882.0000000000016
0.3,30.0,4,10,2027,870.0
0.3,30.0,4,10,2028,888.0
0.3,30.0,4,10,2029,846.0
0.3,30.0,4,10,2030,834.0
0.3,30.0,4,10,2031,820.0
0.3,30.0,4,10,2032,916.5
0.3,30.0,4,10,2033,848.0000000000005
0.3,30.0,4,10,2034,856.0
0.3,30.0,4,10,2035,838.0
0.3,30.0,4,10,2036,862.0
0.3,30.0,4,10,2037,888.0
0.3,30.0,4,10,2038,834.0
0.3,30.0,4,10,2039,838.0
0.3,30.0,4,10,2040,912.0
0.3,30.0,4,10,2041,880.0
0.3,30.0,4,10,2042,914.5
0.3,30.0,4,10,2043,820.0
0.3,30.0,4,10,2044,880.0
0.3,30.0,4,10,2045,838.0
0.3,30.0,4,10,2046,912.0
0.3,30.0,4,10,2047,826.0
0.3,30.0,4,10,2048,820.0
0.3,30.0,4,10,2049,886.0
0.3,30.0,4,10,2050,876.0
0.3,30.0,4,10,2051,916.0
0.3,30.0,4,10,2052,898.0000000000383
0.3,30.0,4,10,2053,858.0
0.3,30.0,4,10,2054,858.0
0.3,30.0,4,10,2055,850.0
0.3,30.0,5,10,2026,900.5438522690074
0.3,30.0,5,10,2027,903.3617638563991
0.3,30.0,5,10,2028,901.2499814610907
0.3,30.0,5,10,2029,900.9086480371832
0.3,30.0,5,10,2030,900.9086480371818
0.3,30.0,5,10,2031,902.1820706866275
0.3,30.0,5,10,2032,900.5438522690076
0.3,30.0,5,10,2033,900.4543240185909
0.3,30.0,5,10,2034,900.5438522690079
0.3,30.0,5,10,2035,900.0000000000007
0.3,30.0,5,10,2036,900.9981762875997
0.3,30.0,5,10,2037,900.9981762875998
0.3,30.0,5,10,2038,901.7277466680339
0.3,30.0,5,10,2039,901.5420285566179
0.3,30.0,5,10,2040,902.1820706866246
0.3,30.0,5,10,2041,902.8805359203565
0.3,30.0,5,10,2042,900.0000000000005
0.3,30.0,5,10,2043,902.182070686625
0.3,30.0,5,10,2044,900.4543240185916
0.3,30.0,5,10,2045,903.0334599276048
0.3,30.0,5,10,2046,905.0895105276736
0.3,30.0,5,10,2047,902.6363947052372
0.3,30.0,5,10,2048,902.2715989370436
0.3,30.0,5,10,2049,900.0895282504168
0.3,30.0,5,10,2050,900.454324018592
0.3,30.0,5,10,2051,900.454324018591
0.3,30.0,5,10,2052,900.0895282504166
0.3,30.0,5,10,2053,900.0000000000003
0.3,30.0,5,10,2054,900.9981762875987
0.3,30.0,5,10,2055,905.2179909955737
0.3,30.0,6,10,2026,32846.18949016891
0.3,30.0,6,10,2027,14486.809887159003
0.3,30.0,6,10,2028,34963.371014235985
0.3,30.0,6,10,2029,2566.1934407795015
0.3,30.0,6,10,2030,1931.4993786919022
0.3,30.0,6,10,2031,1835.9253455693433
0.3,30.0,6,10,2032,57830.45692162928
0.3,30.0,6,10,2033,9313.536767639645
0.3,30.0,6,10,2034,16603.445605507673
0.3,30.0,6,10,2035,19976.821653730236
0.3,30.0,6,10,2036,22849.79647207171
0.3,30.0,6,10,2037,2136.2339258865413
0.3,30.0,6,10,2038,17073.408247615094
0.3,30.0,6,10,2039,2030.8731101641247
0.3,30.0,6,10,2040,23446.85963074195
0.3,30.0,6,10,2041,19879.045644442383
0.3,30.0,6,10,2042,23890.562368684146
0.3,30.0,6,10,2043,19887.37634390447
0.3,30.0,6,10,2044,27342.243397425955
0.3,30.0,6,10,2045,22410.81718214716
0.3,30.0,6,10,2046,4163.113187534513
0.3,30.0,6,10,2047,39742.794938401494
0.3,30.0,6,10,2048,35522.135796749375
0.3,30.0,6,10,2049,10247.5113609831
0.3,30.0,6,10,2050,2761.0137939041797
0.3,30.0,6,10,2051,9421.478592896827
0.3,30.0,6,10,2052,21899.75541460974
0.3,30.0,6,10,2053,3356.2939274219025
0.3,30.0,6,10,2054,42792.59910228493
0.3,30.0,6,10,2055,44958.43769216967
0.3,30.0,7,10,2026,2133.599332280157
0.3,30.0,7,10,2027,2028.95509387735
0.3,30.0,7,10,2028,2025.8619663697816
0.3,30.0,7,10,2029,2027.9618599943738
0.3,30.0,7,10,2030,2025.5983244024835
0.3,30.0,7,10,2031,2135.0593259990765
0.3,30.0,7,10,2032,2037.468270829028
0.3,30.0,7,10,2033,2029.1270160328402
0.3,30.0,7,10,2034,2025.9481826570006
0.3,30.0,7,10,2035,2027.969378841092
0.3,30.0,7,10,2036,2049.3535541055858
0.3,30.0,7,10,2037,2024.8963767251485
0.3,30.0,7,10,2038,2121.4163265166517
0.3,30.0,7,10,2039,2024.9755053143524
0.3,30.0,7,10,2040,2037.4063366841235
0.3,30.0,7,10,2041,2025.3883443154994
0.3,30.0,7,10,2042,2044.8764093139368
0.3,30.0,7,10,2043,2020.4998824155066
0.3,30.0,7,10,2044,2130.889017216691
0.3,30.0,7,10,2045,2120.0830131303746
0.3,30.0,7,10,2046,2122.2628371223004
0.3,30.0,7,10,2047,2025.4669240822298
0.3,30.0,7,10,2048,2020.0224302662587
0.3,30.0,7,10,2049,2023.9857529884728
0.3,30.0,7,10,2050,2022.5242228570144
0.3,30.0,7,10,2051,2021.4949590448919
0.3,30.0,7,10,2052,2123.5264396729594
0.3,30.0,7,10,2053,2069.7475457549926
0.3,30.0,7,10,2054,2130.1289541366127
0.3,30.0,7,10,2055,2045.396563115977
0.3,30.0,8,10,2026,2223.3101465040672
0.3,30.0,8,10,2027,2226.6310669906934
0.3,30.0,8,10,2028,2222.1839152406724
0.3,30.0,8,10,2029,2220.926615550695
0.3,30.0,8,10,2030,2221.692504300581
0.3,30.0,8,10,2031,2225.293511615153
0.3,30.0,8,10,2032,2223.5096130467487
0.3,30.0,8,10,2033,2925.5073184458283
0.3,30.0,8,10,2034,2396.5576263909784
0.3,30.0,8,10,2035,2641.0081496352195
0.3,30.0,8,10,2036,2225.8805162399312
0.3,30.0,8,10,2037,2221.3591390566453
0.3,30.0,8,10,2038,2220.454569268739
0.3,30.0,8,10,2039,2222.712867862255
0.3,30.0,8,10,2040,2222.9689476430117
0.3,30.0,8,10,2041,2223.497153667431
0.3,30.0,8,10,2042,2223.1912346019717
0.3,30.0,8,10,2043,2640.454628372318
0.3,30.0,8,10,2044,2222.9312819877596
0.3,30.0,8,10,2045,2223.520598104845
0.3,30.0,8,10,2046,2218.7355156934555
0.3,30.0,8,10,2047,2224.1465447039072
0.3,30.0,8,10,2048,2220.5001316607077
0.3,30.0,8,10,2049,2222.9017669603604
0.3,30.0,8,10,2050,2222.351094029782
0.3,30.0,8,10,2051,2222.0975032189153
0.3,30.0,8,10,2052,2223.339536457141
0.3,30.0,8,10,2053,2227.007626996403
0.3,30.0,8,10,2054,2224.1946379774304
0.3,30.0,8,10,2055,2224.07098659676
0.3,30.0,9,10,2026,2659.0943447803656
0.3,30.0,9,10,2027,2666.908142877278
0.3,30.0,9,10,2028,2659.1928051808727
0.3,30.0,9,10,2029,2664.542432756198
0.3,30.0,9,10,2030,2659.09434478036
0.3,30.0,9,10,2031,2664.5424327561977
0.3,30.0,9,10,2032,2664.542432756204
0.3,30.0,9,10,2033,2745.6054735939724
0.3,30.0,9,10,2034,2670.107975959236
0.3,30.0,9,10,2035,2664.5424327561996
0.3,30.0,9,10,2036,2664.5424327561977
0.3,30.0,9,10,2037,2664.542432756199
0.3,30.0,9,10,2038,2659.1928051808795
0.3,30.0,9,10,2039,2907.191950971618
0.3,30.0,9,10,2040,2669.8598037236393
0.3,30.0,9,10,2041,2659.0943447803893
0.3,30.0,9,10,2042,2659.0943447803675
0.3,30.0,9,10,2043,2659.1928051808745
0.3,30.0,9,10,2044,2670.1079759592367
0.3,30.0,9,10,2045,2670.1079759592362
0.3,30.0,9,10,2046,2745.6054735939715
0.3,30.0,9,10,2047,2300.000000000001
0.3,30.0,9,10,2048,2664.5424327561977
0.3,30.0,9,10,2049,2659.0943447803625
0.3,30.0,9,10,2050,2659.1928051808736
0.3,30.0,9,10,2051,2659.0943447803643
0.3,30.0,9,10,2052,2664.5424327561987
0.3,30.0,9,10,2053,2666.9081428772797
0.3,30.0,9,10,2054,2745.150975628985
0.3,30.0,9,10,2055,2664.542432756194
0.3,30.0,10,10,2026,2783.4817085268514
0.3,30.0,10,10,2027,2622.065165170117
0.3,30.0,10,10,2028,2622.1744000774947
0.3,30.0,10,10,2029,2751.015632402619
0.3,30.0,10,10,2030,2623.228710046265
0.3,30.0,10,10,2031,2959.6334954704676
0.3,30.0,10,10,2032,2730.803041016419
0.3,30.0,10,10,2033,4121.840158184721
0.3,30.0,10,10,2034,2622.4646216993387
0.3,30.0,10,10,2035,2623.0005502793765
0.3,30.0,10,10,2036,2623.001008314694
0.3,30.0,10,10,2037,2744.184158048455
0.3,30.0,10,10,2038,2748.933192698552
0.3,30.0,10,10,2039,3807.557470407776
0.3,30.0,10,10,2040,2630.0171063626917
0.3,30.0,10,10,2041,3155.152062342379
0.3,30.0,10,10,2042,2750.8865183746843
0.3,30.0,10,10,2043,4256.528372035288
0.3,30.0,10,10,2044,2735.7132988515955
0.3,30.0,10,10,2045,2622.1035904927326
0.3,30.0,10,10,2046,2624.1087067320314
0.3,30.0,10,10,2047,2625.9886073156263
0.3,30.0,10,10,2048,2626.3161802187396
0.3,30.0,10,10,2049,2742.961523038405
0.3,30.0,10,10,2050,2620.87264974898
0.3,30.0,10,10,2051,2624.1105981336077
0.3,30.0,10,10,2052,2623.458375268338
0.3,30.0,10,10,2053,3218.62223914692
0.3,30.0,10,10,2054,2732.606745279401
0.3,30.0,10,10,2055,3955.448443336492
0.3,30.0,11,10,2026,3476.9932868113433
0.3,30.0,11,10,2027,2600.0000000000005
0.3,30.0,11,10,2028,2600.000000000001
0.3,30.0,11,10,2029,3476.068898326548
0.3,30.0,11,10,2030,3476.718428502247
0.3,30.0,11,10,2031,3476.718428502247
0.3,30.0,11,10,2032,2600.0000000000005
0.3,30.0,11,10,2033,2600.0000000000005
0.3,30.0,11,10,2034,2600.0000000000014
0.3,30.0,11,10,2035,3477.2868792954055
0.3,30.0,11,10,2036,2600.0000000000014
0.3,30.0,11,10,2037,2622.425596245957
0.3,30.0,11,10,2038,2600.0000000000005
0.3,30.0,11,10,2039,2600.0000000000023
0.3,30.0,11,10,2040,2600.0000000000005
0.3,30.0,11,10,2041,2600.0000000000005
0.3,30.0,11,10,2042,2600.000000000001
0.3,30.0,11,10,2043,3476.45864511238
0.3,30.0,11,10,2044,3476.458644759965
0.3,30.0,11,10,2045,2600.000000000002
0.3,30.0,11,10,2046,2600.000000000002
0.3,30.0,11,10,2047,2600.0000000000014
0.3,30.0,11,10,2048,2600.000000000001
0.3,30.0,11,10,2049,3476.9248252571206
0.3,30.0,11,10,2050,2600.000000000001
0.3,30.0,11,10,2051,2600.000000000001
0.3,30.0,11,10,2052,2600.000000000002
0.3,30.0,11,10,2053,2600.0000000000005
0.3,30.0,11,10,2054,2600.000000000002
0.3,30.0,11,10,2055,2600.000000000001
0.3,30.0,12,10,2026,2868.181669203241
0.3,30.0,12,10,2027,2865.910068080108
0.3,30.0,12,10,2028,2870.3418767477783
0.3,30.0,12,10,2029,2865.942325990978
0.3,30.0,12,10,2030,2866.452349792871
0.3,30.0,12,10,2031,2866.9319450514504
0.3,30.0,12,10,2032,2868.355133508939
0.3,30.0,12,10,2033,2865.910002390408
0.3,30.0,12,10,2034,2878.561116429942
0.3,30.0,12,10,2035,2868.8441582533537
0.3,30.0,12,10,2036,2866.8290732761952
0.3,30.0,12,10,2037,2864.9028297301174
0.3,30.0,12,10,2038,2870.634489549013
0.3,30.0,12,10,2039,2865.6497788931956
0.3,30.0,12,10,2040,2867.5008690466166
0.3,30.0,12,10,2041,2865.9046913052043
0.3,30.0,12,10,2042,2866.6846363018262
0.3,30.0,12,10,2043,2977.8322553154385
0.3,30.0,12,10,2044,2866.039400210096
0.3,30.0,12,10,2045,2866.524310093141
0.3,30.0,12,10,2046,2868.181816708198
0.3,30.0,12,10,2047,2883.9878455573794
0.3,30.0,12,10,2048,3116.197902253767
0.3,30.0,12,10,2049,2892.960881318655
0.3,30.0,12,10,2050,2868.1817865253342
0.3,30.0,12,10,2051,2939.122323656484
0.3,30.0,12,10,2052,2867.500930014022
0.3,30.0,12,10,2053,2866.6846468782232
0.3,30.0,12,10,2054,2909.298121152036
0.3,30.0,12,10,2055,2866.7221854035342
