alg,fid,dim,iter,best_mean,best_med,s_mean,err
ABMO,4,10,1,996.9061811432548,999.9809037807188,1.0,196.9061811432548
ABMO,4,10,2,974.010075472708,966.1135447135088,1.0,174.01007547270797
ABMO,4,10,3,957.7367203818302,955.643591638026,1.0,157.7367203818302
ABMO,4,10,4,952.8526485006656,947.5567372390012,1.0,152.85264850066562
ABMO,4,10,5,950.3830740380746,943.955823086563,1.0,150.3830740380746
ABMO,4,10,6,938.182356765288,937.6733684073048,1.0,138.18235676528798
ABMO,4,10,7,927.470218654474,921.1722642310584,1.0,127.47021865447402
ABMO,4,10,8,921.7157304976798,913.9643631471046,1.0,121.71573049767983
ABMO,4,10,9,916.7430967020192,910.9015218761652,1.0,116.74309670201922
ABMO,4,10,10,914.3389460874552,910.3413117249694,1.0,114.33894608745516
ABMO,4,10,11,910.280237045766,907.001224804102,1.0,110.28023704576594
ABMO,4,10,12,906.7651369335229,905.3080501339092,1.0,106.76513693352285
ABMO,4,10,13,902.453623811451,901.4403987135393,1.0,102.45362381145105
ABMO,4,10,14,898.6343433748249,888.3668125778365,1.0,98.63434337482488
ABMO,4,10,15,897.5212453564112,888.112173061115,1.0,97.52124535641121
ABMO,4,10,16,897.4040698509917,888.112173061115,1.0,97.40406985099173
ABMO,4,10,17,896.6401307711866,887.8692205332377,1.0,96.64013077118659
ABMO,4,10,18,896.1109376942742,887.8692205332377,1.0,96.11093769427418
ABMO,4,10,19,894.8511996282966,887.7453608631711,1.0,94.85119962829663
ABMO,4,10,20,891.5926589058529,881.0031643894964,1.0,91.59265890585289
ABMO,4,10,21,890.9290107772506,881.000265739294,1.0,90.9290107772506
ABMO,4,10,22,890.668056527137,881.0000271942497,1.0,90.66805652713697
ABMO,4,10,23,890.2552387428751,881.0000269750459,1.0,90.25523874287512
ABMO,4,10,24,890.1420358549826,881.0000269750459,1.0,90.14203585498262
ABMO,4,10,25,889.1281514642629,881.0000056617334,1.0,89.12815146426294
ABMO,4,10,26,888.8859532228469,881.0000056617334,1.0,88.88595322284687
ABMO,4,10,27,888.2523389245704,881.0000024413192,1.0,88.25233892457038
ABMO,4,10,28,888.1227583205575,881.0000024413192,1.0,88.12275832055752
ABMO,4,10,29,888.0966291090149,881.0000024413192,1.0,88.09662910901488
ABMO,4,10,30,887.7677366202586,881.0000018465307,1.0,87.76773662025857
ABMO,4,10,31,886.4156779819335,877.1004744596921,1.0,86.41567798193353
ABMO,4,10,32,885.3927128914191,877.1004744596921,1.0,85.39271289141914
ABMO,4,10,33,885.3724863823976,877.1004744596921,1.0,85.3724863823976
ABMO,4,10,34,883.7629611203882,876.0000021278559,1.0,83.76296112038824
ABMO,4,10,35,882.6907998935219,875.0000029306646,1.0,82.6907998935219
ABMO,4,10,36,882.6399304548562,875.0000028700676,1.0,82.6399304548562
ABMO,4,10,37,882.4589019360502,875.0000028700676,1.0,82.45890193605021
ABMO,4,10,38,882.3408900976984,875.0000010873302,1.0,82.34089009769843
ABMO,4,10,39,882.2857706847418,875.0000010873302,1.0,82.2857706847418
ABMO,4,10,40,882.2167335349534,875.0000010873302,1.0,82.21673353495339
ABMO,4,10,41,882.204244209278,875.0000007528474,1.0,82.20424420927804
ABMO,4,10,42,882.204242861349,875.0000005499128,1.0,82.20424286134903
ABMO,4,10,43,882.2042348765779,875.0000004196373,1.0,82.20423487657786
ABMO,4,10,44,882.2042266859665,875.0000004196373,1.0,82.20422668596655
ABMO,4,10,45,882.2041743648982,875.0000002518424,1.0,82.20417436489822
ABMO,4,10,46,882.2041738677347,875.0000002518424,1.0,82.20417386773465
ABMO,4,10,47,882.2041727108427,875.0000002518424,1.0,82.20417271084273
ABMO,4,10,48,882.2041713766553,875.0000001507606,1.0,82.20417137665527
ABMO,4,10,49,882.2038684035557,875.0000001507606,1.0,82.2038684035557
ABMO,4,10,50,882.2006869244254,875.0000001507606,1.0,82.20068692442544
ABMO,4,10,51,882.200398270601,875.0000001507606,1.0,82.200398270601
ABMO,4,10,52,882.2000774749888,875.0000001507606,1.0,82.2000774749888
ABMO,4,10,53,882.2000522099041,875.0000001507606,1.0,82.20005220990413
ABMO,4,10,54,882.2000519420815,875.0000001507606,1.0,82.20005194208147
ABMO,4,10,55,882.200023250992,875.0000001507606,1.0,82.20002325099199
ABMO,4,10,56,882.2000055944676,875.000000146523,1.0,82.2000055944676
ABMO,4,10,57,882.2000054483167,875.000000146523,1.0,82.20000544831669
ABMO,4,10,58,882.2000040521519,875.0000001001167,1.0,82.20000405215194
ABMO,4,10,59,882.2000040521519,875.0000001001167,1.0,82.20000405215194
ABMO,4,10,60,882.2000016105059,875.0000001001167,1.0,82.20000161050586
ABMO,4,10,61,882.2000016065832,875.000000041278,1.0,82.20000160658321
ABMO,4,10,62,882.2000014507662,875.000000041278,1.0,82.2000014507662
ABMO,4,10,63,882.2000014471964,875.000000041278,1.0,82.20000144719643
ABMO,4,10,64,882.2000014471964,875.000000041278,1.0,82.20000144719643
ABMO,4,10,65,882.2000014289403,875.000000041278,1.0,82.20000142894025
ABMO,4,10,66,882.2000014279558,875.000000041278,1.0,82.20000142795584
ABMO,4,10,67,882.2000014161068,875.000000041278,1.0,82.20000141610683
ABMO,4,10,68,882.2000014094563,875.000000041278,1.0,82.20000140945626
ABMO,4,10,69,881.0500013630536,875.000000041278,1.0,81.05000136305364
ABMO,4,10,70,881.0500007831938,875.0000000274769,1.0,81.05000078319381
ABMO,4,10,71,881.0500007831938,875.0000000274769,1.0,81.05000078319381
ABMO,4,10,72,881.0500007830489,875.0000000274769,1.0,81.05000078304886
ABMO,4,10,73,881.0500007226631,875.0000000274769,1.0,81.05000072266307
ABMO,4,10,74,881.0500007226631,875.0000000274769,1.0,81.05000072266307
ABMO,4,10,75,881.0500007226585,875.0000000274769,1.0,81.05000072265852
ABMO,4,10,76,881.0500007103225,875.0000000274769,1.0,81.05000071032248
ABMO,4,10,77,881.0500007103092,875.0000000274769,1.0,81.05000071030918
ABMO,4,10,78,881.0500007103092,875.0000000274769,1.0,81.05000071030918
ABMO,4,10,79,881.0500006173882,875.000000025047,1.0,81.05000061738815
ABMO,4,10,80,881.0500006173882,875.000000025047,1.0,81.05000061738815
ABMO,4,10,81,881.0500006121512,875.000000025047,1.0,81.05000061215117
ABMO,4,10,82,881.0500006112567,875.000000025047,1.0,81.05000061125668
ABMO,4,10,83,881.0500006104188,875.000000025047,1.0,81.0500006104188
ABMO,4,10,84,881.0500006104188,875.000000025047,1.0,81.0500006104188
ABMO,4,10,85,881.0500006104188,875.000000025047,1.0,81.0500006104188
ABMO,4,10,86,881.0500005992311,875.000000025047,1.0,81.05000059923111
ABMO,4,10,87,881.050000599209,875.000000025047,1.0,81.05000059920906
ABMO,4,10,88,881.0500004020372,875.000000025047,1.0,81.0500004020372
ABMO,4,10,89,881.0500004018373,875.000000025047,1.0,81.05000040183734
ABMO,4,10,90,881.0500004004283,875.000000025047,1.0,81.0500004004283
ABMO,4,10,91,881.050000395697,875.000000025047,1.0,81.050000395697
ABMO,4,10,92,881.0500003915814,875.000000025047,1.0,81.05000039158142
ABMO,4,10,93,881.0500003915814,875.000000025047,1.0,81.05000039158142
ABMO,4,10,94,881.0500002990841,875.000000025047,1.0,81.0500002990841
ABMO,4,10,95,881.0500002048046,875.000000025047,1.0,81.05000020480463
ABMO,4,10,96,881.0500002048046,875.000000025047,1.0,81.05000020480463
ABMO,4,10,97,881.0500001927805,875.000000025047,1.0,81.05000019278054
ABMO,4,10,98,881.0500001786821,875.000000025047,1.0,81.05000017868213
ABMO,4,10,99,881.0500001499865,875.0000000248813,1.0,81.05000014998654
ABMO,4,10,100,881.0500001499194,875.0000000248813,1.0,81.05000014991936
ABMO,4,10,101,881.050000148924,875.0000000248813,1.0,81.05000014892403
ABMO,4,10,102,881.0500001480763,875.0000000248743,1.0,81.05000014807626
ABMO,4,10,103,881.0500001480133,875.0000000248581,1.0,81.05000014801328
ABMO,4,10,104,881.0500001078713,875.0000000248581,1.0,81.05000010787126
ABMO,4,10,105,881.0500001078675,875.0000000248018,1.0,81.0500001078675
ABMO,4,10,106,881.0500001025028,875.0000000226415,1.0,81.05000010250285
ABMO,4,10,107,881.0500001025016,875.0000000226247,1.0,81.0500001025016
ABMO,4,10,108,881.0500001025016,875.0000000226247,1.0,81.0500001025016
ABMO,4,10,109,881.0500001025007,875.0000000226247,1.0,81.05000010250069
ABMO,4,10,110,881.050000102496,875.0000000226247,1.0,81.05000010249603
ABMO,4,10,111,881.0500000999447,875.0000000159001,1.0,81.05000009994467
ABMO,4,10,112,881.0500000971998,875.0000000009024,1.0,81.05000009719981
ABMO,4,10,113,881.0500000958724,875.0000000008833,1.0,81.0500000958724
ABMO,4,10,114,881.0500000948527,875.0000000008833,1.0,81.05000009485275
ABMO,4,10,115,881.0500000946676,875.0000000008752,1.0,81.05000009466755
ABMO,4,10,116,881.0500000945863,875.0000000008752,1.0,81.05000009458627
ABMO,4,10,117,881.0500000945358,875.0000000008752,1.0,81.05000009453579
ABMO,4,10,118,881.0500000945352,875.0000000008652,1.0,81.05000009453522
ABMO,4,10,119,881.0500000768257,875.0000000008652,1.0,81.05000007682565
ABMO,4,10,120,881.0500000715873,875.000000000666,1.0,81.0500000715873
ABMO,4,10,121,881.0500000662287,875.0000000006648,1.0,81.05000006622868
ABMO,4,10,122,881.050000018859,875.0000000006645,1.0,81.05000001885901
ABMO,4,10,123,881.0500000134485,875.0000000006644,1.0,81.05000001344854
ABMO,4,10,124,881.0500000134324,875.0000000006644,1.0,81.0500000134324
ABMO,4,10,125,881.0500000133422,875.0000000006644,1.0,81.05000001334224
ABMO,4,10,126,881.0500000133422,875.0000000006644,1.0,81.05000001334224
ABMO,4,10,127,881.0500000133422,875.0000000006644,1.0,81.05000001334224
ABMO,4,10,128,881.0500000132869,875.0000000006644,1.0,81.05000001328688
ABMO,4,10,129,881.0500000132869,875.0000000006643,1.0,81.05000001328688
ABMO,4,10,130,881.0500000132868,875.0000000006643,1.0,81.05000001328676
ABMO,4,10,131,881.0500000132783,875.0000000006643,1.0,81.05000001327835
ABMO,4,10,132,881.0500000132562,875.0000000003961,1.0,81.05000001325618
ABMO,4,10,133,881.0500000132536,875.0000000003961,1.0,81.05000001325357
ABMO,4,10,134,881.0500000131966,875.0000000003961,1.0,81.05000001319661
ABMO,4,10,135,881.0500000131234,875.0000000003961,1.0,81.0500000131234
ABMO,4,10,136,881.0500000126042,875.000000000005,1.0,81.05000001260419
ABMO,4,10,137,881.0500000126012,875.000000000005,1.0,81.05000001260123
ABMO,4,10,138,881.0500000124564,875.000000000005,1.0,81.0500000124564
ABMO,4,10,139,881.0500000124542,875.000000000005,1.0,81.05000001245423
ABMO,4,10,140,881.0500000124542,875.000000000005,1.0,81.05000001245423
ABMO,4,10,141,881.0500000124375,875.000000000005,1.0,81.05000001243752
ABMO,4,10,142,881.0500000124296,875.000000000005,1.0,81.05000001242956
ABMO,4,10,143,881.0500000124183,875.000000000005,1.0,81.05000001241831
ABMO,4,10,144,881.0500000124183,875.000000000005,1.0,81.05000001241831
ABMO,4,10,145,881.0500000121982,875.000000000005,1.0,81.05000001219821
ABMO,4,10,146,881.0500000121248,875.000000000005,1.0,81.05000001212477
ABMO,4,10,147,881.0500000121242,875.000000000005,1.0,81.0500000121242
ABMO,4,10,148,881.0500000121241,875.000000000005,1.0,81.05000001212409
ABMO,4,10,149,881.0500000121225,875.000000000005,1.0,81.0500000121225
ABMO,4,10,150,881.0500000121193,875.000000000005,1.0,81.05000001211931
ABMO,4,10,151,881.0500000119408,875.000000000005,1.0,81.05000001194082
ABMO,4,10,152,881.0500000048198,875.000000000005,1.0,81.05000000481982
ABMO,4,10,153,881.0500000048197,875.000000000005,1.0,81.05000000481971
ABMO,4,10,154,881.0500000048191,875.000000000005,1.0,81.05000000481914
ABMO,4,10,155,881.0500000047308,875.000000000005,1.0,81.0500000047308
ABMO,4,10,156,881.050000004668,875.000000000005,1.0,81.05000000466805
ABMO,4,10,157,881.0500000046675,875.0000000000043,1.0,81.05000000466748
ABMO,4,10,158,881.0500000046674,875.0000000000035,1.0,81.05000000466737
ABMO,4,10,159,881.0500000046666,875.0000000000034,1.0,81.05000000466657
ABMO,4,10,160,881.0500000046601,875.0000000000034,1.0,81.05000000466009
ABMO,4,10,161,881.0500000046601,875.0000000000034,1.0,81.05000000466009
ABMO,4,10,162,881.0500000046593,875.0000000000025,1.0,81.0500000046593
ABMO,4,10,163,881.0500000046593,875.0000000000019,1.0,81.0500000046593
ABMO,4,10,164,881.0500000046593,875.0000000000019,1.0,81.0500000046593
ABMO,4,10,165,881.0500000046579,875.0000000000019,1.0,81.05000000465793
ABMO,4,10,166,881.0500000046574,875.0000000000018,1.0,81.05000000465736
ABMO,4,10,167,881.050000004657,875.0000000000018,1.0,81.05000000465702
ABMO,4,10,168,881.0500000046416,875.0000000000018,1.0,81.05000000464156
ABMO,4,10,169,881.0500000046416,875.0000000000018,1.0,81.05000000464156
ABMO,4,10,170,881.0500000046416,875.0000000000018,1.0,81.05000000464156
ABMO,4,10,171,881.0500000046337,875.0000000000018,1.0,81.05000000463372
ABMO,4,10,172,881.050000004551,875.0000000000018,1.0,81.05000000455095
ABMO,4,10,173,881.0500000045508,875.0000000000011,1.0,81.05000000455084
ABMO,4,10,174,881.0500000045438,875.0000000000011,1.0,81.05000000454379
ABMO,4,10,175,881.0500000045429,875.0000000000002,1.0,81.05000000454288
ABMO,4,10,176,881.0500000045429,875.0000000000002,1.0,81.05000000454288
ABMO,4,10,177,881.0500000045417,875.0000000000002,1.0,81.05000000454174
ABMO,4,10,178,881.0500000045417,875.0000000000002,1.0,81.05000000454174
ABMO,4,10,179,881.0500000045416,875.0000000000002,1.0,81.05000000454163
ABMO,4,10,180,881.0500000045413,875.0,1.0,81.05000000454129
ABMO,4,10,181,881.0500000045399,875.0,1.0,81.05000000453992
ABMO,4,10,182,881.0500000045387,875.0,1.0,81.05000000453867
ABMO,4,10,183,881.0500000045384,875.0,1.0,81.05000000453845
ABMO,4,10,184,881.0500000045287,875.0,1.0,81.05000000452867
ABMO,4,10,185,881.0500000045287,875.0,1.0,81.05000000452867
ABMO,4,10,186,881.0500000045287,875.0,1.0,81.05000000452867
ABMO,4,10,187,881.0500000045287,875.0,1.0,81.05000000452867
ABMO,4,10,188,881.0500000045287,875.0,1.0,81.05000000452867
ABMO,4,10,189,881.0500000045267,875.0,1.0,81.05000000452674
ABMO,4,10,190,881.0500000039915,875.0,1.0,81.0500000039915
ABMO,4,10,191,881.0500000039915,875.0,1.0,81.0500000039915
ABMO,4,10,192,881.0500000039915,875.0,1.0,81.0500000039915
ABMO,4,10,193,881.0500000039915,875.0,1.0,81.0500000039915
ABMO,4,10,194,881.0500000039915,875.0,1.0,81.0500000039915
ABMO,4,10,195,881.0500000039915,875.0,1.0,81.0500000039915
ABMO,4,10,196,881.0500000039915,875.0,1.0,81.0500000039915
ABMO,4,10,197,881.050000003979,875.0,1.0,81.050000003979
ABMO,4,10,198,881.050000003905,875.0,1.0,81.05000000390498
ABMO,4,10,199,881.0500000033888,875.0,1.0,81.05000000338885
ABMO,4,10,200,881.0500000030228,875.0,1.0,81.05000000302277
ABMO,4,10,201,881.0500000029923,875.0,1.0,81.0500000029923
ABMO,4,10,202,881.0500000029923,875.0,1.0,81.0500000029923
ABMO,4,10,203,881.0500000029923,875.0,1.0,81.0500000029923
ABMO,4,10,204,881.0500000029923,875.0,1.0,81.0500000029923
ABMO,4,10,205,881.0500000029923,875.0,1.0,81.0500000029923
ABMO,4,10,206,881.0500000029818,875.0,1.0,81.05000000298185
ABMO,4,10,207,881.0500000029818,875.0,1.0,81.05000000298185
ABMO,4,10,208,881.0500000029818,875.0,1.0,81.05000000298185
ABMO,4,10,209,881.0500000029649,875.0,1.0,81.05000000296491
ABMO,4,10,210,881.0500000029649,875.0,1.0,81.05000000296491
ABMO,4,10,211,881.0500000029649,875.0,1.0,81.05000000296491
ABMO,4,10,212,881.0500000029556,875.0,1.0,81.05000000295558
ABMO,4,10,213,881.0500000029556,875.0,1.0,81.05000000295558
ABMO,4,10,214,881.0500000029556,875.0,1.0,81.05000000295558
ABMO,4,10,215,881.0500000029549,875.0,1.0,81.0500000029549
ABMO,4,10,216,881.0500000029533,875.0,1.0,81.05000000295331
ABMO,4,10,217,881.0500000029533,875.0,1.0,81.05000000295331
ABMO,4,10,218,881.0500000029533,875.0,1.0,81.05000000295331
ABMO,4,10,219,881.0500000029533,875.0,1.0,81.05000000295331
ABMO,4,10,220,881.0500000029501,875.0,1.0,81.05000000295013
ABMO,4,10,221,881.0500000029501,875.0,1.0,81.05000000295013
ABMO,4,10,222,881.0500000029501,875.0,1.0,81.05000000295013
ABMO,4,10,223,881.0500000029501,875.0,1.0,81.05000000295013
ABMO,4,10,224,881.0500000029501,875.0,1.0,81.05000000295013
ABMO,4,10,225,881.0500000029489,875.0,1.0,81.05000000294888
ABMO,4,10,226,881.0500000029489,875.0,1.0,81.05000000294888
ABMO,4,10,227,881.0500000029489,875.0,1.0,81.05000000294888
ABMO,4,10,228,881.0500000029489,875.0,1.0,81.05000000294888
ABMO,4,10,229,881.0500000022854,875.0,1.0,81.0500000022854
ABMO,4,10,230,881.0500000022854,875.0,1.0,81.0500000022854
ABMO,4,10,231,881.0500000022854,875.0,1.0,81.0500000022854
ABMO,4,10,232,881.0500000013141,875.0,1.0,81.05000000131406
ABMO,4,10,233,881.0500000013141,875.0,1.0,81.05000000131406
ABMO,4,10,234,881.0500000013141,875.0,1.0,81.05000000131406
ABMO,4,10,235,881.0500000013141,875.0,1.0,81.05000000131406
ABMO,4,10,236,881.0500000013141,875.0,1.0,81.05000000131406
ABMO,4,10,237,881.0500000005726,875.0,1.0,81.0500000005726
ABMO,4,10,238,881.0500000005726,875.0,1.0,81.0500000005726
ABMO,4,10,239,881.0500000005726,875.0,1.0,81.0500000005726
ABMO,4,10,240,881.0500000005726,875.0,1.0,81.0500000005726
ABMO,4,10,241,881.0500000005726,875.0,1.0,81.0500000005726
ABMO,4,10,242,881.0500000005603,875.0,1.0,81.05000000056032
ABMO,4,10,243,881.0500000005603,875.0,1.0,81.05000000056032
ABMO,4,10,244,881.0500000005603,875.0,1.0,81.05000000056032
ABMO,4,10,245,881.0500000005603,875.0,1.0,81.05000000056032
ABMO,4,10,246,881.0500000005603,875.0,1.0,81.05000000056032
ABMO,4,10,247,881.0500000005603,875.0,1.0,81.05000000056032
ABMO,4,10,248,881.0500000005603,875.0,1.0,81.05000000056032
ABMO,4,10,249,881.0500000005603,875.0,1.0,81.05000000056032
ABMO,4,10,250,881.0500000005599,875.0,1.0,81.05000000055986
ABMO,4,10,251,881.0500000005599,875.0,1.0,81.05000000055986
ABMO,4,10,252,881.0500000005599,875.0,1.0,81.05000000055986
ABMO,4,10,253,881.0500000005599,875.0,1.0,81.05000000055986
ABMO,4,10,254,881.0500000005599,875.0,1.0,81.05000000055986
ABMO,4,10,255,881.0500000005599,875.0,1.0,81.05000000055986
ABMO,4,10,256,881.0500000005599,875.0,1.0,81.05000000055986
ABMO,4,10,257,881.0500000005599,875.0,1.0,81.05000000055986
ABMO,4,10,258,881.0500000005599,875.0,1.0,81.05000000055986
ABMO,4,10,259,881.0500000005599,875.0,1.0,81.05000000055986
ABMO,4,10,260,881.0500000005599,875.0,1.0,81.05000000055986
ABMO,4,10,261,881.0500000005578,875.0,1.0,81.05000000055782
ABMO,4,10,262,881.0500000005578,875.0,1.0,81.05000000055782
ABMO,4,10,263,881.0500000005578,875.0,1.0,81.05000000055782
ABMO,4,10,264,881.0500000005578,875.0,1.0,81.05000000055782
ABMO,4,10,265,881.0500000005578,875.0,1.0,81.05000000055782
ABMO,4,10,266,881.0500000005371,875.0,1.0,81.05000000053712
ABMO,4,10,267,881.0500000005371,875.0,1.0,81.05000000053712
ABMO,4,10,268,881.0500000005371,875.0,1.0,81.05000000053712
ABMO,4,10,269,881.0500000005371,875.0,1.0,81.05000000053712
ABMO,4,10,270,881.0500000005371,875.0,1.0,81.05000000053712
ABMO,4,10,271,881.0500000005371,875.0,1.0,81.05000000053712
ABMO,4,10,272,881.0500000005371,875.0,1.0,81.05000000053712
ABMO,4,10,273,881.0500000005371,875.0,1.0,81.05000000053712
ABMO,4,10,274,881.0500000005371,875.0,1.0,81.05000000053712
ABMO,4,10,275,881.0500000005371,875.0,1.0,81.05000000053712
ABMO,4,10,276,881.050000000536,875.0,1.0,81.05000000053599
ABMO,4,10,277,881.050000000536,875.0,1.0,81.05000000053599
ABMO,4,10,278,881.0500000003703,875.0,1.0,81.05000000037035
ABMO,4,10,279,881.0500000003346,875.0,1.0,81.05000000033465
ABMO,4,10,280,881.0500000003285,875.0,1.0,81.05000000032851
ABMO,4,10,281,881.0500000003282,875.0,1.0,81.05000000032817
ABMO,4,10,282,881.0500000003225,875.0,1.0,81.05000000032248
ABMO,4,10,283,881.050000000321,875.0,1.0,81.050000000321
ABMO,4,10,284,881.050000000321,875.0,1.0,81.050000000321
ABMO,4,10,285,881.050000000321,875.0,1.0,81.050000000321
ABMO,4,10,286,881.0500000003208,875.0,1.0,81.05000000032078
ABMO,4,10,287,881.0500000003208,875.0,1.0,81.05000000032078
ABMO,4,10,288,881.0500000003208,875.0,1.0,81.05000000032078
ABMO,4,10,289,881.0500000003208,875.0,1.0,81.05000000032078
ABMO,4,10,290,881.0500000003207,875.0,1.0,81.05000000032067
ABMO,4,10,291,881.0500000003207,875.0,1.0,81.05000000032067
ABMO,4,10,292,881.0500000003207,875.0,1.0,81.05000000032067
ABMO,4,10,293,881.0500000003207,875.0,1.0,81.05000000032067
ABMO,4,10,294,881.0500000003207,875.0,1.0,81.05000000032067
ABMO,4,10,295,881.0500000003207,875.0,1.0,81.05000000032067
ABMO,4,10,296,881.0500000003207,875.0,1.0,81.05000000032067
ABMO,4,10,297,881.0500000003207,875.0,1.0,81.05000000032067
ABMO,4,10,298,881.0500000003207,875.0,1.0,81.05000000032067
ABMO,4,10,299,881.0500000003207,875.0,1.0,81.05000000032067
ABMO,4,10,300,881.0500000003207,875.0,1.0,81.05000000032067
ABMO,4,10,301,881.0500000003207,875.0,1.0,81.05000000032067
ABMO,4,10,302,881.0500000003207,875.0,1.0,81.05000000032067
ABMO,4,10,303,881.0500000003207,875.0,1.0,81.05000000032067
ABMO,4,10,304,881.0500000003207,875.0,1.0,81.05000000032067
ABMO,4,10,305,881.0500000003207,875.0,1.0,81.05000000032067
ABMO,4,10,306,881.0500000003207,875.0,1.0,81.05000000032067
ABMO,4,10,307,881.0500000003207,875.0,1.0,81.05000000032067
ABMO,4,10,308,881.0500000003207,875.0,1.0,81.05000000032067
ABMO,4,10,309,881.0500000003207,875.0,1.0,81.05000000032067
ABMO,4,10,310,881.0500000003207,875.0,1.0,81.05000000032067
ABMO,4,10,311,881.0500000003207,875.0,1.0,81.05000000032067
ABMO,4,10,312,881.0500000003196,875.0,1.0,81.05000000031964
ABMO,4,10,313,881.0500000003196,875.0,1.0,81.05000000031964
ABMO,4,10,314,881.0500000003196,875.0,1.0,81.05000000031964
ABMO,4,10,315,881.0500000003196,875.0,1.0,81.05000000031964
ABMO,4,10,316,881.0500000003196,875.0,1.0,81.05000000031964
ABMO,4,10,317,881.0500000003196,875.0,1.0,81.05000000031964
ABMO,4,10,318,881.0500000003196,875.0,1.0,81.05000000031964
ABMO,4,10,319,881.0500000003196,875.0,1.0,81.05000000031964
ABMO,4,10,320,881.0500000003196,875.0,1.0,81.05000000031964
ABMO,4,10,321,881.0500000003196,875.0,1.0,81.05000000031964
ABMO,4,10,322,881.0500000003196,875.0,1.0,81.05000000031964
ABMO,4,10,323,881.0500000003196,875.0,1.0,81.05000000031964
ABMO,4,10,324,881.0500000003196,875.0,1.0,81.05000000031964
ABMO,4,10,325,881.0500000003184,875.0,1.0,81.05000000031839
ABMO,4,10,326,881.0500000003184,875.0,1.0,81.05000000031839
ABMO,4,10,327,881.0500000003184,875.0,1.0,81.05000000031839
ABMO,4,10,328,881.0500000003184,875.0,1.0,81.05000000031839
ABMO,4,10,329,881.0500000003184,875.0,1.0,81.05000000031839
ABMO,4,10,330,881.0500000003182,875.0,1.0,81.05000000031816
ABMO,4,10,331,881.0500000003182,875.0,1.0,81.05000000031816
ABMO,4,10,332,881.0500000003182,875.0,1.0,81.05000000031816
ABMO,4,10,333,881.050000000318,875.0,1.0,81.05000000031805
ABMO,4,10,334,881.050000000318,875.0,1.0,81.05000000031805
ABMO,4,10,335,881.050000000318,875.0,1.0,81.05000000031805
ABMO,4,10,336,881.050000000318,875.0,1.0,81.05000000031805
ABMO,4,10,337,881.050000000318,875.0,1.0,81.05000000031805
ABMO,4,10,338,881.050000000318,875.0,1.0,81.05000000031805
ABMO,4,10,339,881.050000000318,875.0,1.0,81.05000000031805
ABMO,4,10,340,881.050000000318,875.0,1.0,81.05000000031805
ABMO,4,10,341,881.050000000318,875.0,1.0,81.05000000031805
ABMO,4,10,342,881.050000000318,875.0,1.0,81.05000000031805
ABMO,4,10,343,881.050000000318,875.0,1.0,81.05000000031805
ABMO,4,10,344,881.050000000318,875.0,1.0,81.05000000031805
ABMO,4,10,345,881.050000000318,875.0,1.0,81.05000000031805
ABMO,4,10,346,881.050000000318,875.0,1.0,81.05000000031805
ABMO,4,10,347,881.050000000318,875.0,1.0,81.05000000031805
ABMO,4,10,348,881.050000000318,875.0,1.0,81.05000000031805
ABMO,4,10,349,881.050000000318,875.0,1.0,81.05000000031805
ABMO,4,10,350,881.050000000318,875.0,1.0,81.05000000031805
ABMO,4,10,351,881.0500000001331,875.0,1.0,81.05000000013308
ABMO,4,10,352,881.0500000001331,875.0,1.0,81.05000000013308
ABMO,4,10,353,881.0500000001331,875.0,1.0,81.05000000013308
ABMO,4,10,354,881.0500000001331,875.0,1.0,81.05000000013308
ABMO,4,10,355,881.0500000001331,875.0,1.0,81.05000000013308
ABMO,4,10,356,881.0500000001331,875.0,1.0,81.05000000013308
ABMO,4,10,357,881.0500000001331,875.0,1.0,81.05000000013308
ABMO,4,10,358,881.0500000001331,875.0,1.0,81.05000000013308
ABMO,4,10,359,881.0500000000799,875.0,1.0,81.05000000007988
ABMO,4,10,360,881.0500000000799,875.0,1.0,81.05000000007988
ABMO,4,10,361,881.0500000000799,875.0,1.0,81.05000000007988
ABMO,4,10,362,881.0500000000799,875.0,1.0,81.05000000007988
ABMO,4,10,363,881.0500000000799,875.0,1.0,81.05000000007988
ABMO,4,10,364,881.0500000000799,875.0,1.0,81.05000000007988
ABMO,4,10,365,881.0500000000799,875.0,1.0,81.05000000007988
ABMO,4,10,366,881.05000000006,875.0,1.0,81.05000000005998
ABMO,4,10,367,881.05000000006,875.0,1.0,81.05000000005998
ABMO,4,10,368,881.05000000006,875.0,1.0,81.05000000005998
ABMO,4,10,369,881.05000000006,875.0,1.0,81.05000000005998
ABMO,4,10,370,881.0500000000407,875.0,1.0,81.05000000004065
ABMO,4,10,371,881.0500000000407,875.0,1.0,81.05000000004065
ABMO,4,10,372,881.0500000000305,875.0,1.0,81.05000000003054
ABMO,4,10,373,881.0500000000305,875.0,1.0,81.05000000003054
ABMO,4,10,374,881.0500000000177,875.0,1.0,81.05000000001769
ABMO,4,10,375,881.0500000000177,875.0,1.0,81.05000000001769
ABMO,4,10,376,881.0500000000177,875.0,1.0,81.05000000001769
ABMO,4,10,377,881.0500000000177,875.0,1.0,81.05000000001769
ABMO,4,10,378,881.0500000000152,875.0,1.0,81.05000000001519
ABMO,4,10,379,881.0500000000145,875.0,1.0,81.0500000000145
ABMO,4,10,380,881.0500000000142,875.0,1.0,81.05000000001417
ABMO,4,10,381,881.0500000000138,875.0,1.0,81.05000000001382
ABMO,4,10,382,881.0500000000138,875.0,1.0,81.05000000001382
ABMO,4,10,383,881.0500000000138,875.0,1.0,81.05000000001382
ABMO,4,10,384,881.0500000000138,875.0,1.0,81.05000000001382
ABMO,4,10,385,881.0500000000138,875.0,1.0,81.05000000001382
ABMO,4,10,386,881.0500000000138,875.0,1.0,81.05000000001382
ABMO,4,10,387,881.0500000000138,875.0,1.0,81.05000000001382
ABMO,4,10,388,881.0500000000138,875.0,1.0,81.05000000001382
ABMO,4,10,389,881.0500000000138,875.0,1.0,81.05000000001382
ABMO,4,10,390,881.0500000000138,875.0,1.0,81.05000000001382
ABMO,4,10,391,881.0500000000138,875.0,1.0,81.05000000001382
ABMO,4,10,392,881.0500000000138,875.0,1.0,81.05000000001382
ABMO,4,10,393,881.0500000000119,875.0,1.0,81.05000000001189
ABMO,4,10,394,881.0500000000098,875.0,1.0,81.05000000000985
ABMO,4,10,395,881.0500000000098,875.0,1.0,81.05000000000985
ABMO,4,10,396,881.0500000000098,875.0,1.0,81.05000000000985
ABMO,4,10,397,881.0500000000097,875.0,1.0,81.05000000000973
ABMO,4,10,398,881.0500000000097,875.0,1.0,81.05000000000973
ABMO,4,10,399,881.0500000000095,875.0,1.0,81.0500000000095
ABMO,4,10,400,881.0500000000095,875.0,1.0,81.0500000000095
ABMO,4,10,401,881.0500000000095,875.0,1.0,81.0500000000095
ABMO,4,10,402,881.0500000000095,875.0,1.0,81.0500000000095
ABMO,4,10,403,881.0500000000095,875.0,1.0,81.0500000000095
ABMO,4,10,404,881.0500000000095,875.0,1.0,81.0500000000095
ABMO,4,10,405,881.0500000000094,875.0,1.0,81.05000000000939
ABMO,4,10,406,881.0500000000094,875.0,1.0,81.05000000000939
ABMO,4,10,407,881.0500000000094,875.0,1.0,81.05000000000939
ABMO,4,10,408,881.0500000000094,875.0,1.0,81.05000000000939
ABMO,4,10,409,881.0500000000094,875.0,1.0,81.05000000000939
ABMO,4,10,410,881.0500000000094,875.0,1.0,81.05000000000939
ABMO,4,10,411,881.0500000000094,875.0,1.0,81.05000000000939
ABMO,4,10,412,881.0500000000094,875.0,1.0,81.05000000000939
ABMO,4,10,413,881.0500000000094,875.0,1.0,81.05000000000939
ABMO,4,10,414,881.0500000000094,875.0,1.0,81.05000000000939
ABMO,4,10,415,881.0500000000094,875.0,1.0,81.05000000000939
ABMO,4,10,416,881.0500000000094,875.0,1.0,81.05000000000939
ABMO,4,10,417,881.0500000000094,875.0,1.0,81.05000000000939
ABMO,4,10,418,881.0500000000094,875.0,1.0,81.05000000000939
ABMO,4,10,419,881.0500000000094,875.0,1.0,81.05000000000939
ABMO,4,10,420,881.0500000000094,875.0,1.0,81.05000000000939
ABMO,4,10,421,881.0500000000094,875.0,1.0,81.05000000000939
ABMO,4,10,422,881.0500000000094,875.0,1.0,81.05000000000939
ABMO,4,10,423,881.0500000000092,875.0,1.0,81.05000000000916
ABMO,4,10,424,881.0500000000092,875.0,1.0,81.05000000000916
ABMO,4,10,425,881.0500000000092,875.0,1.0,81.05000000000916
ABMO,4,10,426,881.0500000000088,875.0,1.0,81.05000000000882
ABMO,4,10,427,881.0500000000088,875.0,1.0,81.05000000000882
ABMO,4,10,428,881.0500000000088,875.0,1.0,81.05000000000882
ABMO,4,10,429,881.0500000000088,875.0,1.0,81.05000000000882
ABMO,4,10,430,881.0500000000088,875.0,1.0,81.05000000000882
ABMO,4,10,431,881.0500000000088,875.0,1.0,81.05000000000882
ABMO,4,10,432,881.0500000000088,875.0,1.0,81.05000000000882
ABMO,4,10,433,881.0500000000088,875.0,1.0,81.05000000000882
ABMO,4,10,434,881.0500000000088,875.0,1.0,81.05000000000882
ABMO,4,10,435,881.0500000000087,875.0,1.0,81.05000000000871
ABMO,4,10,436,881.0500000000087,875.0,1.0,81.05000000000871
ABMO,4,10,437,881.0500000000087,875.0,1.0,81.05000000000871
ABMO,4,10,438,881.0500000000087,875.0,1.0,81.05000000000871
ABMO,4,10,439,881.0500000000087,875.0,1.0,81.05000000000871
ABMO,4,10,440,881.0500000000087,875.0,1.0,81.05000000000871
ABMO,4,10,441,881.0500000000087,875.0,1.0,81.05000000000871
ABMO,4,10,442,881.0500000000087,875.0,1.0,81.05000000000871
ABMO,4,10,443,881.0500000000087,875.0,1.0,81.05000000000871
ABMO,4,10,444,881.0500000000087,875.0,1.0,81.05000000000871
ABMO,4,10,445,881.0500000000087,875.0,1.0,81.05000000000871
ABMO,4,10,446,881.0500000000055,875.0,1.0,81.05000000000553
ABMO,4,10,447,881.0500000000055,875.0,1.0,81.05000000000553
ABMO,4,10,448,881.0500000000036,875.0,1.0,81.05000000000359
ABMO,4,10,449,881.0500000000036,875.0,1.0,81.05000000000359
ABMO,4,10,450,881.0500000000036,875.0,1.0,81.05000000000359
ABMO,4,10,451,881.0500000000036,875.0,1.0,81.05000000000359
ABMO,4,10,452,881.0500000000035,875.0,1.0,81.05000000000348
ABMO,4,10,453,881.0500000000035,875.0,1.0,81.05000000000348
ABMO,4,10,454,881.0500000000034,875.0,1.0,81.05000000000337
ABMO,4,10,455,881.0500000000034,875.0,1.0,81.05000000000337
ABMO,4,10,456,881.0500000000034,875.0,1.0,81.05000000000337
ABMO,4,10,457,881.0500000000034,875.0,1.0,81.05000000000337
ABMO,4,10,458,881.0500000000034,875.0,1.0,81.05000000000337
ABMO,4,10,459,881.0500000000034,875.0,1.0,81.05000000000337
ABMO,4,10,460,881.0500000000034,875.0,1.0,81.05000000000337
ABMO,4,10,461,881.0500000000034,875.0,1.0,81.05000000000337
ABMO,4,10,462,881.0500000000034,875.0,1.0,81.05000000000337
ABMO,4,10,463,881.0500000000034,875.0,1.0,81.05000000000337
ABMO,4,10,464,881.0500000000034,875.0,1.0,81.05000000000337
ABMO,4,10,465,881.0500000000034,875.0,1.0,81.05000000000337
ABMO,4,10,466,881.0500000000034,875.0,1.0,81.05000000000337
ABMO,4,10,467,881.0500000000034,875.0,1.0,81.05000000000337
ABMO,4,10,468,881.0500000000034,875.0,1.0,81.05000000000337
ABMO,4,10,469,881.0500000000034,875.0,1.0,81.05000000000337
ABMO,4,10,470,881.0500000000034,875.0,1.0,81.05000000000337
ABMO,4,10,471,881.0500000000034,875.0,1.0,81.05000000000337
ABMO,4,10,472,881.0500000000034,875.0,1.0,81.05000000000337
ABMO,4,10,473,881.0500000000034,875.0,1.0,81.05000000000337
ABMO,4,10,474,881.0500000000034,875.0,1.0,81.05000000000337
ABMO,4,10,475,881.0500000000034,875.0,1.0,81.05000000000337
ABMO,4,10,476,881.0500000000034,875.0,1.0,81.05000000000337
ABMO,4,10,477,881.0500000000034,875.0,1.0,81.05000000000337
ABMO,4,10,478,881.0500000000034,875.0,1.0,81.05000000000337
ABMO,4,10,479,881.0500000000034,875.0,1.0,81.05000000000337
ABMO,4,10,480,881.0500000000034,875.0,1.0,81.05000000000337
ABMO,4,10,481,881.0500000000034,875.0,1.0,81.05000000000337
ABMO,4,10,482,881.0500000000034,875.0,1.0,81.05000000000337
ABMO,4,10,483,881.0500000000033,875.0,1.0,81.05000000000325
ABMO,4,10,484,881.0500000000028,875.0,1.0,81.0500000000028
ABMO,4,10,485,881.0500000000025,875.0,1.0,81.05000000000246
ABMO,4,10,486,881.0500000000023,875.0,1.0,81.05000000000234
ABMO,4,10,487,881.0500000000023,875.0,1.0,81.05000000000234
ABMO,4,10,488,881.0500000000023,875.0,1.0,81.05000000000234
ABMO,4,10,489,881.0500000000023,875.0,1.0,81.05000000000234
ABMO,4,10,490,881.0500000000023,875.0,1.0,81.05000000000234
ABMO,4,10,491,881.0500000000023,875.0,1.0,81.05000000000234
ABMO,4,10,492,881.0500000000023,875.0,1.0,81.05000000000234
ABMO,4,10,493,881.0500000000023,875.0,1.0,81.05000000000234
ABMO,4,10,494,881.0500000000023,875.0,1.0,81.05000000000234
ABMO,4,10,495,881.0500000000023,875.0,1.0,81.05000000000234
ABMO,4,10,496,881.0500000000023,875.0,1.0,81.05000000000234
ABMO,4,10,497,881.0500000000023,875.0,1.0,81.05000000000234
ABMO,4,10,498,881.0500000000023,875.0,1.0,81.05000000000234
ABMO,4,10,499,881.0500000000023,875.0,1.0,81.05000000000234
ABMO,4,10,500,879.7866171355379,875.0,1.0,79.78661713553788
ABMO,4,20,1,1355.7497360240318,1364.3553162910875,1.0,555.7497360240318
ABMO,4,20,2,1304.6939320116485,1304.8806877040663,1.0,504.6939320116485
ABMO,4,20,3,1270.0361510328587,1263.2530168370365,1.0,470.0361510328587
ABMO,4,20,4,1248.674619566523,1239.5904482834767,1.0,448.674619566523
ABMO,4,20,5,1226.4843318234452,1221.161693029237,1.0,426.48433182344525
ABMO,4,20,6,1213.268972230445,1210.1274085313223,1.0,413.2689722304449
ABMO,4,20,7,1198.5120370800369,1198.6625117800666,1.0,398.51203708003686
ABMO,4,20,8,1183.4907073916943,1178.915053767172,1.0,383.4907073916943
ABMO,4,20,9,1171.1641367992916,1163.2460586516686,1.0,371.16413679929155
ABMO,4,20,10,1158.4181676789026,1148.924015416655,1.0,358.4181676789026
ABMO,4,20,11,1150.044736981445,1132.4546161948333,1.0,350.0447369814451
ABMO,4,20,12,1141.6061383102713,1131.619166529087,1.0,341.60613831027126
ABMO,4,20,13,1129.9791401924376,1131.0204181947752,1.0,329.9791401924376
ABMO,4,20,14,1115.2354194835273,1112.6320653433645,1.0,315.23541948352727
ABMO,4,20,15,1110.5347872044504,1112.6320653433645,1.0,310.53478720445037
ABMO,4,20,16,1103.2459289196418,1098.1069047592257,1.0,303.24592891964176
ABMO,4,20,17,1095.2687565547587,1089.4682770187435,1.0,295.26875655475874
ABMO,4,20,18,1091.645675108552,1089.4457783080038,1.0,291.64567510855204
ABMO,4,20,19,1085.0292580188427,1070.39462053602,1.0,285.0292580188427
ABMO,4,20,20,1078.4484668488751,1068.6206560546043,1.0,278.4484668488751
ABMO,4,20,21,1075.471571939926,1068.6174710107332,1.0,275.471571939926
ABMO,4,20,22,1070.6090634239993,1058.1652301457527,1.0,270.60906342399926
ABMO,4,20,23,1067.0714589817055,1057.0525514205756,1.0,267.0714589817055
ABMO,4,20,24,1065.6992055996338,1056.0600133817752,1.0,265.69920559963384
ABMO,4,20,25,1064.573557943998,1054.7921063336803,1.0,264.5735579439979
ABMO,4,20,26,1062.7788026531025,1054.3591868759631,1.0,262.7788026531025
ABMO,4,20,27,1060.980791380664,1054.107036690582,1.0,260.98079138066396
ABMO,4,20,28,1060.453112640948,1052.9819872886142,1.0,260.4531126409479
ABMO,4,20,29,1059.2687186586768,1050.9158131268846,1.0,259.2687186586768
ABMO,4,20,30,1058.7347665952127,1049.7451722247731,1.0,258.7347665952127
ABMO,4,20,31,1057.8320485779716,1046.585848459249,1.0,257.8320485779716
ABMO,4,20,32,1056.9058647426032,1046.2911717038205,1.0,256.90586474260317
ABMO,4,20,33,1056.313842690878,1046.2883343154738,1.0,256.3138426908779
ABMO,4,20,34,1055.281990752504,1046.284651939984,1.0,255.28199075250404
ABMO,4,20,35,1054.900597178449,1046.2510796811384,1.0,254.90059717844906
ABMO,4,20,36,1052.8720555167088,1046.2510764728409,1.0,252.87205551670877
ABMO,4,20,37,1052.498329979763,1046.2510110132205,1.0,252.49832997976296
ABMO,4,20,38,1051.3520747918576,1038.6970684999967,1.0,251.3520747918576
ABMO,4,20,39,1050.9923501498429,1038.25000802168,1.0,250.99235014984288
ABMO,4,20,40,1050.4709670230966,1038.2500043359364,1.0,250.4709670230966
ABMO,4,20,41,1050.32126829004,1038.2500043359364,1.0,250.32126829004005
ABMO,4,20,42,1050.256864690264,1038.2500043359364,1.0,250.2568646902639
ABMO,4,20,43,1050.1230863715978,1038.2500043359364,1.0,250.12308637159776
ABMO,4,20,44,1049.8719807953833,1038.2500043359364,1.0,249.87198079538325
ABMO,4,20,45,1049.8525668558136,1038.2500043359364,1.0,249.85256685581362
ABMO,4,20,46,1049.77901486181,1038.2500043359364,1.0,249.77901486181008
ABMO,4,20,47,1049.7364075980895,1038.2500043359364,1.0,249.7364075980895
ABMO,4,20,48,1049.704063379159,1038.2500043359364,1.0,249.70406337915892
ABMO,4,20,49,1049.695811830682,1038.250003203319,1.0,249.69581183068203
ABMO,4,20,50,1049.6660932179896,1038.250003203319,1.0,249.66609321798956
ABMO,4,20,51,1049.6436449031348,1038.250003203319,1.0,249.64364490313483
ABMO,4,20,52,1049.6394574340002,1038.250003203319,1.0,249.63945743400018
ABMO,4,20,53,1048.618508245804,1038.250003203319,1.0,248.61850824580392
ABMO,4,20,54,1048.6059747492527,1038.2500031613476,1.0,248.6059747492527
ABMO,4,20,55,1048.6034386933752,1038.2500031613476,1.0,248.6034386933752
ABMO,4,20,56,1048.5954769713326,1038.250002460166,1.0,248.59547697133257
ABMO,4,20,57,1048.555020808238,1038.250002460166,1.0,248.55502080823794
ABMO,4,20,58,1048.5233858518936,1038.2500021630406,1.0,248.52338585189364
ABMO,4,20,59,1048.494277013841,1038.2500021630406,1.0,248.49427701384093
ABMO,4,20,60,1048.494140416792,1038.2500021630406,1.0,248.4941404167921
ABMO,4,20,61,1048.4935174476736,1038.2500021630406,1.0,248.49351744767364
ABMO,4,20,62,1048.4879284013757,1038.2500021630406,1.0,248.4879284013757
ABMO,4,20,63,1048.4495777736336,1038.2500021630406,1.0,248.44957777363356
ABMO,4,20,64,1048.3788942204274,1038.2500021630406,1.0,248.37889422042736
ABMO,4,20,65,1048.375355661624,1038.2500021630406,1.0,248.3753556616241
ABMO,4,20,66,1048.3752414543071,1038.2500021630406,1.0,248.37524145430712
ABMO,4,20,67,1048.3730925484351,1038.2500021630406,1.0,248.37309254843512
ABMO,4,20,68,1048.3489600932703,1038.2500021630406,1.0,248.3489600932703
ABMO,4,20,69,1048.348912647141,1038.2500021630406,1.0,248.3489126471411
ABMO,4,20,70,1048.3446902149908,1038.2500021630406,1.0,248.3446902149908
ABMO,4,20,71,1048.3435986173763,1038.2500021630406,1.0,248.3435986173763
ABMO,4,20,72,1048.343595596209,1038.2500021214569,1.0,248.34359559620907
ABMO,4,20,73,1048.3290543141693,1038.2500021214569,1.0,248.3290543141693
ABMO,4,20,74,1048.32841859085,1038.2500021214569,1.0,248.3284185908501
ABMO,4,20,75,1048.3284168179698,1038.2500021214569,1.0,248.3284168179698
ABMO,4,20,76,1048.3283782952049,1038.2500021214569,1.0,248.32837829520486
ABMO,4,20,77,1048.3252957645784,1038.2500021214569,1.0,248.3252957645784
ABMO,4,20,78,1048.3252811798568,1038.2500021214569,1.0,248.3252811798568
ABMO,4,20,79,1048.2780693740756,1038.250001809546,1.0,248.27806937407559
ABMO,4,20,80,1048.27741238673,1038.250001809546,1.0,248.27741238673002
ABMO,4,20,81,1048.2774089741913,1038.250001809546,1.0,248.2774089741913
ABMO,4,20,82,1048.271408797473,1038.2500018057085,1.0,248.271408797473
ABMO,4,20,83,1048.2577882878131,1038.2500018057085,1.0,248.25778828781313
ABMO,4,20,84,1048.2569106817273,1038.2500018057085,1.0,248.25691068172728
ABMO,4,20,85,1048.2343905001655,1038.2500018057085,1.0,248.23439050016555
ABMO,4,20,86,1048.2340607729154,1038.2500018057085,1.0,248.23406077291543
ABMO,4,20,87,1048.234035727053,1038.2500018057085,1.0,248.23403572705297
ABMO,4,20,88,1048.2340191358005,1038.2500018057085,1.0,248.2340191358005
ABMO,4,20,89,1048.2340017586675,1038.2500018057085,1.0,248.23400175866755
ABMO,4,20,90,1048.2340015282682,1038.2500018057085,1.0,248.2340015282682
ABMO,4,20,91,1048.2339058041528,1038.2500018057085,1.0,248.23390580415276
ABMO,4,20,92,1048.2338940791435,1038.2500009293603,1.0,248.2338940791435
ABMO,4,20,93,1048.2338938140203,1038.2500009293603,1.0,248.23389381402035
ABMO,4,20,94,1048.2336267087892,1038.2500009293603,1.0,248.2336267087892
ABMO,4,20,95,1048.2334735546365,1038.2500009293603,1.0,248.23347355463648
ABMO,4,20,96,1048.233463852264,1038.2500009293603,1.0,248.2334638522641
ABMO,4,20,97,1048.233440421975,1038.2500009293603,1.0,248.23344042197505
ABMO,4,20,98,1048.2334202565733,1038.2500009293603,1.0,248.23342025657325
ABMO,4,20,99,1048.2333808806711,1038.2500009293603,1.0,248.23338088067112
ABMO,4,20,100,1048.2333790449086,1038.2500008588083,1.0,248.2333790449086
ABMO,4,20,101,1048.233372516438,1038.2500008536986,1.0,248.23337251643807
ABMO,4,20,102,1048.2333719189917,1038.2500008536986,1.0,248.23337191899168
ABMO,4,20,103,1048.233371098838,1038.2500008536986,1.0,248.233371098838
ABMO,4,20,104,1048.2333626498855,1038.2500008536986,1.0,248.23336264988552
ABMO,4,20,105,1048.2333581707546,1038.2500008536986,1.0,248.23335817075463
ABMO,4,20,106,1048.233357425613,1038.2500008536986,1.0,248.2333574256129
ABMO,4,20,107,1048.233350531597,1038.2500008536986,1.0,248.2333505315969
ABMO,4,20,108,1048.2333476319243,1038.2500008536986,1.0,248.2333476319243
ABMO,4,20,109,1048.2333474011368,1038.2500008536986,1.0,248.23334740113683
ABMO,4,20,110,1048.2333410164547,1038.2500008536972,1.0,248.2333410164547
ABMO,4,20,111,1048.233340841157,1038.2500008536972,1.0,248.2333408411571
ABMO,4,20,112,1048.2333400579007,1038.2500008126635,1.0,248.2333400579007
ABMO,4,20,113,1048.233340054576,1038.2500008126635,1.0,248.23334005457605
ABMO,4,20,114,1048.2333398619176,1038.2500008126635,1.0,248.23333986191756
ABMO,4,20,115,1048.2333395981875,1038.2500008126635,1.0,248.2333395981875
ABMO,4,20,116,1048.2333392285243,1038.2500005495408,1.0,248.2333392285243
ABMO,4,20,117,1048.2333391882587,1038.2500005495408,1.0,248.2333391882587
ABMO,4,20,118,1048.233337873193,1038.2500005495408,1.0,248.23333787319302
ABMO,4,20,119,1048.2333378607325,1038.2500005495408,1.0,248.2333378607325
ABMO,4,20,120,1048.233337848091,1038.2500003697182,1.0,248.23333784809097
ABMO,4,20,121,1048.233337545106,1038.2500003697182,1.0,248.233337545106
ABMO,4,20,122,1048.2333375374244,1038.2500003697182,1.0,248.2333375374244
ABMO,4,20,123,1048.2333371313075,1038.2500003697182,1.0,248.2333371313075
ABMO,4,20,124,1048.2333351003765,1038.2500003697144,1.0,248.2333351003765
ABMO,4,20,125,1048.2333347917656,1038.2500003697144,1.0,248.23333479176563
ABMO,4,20,126,1048.2333347737222,1038.250000257431,1.0,248.23333477372216
ABMO,4,20,127,1048.233334619437,1038.2500000720631,1.0,248.23333461943707
ABMO,4,20,128,1048.2333345759855,1038.2500000720631,1.0,248.2333345759855
ABMO,4,20,129,1048.233333942526,1038.2500000720631,1.0,248.2333339425261
ABMO,4,20,130,1048.2333339350243,1038.250000063752,1.0,248.23333393502435
ABMO,4,20,131,1048.2333339171605,1038.2500000458415,1.0,248.2333339171605
ABMO,4,20,132,1048.2333337183693,1038.2500000458415,1.0,248.2333337183693
ABMO,4,20,133,1048.2333337119426,1038.2500000458415,1.0,248.23333371194258
ABMO,4,20,134,1048.2333337087243,1038.2500000458415,1.0,248.23333370872433
ABMO,4,20,135,1048.233333698022,1038.250000043343,1.0,248.23333369802208
ABMO,4,20,136,1048.2333335955254,1038.250000043343,1.0,248.23333359552544
ABMO,4,20,137,1048.23333344796,1038.250000043343,1.0,248.23333344795992
ABMO,4,20,138,1048.2333334330192,1038.250000043343,1.0,248.2333334330192
ABMO,4,20,139,1048.2333334308485,1038.2500000294626,1.0,248.23333343084846
ABMO,4,20,140,1048.2333334304385,1038.2500000257537,1.0,248.2333334304385
ABMO,4,20,141,1048.2333334276425,1038.2500000257537,1.0,248.2333334276425
ABMO,4,20,142,1048.2333334169105,1038.2500000257537,1.0,248.23333341691045
ABMO,4,20,143,1048.233333378751,1038.2500000257537,1.0,248.233333378751
ABMO,4,20,144,1048.2333333660886,1038.2500000139548,1.0,248.23333336608857
ABMO,4,20,145,1048.2333333649349,1038.2500000139548,1.0,248.23333336493488
ABMO,4,20,146,1048.2333333633794,1038.2500000139548,1.0,248.23333336337942
ABMO,4,20,147,1048.2333333600186,1038.2500000139548,1.0,248.2333333600186
ABMO,4,20,148,1048.233333359736,1038.2500000129853,1.0,248.23333335973598
ABMO,4,20,149,1048.2333333512045,1038.250000012339,1.0,248.23333335120446
ABMO,4,20,150,1048.2333333508582,1038.2500000123348,1.0,248.23333335085817
ABMO,4,20,151,1048.2333333507029,1038.2500000123348,1.0,248.23333335070288
ABMO,4,20,152,1048.2333333494378,1038.2500000019509,1.0,248.23333334943777
ABMO,4,20,153,1048.2333333445276,1038.2500000019509,1.0,248.23333334452764
ABMO,4,20,154,1048.2333333440208,1038.2500000019509,1.0,248.23333334402082
ABMO,4,20,155,1048.2333333434578,1038.2500000019509,1.0,248.23333334345784
ABMO,4,20,156,1048.2333333428446,1038.2500000007717,1.0,248.23333334284462
ABMO,4,20,157,1048.233333340065,1038.2500000007717,1.0,248.23333334006497
ABMO,4,20,158,1048.233333339527,1038.2500000006853,1.0,248.233333339527
ABMO,4,20,159,1048.2333333391307,1038.2500000006853,1.0,248.2333333391307
ABMO,4,20,160,1048.2333333390814,1038.2500000006544,1.0,248.23333333908136
ABMO,4,20,161,1048.2333333371605,1038.2500000005775,1.0,248.2333333371605
ABMO,4,20,162,1048.2333333371337,1038.2500000002046,1.0,248.23333333713367
ABMO,4,20,163,1048.233333337099,1038.2500000002046,1.0,248.2333333370991
ABMO,4,20,164,1048.2333333370627,1038.2500000000816,1.0,248.23333333706273
ABMO,4,20,165,1048.2333333363624,1038.2500000000728,1.0,248.23333333636242
ABMO,4,20,166,1048.2333333363415,1038.2500000000728,1.0,248.2333333363415
ABMO,4,20,167,1048.233333336328,1038.250000000031,1.0,248.2333333363281
ABMO,4,20,168,1048.2333333363265,1038.250000000031,1.0,248.2333333363265
ABMO,4,20,169,1048.2333333351314,1038.250000000031,1.0,248.23333333513142
ABMO,4,20,170,1048.233333334774,1038.250000000031,1.0,248.233333334774
ABMO,4,20,171,1048.233333333951,1038.2500000000211,1.0,248.2333333339509
ABMO,4,20,172,1048.23333333395,1038.2500000000211,1.0,248.23333333395
ABMO,4,20,173,1048.2333333339438,1038.2500000000168,1.0,248.23333333394385
ABMO,4,20,174,1048.2333333339416,1038.2500000000168,1.0,248.23333333394157
ABMO,4,20,175,1048.233333333931,1038.2500000000157,1.0,248.2333333339309
ABMO,4,20,176,1048.2333333339272,1038.2500000000082,1.0,248.23333333392725
ABMO,4,20,177,1048.2333333339243,1038.2500000000082,1.0,248.2333333339243
ABMO,4,20,178,1048.2333333339225,1038.250000000005,1.0,248.23333333392247
ABMO,4,20,179,1048.2333333339209,1038.250000000005,1.0,248.23333333392088
ABMO,4,20,180,1048.23333333392,1038.250000000005,1.0,248.23333333391997
ABMO,4,20,181,1048.233333333768,1038.2500000000016,1.0,248.2333333337681
ABMO,4,20,182,1048.2333333337597,1038.2500000000014,1.0,248.23333333375967
ABMO,4,20,183,1048.2333333337467,1038.25,1.0,248.2333333337467
ABMO,4,20,184,1048.233333333565,1038.25,1.0,248.23333333356504
ABMO,4,20,185,1048.2333333335566,1038.25,1.0,248.23333333355663
ABMO,4,20,186,1048.2333333334798,1038.25,1.0,248.23333333347978
ABMO,4,20,187,1048.2333333334784,1038.25,1.0,248.2333333334784
ABMO,4,20,188,1048.2333333334657,1038.25,1.0,248.23333333346568
ABMO,4,20,189,1048.2333333334657,1038.25,1.0,248.23333333346568
ABMO,4,20,190,1048.2333333333747,1038.25,1.0,248.23333333337473
ABMO,4,20,191,1048.2333333333745,1038.25,1.0,248.2333333333745
ABMO,4,20,192,1048.2333333333672,1038.25,1.0,248.23333333336723
ABMO,4,20,193,1048.2333333333672,1038.25,1.0,248.23333333336723
ABMO,4,20,194,1048.2333333333534,1038.25,1.0,248.23333333335336
ABMO,4,20,195,1048.233333333347,1038.25,1.0,248.233333333347
ABMO,4,20,196,1048.2333333333468,1038.25,1.0,248.23333333334676
ABMO,4,20,197,1048.2333333333434,1038.25,1.0,248.23333333334335
ABMO,4,20,198,1048.2333333333424,1038.25,1.0,248.23333333334244
ABMO,4,20,199,1048.2333333333413,1038.25,1.0,248.2333333333413
ABMO,4,20,200,1048.2333333333402,1038.25,1.0,248.23333333334017
ABMO,4,20,201,1048.2333333333388,1038.25,1.0,248.2333333333388
ABMO,4,20,202,1048.2333333333386,1038.25,1.0,248.23333333333858
ABMO,4,20,203,1048.233333333337,1038.25,1.0,248.233333333337
ABMO,4,20,204,1048.2333333333363,1038.25,1.0,248.2333333333363
ABMO,4,20,205,1048.2333333333358,1038.25,1.0,248.23333333333585
ABMO,4,20,206,1048.2333333333358,1038.25,1.0,248.23333333333585
ABMO,4,20,207,1048.2333333333356,1038.25,1.0,248.23333333333562
ABMO,4,20,208,1048.233333333335,1038.25,1.0,248.23333333333494
ABMO,4,20,209,1048.233333333335,1038.25,1.0,248.23333333333494
ABMO,4,20,210,1048.2333333333345,1038.25,1.0,248.23333333333449
ABMO,4,20,211,1048.2333333333345,1038.25,1.0,248.23333333333449
ABMO,4,20,212,1048.2333333333345,1038.25,1.0,248.23333333333449
ABMO,4,20,213,1048.2333333333345,1038.25,1.0,248.23333333333449
ABMO,4,20,214,1048.2333333333338,1038.25,1.0,248.2333333333338
ABMO,4,20,215,1048.2333333333338,1038.25,1.0,248.2333333333338
ABMO,4,20,216,1048.2333333333338,1038.25,1.0,248.2333333333338
ABMO,4,20,217,1048.2333333333338,1038.25,1.0,248.2333333333338
ABMO,4,20,218,1048.2333333333336,1038.25,1.0,248.23333333333358
ABMO,4,20,219,1048.2333333333336,1038.25,1.0,248.23333333333358
ABMO,4,20,220,1048.2333333333336,1038.25,1.0,248.23333333333358
ABMO,4,20,221,1048.2333333333336,1038.25,1.0,248.23333333333358
ABMO,4,20,222,1048.2333333333336,1038.25,1.0,248.23333333333358
ABMO,4,20,223,1048.2333333333336,1038.25,1.0,248.23333333333358
ABMO,4,20,224,1048.2333333333336,1038.25,1.0,248.23333333333358
ABMO,4,20,225,1048.2333333333336,1038.25,1.0,248.23333333333358
ABMO,4,20,226,1048.2333333333331,1038.25,1.0,248.23333333333312
ABMO,4,20,227,1048.2333333333331,1038.25,1.0,248.23333333333312
ABMO,4,20,228,1048.2333333333331,1038.25,1.0,248.23333333333312
ABMO,4,20,229,1048.2333333333331,1038.25,1.0,248.23333333333312
ABMO,4,20,230,1048.2333333333331,1038.25,1.0,248.23333333333312
ABMO,4,20,231,1048.2333333333331,1038.25,1.0,248.23333333333312
ABMO,4,20,232,1048.2333333333331,1038.25,1.0,248.23333333333312
ABMO,4,20,233,1048.2333333333331,1038.25,1.0,248.23333333333312
ABMO,4,20,234,1048.2333333333331,1038.25,1.0,248.23333333333312
ABMO,4,20,235,1048.2333333333331,1038.25,1.0,248.23333333333312
ABMO,4,20,236,1048.2333333333331,1038.25,1.0,248.23333333333312
ABMO,4,20,237,1048.2333333333331,1038.25,1.0,248.23333333333312
ABMO,4,20,238,1048.2333333333331,1038.25,1.0,248.23333333333312
ABMO,4,20,239,1048.2333333333331,1038.25,1.0,248.23333333333312
ABMO,4,20,240,1048.2333333333331,1038.25,1.0,248.23333333333312
ABMO,4,20,241,1048.2333333333331,1038.25,1.0,248.23333333333312
ABMO,4,20,242,1048.2333333333331,1038.25,1.0,248.23333333333312
ABMO,4,20,243,1048.2333333333331,1038.25,1.0,248.23333333333312
ABMO,4,20,244,1048.2333333333331,1038.25,1.0,248.23333333333312
ABMO,4,20,245,1048.2333333333331,1038.25,1.0,248.23333333333312
ABMO,4,20,246,1048.2333333333331,1038.25,1.0,248.23333333333312
ABMO,4,20,247,1048.2333333333331,1038.25,1.0,248.23333333333312
ABMO,4,20,248,1048.2333333333331,1038.25,1.0,248.23333333333312
ABMO,4,20,249,1048.2333333333331,1038.25,1.0,248.23333333333312
ABMO,4,20,250,1048.2333333333331,1038.25,1.0,248.23333333333312
ABMO,4,20,251,1048.2333333333331,1038.25,1.0,248.23333333333312
ABMO,4,20,252,1048.2333333333331,1038.25,1.0,248.23333333333312
ABMO,4,20,253,1048.2333333333331,1038.25,1.0,248.23333333333312
ABMO,4,20,254,1048.2333333333331,1038.25,1.0,248.23333333333312
ABMO,4,20,255,1048.2333333333331,1038.25,1.0,248.23333333333312
ABMO,4,20,256,1048.2333333333331,1038.25,1.0,248.23333333333312
ABMO,4,20,257,1048.2333333333331,1038.25,1.0,248.23333333333312
ABMO,4,20,258,1048.2333333333331,1038.25,1.0,248.23333333333312
ABMO,4,20,259,1048.2333333333331,1038.25,1.0,248.23333333333312
ABMO,4,20,260,1048.2333333333331,1038.25,1.0,248.23333333333312
ABMO,4,20,261,1048.2333333333331,1038.25,1.0,248.23333333333312
ABMO,4,20,262,1048.2333333333331,1038.25,1.0,248.23333333333312
ABMO,4,20,263,1048.2333333333331,1038.25,1.0,248.23333333333312
ABMO,4,20,264,1048.2333333333331,1038.25,1.0,248.23333333333312
ABMO,4,20,265,1048.2333333333331,1038.25,1.0,248.23333333333312
ABMO,4,20,266,1048.2333333333331,1038.25,1.0,248.23333333333312
ABMO,4,20,267,1048.2333333333331,1038.25,1.0,248.23333333333312
ABMO,4,20,268,1048.2333333333331,1038.25,1.0,248.23333333333312
ABMO,4,20,269,1048.2333333333331,1038.25,1.0,248.23333333333312
ABMO,4,20,270,1048.2333333333331,1038.25,1.0,248.23333333333312
ABMO,4,20,271,1048.2333333333331,1038.25,1.0,248.23333333333312
ABMO,4,20,272,1048.2333333333331,1038.25,1.0,248.23333333333312
ABMO,4,20,273,1048.2333333333331,1038.25,1.0,248.23333333333312
ABMO,4,20,274,1048.2333333333331,1038.25,1.0,248.23333333333312
ABMO,4,20,275,1048.2333333333331,1038.25,1.0,248.23333333333312
ABMO,4,20,276,1048.2333333333331,1038.25,1.0,248.23333333333312
ABMO,4,20,277,1048.2333333333331,1038.25,1.0,248.23333333333312
ABMO,4,20,278,1048.2333333333331,1038.25,1.0,248.23333333333312
ABMO,4,20,279,1048.2333333333331,1038.25,1.0,248.23333333333312
ABMO,4,20,280,1048.2333333333331,1038.25,1.0,248.23333333333312
ABMO,4,20,281,1048.2333333333331,1038.25,1.0,248.23333333333312
ABMO,4,20,282,1048.2333333333331,1038.25,1.0,248.23333333333312
ABMO,4,20,283,1048.2333333333331,1038.25,1.0,248.23333333333312
ABMO,4,20,284,1048.2333333333331,1038.25,1.0,248.23333333333312
ABMO,4,20,285,1048.2333333333331,1038.25,1.0,248.23333333333312
ABMO,4,20,286,1048.2333333333331,1038.25,1.0,248.23333333333312
ABMO,4,20,287,1048.2333333333331,1038.25,1.0,248.23333333333312
ABMO,4,20,288,1048.2333333333331,1038.25,1.0,248.23333333333312
ABMO,4,20,289,1048.2333333333331,1038.25,1.0,248.23333333333312
ABMO,4,20,290,1048.2333333333331,1038.25,1.0,248.23333333333312
ABMO,4,20,291,1048.2333333333331,1038.25,1.0,248.23333333333312
ABMO,4,20,292,1048.2333333333331,1038.25,1.0,248.23333333333312
ABMO,4,20,293,1048.2333333333331,1038.25,1.0,248.23333333333312
ABMO,4,20,294,1048.2333333333331,1038.25,1.0,248.23333333333312
ABMO,4,20,295,1048.2333333333331,1038.25,1.0,248.23333333333312
ABMO,4,20,296,1048.2333333333331,1038.25,1.0,248.23333333333312
ABMO,4,20,297,1048.2333333333331,1038.25,1.0,248.23333333333312
ABMO,4,20,298,1048.2333333333331,1038.25,1.0,248.23333333333312
ABMO,4,20,299,1048.2333333333331,1038.25,1.0,248.23333333333312
ABMO,4,20,300,1048.2333333333331,1038.25,1.0,248.23333333333312
ABMO,4,20,301,1048.2333333333331,1038.25,1.0,248.23333333333312
ABMO,4,20,302,1048.2333333333331,1038.25,1.0,248.23333333333312
ABMO,4,20,303,1048.2333333333331,1038.25,1.0,248.23333333333312
ABMO,4,20,304,1048.2333333333331,1038.25,1.0,248.23333333333312
ABMO,4,20,305,1048.2333333333331,1038.25,1.0,248.23333333333312
ABMO,4,20,306,1048.2333333333331,1038.25,1.0,248.23333333333312
ABMO,4,20,307,1048.2333333333331,1038.25,1.0,248.23333333333312
ABMO,4,20,308,1048.2333333333331,1038.25,1.0,248.23333333333312
ABMO,4,20,309,1048.2333333333331,1038.25,1.0,248.23333333333312
ABMO,4,20,310,1048.2333333333331,1038.25,1.0,248.23333333333312
ABMO,4,20,311,1048.2333333333331,1038.25,1.0,248.23333333333312
ABMO,4,20,312,1048.2333333333331,1038.25,1.0,248.23333333333312
ABMO,4,20,313,1048.2333333333331,1038.25,1.0,248.23333333333312
ABMO,4,20,314,1048.2333333333331,1038.25,1.0,248.23333333333312
ABMO,4,20,315,1048.2333333333331,1038.25,1.0,248.23333333333312
ABMO,4,20,316,1048.2333333333331,1038.25,1.0,248.23333333333312
ABMO,4,20,317,1048.2333333333331,1038.25,1.0,248.23333333333312
ABMO,4,20,318,1048.2333333333331,1038.25,1.0,248.23333333333312
ABMO,4,20,319,1048.2333333333331,1038.25,1.0,248.23333333333312
ABMO,4,20,320,1048.2333333333331,1038.25,1.0,248.23333333333312
ABMO,4,20,321,1048.2333333333331,1038.25,1.0,248.23333333333312
ABMO,4,20,322,1048.2333333333331,1038.25,1.0,248.23333333333312
ABMO,4,20,323,1048.2333333333331,1038.25,1.0,248.23333333333312
ABMO,4,20,324,1048.2333333333331,1038.25,1.0,248.23333333333312
ABMO,4,20,325,1048.2333333333331,1038.25,1.0,248.23333333333312
ABMO,4,20,326,1048.2333333333331,1038.25,1.0,248.23333333333312
ABMO,4,20,327,1048.2333333333331,1038.25,1.0,248.23333333333312
ABMO,4,20,328,1048.2333333333331,1038.25,1.0,248.23333333333312
ABMO,4,20,329,1048.2333333333331,1038.25,1.0,248.23333333333312
ABMO,4,20,330,1048.2333333333331,1038.25,1.0,248.23333333333312
ABMO,4,20,331,1048.2333333333331,1038.25,1.0,248.23333333333312
ABMO,4,20,332,1048.2333333333331,1038.25,1.0,248.23333333333312
ABMO,4,20,333,1048.2333333333331,1038.25,1.0,248.23333333333312
ABMO,4,20,334,1048.2333333333331,1038.25,1.0,248.23333333333312
ABMO,4,20,335,1048.2333333333331,1038.25,1.0,248.23333333333312
ABMO,4,20,336,1048.2333333333331,1038.25,1.0,248.23333333333312
ABMO,4,20,337,1048.2333333333331,1038.25,1.0,248.23333333333312
ABMO,4,20,338,1048.2333333333331,1038.25,1.0,248.23333333333312
ABMO,4,20,339,1048.2333333333331,1038.25,1.0,248.23333333333312
ABMO,4,20,340,1048.2333333333331,1038.25,1.0,248.23333333333312
ABMO,4,20,341,1048.2333333333331,1038.25,1.0,248.23333333333312
ABMO,4,20,342,1048.2333333333331,1038.25,1.0,248.23333333333312
ABMO,4,20,343,1048.2333333333331,1038.25,1.0,248.23333333333312
ABMO,4,20,344,1048.2333333333331,1038.25,1.0,248.23333333333312
ABMO,4,20,345,1048.2333333333331,1038.25,1.0,248.23333333333312
ABMO,4,20,346,1048.2333333333331,1038.25,1.0,248.23333333333312
ABMO,4,20,347,1048.2333333333331,1038.25,1.0,248.23333333333312
ABMO,4,20,348,1048.2333333333331,1038.25,1.0,248.23333333333312
ABMO,4,20,349,1048.2333333333331,1038.25,1.0,248.23333333333312
ABMO,4,20,350,1048.2333333333331,1038.25,1.0,248.23333333333312
ABMO,4,20,351,1048.2333333333331,1038.25,1.0,248.23333333333312
ABMO,4,20,352,1048.2333333333331,1038.25,1.0,248.23333333333312
ABMO,4,20,353,1048.2333333333331,1038.25,1.0,248.23333333333312
ABMO,4,20,354,1048.2333333333331,1038.25,1.0,248.23333333333312
ABMO,4,20,355,1048.2333333333331,1038.25,1.0,248.23333333333312
ABMO,4,20,356,1048.2333333333331,1038.25,1.0,248.23333333333312
ABMO,4,20,357,1048.2333333333331,1038.25,1.0,248.23333333333312
ABMO,4,20,358,1048.2333333333331,1038.25,1.0,248.23333333333312
ABMO,4,20,359,1048.2333333333331,1038.25,1.0,248.23333333333312
ABMO,4,20,360,1048.2333333333331,1038.25,1.0,248.23333333333312
ABMO,4,20,361,1048.2333333333331,1038.25,1.0,248.23333333333312
ABMO,4,20,362,1048.2333333333331,1038.25,1.0,248.23333333333312
ABMO,4,20,363,1048.2333333333331,1038.25,1.0,248.23333333333312
ABMO,4,20,364,1048.2333333333331,1038.25,1.0,248.23333333333312
ABMO,4,20,365,1048.2333333333331,1038.25,1.0,248.23333333333312
ABMO,4,20,366,1048.2333333333331,1038.25,1.0,248.23333333333312
ABMO,4,20,367,1048.2333333333331,1038.25,1.0,248.23333333333312
ABMO,4,20,368,1048.2333333333331,1038.25,1.0,248.23333333333312
ABMO,4,20,369,1048.2333333333331,1038.25,1.0,248.23333333333312
ABMO,4,20,370,1048.2333333333331,1038.25,1.0,248.23333333333312
ABMO,4,20,371,1048.2333333333331,1038.25,1.0,248.23333333333312
ABMO,4,20,372,1048.2333333333331,1038.25,1.0,248.23333333333312
ABMO,4,20,373,1048.2333333333331,1038.25,1.0,248.23333333333312
ABMO,4,20,374,1048.2333333333331,1038.25,1.0,248.23333333333312
ABMO,4,20,375,1048.2333333333331,1038.25,1.0,248.23333333333312
ABMO,4,20,376,1048.2333333333331,1038.25,1.0,248.23333333333312
ABMO,4,20,377,1048.2333333333331,1038.25,1.0,248.23333333333312
ABMO,4,20,378,1048.2333333333331,1038.25,1.0,248.23333333333312
ABMO,4,20,379,1048.2333333333331,1038.25,1.0,248.23333333333312
ABMO,4,20,380,1048.2333333333331,1038.25,1.0,248.23333333333312
ABMO,4,20,381,1048.2333333333331,1038.25,1.0,248.23333333333312
ABMO,4,20,382,1048.2333333333331,1038.25,1.0,248.23333333333312
ABMO,4,20,383,1048.2333333333331,1038.25,1.0,248.23333333333312
ABMO,4,20,384,1048.2333333333331,1038.25,1.0,248.23333333333312
ABMO,4,20,385,1048.2333333333331,1038.25,1.0,248.23333333333312
ABMO,4,20,386,1048.2333333333331,1038.25,1.0,248.23333333333312
ABMO,4,20,387,1048.2333333333331,1038.25,1.0,248.23333333333312
ABMO,4,20,388,1048.2333333333331,1038.25,1.0,248.23333333333312
ABMO,4,20,389,1048.2333333333331,1038.25,1.0,248.23333333333312
ABMO,4,20,390,1048.2333333333331,1038.25,1.0,248.23333333333312
ABMO,4,20,391,1048.2333333333331,1038.25,1.0,248.23333333333312
ABMO,4,20,392,1048.2333333333331,1038.25,1.0,248.23333333333312
ABMO,4,20,393,1048.2333333333331,1038.25,1.0,248.23333333333312
ABMO,4,20,394,1048.2333333333331,1038.25,1.0,248.23333333333312
ABMO,4,20,395,1048.2333333333331,1038.25,1.0,248.23333333333312
ABMO,4,20,396,1048.2333333333331,1038.25,1.0,248.23333333333312
ABMO,4,20,397,1048.2333333333331,1038.25,1.0,248.23333333333312
ABMO,4,20,398,1048.2333333333331,1038.25,1.0,248.23333333333312
ABMO,4,20,399,1048.2333333333331,1038.25,1.0,248.23333333333312
ABMO,4,20,400,1048.2333333333331,1038.25,1.0,248.23333333333312
ABMO,4,20,401,1048.2333333333331,1038.25,1.0,248.23333333333312
ABMO,4,20,402,1048.2333333333331,1038.25,1.0,248.23333333333312
ABMO,4,20,403,1048.2333333333331,1038.25,1.0,248.23333333333312
ABMO,4,20,404,1048.2333333333331,1038.25,1.0,248.23333333333312
ABMO,4,20,405,1048.2333333333331,1038.25,1.0,248.23333333333312
ABMO,4,20,406,1048.2333333333331,1038.25,1.0,248.23333333333312
ABMO,4,20,407,1048.2333333333331,1038.25,1.0,248.23333333333312
ABMO,4,20,408,1048.2333333333331,1038.25,1.0,248.23333333333312
ABMO,4,20,409,1048.2333333333331,1038.25,1.0,248.23333333333312
ABMO,4,20,410,1048.2333333333331,1038.25,1.0,248.23333333333312
ABMO,4,20,411,1048.2333333333331,1038.25,1.0,248.23333333333312
ABMO,4,20,412,1048.2333333333331,1038.25,1.0,248.23333333333312
ABMO,4,20,413,1048.2333333333331,1038.25,1.0,248.23333333333312
ABMO,4,20,414,1048.2333333333331,1038.25,1.0,248.23333333333312
ABMO,4,20,415,1048.2333333333331,1038.25,1.0,248.23333333333312
ABMO,4,20,416,1048.2333333333331,1038.25,1.0,248.23333333333312
ABMO,4,20,417,1048.2333333333331,1038.25,1.0,248.23333333333312
ABMO,4,20,418,1048.2333333333331,1038.25,1.0,248.23333333333312
ABMO,4,20,419,1048.2333333333331,1038.25,1.0,248.23333333333312
ABMO,4,20,420,1048.2333333333331,1038.25,1.0,248.23333333333312
ABMO,4,20,421,1048.2333333333331,1038.25,1.0,248.23333333333312
ABMO,4,20,422,1048.2333333333331,1038.25,1.0,248.23333333333312
ABMO,4,20,423,1048.2333333333331,1038.25,1.0,248.23333333333312
ABMO,4,20,424,1048.2333333333331,1038.25,1.0,248.23333333333312
ABMO,4,20,425,1048.2333333333331,1038.25,1.0,248.23333333333312
ABMO,4,20,426,1048.2333333333331,1038.25,1.0,248.23333333333312
ABMO,4,20,427,1048.2333333333331,1038.25,1.0,248.23333333333312
ABMO,4,20,428,1048.2333333333331,1038.25,1.0,248.23333333333312
ABMO,4,20,429,1048.2333333333331,1038.25,1.0,248.23333333333312
ABMO,4,20,430,1048.2333333333331,1038.25,1.0,248.23333333333312
ABMO,4,20,431,1048.2333333333331,1038.25,1.0,248.23333333333312
ABMO,4,20,432,1048.2333333333331,1038.25,1.0,248.23333333333312
ABMO,4,20,433,1048.2333333333331,1038.25,1.0,248.23333333333312
ABMO,4,20,434,1048.2333333333331,1038.25,1.0,248.23333333333312
ABMO,4,20,435,1048.2333333333331,1038.25,1.0,248.23333333333312
ABMO,4,20,436,1048.2333333333331,1038.25,1.0,248.23333333333312
ABMO,4,20,437,1048.2333333333331,1038.25,1.0,248.23333333333312
ABMO,4,20,438,1048.2333333333331,1038.25,1.0,248.23333333333312
ABMO,4,20,439,1048.2333333333331,1038.25,1.0,248.23333333333312
ABMO,4,20,440,1048.2333333333331,1038.25,1.0,248.23333333333312
ABMO,4,20,441,1048.2333333333331,1038.25,1.0,248.23333333333312
ABMO,4,20,442,1048.2333333333331,1038.25,1.0,248.23333333333312
ABMO,4,20,443,1048.2333333333331,1038.25,1.0,248.23333333333312
ABMO,4,20,444,1048.2333333333331,1038.25,1.0,248.23333333333312
ABMO,4,20,445,1048.2333333333331,1038.25,1.0,248.23333333333312
ABMO,4,20,446,1048.2333333333331,1038.25,1.0,248.23333333333312
ABMO,4,20,447,1048.2333333333331,1038.25,1.0,248.23333333333312
ABMO,4,20,448,1048.2333333333331,1038.25,1.0,248.23333333333312
ABMO,4,20,449,1048.2333333333331,1038.25,1.0,248.23333333333312
ABMO,4,20,450,1048.2333333333331,1038.25,1.0,248.23333333333312
ABMO,4,20,451,1048.2333333333331,1038.25,1.0,248.23333333333312
ABMO,4,20,452,1048.2333333333331,1038.25,1.0,248.23333333333312
ABMO,4,20,453,1048.2333333333331,1038.25,1.0,248.23333333333312
ABMO,4,20,454,1048.2333333333331,1038.25,1.0,248.23333333333312
ABMO,4,20,455,1048.2333333333331,1038.25,1.0,248.23333333333312
ABMO,4,20,456,1048.2333333333331,1038.25,1.0,248.23333333333312
ABMO,4,20,457,1048.2333333333331,1038.25,1.0,248.23333333333312
ABMO,4,20,458,1048.2333333333331,1038.25,1.0,248.23333333333312
ABMO,4,20,459,1048.2333333333331,1038.25,1.0,248.23333333333312
ABMO,4,20,460,1048.2333333333331,1038.25,1.0,248.23333333333312
ABMO,4,20,461,1048.2333333333331,1038.25,1.0,248.23333333333312
ABMO,4,20,462,1048.2333333333331,1038.25,1.0,248.23333333333312
ABMO,4,20,463,1048.2333333333331,1038.25,1.0,248.23333333333312
ABMO,4,20,464,1048.2333333333331,1038.25,1.0,248.23333333333312
ABMO,4,20,465,1048.2333333333331,1038.25,1.0,248.23333333333312
ABMO,4,20,466,1048.2333333333331,1038.25,1.0,248.23333333333312
ABMO,4,20,467,1048.2333333333331,1038.25,1.0,248.23333333333312
ABMO,4,20,468,1048.2333333333331,1038.25,1.0,248.23333333333312
ABMO,4,20,469,1048.2333333333331,1038.25,1.0,248.23333333333312
ABMO,4,20,470,1048.2333333333331,1038.25,1.0,248.23333333333312
ABMO,4,20,471,1048.2333333333331,1038.25,1.0,248.23333333333312
ABMO,4,20,472,1048.2333333333331,1038.25,1.0,248.23333333333312
ABMO,4,20,473,1048.2333333333331,1038.25,1.0,248.23333333333312
ABMO,4,20,474,1048.2333333333331,1038.25,1.0,248.23333333333312
ABMO,4,20,475,1048.2333333333331,1038.25,1.0,248.23333333333312
ABMO,4,20,476,1048.2333333333331,1038.25,1.0,248.23333333333312
ABMO,4,20,477,1048.2333333333331,1038.25,1.0,248.23333333333312
ABMO,4,20,478,1048.2333333333331,1038.25,1.0,248.23333333333312
ABMO,4,20,479,1048.2333333333331,1038.25,1.0,248.23333333333312
ABMO,4,20,480,1048.2333333333331,1038.25,1.0,248.23333333333312
ABMO,4,20,481,1048.2333333333331,1038.25,1.0,248.23333333333312
ABMO,4,20,482,1048.2333333333331,1038.25,1.0,248.23333333333312
ABMO,4,20,483,1048.2333333333331,1038.25,1.0,248.23333333333312
ABMO,4,20,484,1048.2333333333331,1038.25,1.0,248.23333333333312
ABMO,4,20,485,1048.2333333333331,1038.25,1.0,248.23333333333312
ABMO,4,20,486,1048.2333333333331,1038.25,1.0,248.23333333333312
ABMO,4,20,487,1048.2333333333331,1038.25,1.0,248.23333333333312
ABMO,4,20,488,1048.2333333333331,1038.25,1.0,248.23333333333312
ABMO,4,20,489,1048.2333333333331,1038.25,1.0,248.23333333333312
ABMO,4,20,490,1048.2333333333331,1038.25,1.0,248.23333333333312
ABMO,4,20,491,1048.2333333333331,1038.25,1.0,248.23333333333312
ABMO,4,20,492,1048.2333333333331,1038.25,1.0,248.23333333333312
ABMO,4,20,493,1048.2333333333331,1038.25,1.0,248.23333333333312
ABMO,4,20,494,1048.2333333333331,1038.25,1.0,248.23333333333312
ABMO,4,20,495,1048.2333333333331,1038.25,1.0,248.23333333333312
ABMO,4,20,496,1048.2333333333331,1038.25,1.0,248.23333333333312
ABMO,4,20,497,1048.2333333333331,1038.25,1.0,248.23333333333312
ABMO,4,20,498,1048.2333333333331,1038.25,1.0,248.23333333333312
ABMO,4,20,499,1048.2333333333331,1038.25,1.0,248.23333333333312
ABMO,4,20,500,1048.2333333333331,1038.25,1.0,248.23333333333312
ABMO,6,10,1,490086180.8334821,263148162.50276905,1.0,490084380.8334821
ABMO,6,10,2,96956275.09882148,77346151.45291859,1.0,96954475.09882148
ABMO,6,10,3,23313964.65554169,17247446.651493516,1.0,23312164.65554169
ABMO,6,10,4,7550742.3452914255,5919325.552906933,1.0,7548942.3452914255
ABMO,6,10,5,2474084.86362114,2062500.9624855416,1.0,2472284.86362114
ABMO,6,10,6,1060992.8044206572,586008.1644119959,1.0,1059192.8044206572
ABMO,6,10,7,436532.0855227898,213715.79473063245,1.0,434732.0855227898
ABMO,6,10,8,151150.39169654436,88868.10646500585,1.0,149350.39169654436
ABMO,6,10,9,115883.16645778352,75738.84251578596,1.0,114083.16645778352
ABMO,6,10,10,99940.0486980006,70381.18646736215,1.0,98140.0486980006
ABMO,6,10,11,91949.57926637572,58761.39171692397,1.0,90149.57926637572
ABMO,6,10,12,86140.874117081,56194.789576655705,1.0,84340.874117081
ABMO,6,10,13,83644.08974914522,47700.20781994189,1.0,81844.08974914522
ABMO,6,10,14,79346.0670662197,46647.54765859709,1.0,77546.0670662197
ABMO,6,10,15,72893.57313779337,45646.892465583165,1.0,71093.57313779337
ABMO,6,10,16,59509.82865694763,45373.84271444154,1.0,57709.82865694763
ABMO,6,10,17,59095.57980542805,45343.343170942426,1.0,57295.57980542805
ABMO,6,10,18,57201.28772704749,45060.09822629908,1.0,55401.28772704749
ABMO,6,10,19,56532.69398318747,45060.09822629908,1.0,54732.69398318747
ABMO,6,10,20,55337.98632611999,45047.53212338299,1.0,53537.98632611999
ABMO,6,10,21,55077.78094271129,45047.53212338299,1.0,53277.78094271129
ABMO,6,10,22,53788.23531713437,44664.2304124114,1.0,51988.23531713437
ABMO,6,10,23,53349.74305855955,44663.261332514274,1.0,51549.74305855955
ABMO,6,10,24,53024.00461284232,44626.77313990679,1.0,51224.00461284232
ABMO,6,10,25,52420.15017576483,44615.17356258055,1.0,50620.15017576483
ABMO,6,10,26,52314.65999852549,44613.62862773723,1.0,50514.65999852549
ABMO,6,10,27,51873.23285863512,44604.256314505765,1.0,50073.23285863512
ABMO,6,10,28,51770.48963661522,44510.58742059993,1.0,49970.48963661522
ABMO,6,10,29,50441.56825734251,43037.39565162522,1.0,48641.56825734251
ABMO,6,10,30,49762.56546302456,42955.98532836575,1.0,47962.56546302456
ABMO,6,10,31,49154.507445756906,42404.58108921062,1.0,47354.507445756906
ABMO,6,10,32,48742.40047673769,42394.545067161744,1.0,46942.40047673769
ABMO,6,10,33,48504.07539460565,42394.545067161744,1.0,46704.07539460565
ABMO,6,10,34,48469.74955781275,42394.545067161744,1.0,46669.74955781275
ABMO,6,10,35,48385.9879810622,42394.545067161744,1.0,46585.9879810622
ABMO,6,10,36,48157.190585122415,42394.545067161744,1.0,46357.190585122415
ABMO,6,10,37,48087.66970804257,42343.84151368871,1.0,46287.66970804257
ABMO,6,10,38,47915.40051847767,42343.84151368871,1.0,46115.40051847767
ABMO,6,10,39,47543.37902031765,42323.34842049914,1.0,45743.37902031765
ABMO,6,10,40,47485.81197645432,42282.29493496916,1.0,45685.81197645432
ABMO,6,10,41,47416.39509997184,42282.29493496916,1.0,45616.39509997184
ABMO,6,10,42,47265.79380200741,42282.29493496916,1.0,45465.79380200741
ABMO,6,10,43,46714.48819865518,42244.664270549765,1.0,44914.48819865518
ABMO,6,10,44,46052.09319850752,42242.63979010288,1.0,44252.09319850752
ABMO,6,10,45,45817.14641528116,42242.63979010288,1.0,44017.14641528116
ABMO,6,10,46,45544.61262966324,42242.63979010288,1.0,43744.61262966324
ABMO,6,10,47,45091.08514041584,42203.88570152017,1.0,43291.08514041584
ABMO,6,10,48,45084.89065157805,42203.88570152017,1.0,43284.89065157805
ABMO,6,10,49,44982.01470962943,42203.88570152017,1.0,43182.01470962943
ABMO,6,10,50,44738.95570476267,42203.88570152017,1.0,42938.95570476267
ABMO,6,10,51,44675.77869263828,42203.88570152017,1.0,42875.77869263828
ABMO,6,10,52,44622.05258779852,42203.88570152017,1.0,42822.05258779852
ABMO,6,10,53,44400.54237526967,40474.13737348252,1.0,42600.54237526967
ABMO,6,10,54,44380.76143612668,40474.13737348252,1.0,42580.76143612668
ABMO,6,10,55,44289.24710891944,40474.13737348252,1.0,42489.24710891944
ABMO,6,10,56,44088.14558330034,39912.8472072768,1.0,42288.14558330034
ABMO,6,10,57,44078.01163464053,39912.8472072768,1.0,42278.01163464053
ABMO,6,10,58,44014.68558598431,39912.8472072768,1.0,42214.68558598431
ABMO,6,10,59,43880.71951460171,39912.8472072768,1.0,42080.71951460171
ABMO,6,10,60,43741.63200371937,39588.43066727654,1.0,41941.63200371937
ABMO,6,10,61,43489.31223362475,39481.29367991111,1.0,41689.31223362475
ABMO,6,10,62,43488.29596518657,39481.29367991111,1.0,41688.29596518657
ABMO,6,10,63,43436.66430068739,39481.29367991111,1.0,41636.66430068739
ABMO,6,10,64,43420.48680906518,39481.29367991111,1.0,41620.48680906518
ABMO,6,10,65,43349.35063667795,39481.29367991111,1.0,41549.35063667795
ABMO,6,10,66,43178.07279404722,39481.29367991111,1.0,41378.07279404722
ABMO,6,10,67,43128.14872731679,39471.16455647891,1.0,41328.14872731679
ABMO,6,10,68,43076.5757870334,39471.16455647891,1.0,41276.5757870334
ABMO,6,10,69,42770.919155855845,39471.16455647891,1.0,40970.919155855845
ABMO,6,10,70,42763.38196725013,39471.16455647891,1.0,40963.38196725013
ABMO,6,10,71,42571.13639752134,39471.16455647891,1.0,40771.13639752134
ABMO,6,10,72,42486.27257699762,39470.27668738422,1.0,40686.27257699762
ABMO,6,10,73,42449.99931445567,39467.33791112398,1.0,40649.99931445567
ABMO,6,10,74,42444.22945316264,39467.33791112398,1.0,40644.22945316264
ABMO,6,10,75,42438.99818246236,39467.33791112398,1.0,40638.99818246236
ABMO,6,10,76,42415.06977645711,39467.33791112398,1.0,40615.06977645711
ABMO,6,10,77,42391.23502882715,39467.33791112398,1.0,40591.23502882715
ABMO,6,10,78,42156.266868419065,39467.33791112398,1.0,40356.266868419065
ABMO,6,10,79,41984.59648647482,39462.38578845571,1.0,40184.59648647482
ABMO,6,10,80,41943.57733723644,39462.38578845571,1.0,40143.57733723644
ABMO,6,10,81,41862.23229760344,39462.38578845571,1.0,40062.23229760344
ABMO,6,10,82,41849.61388499548,39462.38578845571,1.0,40049.61388499548
ABMO,6,10,83,41822.79588958515,39462.38578845571,1.0,40022.79588958515
ABMO,6,10,84,41801.8377499429,39462.38578845571,1.0,40001.8377499429
ABMO,6,10,85,41708.36776549058,39462.38578845571,1.0,39908.36776549058
ABMO,6,10,86,41639.41979975008,39461.86481772488,1.0,39839.41979975008
ABMO,6,10,87,41598.63538431179,39461.3848473657,1.0,39798.63538431179
ABMO,6,10,88,41573.34088182228,39459.18763694861,1.0,39773.34088182228
ABMO,6,10,89,41569.9975989451,39459.18763694861,1.0,39769.9975989451
ABMO,6,10,90,41552.47790572743,39459.18763694861,1.0,39752.47790572743
ABMO,6,10,91,41490.351619746536,39459.18763694861,1.0,39690.351619746536
ABMO,6,10,92,41409.523163875216,39458.61320601316,1.0,39609.523163875216
ABMO,6,10,93,41336.05528099345,39457.280551641605,1.0,39536.05528099345
ABMO,6,10,94,41255.53740374107,39456.21449173048,1.0,39455.53740374107
ABMO,6,10,95,41218.77117476529,39456.21449173048,1.0,39418.77117476529
ABMO,6,10,96,41174.57436786234,39456.11215851388,1.0,39374.57436786234
ABMO,6,10,97,41158.27487455266,39456.11215851388,1.0,39358.27487455266
ABMO,6,10,98,41143.051446675294,39456.11215851388,1.0,39343.051446675294
ABMO,6,10,99,41100.89640618455,39432.946439241074,1.0,39300.89640618455
ABMO,6,10,100,41076.82201780492,39427.36688236272,1.0,39276.82201780492
ABMO,6,10,101,40952.918983541145,39427.36688236272,1.0,39152.918983541145
ABMO,6,10,102,40761.31484634132,39427.36688236272,1.0,38961.31484634132
ABMO,6,10,103,40480.432975628384,39427.36688236272,1.0,38680.432975628384
ABMO,6,10,104,40229.92556878322,39426.36055319637,1.0,38429.92556878322
ABMO,6,10,105,39997.2506809454,39426.36055319637,1.0,38197.2506809454
ABMO,6,10,106,39903.80936326735,39423.64135713839,1.0,38103.80936326735
ABMO,6,10,107,39895.71878121127,39415.093972671486,1.0,38095.71878121127
ABMO,6,10,108,39491.70572282251,39415.093972671486,1.0,37691.70572282251
ABMO,6,10,109,39319.4010927851,39412.60041520654,1.0,37519.4010927851
ABMO,6,10,110,39310.827013948896,39405.42128428373,1.0,37510.827013948896
ABMO,6,10,111,39203.75534939063,39405.42128428373,1.0,37403.75534939063
ABMO,6,10,112,39189.40320404284,39397.39583868574,1.0,37389.40320404284
ABMO,6,10,113,38941.926976464,39376.56106802306,1.0,37141.926976464
ABMO,6,10,114,38918.95306936201,39258.06522194355,1.0,37118.95306936201
ABMO,6,10,115,38908.88285221686,39248.33471244149,1.0,37108.88285221686
ABMO,6,10,116,38879.86372955461,39206.4601781712,1.0,37079.86372955461
ABMO,6,10,117,38855.92077718744,39171.39413292905,1.0,37055.92077718744
ABMO,6,10,118,38769.4351093903,39138.91493489038,1.0,36969.4351093903
ABMO,6,10,119,38749.631329007294,39134.42519672764,1.0,36949.631329007294
ABMO,6,10,120,38701.09087785854,39090.89395706482,1.0,36901.09087785854
ABMO,6,10,121,38677.650535476605,39090.89395706482,1.0,36877.650535476605
ABMO,6,10,122,38643.93116083629,39090.89395706482,1.0,36843.93116083629
ABMO,6,10,123,38613.84998560396,39090.89395706482,1.0,36813.84998560396
ABMO,6,10,124,38403.73815393507,39070.57656790236,1.0,36603.73815393507
ABMO,6,10,125,38321.04050762805,39061.59899631051,1.0,36521.04050762805
ABMO,6,10,126,38254.38376174724,39015.16412933545,1.0,36454.38376174724
ABMO,6,10,127,38166.93481991627,39015.16412933545,1.0,36366.93481991627
ABMO,6,10,128,38143.16116495722,39015.16412933545,1.0,36343.16116495722
ABMO,6,10,129,38137.04369762537,39015.16412933545,1.0,36337.04369762537
ABMO,6,10,130,37964.064044153805,39015.16412933545,1.0,36164.064044153805
ABMO,6,10,131,37943.83592951681,38765.67570115243,1.0,36143.83592951681
ABMO,6,10,132,37935.90599915945,38765.67570115243,1.0,36135.90599915945
ABMO,6,10,133,37882.48204639963,38758.92805478547,1.0,36082.48204639963
ABMO,6,10,134,37660.63723676932,38758.92805478547,1.0,35860.63723676932
ABMO,6,10,135,37581.23836062714,38758.92805478547,1.0,35781.23836062714
ABMO,6,10,136,37345.35100071282,38758.92805478547,1.0,35545.35100071282
ABMO,6,10,137,37194.85797375735,38719.969310111,1.0,35394.85797375735
ABMO,6,10,138,37191.93235117782,38719.969310111,1.0,35391.93235117782
ABMO,6,10,139,37072.73210463946,38426.23364618544,1.0,35272.73210463946
ABMO,6,10,140,37010.32861537782,37690.08105211225,1.0,35210.32861537782
ABMO,6,10,141,36955.96206926899,37690.08105211225,1.0,35155.96206926899
ABMO,6,10,142,36884.39622923792,37512.77469785018,1.0,35084.39622923792
ABMO,6,10,143,36832.28295890938,37212.5944812978,1.0,35032.28295890938
ABMO,6,10,144,36749.6693826209,37212.5944812978,1.0,34949.6693826209
ABMO,6,10,145,36728.17323730491,37212.5944812978,1.0,34928.17323730491
ABMO,6,10,146,36707.50816366828,37212.5944812978,1.0,34907.50816366828
ABMO,6,10,147,36681.817995649326,37212.5944812978,1.0,34881.817995649326
ABMO,6,10,148,36593.76872560922,37212.5944812978,1.0,34793.76872560922
ABMO,6,10,149,36524.02372056149,37212.5944812978,1.0,34724.02372056149
ABMO,6,10,150,36428.08308301785,36485.33643037449,1.0,34628.08308301785
ABMO,6,10,151,36383.06274055049,36485.33643037449,1.0,34583.06274055049
ABMO,6,10,152,36332.973686237376,36485.33643037449,1.0,34532.973686237376
ABMO,6,10,153,36147.28544080059,36485.33643037449,1.0,34347.28544080059
ABMO,6,10,154,35905.3646976454,36320.71450400214,1.0,34105.3646976454
ABMO,6,10,155,35884.49947157002,36320.71450400214,1.0,34084.49947157002
ABMO,6,10,156,35838.66806724232,36320.71450400214,1.0,34038.66806724232
ABMO,6,10,157,35734.2506819105,36320.71450400214,1.0,33934.2506819105
ABMO,6,10,158,35663.281914218765,36320.71450400214,1.0,33863.281914218765
ABMO,6,10,159,35574.75312292375,36320.71450400214,1.0,33774.75312292375
ABMO,6,10,160,35496.50194568387,36320.71450400214,1.0,33696.50194568387
ABMO,6,10,161,35155.99992169013,36320.71450400214,1.0,33355.99992169013
ABMO,6,10,162,35105.02504538477,36320.71450400214,1.0,33305.02504538477
ABMO,6,10,163,34929.847372968994,35959.88695885067,1.0,33129.847372968994
ABMO,6,10,164,34786.295734074745,35959.88695885067,1.0,32986.295734074745
ABMO,6,10,165,34778.92549338811,35959.88695885067,1.0,32978.92549338811
ABMO,6,10,166,34732.31224756095,35959.88695885067,1.0,32932.31224756095
ABMO,6,10,167,34702.40236660474,35959.88695885067,1.0,32902.40236660474
ABMO,6,10,168,34623.52846510744,35959.88695885067,1.0,32823.52846510744
ABMO,6,10,169,34587.612595741935,35704.44605695442,1.0,32787.612595741935
ABMO,6,10,170,34459.87244002151,35704.44605695442,1.0,32659.872440021507
ABMO,6,10,171,34446.2597411177,35704.44605695442,1.0,32646.259741117698
ABMO,6,10,172,34445.806407260345,35704.44605695442,1.0,32645.806407260345
ABMO,6,10,173,34438.085376001385,35704.44605695442,1.0,32638.085376001385
ABMO,6,10,174,34363.60177614339,35704.44605695442,1.0,32563.60177614339
ABMO,6,10,175,34334.01614730805,35704.44605695442,1.0,32534.01614730805
ABMO,6,10,176,34295.109302157405,35704.44605695442,1.0,32495.109302157405
ABMO,6,10,177,34219.90617194206,35704.44605695442,1.0,32419.906171942057
ABMO,6,10,178,34159.4504211535,35704.44605695442,1.0,32359.450421153502
ABMO,6,10,179,34041.55417772698,35704.44605695442,1.0,32241.554177726983
ABMO,6,10,180,34032.99585222944,35704.44605695442,1.0,32232.99585222944
ABMO,6,10,181,33941.40645102234,35613.0671941241,1.0,32141.40645102234
ABMO,6,10,182,33741.74107113439,33941.498715937305,1.0,31941.74107113439
ABMO,6,10,183,33723.36142435801,33933.951854996776,1.0,31923.36142435801
ABMO,6,10,184,33708.24966603006,33933.9474677431,1.0,31908.24966603006
ABMO,6,10,185,33688.13015602289,33933.9474677431,1.0,31888.13015602289
ABMO,6,10,186,33658.93551423974,33651.41272486805,1.0,31858.93551423974
ABMO,6,10,187,33651.52288213491,33651.41272486805,1.0,31851.52288213491
ABMO,6,10,188,33633.41905213049,33651.41272486805,1.0,31833.41905213049
ABMO,6,10,189,33603.15692248496,33651.41272486805,1.0,31803.15692248496
ABMO,6,10,190,33580.03566408043,33650.63328330104,1.0,31780.03566408043
ABMO,6,10,191,33572.35773740908,33650.63328330104,1.0,31772.357737409082
ABMO,6,10,192,33558.249422269786,33650.63328330104,1.0,31758.249422269786
ABMO,6,10,193,33506.125314713754,33650.63328330104,1.0,31706.125314713754
ABMO,6,10,194,33450.852997718546,33650.63328330104,1.0,31650.852997718546
ABMO,6,10,195,33408.23900053158,33650.63328330104,1.0,31608.239000531583
ABMO,6,10,196,33312.69578801165,33526.90319267617,1.0,31512.695788011653
ABMO,6,10,197,32983.908932244376,33291.20023717942,1.0,31183.908932244376
ABMO,6,10,198,32966.43058697669,33291.11495897594,1.0,31166.43058697669
ABMO,6,10,199,32758.389861544823,33291.11495897594,1.0,30958.389861544823
ABMO,6,10,200,32705.78400476092,33291.11495897594,1.0,30905.78400476092
ABMO,6,10,201,32673.451848795336,33291.11495897594,1.0,30873.451848795336
ABMO,6,10,202,32549.13479814025,33291.11495897594,1.0,30749.13479814025
ABMO,6,10,203,32455.26171869833,33291.11495897594,1.0,30655.26171869833
ABMO,6,10,204,32420.909133950325,33291.11495897594,1.0,30620.909133950325
ABMO,6,10,205,32397.34291556282,33291.11495897594,1.0,30597.34291556282
ABMO,6,10,206,32391.80416847951,33291.11495897594,1.0,30591.80416847951
ABMO,6,10,207,32352.38777386556,33291.089743174234,1.0,30552.38777386556
ABMO,6,10,208,32144.784367711745,33291.089743174234,1.0,30344.784367711745
ABMO,6,10,209,32094.779169732883,33291.08497033396,1.0,30294.779169732883
ABMO,6,10,210,32093.76263801647,33291.08464849381,1.0,30293.76263801647
ABMO,6,10,211,32084.203006270192,33291.08446252288,1.0,30284.203006270192
ABMO,6,10,212,32020.78466901362,33291.08446252288,1.0,30220.78466901362
ABMO,6,10,213,31898.26005969586,33291.084432927055,1.0,30098.26005969586
ABMO,6,10,214,31871.094491646963,33291.08443008214,1.0,30071.094491646963
ABMO,6,10,215,31870.548195693245,33291.08443008214,1.0,30070.548195693245
ABMO,6,10,216,31729.61840680367,32339.77552057796,1.0,29929.61840680367
ABMO,6,10,217,31601.22879093284,32339.77552057796,1.0,29801.22879093284
ABMO,6,10,218,31600.82650481236,32339.77552057796,1.0,29800.82650481236
ABMO,6,10,219,31499.87746259036,32339.77552057796,1.0,29699.87746259036
ABMO,6,10,220,31397.544384961213,32339.77552057796,1.0,29597.544384961213
ABMO,6,10,221,31397.510170453865,32339.77552057796,1.0,29597.510170453865
ABMO,6,10,222,31395.90534145592,32339.77552057796,1.0,29595.90534145592
ABMO,6,10,223,31346.29788772752,32339.77552057796,1.0,29546.29788772752
ABMO,6,10,224,31292.775676707104,32339.77552057796,1.0,29492.775676707104
ABMO,6,10,225,31258.35537339088,32127.292586193988,1.0,29458.35537339088
ABMO,6,10,226,31250.652873162708,32127.292586193988,1.0,29450.652873162708
ABMO,6,10,227,31224.495046901066,32127.292586193988,1.0,29424.495046901066
ABMO,6,10,228,31208.503726474744,32127.292586193988,1.0,29408.503726474744
ABMO,6,10,229,31203.327575392188,32127.292586193988,1.0,29403.327575392188
ABMO,6,10,230,31158.689465315503,32127.292586193988,1.0,29358.689465315503
ABMO,6,10,231,30702.85613302765,31129.80889256513,1.0,28902.85613302765
ABMO,6,10,232,30702.83035550703,31129.80889256513,1.0,28902.83035550703
ABMO,6,10,233,30698.85147954407,31129.80889256513,1.0,28898.85147954407
ABMO,6,10,234,30697.726057359792,31129.80889256513,1.0,28897.726057359792
ABMO,6,10,235,30644.26902482188,31129.80889256513,1.0,28844.26902482188
ABMO,6,10,236,30636.28776864181,31129.80889256513,1.0,28836.28776864181
ABMO,6,10,237,30466.71471471017,30402.510561119205,1.0,28666.71471471017
ABMO,6,10,238,30447.13401217642,30402.510561119205,1.0,28647.13401217642
ABMO,6,10,239,30438.89858664005,30402.510561119205,1.0,28638.89858664005
ABMO,6,10,240,30392.5456602166,30402.510561119205,1.0,28592.5456602166
ABMO,6,10,241,30315.552803394137,30402.510561119205,1.0,28515.552803394137
ABMO,6,10,242,30282.31867300084,30402.510561119205,1.0,28482.31867300084
ABMO,6,10,243,30257.05749968787,30402.510561119205,1.0,28457.05749968787
ABMO,6,10,244,30187.9373023738,30244.287957530032,1.0,28387.9373023738
ABMO,6,10,245,30091.81497294012,30103.881462733672,1.0,28291.81497294012
ABMO,6,10,246,30089.25305621468,30065.614658706552,1.0,28289.25305621468
ABMO,6,10,247,30073.81299624452,30052.5382465179,1.0,28273.81299624452
ABMO,6,10,248,30049.268978398868,29801.27224788968,1.0,28249.268978398868
ABMO,6,10,249,29744.937712927607,29801.27224788968,1.0,27944.937712927607
ABMO,6,10,250,29743.85059732588,29787.17981405046,1.0,27943.85059732588
ABMO,6,10,251,29727.22041689329,29549.13374774794,1.0,27927.22041689329
ABMO,6,10,252,29614.624420577744,29377.1967408333,1.0,27814.624420577744
ABMO,6,10,253,29613.69024714489,29377.1967408333,1.0,27813.69024714489
ABMO,6,10,254,29608.39343754808,29377.1967408333,1.0,27808.39343754808
ABMO,6,10,255,29589.30072579368,29102.52887658196,1.0,27789.30072579368
ABMO,6,10,256,29550.91229692257,28614.58204623034,1.0,27750.91229692257
ABMO,6,10,257,29550.65567461029,28614.58204623034,1.0,27750.65567461029
ABMO,6,10,258,29538.499109474786,28432.54640725733,1.0,27738.499109474786
ABMO,6,10,259,29510.969148106888,28240.285515756004,1.0,27710.969148106888
ABMO,6,10,260,29201.05862846461,28240.285515756004,1.0,27401.05862846461
ABMO,6,10,261,29187.805297377305,28042.600524421137,1.0,27387.805297377305
ABMO,6,10,262,29175.871845598664,28019.36880117113,1.0,27375.871845598664
ABMO,6,10,263,29167.52508702681,28019.36880117113,1.0,27367.52508702681
ABMO,6,10,264,29157.618878004567,28013.240660263364,1.0,27357.618878004567
ABMO,6,10,265,29138.282959094828,28013.240660263364,1.0,27338.282959094828
ABMO,6,10,266,29126.54015558363,28013.240660263364,1.0,27326.54015558363
ABMO,6,10,267,28970.80817063124,28013.240660263364,1.0,27170.80817063124
ABMO,6,10,268,28970.398706291944,28013.240660263364,1.0,27170.398706291944
ABMO,6,10,269,28949.8962535796,28012.71541111624,1.0,27149.8962535796
ABMO,6,10,270,28942.09857305927,28012.57051116589,1.0,27142.09857305927
ABMO,6,10,271,28942.08581535036,28012.49612917685,1.0,27142.08581535036
ABMO,6,10,272,28939.310478990134,28012.49612917685,1.0,27139.310478990134
ABMO,6,10,273,28938.88811865692,28012.463551987632,1.0,27138.88811865692
ABMO,6,10,274,28931.859446886,28012.400480550743,1.0,27131.859446886
ABMO,6,10,275,28931.840288965243,28012.2788513812,1.0,27131.840288965243
ABMO,6,10,276,28913.20008924696,28012.24193598707,1.0,27113.20008924696
ABMO,6,10,277,28910.08788610187,28012.21073790328,1.0,27110.08788610187
ABMO,6,10,278,28902.22400198884,28012.21073790328,1.0,27102.22400198884
ABMO,6,10,279,28889.94546184263,28012.20405283461,1.0,27089.94546184263
ABMO,6,10,280,28637.849446061417,28012.20405283461,1.0,26837.849446061417
ABMO,6,10,281,28635.502108183355,28012.1806184359,1.0,26835.502108183355
ABMO,6,10,282,28599.20185152643,28012.12648709616,1.0,26799.20185152643
ABMO,6,10,283,28586.719287427848,28012.02728238005,1.0,26786.719287427848
ABMO,6,10,284,28586.165294489987,28012.01264726189,1.0,26786.165294489987
ABMO,6,10,285,28572.99267973964,28011.89595502866,1.0,26772.99267973964
ABMO,6,10,286,28554.04123048298,28011.85222849272,1.0,26754.04123048298
ABMO,6,10,287,28502.73546886844,28011.84941085615,1.0,26702.73546886844
ABMO,6,10,288,28493.85265616569,28011.84882497297,1.0,26693.85265616569
ABMO,6,10,289,28491.5590682323,28011.84853280102,1.0,26691.5590682323
ABMO,6,10,290,28477.58556031464,28011.84846193984,1.0,26677.58556031464
ABMO,6,10,291,28476.02633496969,28011.84843126798,1.0,26676.02633496969
ABMO,6,10,292,28464.35362649934,28011.848427710327,1.0,26664.35362649934
ABMO,6,10,293,28463.63190031909,28011.84841049833,1.0,26663.63190031909
ABMO,6,10,294,28462.08948592648,28011.848409895683,1.0,26662.08948592648
ABMO,6,10,295,28460.96383915529,28011.848405765475,1.0,26660.96383915529
ABMO,6,10,296,28460.903309866382,28011.848402742944,1.0,26660.903309866382
ABMO,6,10,297,28449.78624584088,28011.848392749427,1.0,26649.78624584088
ABMO,6,10,298,28449.529779179986,28011.84838599667,1.0,26649.529779179986
ABMO,6,10,299,28449.392703460537,28011.848382800563,1.0,26649.392703460537
ABMO,6,10,300,28449.39206861429,28011.848374949608,1.0,26649.39206861429
ABMO,6,10,301,28448.049827717743,28011.84837070118,1.0,26648.049827717743
ABMO,6,10,302,28434.45310923363,28011.848369616902,1.0,26634.45310923363
ABMO,6,10,303,28422.71762656897,28011.84835632176,1.0,26622.71762656897
ABMO,6,10,304,28418.964360316,28011.84830949727,1.0,26618.964360316
ABMO,6,10,305,28418.96426963181,28011.84830949727,1.0,26618.96426963181
ABMO,6,10,306,28348.773910410822,28011.84828232669,1.0,26548.773910410822
ABMO,6,10,307,28324.545822436823,28008.829592740625,1.0,26524.545822436823
ABMO,6,10,308,28321.063204992715,27998.2700036718,1.0,26521.063204992715
ABMO,6,10,309,28309.18844425612,27989.60137471565,1.0,26509.18844425612
ABMO,6,10,310,28306.07399481377,27987.548562676595,1.0,26506.07399481377
ABMO,6,10,311,28304.5810163878,27980.500769509257,1.0,26504.5810163878
ABMO,6,10,312,28303.31754032804,27977.932052382537,1.0,26503.31754032804
ABMO,6,10,313,28297.41456085609,27975.604576979167,1.0,26497.41456085609
ABMO,6,10,314,28291.0039538762,27974.43006930763,1.0,26491.0039538762
ABMO,6,10,315,28268.199570848337,27974.43006930763,1.0,26468.199570848337
ABMO,6,10,316,28265.77397483411,27974.43006930763,1.0,26465.77397483411
ABMO,6,10,317,28241.83172838744,27974.29923454692,1.0,26441.83172838744
ABMO,6,10,318,28227.030387138875,27973.93839459573,1.0,26427.030387138875
ABMO,6,10,319,28224.29846791782,27973.877990454912,1.0,26424.29846791782
ABMO,6,10,320,28216.562579293783,27973.75482687704,1.0,26416.562579293783
ABMO,6,10,321,28216.231607660444,27973.56202552926,1.0,26416.231607660444
ABMO,6,10,322,28188.43008732913,27972.731481320363,1.0,26388.43008732913
ABMO,6,10,323,28186.94905667444,27972.655614729825,1.0,26386.94905667444
ABMO,6,10,324,28186.273341832057,27972.374245624465,1.0,26386.273341832057
ABMO,6,10,325,28173.146752417564,27971.58043189168,1.0,26373.146752417564
ABMO,6,10,326,28172.891447630194,27971.58043189168,1.0,26372.891447630194
ABMO,6,10,327,28171.20945375888,27971.529552543383,1.0,26371.20945375888
ABMO,6,10,328,28151.90415637572,27971.529552543383,1.0,26351.90415637572
ABMO,6,10,329,28118.82841139253,27971.529054306982,1.0,26318.82841139253
ABMO,6,10,330,28117.92758762523,27971.52687491317,1.0,26317.92758762523
ABMO,6,10,331,28117.905100914955,27971.509299884296,1.0,26317.905100914955
ABMO,6,10,332,28089.343641761683,27971.384244109257,1.0,26289.343641761683
ABMO,6,10,333,28065.96263704768,27971.315659728883,1.0,26265.96263704768
ABMO,6,10,334,28065.947378540543,27971.25934139048,1.0,26265.947378540543
ABMO,6,10,335,28026.32270626497,27971.23387653052,1.0,26226.32270626497
ABMO,6,10,336,28011.437676395984,27971.21383737448,1.0,26211.437676395984
ABMO,6,10,337,28007.368433324493,27971.20373692918,1.0,26207.368433324493
ABMO,6,10,338,28005.733409345765,27971.20373692918,1.0,26205.733409345765
ABMO,6,10,339,27990.909273294244,27971.201312707934,1.0,26190.909273294244
ABMO,6,10,340,27990.03261048012,27971.18127208821,1.0,26190.03261048012
ABMO,6,10,341,27989.715240833164,27971.054788851536,1.0,26189.715240833164
ABMO,6,10,342,27988.9893578021,27970.98392324495,1.0,26188.9893578021
ABMO,6,10,343,27987.850743603576,27970.34018948348,1.0,26187.850743603576
ABMO,6,10,344,27960.21481195032,27558.01593477506,1.0,26160.21481195032
ABMO,6,10,345,27934.414454871523,27557.95038337036,1.0,26134.414454871523
ABMO,6,10,346,27931.09797358189,27557.95038337036,1.0,26131.09797358189
ABMO,6,10,347,27830.93946806715,27557.81905359064,1.0,26030.93946806715
ABMO,6,10,348,27822.768162882647,27557.81905359064,1.0,26022.768162882647
ABMO,6,10,349,27822.24703292888,27557.749537718424,1.0,26022.24703292888
ABMO,6,10,350,27811.72740657685,27557.71288310401,1.0,26011.72740657685
ABMO,6,10,351,27809.51962605429,27557.652554819342,1.0,26009.51962605429
ABMO,6,10,352,27809.518710667144,27557.6388240218,1.0,26009.518710667144
ABMO,6,10,353,27776.869167673787,27557.62854622306,1.0,25976.869167673787
ABMO,6,10,354,27767.96095528165,27557.62381696289,1.0,25967.96095528165
ABMO,6,10,355,27767.1678091474,27557.62381696289,1.0,25967.1678091474
ABMO,6,10,356,27767.16356950706,27557.62381696289,1.0,25967.16356950706
ABMO,6,10,357,27767.16356950706,27557.62381696289,1.0,25967.16356950706
ABMO,6,10,358,27733.699418611923,27557.62381696289,1.0,25933.699418611923
ABMO,6,10,359,27733.0462455012,27557.62381696289,1.0,25933.0462455012
ABMO,6,10,360,27724.846483621288,27557.62357621071,1.0,25924.846483621288
ABMO,6,10,361,27724.41481994501,27557.623571803186,1.0,25924.41481994501
ABMO,6,10,362,27723.171466807104,27557.6235133576,1.0,25923.171466807104
ABMO,6,10,363,27711.486995672025,27557.62350537928,1.0,25911.486995672025
ABMO,6,10,364,27710.598164262112,27557.62349091979,1.0,25910.598164262112
ABMO,6,10,365,27703.70870353882,27557.62349091979,1.0,25903.70870353882
ABMO,6,10,366,27664.90013525116,27557.62341381761,1.0,25864.90013525116
ABMO,6,10,367,27663.94013391144,27557.623332499286,1.0,25863.94013391144
ABMO,6,10,368,27639.47135679208,27557.623332499286,1.0,25839.47135679208
ABMO,6,10,369,27638.704375320634,27557.623315421697,1.0,25838.704375320634
ABMO,6,10,370,27632.91227937696,27557.623112304434,1.0,25832.91227937696
ABMO,6,10,371,27632.87227950057,27557.62300338124,1.0,25832.87227950057
ABMO,6,10,372,27611.739613719088,27245.27116028199,1.0,25811.739613719088
ABMO,6,10,373,27610.30401475794,27245.2701583966,1.0,25810.30401475794
ABMO,6,10,374,27608.972010950874,27245.26955402303,1.0,25808.972010950874
ABMO,6,10,375,27606.39840124083,27245.26955402303,1.0,25806.39840124083
ABMO,6,10,376,27605.643357891087,27245.26955402303,1.0,25805.643357891087
ABMO,6,10,377,27574.39157936181,27245.269553786795,1.0,25774.39157936181
ABMO,6,10,378,27571.207494426744,27245.26955257722,1.0,25771.207494426744
ABMO,6,10,379,27496.60034433053,27245.26955119597,1.0,25696.60034433053
ABMO,6,10,380,27494.686887751213,27245.269550225446,1.0,25694.686887751213
ABMO,6,10,381,27487.796691636944,27245.269549689023,1.0,25687.796691636944
ABMO,6,10,382,27470.216534644074,27219.4838386819,1.0,25670.216534644074
ABMO,6,10,383,27424.47462821916,27219.4838386819,1.0,25624.47462821916
ABMO,6,10,384,27421.965163315635,27219.48383835866,1.0,25621.965163315635
ABMO,6,10,385,27421.078988420904,27219.4838376424,1.0,25621.078988420904
ABMO,6,10,386,27401.40173436293,26927.210766877724,1.0,25601.40173436293
ABMO,6,10,387,27398.70732065144,26927.21076040404,1.0,25598.70732065144
ABMO,6,10,388,27388.17662926824,26927.21075889225,1.0,25588.17662926824
ABMO,6,10,389,27388.160651689894,26927.210742791427,1.0,25588.160651689894
ABMO,6,10,390,27387.0744084214,26927.21074121276,1.0,25587.0744084214
ABMO,6,10,391,27372.90835429715,26720.54099346128,1.0,25572.90835429715
ABMO,6,10,392,27365.52741693037,26620.381503941684,1.0,25565.52741693037
ABMO,6,10,393,27360.71906524309,26548.41527470691,1.0,25560.71906524309
ABMO,6,10,394,27352.93502929913,26548.415086001303,1.0,25552.93502929913
ABMO,6,10,395,27349.46632207447,26496.4196244774,1.0,25549.46632207447
ABMO,6,10,396,27348.766072733742,26493.796551004303,1.0,25548.766072733742
ABMO,6,10,397,27342.560124187417,26492.44316084636,1.0,25542.560124187417
ABMO,6,10,398,27288.58349362506,26491.22932786867,1.0,25488.58349362506
ABMO,6,10,399,27288.50795195344,26491.03228375917,1.0,25488.50795195344
ABMO,6,10,400,27287.932739607128,26491.032244378483,1.0,25487.932739607128
ABMO,6,10,401,27238.52818463316,26491.015342723447,1.0,25438.52818463316
ABMO,6,10,402,27225.631910291137,26491.00902051774,1.0,25425.631910291137
ABMO,6,10,403,27203.93070671688,26491.005495700705,1.0,25403.93070671688
ABMO,6,10,404,27082.55803975453,26491.005366444115,1.0,25282.55803975453
ABMO,6,10,405,26602.43575608674,26491.00250594927,1.0,24802.43575608674
ABMO,6,10,406,26486.021856902466,26491.00250594927,1.0,24686.021856902466
ABMO,6,10,407,26485.01768038846,26491.00250594927,1.0,24685.01768038846
ABMO,6,10,408,26484.962015854293,26491.00250594927,1.0,24684.962015854293
ABMO,6,10,409,26484.848062370853,26491.002212588508,1.0,24684.848062370853
ABMO,6,10,410,26484.51176246257,26491.00216235504,1.0,24684.51176246257
ABMO,6,10,411,26484.50928673211,26491.002155631264,1.0,24684.50928673211
ABMO,6,10,412,26484.40809195792,26491.002123757706,1.0,24684.40809195792
ABMO,6,10,413,26421.679977902,26491.0020871673,1.0,24621.679977902
ABMO,6,10,414,26413.76293398922,26491.00193979892,1.0,24613.76293398922
ABMO,6,10,415,26411.74708912114,26491.00185621693,1.0,24611.74708912114
ABMO,6,10,416,26411.74683841195,26491.00176614419,1.0,24611.74683841195
ABMO,6,10,417,26411.746200209,26491.00162915177,1.0,24611.746200209
ABMO,6,10,418,26361.25885435353,26491.001334021814,1.0,24561.25885435353
ABMO,6,10,419,26359.28748957237,26491.00122199989,1.0,24559.28748957237
ABMO,6,10,420,26359.28585108161,26491.000675978827,1.0,24559.28585108161
ABMO,6,10,421,26359.284661785,26491.00035007429,1.0,24559.284661785
ABMO,6,10,422,26359.28341869282,26491.00025271125,1.0,24559.28341869282
ABMO,6,10,423,26359.27860732831,26490.99898506928,1.0,24559.27860732831
ABMO,6,10,424,26092.500202143285,26265.90931981367,1.0,24292.500202143285
ABMO,6,10,425,26092.48423745198,26265.90931981367,1.0,24292.48423745198
ABMO,6,10,426,26050.042315530463,26265.90931981367,1.0,24250.042315530463
ABMO,6,10,427,26050.036663745064,26265.90931981367,1.0,24250.036663745064
ABMO,6,10,428,25769.815048267392,26265.909319813,1.0,23969.815048267392
ABMO,6,10,429,25769.743807989234,26265.9093198125,1.0,23969.743807989234
ABMO,6,10,430,25766.908662761565,26265.90931981237,1.0,23966.908662761565
ABMO,6,10,431,25766.907637510925,26265.909319812246,1.0,23966.907637510925
ABMO,6,10,432,25700.44976953714,25820.23009558402,1.0,23900.44976953714
ABMO,6,10,433,25700.40049585356,25820.23009558402,1.0,23900.40049585356
ABMO,6,10,434,25389.18102843829,23998.822802670256,1.0,23589.18102843829
ABMO,6,10,435,25389.180852728707,23998.822802670256,1.0,23589.180852728707
ABMO,6,10,436,25389.002401632755,23998.822802670256,1.0,23589.002401632755
ABMO,6,10,437,25388.896719353444,23998.822802670256,1.0,23588.896719353444
ABMO,6,10,438,25388.884578158093,23998.822802670256,1.0,23588.884578158093
ABMO,6,10,439,25388.82462421988,23998.822802670256,1.0,23588.82462421988
ABMO,6,10,440,25388.644782620508,23997.28778848732,1.0,23588.644782620508
ABMO,6,10,441,25388.594133380524,23997.28778848732,1.0,23588.594133380524
ABMO,6,10,442,25388.298256861544,23996.01960646879,1.0,23588.298256861544
ABMO,6,10,443,25384.73700325733,23996.01960646879,1.0,23584.73700325733
ABMO,6,10,444,25377.38510135127,23995.95429125026,1.0,23577.38510135127
ABMO,6,10,445,25375.222924615187,23995.95429125026,1.0,23575.222924615187
ABMO,6,10,446,25363.28503070923,23995.935748023883,1.0,23563.28503070923
ABMO,6,10,447,25360.473840732186,23953.856061863324,1.0,23560.473840732186
ABMO,6,10,448,25359.88292055508,23953.856061863324,1.0,23559.88292055508
ABMO,6,10,449,25359.46514724136,23953.856061863324,1.0,23559.46514724136
ABMO,6,10,450,25359.451227887665,23953.856061863324,1.0,23559.451227887665
ABMO,6,10,451,25357.689251692504,23953.856061863324,1.0,23557.689251692504
ABMO,6,10,452,25353.735971432056,23953.856061863324,1.0,23553.735971432056
ABMO,6,10,453,25322.820589107272,23953.856061863324,1.0,23522.820589107272
ABMO,6,10,454,25320.65814742925,23953.856061863324,1.0,23520.65814742925
ABMO,6,10,455,25320.33114165306,23953.856061863324,1.0,23520.33114165306
ABMO,6,10,456,25320.32819183798,23953.856061863324,1.0,23520.32819183798
ABMO,6,10,457,25320.31826068952,23953.856061863324,1.0,23520.31826068952
ABMO,6,10,458,25309.610103709227,23942.361833906834,1.0,23509.610103709227
ABMO,6,10,459,25237.76134170751,23942.361833906834,1.0,23437.76134170751
ABMO,6,10,460,25237.73118028702,23942.361833906834,1.0,23437.73118028702
ABMO,6,10,461,25237.72412871753,23942.361833906834,1.0,23437.72412871753
ABMO,6,10,462,25236.740181241614,23942.361833906834,1.0,23436.740181241614
ABMO,6,10,463,25236.740092112406,23942.36183390683,1.0,23436.740092112406
ABMO,6,10,464,25236.426161690462,23942.36183390683,1.0,23436.426161690462
ABMO,6,10,465,25236.31915507551,23942.361833906696,1.0,23436.31915507551
ABMO,6,10,466,25235.40655165665,23942.361833906696,1.0,23435.40655165665
ABMO,6,10,467,25226.75871145489,23942.361833906696,1.0,23426.75871145489
ABMO,6,10,468,25133.8630840369,23942.361833906645,1.0,23333.8630840369
ABMO,6,10,469,24705.3428785621,23929.854563645687,1.0,22905.3428785621
ABMO,6,10,470,24704.57352765527,23929.854563645687,1.0,22904.57352765527
ABMO,6,10,471,24701.206666531267,23929.854563645687,1.0,22901.206666531267
ABMO,6,10,472,24696.48047076901,23928.575905748687,1.0,22896.48047076901
ABMO,6,10,473,24695.85255196322,23928.575905748687,1.0,22895.85255196322
ABMO,6,10,474,24695.310778729567,23920.49161079513,1.0,22895.310778729567
ABMO,6,10,475,24695.14035510514,23920.49161079513,1.0,22895.14035510514
ABMO,6,10,476,24695.092542274648,23920.49161079513,1.0,22895.092542274648
ABMO,6,10,477,24695.09134565211,23920.49161079513,1.0,22895.09134565211
ABMO,6,10,478,24695.0765336675,23920.49161079513,1.0,22895.0765336675
ABMO,6,10,479,24675.5650720873,23920.49161079513,1.0,22875.5650720873
ABMO,6,10,480,24675.301231688183,23916.933657766487,1.0,22875.301231688183
ABMO,6,10,481,24517.72455654199,22969.66838486053,1.0,22717.72455654199
ABMO,6,10,482,24517.68603172772,22969.668374534547,1.0,22717.68603172772
ABMO,6,10,483,24517.604241034773,22969.668374534547,1.0,22717.604241034773
ABMO,6,10,484,24517.49352051767,22969.66837259227,1.0,22717.49352051767
ABMO,6,10,485,24429.027419038524,22969.667533845008,1.0,22629.027419038524
ABMO,6,10,486,24425.78458505533,22969.667533845008,1.0,22625.78458505533
ABMO,6,10,487,24347.462506724503,22969.667533845008,1.0,22547.462506724503
ABMO,6,10,488,24346.505467081333,22969.667533845008,1.0,22546.505467081333
ABMO,6,10,489,24345.17192120702,22969.667533845008,1.0,22545.17192120702
ABMO,6,10,490,24344.194952032,22969.667533845008,1.0,22544.194952032
ABMO,6,10,491,24337.114799765328,22968.399010500623,1.0,22537.114799765328
ABMO,6,10,492,24252.211740548864,22806.146356333924,1.0,22452.211740548864
ABMO,6,10,493,24196.14403878166,22725.227509970697,1.0,22396.14403878166
ABMO,6,10,494,24131.51205323108,22725.227509970697,1.0,22331.51205323108
ABMO,6,10,495,24131.08410799353,22720.407224984127,1.0,22331.08410799353
ABMO,6,10,496,24123.905699841016,22720.407224984127,1.0,22323.905699841016
ABMO,6,10,497,24123.905699841016,22720.407224984127,1.0,22323.905699841016
ABMO,6,10,498,24123.905699841016,22720.407224984127,1.0,22323.905699841016
ABMO,6,10,499,24123.905699841016,22720.407224984127,1.0,22323.905699841016
ABMO,6,10,500,24123.905699841016,22720.407224984127,1.0,22323.905699841016
ABMO,6,20,1,5622990053.032313,4472614083.712254,1.0,5622988253.032313
ABMO,6,20,2,2859352152.2485538,2844984247.74412,1.0,2859350352.2485538
ABMO,6,20,3,1583506198.2887828,1797941558.2937388,1.0,1583504398.2887828
ABMO,6,20,4,859407348.0925146,901030796.4712452,1.0,859405548.0925146
ABMO,6,20,5,534738512.6676501,436734008.0963105,1.0,534736712.6676501
ABMO,6,20,6,338540898.63381654,241639082.18477184,1.0,338539098.63381654
ABMO,6,20,7,191897692.52569675,105609485.17753837,1.0,191895892.52569675
ABMO,6,20,8,132475365.76297776,84785595.62285945,1.0,132473565.76297776
ABMO,6,20,9,93910527.7958579,52054352.647490144,1.0,93908727.7958579
ABMO,6,20,10,71447767.67967747,33752466.4287438,1.0,71445967.67967747
ABMO,6,20,11,47389194.39929996,19081278.85153452,1.0,47387394.39929996
ABMO,6,20,12,34012648.66731335,14706916.027233409,1.0,34010848.66731335
ABMO,6,20,13,26419699.29788556,9277027.80210281,1.0,26417899.29788556
ABMO,6,20,14,22206726.08440024,5905509.441348613,1.0,22204926.08440024
ABMO,6,20,15,17500277.760449566,4598697.591514173,1.0,17498477.760449566
ABMO,6,20,16,14378629.98450912,3770553.6781009184,1.0,14376829.98450912
ABMO,6,20,17,11189193.65029206,1923798.4410471565,1.0,11187393.65029206
ABMO,6,20,18,8121422.156201065,1063644.8374306,1.0,8119622.156201065
ABMO,6,20,19,7248679.92843439,864668.3117652154,1.0,7246879.92843439
ABMO,6,20,20,6330620.419716471,602469.5816770872,1.0,6328820.419716471
ABMO,6,20,21,4219734.908505943,439124.8177045068,1.0,4217934.908505943
ABMO,6,20,22,3801989.410604223,385146.284060272,1.0,3800189.410604223
ABMO,6,20,23,2587598.0858490067,291521.3832929906,1.0,2585798.0858490067
ABMO,6,20,24,2045290.2450396924,268055.8043895244,1.0,2043490.2450396924
ABMO,6,20,25,1786185.393355681,253497.74207271915,1.0,1784385.393355681
ABMO,6,20,26,1585466.089441079,219525.78380915747,1.0,1583666.089441079
ABMO,6,20,27,1446106.2703498758,187222.5488721912,1.0,1444306.2703498758
ABMO,6,20,28,1357941.9611857564,177058.07993777414,1.0,1356141.9611857564
ABMO,6,20,29,1299031.2352907122,173745.42351413795,1.0,1297231.2352907122
ABMO,6,20,30,1274779.7359074051,133876.14583555833,1.0,1272979.7359074051
ABMO,6,20,31,1233457.7047981704,133876.14583555833,1.0,1231657.7047981704
ABMO,6,20,32,1196121.577253189,114202.7798205137,1.0,1194321.577253189
ABMO,6,20,33,1098754.6778640775,111290.03852199724,1.0,1096954.6778640775
ABMO,6,20,34,991705.1091204004,109187.27394417246,1.0,989905.1091204004
ABMO,6,20,35,972200.0854659524,102140.15421253689,1.0,970400.0854659524
ABMO,6,20,36,756311.5109193764,95707.34012125076,1.0,754511.5109193764
ABMO,6,20,37,452557.2753628927,95551.5326205653,1.0,450757.2753628927
ABMO,6,20,38,352490.98334597336,93695.60988322578,1.0,350690.98334597336
ABMO,6,20,39,317059.0029400047,93113.1217057383,1.0,315259.0029400047
ABMO,6,20,40,294317.35886135534,89917.38001563062,1.0,292517.35886135534
ABMO,6,20,41,251994.8765422545,88996.13024803024,1.0,250194.8765422545
ABMO,6,20,42,251432.34485366807,87834.57423243276,1.0,249632.34485366807
ABMO,6,20,43,215717.178852664,87834.57423243276,1.0,213917.178852664
ABMO,6,20,44,172180.07730602115,87775.21129752506,1.0,170380.07730602115
ABMO,6,20,45,155125.31307810187,87541.27303741765,1.0,153325.31307810187
ABMO,6,20,46,150496.629946702,86999.86867769243,1.0,148696.629946702
ABMO,6,20,47,141771.4991659854,86498.35427792018,1.0,139971.4991659854
ABMO,6,20,48,137318.87426251403,85927.85641551291,1.0,135518.87426251403
ABMO,6,20,49,132442.28754205996,85750.44450128477,1.0,130642.28754205996
ABMO,6,20,50,131311.021449234,85726.40695175798,1.0,129511.02144923399
ABMO,6,20,51,129642.87986856744,85104.6379106864,1.0,127842.87986856744
ABMO,6,20,52,126793.6823499132,85104.6379106864,1.0,124993.6823499132
ABMO,6,20,53,125041.84563586576,85094.26173137731,1.0,123241.84563586576
ABMO,6,20,54,124819.32612856558,84907.77066852845,1.0,123019.32612856558
ABMO,6,20,55,122261.31206596238,84850.23324686452,1.0,120461.31206596238
ABMO,6,20,56,122016.99184080894,84757.90414655092,1.0,120216.99184080894
ABMO,6,20,57,121029.655377098,84090.97746976082,1.0,119229.655377098
ABMO,6,20,58,120461.9795049984,84056.78548344033,1.0,118661.9795049984
ABMO,6,20,59,119955.10689041704,84056.78548344033,1.0,118155.10689041704
ABMO,6,20,60,116895.7096005811,83572.37502219796,1.0,115095.7096005811
ABMO,6,20,61,116868.73281491338,83529.24286705279,1.0,115068.73281491338
ABMO,6,20,62,116749.75013071428,83340.15964641742,1.0,114949.75013071428
ABMO,6,20,63,116613.93095153457,83340.15964641742,1.0,114813.93095153457
ABMO,6,20,64,116432.95718277436,83339.02294744895,1.0,114632.95718277436
ABMO,6,20,65,116283.49061554269,83339.02294744895,1.0,114483.49061554269
ABMO,6,20,66,116140.97199133589,83339.02294744895,1.0,114340.97199133589
ABMO,6,20,67,115971.77695376812,83140.41625329439,1.0,114171.77695376812
ABMO,6,20,68,115906.6667708843,83140.41625329439,1.0,114106.6667708843
ABMO,6,20,69,115785.47278546177,83126.86097857426,1.0,113985.47278546177
ABMO,6,20,70,115622.62352981354,83126.86097857426,1.0,113822.62352981354
ABMO,6,20,71,115576.33237301916,83107.50928869107,1.0,113776.33237301916
ABMO,6,20,72,115484.9461789636,83097.14696353761,1.0,113684.9461789636
ABMO,6,20,73,115459.58642747311,83079.25013658244,1.0,113659.58642747311
ABMO,6,20,74,115370.51626032974,83079.25013658244,1.0,113570.51626032974
ABMO,6,20,75,115275.80629451045,83067.0720531941,1.0,113475.80629451045
ABMO,6,20,76,115220.6692506587,83067.0720531941,1.0,113420.6692506587
ABMO,6,20,77,115193.88107021824,83067.0720531941,1.0,113393.88107021824
ABMO,6,20,78,113669.22507145282,83067.0720531941,1.0,111869.22507145282
ABMO,6,20,79,113663.39378860836,83056.21202809419,1.0,111863.39378860836
ABMO,6,20,80,113648.785096065,83056.21202809419,1.0,111848.785096065
ABMO,6,20,81,113621.72191558217,83040.91766331883,1.0,111821.72191558217
ABMO,6,20,82,113611.11891625644,83040.91766331883,1.0,111811.11891625644
ABMO,6,20,83,113607.37067500658,83031.24921170983,1.0,111807.37067500658
ABMO,6,20,84,113558.51186251613,83025.58028273661,1.0,111758.51186251613
ABMO,6,20,85,113519.25515040568,83025.58028273661,1.0,111719.25515040568
ABMO,6,20,86,113491.85663242156,82998.2951718875,1.0,111691.85663242156
ABMO,6,20,87,113480.48105816,82998.2951718875,1.0,111680.48105816
ABMO,6,20,88,113429.14098419934,82998.2951718875,1.0,111629.14098419934
ABMO,6,20,89,113425.17349904074,82998.2951718875,1.0,111625.17349904074
ABMO,6,20,90,113410.68083429424,82998.2951718875,1.0,111610.68083429424
ABMO,6,20,91,113388.46759347226,82998.2951718875,1.0,111588.46759347226
ABMO,6,20,92,113378.81472422446,82987.1464643833,1.0,111578.81472422446
ABMO,6,20,93,113373.93466755297,82987.1464643833,1.0,111573.93466755297
ABMO,6,20,94,108177.0809103253,82981.83791933444,1.0,106377.0809103253
ABMO,6,20,95,106763.53348970757,82980.07303490108,1.0,104963.53348970757
ABMO,6,20,96,106762.88110615754,82976.40052582078,1.0,104962.88110615754
ABMO,6,20,97,106753.07395006428,82976.3628785753,1.0,104953.07395006428
ABMO,6,20,98,106623.69560846084,82976.3628785753,1.0,104823.69560846084
ABMO,6,20,99,103513.76430758048,82976.3628785753,1.0,101713.76430758048
ABMO,6,20,100,100795.54585015331,82958.28190762372,1.0,98995.54585015331
ABMO,6,20,101,97391.648442807,82947.71174473818,1.0,95591.648442807
ABMO,6,20,102,95334.51251096398,82939.33884018817,1.0,93534.51251096398
ABMO,6,20,103,91948.88862707744,82932.17680348064,1.0,90148.88862707744
ABMO,6,20,104,91932.45809303677,82931.43454563268,1.0,90132.45809303677
ABMO,6,20,105,90003.9488114798,82931.43454563268,1.0,88203.9488114798
ABMO,6,20,106,89983.01847653087,82931.43454563268,1.0,88183.01847653087
ABMO,6,20,107,89975.50139198934,82931.27140076572,1.0,88175.50139198934
ABMO,6,20,108,89960.08862431973,82899.27143585766,1.0,88160.08862431973
ABMO,6,20,109,89952.65245311342,82899.27143585766,1.0,88152.65245311342
ABMO,6,20,110,87506.64398132646,82898.73554084005,1.0,85706.64398132646
ABMO,6,20,111,87500.07680865093,82888.35208889094,1.0,85700.07680865093
ABMO,6,20,112,87492.77376411473,82882.40487200502,1.0,85692.77376411473
ABMO,6,20,113,87491.1479365655,82882.38127940283,1.0,85691.1479365655
ABMO,6,20,114,87488.60477620443,82882.29570709006,1.0,85688.60477620443
ABMO,6,20,115,87278.19654985658,82860.67095671763,1.0,85478.19654985658
ABMO,6,20,116,87267.4337701795,82858.3631508087,1.0,85467.4337701795
ABMO,6,20,117,87259.62741745896,82853.74803367964,1.0,85459.62741745896
ABMO,6,20,118,86872.76329748615,82853.74803367964,1.0,85072.76329748615
ABMO,6,20,119,86856.22603390629,82853.74803367964,1.0,85056.22603390629
ABMO,6,20,120,86845.29704113796,82853.74803367964,1.0,85045.29704113796
ABMO,6,20,121,86786.82640413256,82633.93784879413,1.0,84986.82640413256
ABMO,6,20,122,86757.55455707,82382.27344672148,1.0,84957.55455707
ABMO,6,20,123,86649.42671326836,80904.54044819582,1.0,84849.42671326836
ABMO,6,20,124,86492.81753181443,78944.40472194401,1.0,84692.81753181443
ABMO,6,20,125,86473.21532970275,78944.40472194401,1.0,84673.21532970275
ABMO,6,20,126,86468.79774838919,78944.31715818099,1.0,84668.79774838919
ABMO,6,20,127,86400.3688708338,78944.31715818099,1.0,84600.3688708338
ABMO,6,20,128,86394.32705050331,78943.64471453236,1.0,84594.32705050331
ABMO,6,20,129,86351.04134310826,78762.0575342986,1.0,84551.04134310826
ABMO,6,20,130,86311.2828382445,78762.0575342986,1.0,84511.2828382445
ABMO,6,20,131,86295.37904684574,78760.58702223893,1.0,84495.37904684574
ABMO,6,20,132,86239.24632616574,78760.5151924119,1.0,84439.24632616574
ABMO,6,20,133,86158.67841118755,78760.5151924119,1.0,84358.67841118755
ABMO,6,20,134,86131.75319091025,78756.2836863974,1.0,84331.75319091025
ABMO,6,20,135,86048.49287111824,78747.14847680353,1.0,84248.49287111824
ABMO,6,20,136,86020.29452361076,78721.69114424862,1.0,84220.29452361076
ABMO,6,20,137,85999.19692074624,78721.69114424862,1.0,84199.19692074624
ABMO,6,20,138,85823.53897986637,78721.69114424862,1.0,84023.53897986637
ABMO,6,20,139,85774.11202290595,78721.65500268826,1.0,83974.11202290595
ABMO,6,20,140,85645.5589859975,78721.65500268826,1.0,83845.5589859975
ABMO,6,20,141,85503.39587375823,78702.6195189805,1.0,83703.39587375823
ABMO,6,20,142,85140.29625098109,78681.81718186612,1.0,83340.29625098109
ABMO,6,20,143,85012.25851241477,78539.6527835174,1.0,83212.25851241477
ABMO,6,20,144,84987.0433313539,78539.6527835174,1.0,83187.0433313539
ABMO,6,20,145,84967.73535637427,78490.39408719946,1.0,83167.73535637427
ABMO,6,20,146,84551.40142979176,77956.51744046525,1.0,82751.40142979176
ABMO,6,20,147,84438.51965765831,77954.03036459361,1.0,82638.51965765831
ABMO,6,20,148,84223.70098619087,77951.24442179,1.0,82423.70098619087
ABMO,6,20,149,83916.7794468678,75596.28141331185,1.0,82116.7794468678
ABMO,6,20,150,83783.7756864245,75590.63624858079,1.0,81983.7756864245
ABMO,6,20,151,83744.51355413171,75589.46837031536,1.0,81944.51355413171
ABMO,6,20,152,83097.6110168918,75589.46837031536,1.0,81297.6110168918
ABMO,6,20,153,83069.35197715824,75586.62982963963,1.0,81269.35197715824
ABMO,6,20,154,82832.69362892317,75584.10394420126,1.0,81032.69362892317
ABMO,6,20,155,82437.50916202035,75583.48170570662,1.0,80637.50916202035
ABMO,6,20,156,82278.914267641,75562.29704955663,1.0,80478.914267641
ABMO,6,20,157,82079.07374793122,75562.29704955663,1.0,80279.07374793122
ABMO,6,20,158,81982.85311448494,75562.29704955663,1.0,80182.85311448494
ABMO,6,20,159,81977.22155160485,75562.29704955663,1.0,80177.22155160485
ABMO,6,20,160,81600.4751991291,75312.34115419596,1.0,79800.4751991291
ABMO,6,20,161,81325.18114291645,75311.25733573054,1.0,79525.18114291645
ABMO,6,20,162,81321.8161734945,75310.66870700722,1.0,79521.8161734945
ABMO,6,20,163,81319.44173425577,75309.81861706325,1.0,79519.44173425577
ABMO,6,20,164,81235.69326298435,75309.81861706325,1.0,79435.69326298435
ABMO,6,20,165,80889.83322671143,75309.81861706325,1.0,79089.83322671143
ABMO,6,20,166,80818.68914904106,75309.60364529323,1.0,79018.68914904106
ABMO,6,20,167,80803.46285819671,75308.75605001728,1.0,79003.46285819671
ABMO,6,20,168,80395.1320071707,75308.75605001728,1.0,78595.1320071707
ABMO,6,20,169,79962.9993017008,75308.75605001728,1.0,78162.9993017008
ABMO,6,20,170,79959.4786115978,75308.75605001728,1.0,78159.4786115978
ABMO,6,20,171,79877.44952014735,75308.75605001728,1.0,78077.44952014735
ABMO,6,20,172,79823.19357190728,75308.42749175613,1.0,78023.19357190728
ABMO,6,20,173,79807.95898421161,75308.26953052037,1.0,78007.95898421161
ABMO,6,20,174,79701.39734024202,75308.26953052037,1.0,77901.39734024202
ABMO,6,20,175,79532.6939698851,75308.26953052037,1.0,77732.6939698851
ABMO,6,20,176,79177.68456557416,75308.197234999,1.0,77377.68456557416
ABMO,6,20,177,79176.93973089098,75307.14528635124,1.0,77376.93973089098
ABMO,6,20,178,79053.0761568872,75307.14528635124,1.0,77253.0761568872
ABMO,6,20,179,78971.89252968256,75306.87582513853,1.0,77171.89252968256
ABMO,6,20,180,78747.45424715712,75306.87582513853,1.0,76947.45424715712
ABMO,6,20,181,78561.3991967901,75306.4753545987,1.0,76761.3991967901
ABMO,6,20,182,78552.10910667,75305.16163900802,1.0,76752.10910667
ABMO,6,20,183,78500.54342807706,75303.72768025166,1.0,76700.54342807706
ABMO,6,20,184,78346.83572710762,75302.25311824161,1.0,76546.83572710762
ABMO,6,20,185,78267.09885805356,75302.25311824161,1.0,76467.09885805356
ABMO,6,20,186,78157.60202411197,75292.40840207142,1.0,76357.60202411197
ABMO,6,20,187,78013.8161916839,75257.92014844053,1.0,76213.8161916839
ABMO,6,20,188,77826.79290177187,75257.92014844053,1.0,76026.79290177187
ABMO,6,20,189,77810.07398303054,75257.92014844053,1.0,76010.07398303054
ABMO,6,20,190,77623.45552440152,75183.10031892706,1.0,75823.45552440152
ABMO,6,20,191,77592.36478372157,75099.88536276786,1.0,75792.36478372157
ABMO,6,20,192,77510.74939329711,75019.51643755485,1.0,75710.74939329711
ABMO,6,20,193,77206.3471571229,74581.48345955132,1.0,75406.3471571229
ABMO,6,20,194,77117.49744024906,73848.14168139067,1.0,75317.49744024906
ABMO,6,20,195,76768.87570676082,72463.157164381,1.0,74968.87570676082
ABMO,6,20,196,76549.08249219522,72463.157164381,1.0,74749.08249219522
ABMO,6,20,197,76417.70196127606,71122.91700537177,1.0,74617.70196127606
ABMO,6,20,198,76417.66286598785,71122.91700537177,1.0,74617.66286598785
ABMO,6,20,199,76325.31929942047,69962.0867621749,1.0,74525.31929942047
ABMO,6,20,200,76192.7991843632,69558.03124877534,1.0,74392.7991843632
ABMO,6,20,201,75685.62807872889,66754.54924799463,1.0,73885.62807872889
ABMO,6,20,202,75639.70866529997,66754.54924799463,1.0,73839.70866529997
ABMO,6,20,203,75499.33191041344,66754.54924799463,1.0,73699.33191041344
ABMO,6,20,204,75406.7558221577,66754.54924799463,1.0,73606.7558221577
ABMO,6,20,205,75354.79814363625,66754.54924799463,1.0,73554.79814363625
ABMO,6,20,206,75273.1593288718,66754.54924799463,1.0,73473.1593288718
ABMO,6,20,207,75271.83351827477,66754.54924799463,1.0,73471.83351827477
ABMO,6,20,208,75109.19976703441,66754.54924799463,1.0,73309.19976703441
ABMO,6,20,209,74969.33842566842,66754.54924799463,1.0,73169.33842566842
ABMO,6,20,210,74969.32784024441,66754.54924799463,1.0,73169.32784024441
ABMO,6,20,211,74858.4071560497,66754.54924799463,1.0,73058.4071560497
ABMO,6,20,212,74857.73820296931,66753.93117315891,1.0,73057.73820296931
ABMO,6,20,213,74857.08656026996,66753.93117315891,1.0,73057.08656026996
ABMO,6,20,214,74710.9299787262,66753.93117315891,1.0,72910.9299787262
ABMO,6,20,215,74710.08379302268,66753.93117315891,1.0,72910.08379302268
ABMO,6,20,216,74710.08371588601,66753.93117315891,1.0,72910.08371588601
ABMO,6,20,217,74705.10579466853,66753.93117315891,1.0,72905.10579466853
ABMO,6,20,218,74320.04567154484,66753.93117315891,1.0,72520.04567154484
ABMO,6,20,219,74319.69762469224,66753.93117315891,1.0,72519.69762469224
ABMO,6,20,220,74316.81921883427,66753.93117315891,1.0,72516.81921883427
ABMO,6,20,221,74187.28994043026,66753.93117315891,1.0,72387.28994043026
ABMO,6,20,222,74150.30950409563,66753.93117315891,1.0,72350.30950409563
ABMO,6,20,223,74145.35730050557,66753.93117315891,1.0,72345.35730050557
ABMO,6,20,224,74019.62298566212,66753.93117315891,1.0,72219.62298566212
ABMO,6,20,225,74008.40909958545,66753.93117315891,1.0,72208.40909958545
ABMO,6,20,226,73962.33135855602,66753.93117315891,1.0,72162.33135855602
ABMO,6,20,227,73944.65322508871,66753.93117315891,1.0,72144.65322508871
ABMO,6,20,228,73939.62110244119,66753.93117315891,1.0,72139.62110244119
ABMO,6,20,229,73939.58159670194,66753.93117315891,1.0,72139.58159670194
ABMO,6,20,230,73907.72582728686,66753.93117315891,1.0,72107.72582728686
ABMO,6,20,231,73907.72582728686,66753.93117315891,1.0,72107.72582728686
ABMO,6,20,232,73832.75380552617,66753.93117315891,1.0,72032.75380552617
ABMO,6,20,233,73713.3408405692,66753.93117315891,1.0,71913.3408405692
ABMO,6,20,234,73703.4890567307,66718.51932405369,1.0,71903.4890567307
ABMO,6,20,235,73692.12924953231,66621.78034521682,1.0,71892.12924953231
ABMO,6,20,236,73692.12924953231,66621.78034521682,1.0,71892.12924953231
ABMO,6,20,237,73670.46641249252,66619.06805054814,1.0,71870.46641249252
ABMO,6,20,238,73666.23533452935,66619.06805054814,1.0,71866.23533452935
ABMO,6,20,239,73653.044377214,66619.06805054814,1.0,71853.044377214
ABMO,6,20,240,73572.40446760244,66619.06805054814,1.0,71772.40446760244
ABMO,6,20,241,73572.06320318449,66619.06805054814,1.0,71772.06320318449
ABMO,6,20,242,73565.85307560912,66619.06805054814,1.0,71765.85307560912
ABMO,6,20,243,73563.55447938995,66619.06805054814,1.0,71763.55447938995
ABMO,6,20,244,73236.79148716782,66619.06805054814,1.0,71436.79148716782
ABMO,6,20,245,73233.92379787737,66613.69733488449,1.0,71433.92379787737
ABMO,6,20,246,73223.14313086818,66609.80039736902,1.0,71423.14313086818
ABMO,6,20,247,73212.0646109821,66605.85346439306,1.0,71412.0646109821
ABMO,6,20,248,73209.16701544097,66605.85346439306,1.0,71409.16701544097
ABMO,6,20,249,73124.32364686209,66605.85346439306,1.0,71324.32364686209
ABMO,6,20,250,73124.12783931823,66603.14026659829,1.0,71324.12783931823
ABMO,6,20,251,73122.87449125937,66601.00307189333,1.0,71322.87449125937
ABMO,6,20,252,73120.96738314623,66600.5443150891,1.0,71320.96738314623
ABMO,6,20,253,73120.70022932833,66600.5443150891,1.0,71320.70022932833
ABMO,6,20,254,73119.52577517735,66600.5443150891,1.0,71319.52577517735
ABMO,6,20,255,73108.72669739589,66600.28232809849,1.0,71308.72669739589
ABMO,6,20,256,73106.47877544141,66600.21461139244,1.0,71306.47877544141
ABMO,6,20,257,73100.40516266815,66600.17841363663,1.0,71300.40516266815
ABMO,6,20,258,73067.54196379308,66600.15572696156,1.0,71267.54196379308
ABMO,6,20,259,73062.8954585171,66600.15272849439,1.0,71262.8954585171
ABMO,6,20,260,72997.61006178148,66600.15272849439,1.0,71197.61006178148
ABMO,6,20,261,72991.80423697029,66600.15212046014,1.0,71191.80423697029
ABMO,6,20,262,72989.87117255614,66600.14905973879,1.0,71189.87117255614
ABMO,6,20,263,72989.50299180238,66600.14841791382,1.0,71189.50299180238
ABMO,6,20,264,72892.5720903223,66600.14841791382,1.0,71092.5720903223
ABMO,6,20,265,72885.43374235951,66600.14814333167,1.0,71085.43374235951
ABMO,6,20,266,72885.41450295139,66600.14802169651,1.0,71085.41450295139
ABMO,6,20,267,72885.40757958112,66600.14802169651,1.0,71085.40757958112
ABMO,6,20,268,72885.40757953879,66600.14802169651,1.0,71085.40757953879
ABMO,6,20,269,72885.4075039551,66600.14801959394,1.0,71085.4075039551
ABMO,6,20,270,72883.22349167548,66600.14801907321,1.0,71083.22349167548
ABMO,6,20,271,72863.88613169278,66600.14801904786,1.0,71063.88613169278
ABMO,6,20,272,72863.8597033347,66600.14801851593,1.0,71063.8597033347
ABMO,6,20,273,72834.44370821967,66600.14801701924,1.0,71034.44370821967
ABMO,6,20,274,72834.44206800686,66600.14801491163,1.0,71034.44206800686
ABMO,6,20,275,72808.45328203325,66600.14801382537,1.0,71008.45328203325
ABMO,6,20,276,72800.48424683505,66600.14801382537,1.0,71000.48424683505
ABMO,6,20,277,72800.47091330391,66600.14801280877,1.0,71000.47091330391
ABMO,6,20,278,72800.46966969181,66600.1480128048,1.0,71000.46966969181
ABMO,6,20,279,72800.4615971962,66600.14801259337,1.0,71000.4615971962
ABMO,6,20,280,72792.66189871263,66527.5765093186,1.0,70992.66189871263
ABMO,6,20,281,72792.6613274727,66527.57650921433,1.0,70992.6613274727
ABMO,6,20,282,72736.68519806639,66527.57650921386,1.0,70936.68519806639
ABMO,6,20,283,72736.67486376918,66527.57650921386,1.0,70936.67486376918
ABMO,6,20,284,72734.91438259803,66527.57650920429,1.0,70934.91438259803
ABMO,6,20,285,72642.1931473223,66527.57650920148,1.0,70842.1931473223
ABMO,6,20,286,72638.21811030616,66527.57650920148,1.0,70838.21811030616
ABMO,6,20,287,72599.72353149574,66527.57650920148,1.0,70799.72353149574
ABMO,6,20,288,72572.87593850362,66527.57650920081,1.0,70772.87593850362
ABMO,6,20,289,72571.14115957533,66527.57650920081,1.0,70771.14115957533
ABMO,6,20,290,72568.47859178846,66527.57650920081,1.0,70768.47859178846
ABMO,6,20,291,72522.58821057525,66527.57650920081,1.0,70722.58821057525
ABMO,6,20,292,72522.32544972035,66527.57650920081,1.0,70722.32544972035
ABMO,6,20,293,72510.58174713403,66527.57650920046,1.0,70710.58174713403
ABMO,6,20,294,72510.41318062876,66527.57650920021,1.0,70710.41318062876
ABMO,6,20,295,72476.85876027246,66527.57650920021,1.0,70676.85876027246
ABMO,6,20,296,72476.67186743558,66527.57650920015,1.0,70676.67186743558
ABMO,6,20,297,72476.36689939644,66527.57650920015,1.0,70676.36689939644
ABMO,6,20,298,72476.23786041657,66527.57650920015,1.0,70676.23786041657
ABMO,6,20,299,72476.2376165986,66527.57650920015,1.0,70676.2376165986
ABMO,6,20,300,72475.95005973302,66527.57650920015,1.0,70675.95005973302
ABMO,6,20,301,72475.31603558369,66527.57650920015,1.0,70675.31603558369
ABMO,6,20,302,72472.64025081106,66527.57650920015,1.0,70672.64025081106
ABMO,6,20,303,72471.64831740255,66527.57650920015,1.0,70671.64831740255
ABMO,6,20,304,72471.62110065267,66527.57650920015,1.0,70671.62110065267
ABMO,6,20,305,72465.52885298779,66527.57650920015,1.0,70665.52885298779
ABMO,6,20,306,72407.365317519,66527.57650920015,1.0,70607.365317519
ABMO,6,20,307,72353.87934948581,66527.57650920015,1.0,70553.87934948581
ABMO,6,20,308,72353.87124346428,66527.57650920015,1.0,70553.87124346428
ABMO,6,20,309,72349.213468453,66527.57650920015,1.0,70549.213468453
ABMO,6,20,310,72347.68241559766,66527.57650920015,1.0,70547.68241559766
ABMO,6,20,311,72345.4288161881,66527.57650920015,1.0,70545.4288161881
ABMO,6,20,312,72328.65315789585,66527.57650920015,1.0,70528.65315789585
ABMO,6,20,313,72328.00264593215,66527.57650920015,1.0,70528.00264593215
ABMO,6,20,314,72327.32237108206,66527.57650920015,1.0,70527.32237108206
ABMO,6,20,315,72326.96580729567,66527.57650920015,1.0,70526.96580729567
ABMO,6,20,316,72324.92989346286,66527.57650920015,1.0,70524.92989346286
ABMO,6,20,317,72260.2610814444,66527.57650920015,1.0,70460.2610814444
ABMO,6,20,318,72258.50883033576,66527.57650920015,1.0,70458.50883033576
ABMO,6,20,319,72257.89282627286,66527.57650920015,1.0,70457.89282627286
ABMO,6,20,320,72239.74478600966,66527.57650920015,1.0,70439.74478600966
ABMO,6,20,321,72235.93082016596,66527.57650920015,1.0,70435.93082016596
ABMO,6,20,322,72213.23388277245,66527.57650920015,1.0,70413.23388277245
ABMO,6,20,323,72213.15796809563,66527.57650920015,1.0,70413.15796809563
ABMO,6,20,324,72211.31090975559,66527.57650920015,1.0,70411.31090975559
ABMO,6,20,325,72207.13927225226,66527.57650920015,1.0,70407.13927225226
ABMO,6,20,326,72199.94006144657,66527.57650920015,1.0,70399.94006144657
ABMO,6,20,327,72197.08520867095,66527.57650920015,1.0,70397.08520867095
ABMO,6,20,328,72195.22148782856,66527.57650920015,1.0,70395.22148782856
ABMO,6,20,329,72191.77409430324,66527.57650920015,1.0,70391.77409430324
ABMO,6,20,330,72165.47908924666,66527.57650920015,1.0,70365.47908924666
ABMO,6,20,331,72165.15239657988,66527.57650920015,1.0,70365.15239657988
ABMO,6,20,332,72165.12100895721,66527.57650920015,1.0,70365.12100895721
ABMO,6,20,333,72164.15181684929,66527.57650920015,1.0,70364.15181684929
ABMO,6,20,334,72161.58563943999,66527.57650920015,1.0,70361.58563943999
ABMO,6,20,335,72161.5129940881,66527.57650920015,1.0,70361.5129940881
ABMO,6,20,336,72146.31057445443,66527.57650920015,1.0,70346.31057445443
ABMO,6,20,337,72146.28878898619,66527.57650920015,1.0,70346.28878898619
ABMO,6,20,338,72146.2887600983,66527.57650920015,1.0,70346.2887600983
ABMO,6,20,339,72146.27622433119,66527.57650920015,1.0,70346.27622433119
ABMO,6,20,340,72136.16121362106,66390.47555808436,1.0,70336.16121362106
ABMO,6,20,341,72136.09770821374,66390.47555808436,1.0,70336.09770821374
ABMO,6,20,342,72130.91518962146,66390.47555808436,1.0,70330.91518962146
ABMO,6,20,343,72129.4120322937,66388.36030284736,1.0,70329.4120322937
ABMO,6,20,344,72116.0858581576,66388.36030284736,1.0,70316.0858581576
ABMO,6,20,345,72103.81615527892,66388.13643302895,1.0,70303.81615527892
ABMO,6,20,346,72099.36320047705,66388.13046766691,1.0,70299.36320047705
ABMO,6,20,347,72099.08714203528,66388.13046766691,1.0,70299.08714203528
ABMO,6,20,348,72099.03373607426,66388.13046766691,1.0,70299.03373607426
ABMO,6,20,349,72095.99344392655,66388.12203717422,1.0,70295.99344392655
ABMO,6,20,350,72095.54856636241,66388.12024735738,1.0,70295.54856636241
ABMO,6,20,351,72091.35013414659,66388.11666248806,1.0,70291.35013414659
ABMO,6,20,352,72088.47520254485,66388.11666248806,1.0,70288.47520254485
ABMO,6,20,353,72083.48385832534,66388.11666248806,1.0,70283.48385832534
ABMO,6,20,354,72052.60256338227,66388.11627900455,1.0,70252.60256338227
ABMO,6,20,355,72049.75733725238,66388.11627900455,1.0,70249.75733725238
ABMO,6,20,356,72032.5376586169,66388.11623440066,1.0,70232.5376586169
ABMO,6,20,357,72032.53676506209,66388.11623440066,1.0,70232.53676506209
ABMO,6,20,358,72030.78858395338,66387.10316416726,1.0,70230.78858395338
ABMO,6,20,359,72030.73725249254,66387.10315132843,1.0,70230.73725249254
ABMO,6,20,360,72029.4603389381,66387.10315132843,1.0,70229.4603389381
ABMO,6,20,361,72028.94293691483,66387.10315005184,1.0,70228.94293691483
ABMO,6,20,362,72028.8595821841,66387.10314952965,1.0,70228.8595821841
ABMO,6,20,363,72005.58048096627,66387.10314952965,1.0,70205.58048096627
ABMO,6,20,364,71995.39105184861,66387.10314952965,1.0,70195.39105184861
ABMO,6,20,365,71995.03726979364,66387.10314945717,1.0,70195.03726979364
ABMO,6,20,366,71994.86169442847,66387.10314941198,1.0,70194.86169442847
ABMO,6,20,367,71994.15004226481,66387.10314936694,1.0,70194.15004226481
ABMO,6,20,368,71963.55066309895,66387.10314936597,1.0,70163.55066309895
ABMO,6,20,369,71956.49481759084,66387.1031493651,1.0,70156.49481759084
ABMO,6,20,370,71952.01628745723,66387.10314936505,1.0,70152.01628745723
ABMO,6,20,371,71941.5208870817,66387.10314936505,1.0,70141.5208870817
ABMO,6,20,372,71938.82698062711,66387.10314936505,1.0,70138.82698062711
ABMO,6,20,373,71938.68372856014,66386.96541090182,1.0,70138.68372856014
ABMO,6,20,374,71938.13735295545,66386.9654109018,1.0,70138.13735295545
ABMO,6,20,375,71937.06873058056,66386.9654109018,1.0,70137.06873058056
ABMO,6,20,376,71936.63374982328,66386.19216156134,1.0,70136.63374982328
ABMO,6,20,377,71935.15777516524,66386.19216156134,1.0,70135.15777516524
ABMO,6,20,378,71933.63046411263,66386.12409181184,1.0,70133.63046411263
ABMO,6,20,379,71932.65911736824,66386.12409181184,1.0,70132.65911736824
ABMO,6,20,380,71926.6063021312,66386.06668367652,1.0,70126.6063021312
ABMO,6,20,381,71926.38443381671,66386.06668367652,1.0,70126.38443381671
ABMO,6,20,382,71926.38434587068,66386.06668367652,1.0,70126.38434587068
ABMO,6,20,383,71923.46646678676,66386.04287909961,1.0,70123.46646678676
ABMO,6,20,384,71919.97490272828,66386.0394786146,1.0,70119.97490272828
ABMO,6,20,385,71919.06737894843,66386.0394786146,1.0,70119.06737894843
ABMO,6,20,386,71918.40607691609,66386.03848921947,1.0,70118.40607691609
ABMO,6,20,387,71909.51847477192,66386.03848921947,1.0,70109.51847477192
ABMO,6,20,388,71906.26934068759,66386.03823809639,1.0,70106.26934068759
ABMO,6,20,389,71906.02311681568,66386.03823809639,1.0,70106.02311681568
ABMO,6,20,390,71905.94710519395,66386.03823809639,1.0,70105.94710519395
ABMO,6,20,391,71890.72454032039,66386.03823809639,1.0,70090.72454032039
ABMO,6,20,392,71887.25949178447,66386.03702907944,1.0,70087.25949178447
ABMO,6,20,393,71886.95418450674,66386.03702907944,1.0,70086.95418450674
ABMO,6,20,394,71886.94016449546,66386.0368720504,1.0,70086.94016449546
ABMO,6,20,395,71859.73998143635,66386.03682996273,1.0,70059.73998143635
ABMO,6,20,396,71855.25551085822,66386.03682996273,1.0,70055.25551085822
ABMO,6,20,397,71851.44188404063,66386.03682996273,1.0,70051.44188404063
ABMO,6,20,398,71847.03832996315,66386.0368174577,1.0,70047.03832996315
ABMO,6,20,399,71846.4394983417,66386.0368161625,1.0,70046.4394983417
ABMO,6,20,400,71846.43650603615,66386.0368161625,1.0,70046.43650603615
ABMO,6,20,401,71846.4364900262,66386.03681596089,1.0,70046.4364900262
ABMO,6,20,402,71846.42133047998,66386.03681587634,1.0,70046.42133047998
ABMO,6,20,403,71846.09933570694,66386.036815726,1.0,70046.09933570694
ABMO,6,20,404,71845.47245909237,66386.036815726,1.0,70045.47245909237
ABMO,6,20,405,71834.92770040984,66386.03681571923,1.0,70034.92770040984
ABMO,6,20,406,71833.20205568221,66385.8564537709,1.0,70033.20205568221
ABMO,6,20,407,71833.1321936977,66385.54472120613,1.0,70033.1321936977
ABMO,6,20,408,71833.047943148,66385.54472120613,1.0,70033.047943148
ABMO,6,20,409,71831.97691588743,66385.54472120613,1.0,70031.97691588743
ABMO,6,20,410,71831.57145015275,66385.54472120613,1.0,70031.57145015275
ABMO,6,20,411,71826.58662665528,66385.54472120613,1.0,70026.58662665528
ABMO,6,20,412,71826.25596691474,66385.54472120613,1.0,70026.25596691474
ABMO,6,20,413,71824.98638834301,66385.54472120613,1.0,70024.98638834301
ABMO,6,20,414,71824.83158579371,66385.54472120613,1.0,70024.83158579371
ABMO,6,20,415,71823.76957979059,66385.54472120613,1.0,70023.76957979059
ABMO,6,20,416,71822.05740160665,66385.54472120613,1.0,70022.05740160665
ABMO,6,20,417,71821.50473697713,66385.468758185,1.0,70021.50473697713
ABMO,6,20,418,71819.86287136398,66385.468758185,1.0,70019.86287136398
ABMO,6,20,419,71818.15567747297,66385.468758185,1.0,70018.15567747297
ABMO,6,20,420,71818.11711068635,66385.468758185,1.0,70018.11711068635
ABMO,6,20,421,71818.10944685193,66385.468758185,1.0,70018.10944685193
ABMO,6,20,422,71808.87773837791,66385.468758185,1.0,70008.87773837791
ABMO,6,20,423,71807.49595817899,66385.468758185,1.0,70007.49595817899
ABMO,6,20,424,71807.47167887694,66385.468758185,1.0,70007.47167887694
ABMO,6,20,425,71807.43706673157,66385.468758185,1.0,70007.43706673157
ABMO,6,20,426,71804.02041467636,66385.468758185,1.0,70004.02041467636
ABMO,6,20,427,71802.76980756469,66385.468758185,1.0,70002.76980756469
ABMO,6,20,428,71793.29143943133,66385.468758185,1.0,69993.29143943133
ABMO,6,20,429,71793.28148219179,66385.468758185,1.0,69993.28148219179
ABMO,6,20,430,71790.21674632252,66385.468758185,1.0,69990.21674632252
ABMO,6,20,431,71789.67665669206,66385.468758185,1.0,69989.67665669206
ABMO,6,20,432,71786.28890061549,66385.468758185,1.0,69986.28890061549
ABMO,6,20,433,71786.16662623896,66385.468758185,1.0,69986.16662623896
ABMO,6,20,434,71786.16662436865,66385.468758185,1.0,69986.16662436865
ABMO,6,20,435,71785.8769524125,66385.468758185,1.0,69985.8769524125
ABMO,6,20,436,71782.96920900568,66385.468758185,1.0,69982.96920900568
ABMO,6,20,437,71782.6388163567,66381.12800156385,1.0,69982.6388163567
ABMO,6,20,438,71782.59781296329,66381.12800156385,1.0,69982.59781296329
ABMO,6,20,439,71780.06051931884,66381.03731029612,1.0,69980.06051931884
ABMO,6,20,440,71780.01798179462,66380.91166644178,1.0,69980.01798179462
ABMO,6,20,441,71778.92001632137,66380.91166644178,1.0,69978.92001632137
ABMO,6,20,442,71778.734698459,66380.91166644178,1.0,69978.734698459
ABMO,6,20,443,71777.5635195253,66380.91166644178,1.0,69977.5635195253
ABMO,6,20,444,71776.82917033347,66380.91166644178,1.0,69976.82917033347
ABMO,6,20,445,71776.46011759601,66380.91166644178,1.0,69976.46011759601
ABMO,6,20,446,71775.02033032507,66380.90580224057,1.0,69975.02033032507
ABMO,6,20,447,71774.56317163336,66380.89667155569,1.0,69974.56317163336
ABMO,6,20,448,71765.22252255035,66380.89667155569,1.0,69965.22252255035
ABMO,6,20,449,71762.02779892473,66380.89667155569,1.0,69962.02779892473
ABMO,6,20,450,71761.69698530922,66380.89667155569,1.0,69961.69698530922
ABMO,6,20,451,71761.5877544674,66380.89667155569,1.0,69961.5877544674
ABMO,6,20,452,71761.51876933686,66380.89667155569,1.0,69961.51876933686
ABMO,6,20,453,71761.50611885238,66380.89667155569,1.0,69961.50611885238
ABMO,6,20,454,71761.14107988795,66380.89667155569,1.0,69961.14107988795
ABMO,6,20,455,71760.73168332783,66380.89667155569,1.0,69960.73168332783
ABMO,6,20,456,71760.2830855724,66380.89667155569,1.0,69960.2830855724
ABMO,6,20,457,71759.67684003989,66380.89656444702,1.0,69959.67684003989
ABMO,6,20,458,71759.62767718993,66380.8965033426,1.0,69959.62767718993
ABMO,6,20,459,71759.47161996391,66380.76916312356,1.0,69959.47161996391
ABMO,6,20,460,71754.97855717252,66380.76916312356,1.0,69954.97855717252
ABMO,6,20,461,71754.97855717252,66380.76916312356,1.0,69954.97855717252
ABMO,6,20,462,71754.73519500002,66380.76916312356,1.0,69954.73519500002
ABMO,6,20,463,71754.5444219092,66380.76916312354,1.0,69954.5444219092
ABMO,6,20,464,71753.86594739326,66380.76916312346,1.0,69953.86594739326
ABMO,6,20,465,71753.85835037408,66380.76916312346,1.0,69953.85835037408
ABMO,6,20,466,71753.67188539798,66380.76916312342,1.0,69953.67188539798
ABMO,6,20,467,71753.40807288121,66380.76916312333,1.0,69953.40807288121
ABMO,6,20,468,71753.35374304737,66380.7691631233,1.0,69953.35374304737
ABMO,6,20,469,71753.18170809929,66380.76916312313,1.0,69953.18170809929
ABMO,6,20,470,71752.69077958055,66380.76916312272,1.0,69952.69077958055
ABMO,6,20,471,71752.49197782241,66380.76916311673,1.0,69952.49197782241
ABMO,6,20,472,71752.20063731265,66380.76916310954,1.0,69952.20063731265
ABMO,6,20,473,71746.82859188321,66377.6886772073,1.0,69946.82859188321
ABMO,6,20,474,71742.58574276045,66377.68867719064,1.0,69942.58574276045
ABMO,6,20,475,71742.46174875075,66377.68867716938,1.0,69942.46174875075
ABMO,6,20,476,71740.88193884747,66377.65622300847,1.0,69940.88193884747
ABMO,6,20,477,71740.8693252807,66377.50872193452,1.0,69940.8693252807
ABMO,6,20,478,71740.33928630526,66377.37884227972,1.0,69940.33928630526
ABMO,6,20,479,71740.30573733393,66377.35698909507,1.0,69940.30573733393
ABMO,6,20,480,71739.09295765008,66377.35227803288,1.0,69939.09295765008
ABMO,6,20,481,71730.37673675452,66377.21261208513,1.0,69930.37673675452
ABMO,6,20,482,71730.37532753708,66377.21259305807,1.0,69930.37532753708
ABMO,6,20,483,71730.37150634312,66377.17743140567,1.0,69930.37150634312
ABMO,6,20,484,71730.2192198356,66377.17726851729,1.0,69930.2192198356
ABMO,6,20,485,71730.20372489556,66377.14511993062,1.0,69930.20372489556
ABMO,6,20,486,71727.81130669784,66377.10421850398,1.0,69927.81130669784
ABMO,6,20,487,71727.72292072598,66377.00629902116,1.0,69927.72292072598
ABMO,6,20,488,71727.65841660947,66376.67886023744,1.0,69927.65841660947
ABMO,6,20,489,71727.34788583354,66376.26051318302,1.0,69927.34788583354
ABMO,6,20,490,71726.53435929371,66375.01415267156,1.0,69926.53435929371
ABMO,6,20,491,71723.11719839991,66375.01415267156,1.0,69923.11719839991
ABMO,6,20,492,71721.66382928341,66375.01415267156,1.0,69921.66382928341
ABMO,6,20,493,71718.46539227624,66375.01415267156,1.0,69918.46539227624
ABMO,6,20,494,71718.25920208992,66375.01415267156,1.0,69918.25920208992
ABMO,6,20,495,71718.25920208992,66375.01415267156,1.0,69918.25920208992
ABMO,6,20,496,71718.25920208992,66375.01415267156,1.0,69918.25920208992
ABMO,6,20,497,71718.25920208992,66375.01415267156,1.0,69918.25920208992
ABMO,6,20,498,71718.25920208992,66375.01415267156,1.0,69918.25920208992
ABMO,6,20,499,71718.25920208992,66375.01415267156,1.0,69918.25920208992
ABMO,6,20,500,71718.25920208992,66375.01415267156,1.0,69918.25920208992
ABMO,7,10,1,4044.362300536733,3648.4963797943055,1.0,2044.362300536733
ABMO,7,10,2,3020.304288178614,2830.3374717060733,1.0,1020.3042881786141
ABMO,7,10,3,2606.7819830582102,2586.2615424885093,1.0,606.7819830582102
ABMO,7,10,4,2469.939904466938,2379.693538726151,1.0,469.93990446693806
ABMO,7,10,5,2367.8947854181897,2328.673802526333,1.0,367.8947854181897
ABMO,7,10,6,2316.8627045829053,2257.826161521709,1.0,316.8627045829053
ABMO,7,10,7,2268.9263005752355,2224.2149006876107,1.0,268.9263005752355
ABMO,7,10,8,2252.158454234473,2222.6481383805603,1.0,252.15845423447308
ABMO,7,10,9,2229.830654078377,2212.446242691415,1.0,229.83065407837694
ABMO,7,10,10,2209.3336737323243,2205.8506518218765,1.0,209.3336737323243
ABMO,7,10,11,2194.9652503139564,2188.7340637207512,1.0,194.9652503139564
ABMO,7,10,12,2182.398115053288,2177.6326920769343,1.0,182.39811505328817
ABMO,7,10,13,2176.657064243152,2176.1107684885355,1.0,176.65706424315204
ABMO,7,10,14,2163.119833446715,2163.523488399302,1.0,163.1198334467149
ABMO,7,10,15,2157.878322265066,2161.1511953410472,1.0,157.8783222650659
ABMO,7,10,16,2148.8225584981647,2137.575239563999,1.0,148.82255849816465
ABMO,7,10,17,2146.4802736938123,2137.575239563999,1.0,146.48027369381225
ABMO,7,10,18,2142.744603923705,2137.107374477453,1.0,142.7446039237052
ABMO,7,10,19,2137.891148140233,2122.6912351318524,1.0,137.89114814023287
ABMO,7,10,20,2134.7648943711865,2117.6318572339424,1.0,134.76489437118653
ABMO,7,10,21,2133.1813160671727,2113.2410120003224,1.0,133.1813160671727
ABMO,7,10,22,2130.485879400426,2111.218076000906,1.0,130.4858794004258
ABMO,7,10,23,2128.524802070148,2109.804956192469,1.0,128.52480207014787
ABMO,7,10,24,2127.877076973672,2109.804956192469,1.0,127.87707697367205
ABMO,7,10,25,2126.223369441485,2108.068806832056,1.0,126.22336944148492
ABMO,7,10,26,2125.5008112369514,2107.807391237111,1.0,125.50081123695145
ABMO,7,10,27,2124.991491472081,2107.682607251485,1.0,124.99149147208118
ABMO,7,10,28,2123.566731912294,2107.666583499358,1.0,123.56673191229402
ABMO,7,10,29,2120.631868491932,2107.666583499358,1.0,120.63186849193198
ABMO,7,10,30,2119.844111402276,2107.5973589424875,1.0,119.84411140227621
ABMO,7,10,31,2117.9037582303963,2107.554282898969,1.0,117.9037582303963
ABMO,7,10,32,2116.7917171482027,2107.554282898969,1.0,116.79171714820268
ABMO,7,10,33,2115.8711007963334,2107.554282898969,1.0,115.8711007963334
ABMO,7,10,34,2115.298229035804,2107.3901843350704,1.0,115.29822903580407
ABMO,7,10,35,2115.089901050463,2107.191168096453,1.0,115.08990105046314
ABMO,7,10,36,2114.386145621332,2107.191168096453,1.0,114.38614562133216
ABMO,7,10,37,2113.942757448663,2107.191168096453,1.0,113.94275744866309
ABMO,7,10,38,2113.726635702761,2107.073869668712,1.0,113.72663570276109
ABMO,7,10,39,2113.467711991688,2106.573597881631,1.0,113.46771199168779
ABMO,7,10,40,2112.134303031579,2106.1951685141685,1.0,112.13430303157884
ABMO,7,10,41,2111.615460610506,2106.155959374341,1.0,111.61546061050603
ABMO,7,10,42,2111.5574178295847,2106.006319600747,1.0,111.55741782958467
ABMO,7,10,43,2111.4142995386924,2105.7879469763257,1.0,111.41429953869238
ABMO,7,10,44,2111.256162652889,2105.416997688444,1.0,111.25616265288909
ABMO,7,10,45,2110.938554834712,2105.2900359814257,1.0,110.9385548347118
ABMO,7,10,46,2110.495898092146,2105.2900359814257,1.0,110.49589809214604
ABMO,7,10,47,2109.881624381086,2105.2900359814257,1.0,109.88162438108611
ABMO,7,10,48,2109.712187783147,2105.1878655626747,1.0,109.71218778314687
ABMO,7,10,49,2108.7318892967,2104.735869514758,1.0,108.73188929670005
ABMO,7,10,50,2108.551623570213,2104.5263263732604,1.0,108.551623570213
ABMO,7,10,51,2108.180058465872,2101.92747465358,1.0,108.18005846587221
ABMO,7,10,52,2107.747897693476,2101.92747465358,1.0,107.7478976934758
ABMO,7,10,53,2107.637353913157,2101.573917640595,1.0,107.63735391315686
ABMO,7,10,54,2106.831153879092,2101.4995766666643,1.0,106.8311538790922
ABMO,7,10,55,2106.165059094557,2101.4995766666643,1.0,106.16505909455691
ABMO,7,10,56,2105.6409491885174,2101.4995766666643,1.0,105.64094918851742
ABMO,7,10,57,2104.5300330248506,2101.4963727177183,1.0,104.53003302485058
ABMO,7,10,58,2104.2092092105554,2101.042707834465,1.0,104.2092092105554
ABMO,7,10,59,2103.538362276039,2099.1748901255,1.0,103.53836227603915
ABMO,7,10,60,2103.081901029435,2099.1748901255,1.0,103.0819010294349
ABMO,7,10,61,2096.104318987141,2098.992445157658,1.0,96.10431898714114
ABMO,7,10,62,2093.6588250786463,2097.6137570043065,1.0,93.65882507864626
ABMO,7,10,63,2092.6135637045354,2086.1709289052933,1.0,92.61356370453541
ABMO,7,10,64,2091.7412245560404,2086.1709289052933,1.0,91.74122455604038
ABMO,7,10,65,2090.579505635054,2086.14100104251,1.0,90.57950563505392
ABMO,7,10,66,2089.97550539273,2086.14100104251,1.0,89.97550539273016
ABMO,7,10,67,2089.1913716281656,2086.14100104251,1.0,89.1913716281656
ABMO,7,10,68,2089.092945828004,2086.14100104251,1.0,89.09294582800385
ABMO,7,10,69,2088.732300063894,2086.14100104251,1.0,88.73230006389394
ABMO,7,10,70,2088.381914235398,2086.14100104251,1.0,88.3819142353982
ABMO,7,10,71,2088.260201056813,2086.14100104251,1.0,88.260201056813
ABMO,7,10,72,2088.142306904462,2086.14100104251,1.0,88.1423069044622
ABMO,7,10,73,2087.9088266775407,2084.2584767837006,1.0,87.90882667754067
ABMO,7,10,74,2087.5380378615287,2083.01517848106,1.0,87.53803786152866
ABMO,7,10,75,2087.2799284818207,2081.3379918956944,1.0,87.27992848182066
ABMO,7,10,76,2087.077496834544,2081.3265881214857,1.0,87.07749683454404
ABMO,7,10,77,2086.983428651072,2081.297575631508,1.0,86.98342865107179
ABMO,7,10,78,2086.9575397623976,2081.2541032993413,1.0,86.95753976239757
ABMO,7,10,79,2086.8689098717555,2081.2541032993413,1.0,86.86890987175548
ABMO,7,10,80,2086.8287016600675,2081.220345448862,1.0,86.82870166006751
ABMO,7,10,81,2086.696928489912,2081.220345448862,1.0,86.6969284899119
ABMO,7,10,82,2086.5880176791416,2081.175010843856,1.0,86.58801767914156
ABMO,7,10,83,2086.1340337348915,2081.1007569672465,1.0,86.13403373489155
ABMO,7,10,84,2085.87913807958,2080.6639440798745,1.0,85.87913807958012
ABMO,7,10,85,2085.78665329891,2080.6639440798745,1.0,85.7866532989101
ABMO,7,10,86,2085.5498311879264,2080.35595827635,1.0,85.54983118792643
ABMO,7,10,87,2084.9662998057283,2080.35595827635,1.0,84.96629980572834
ABMO,7,10,88,2084.765031687093,2079.582227047424,1.0,84.76503168709314
ABMO,7,10,89,2084.440032110021,2077.6322705656603,1.0,84.4400321100211
ABMO,7,10,90,2084.3133544240404,2077.184434881149,1.0,84.31335442404043
ABMO,7,10,91,2084.2286541852686,2076.4052680044138,1.0,84.22865418526862
ABMO,7,10,92,2084.1609206652893,2076.330608552797,1.0,84.16092066528927
ABMO,7,10,93,2084.113086601053,2076.291166297005,1.0,84.11308660105306
ABMO,7,10,94,2083.935893557186,2076.291166297005,1.0,83.93589355718586
ABMO,7,10,95,2083.892697960556,2076.291166297005,1.0,83.89269796055578
ABMO,7,10,96,2083.6248308383088,2076.291166297005,1.0,83.62483083830875
ABMO,7,10,97,2083.4987814792607,2076.291166297005,1.0,83.49878147926074
ABMO,7,10,98,2082.9886408786856,2070.161345462981,1.0,82.9886408786856
ABMO,7,10,99,2082.860902369807,2068.7607227519857,1.0,82.86090236980681
ABMO,7,10,100,2082.781114468088,2068.7607227519857,1.0,82.78111446808816
ABMO,7,10,101,2082.73353547578,2068.7607227519857,1.0,82.73353547578017
ABMO,7,10,102,2082.44891122778,2068.7607227519857,1.0,82.44891122778017
ABMO,7,10,103,2082.3661052779007,2068.7607227519857,1.0,82.36610527790072
ABMO,7,10,104,2082.3186946658884,2068.7607227519857,1.0,82.31869466588842
ABMO,7,10,105,2082.252566038616,2067.948596516703,1.0,82.2525660386159
ABMO,7,10,106,2082.2209339286587,2067.945077995196,1.0,82.22093392865872
ABMO,7,10,107,2082.159754606774,2067.9340981591085,1.0,82.15975460677419
ABMO,7,10,108,2082.0787061942306,2067.931312374192,1.0,82.07870619423056
ABMO,7,10,109,2082.029378661204,2067.906925416919,1.0,82.02937866120419
ABMO,7,10,110,2081.89804632169,2067.8379537859464,1.0,81.89804632168989
ABMO,7,10,111,2081.724376129592,2067.824286940092,1.0,81.7243761295922
ABMO,7,10,112,2081.692927434303,2067.824286940092,1.0,81.69292743430287
ABMO,7,10,113,2081.662444339157,2067.6994729568823,1.0,81.66244433915699
ABMO,7,10,114,2081.6357444183286,2067.6841911852803,1.0,81.63574441832861
ABMO,7,10,115,2081.6162472016754,2067.6841911852803,1.0,81.61624720167538
ABMO,7,10,116,2081.5944560393987,2067.6841911852803,1.0,81.59445603939866
ABMO,7,10,117,2081.531352948382,2067.6841911852803,1.0,81.53135294838194
ABMO,7,10,118,2081.490287649106,2067.6841911852803,1.0,81.490287649106
ABMO,7,10,119,2081.435735134132,2067.493002027783,1.0,81.43573513413185
ABMO,7,10,120,2081.41682443435,2067.493002027783,1.0,81.41682443435002
ABMO,7,10,121,2081.3903583357683,2067.491763299118,1.0,81.39035833576827
ABMO,7,10,122,2081.347627285145,2067.491763299118,1.0,81.34762728514488
ABMO,7,10,123,2081.302927762541,2067.34683453985,1.0,81.302927762541
ABMO,7,10,124,2081.188958742081,2067.3451364035736,1.0,81.18895874208101
ABMO,7,10,125,2081.179610121223,2067.3451364035736,1.0,81.17961012122305
ABMO,7,10,126,2081.1650155876214,2067.3451364035736,1.0,81.16501558762138
ABMO,7,10,127,2081.055339990064,2066.3351160025213,1.0,81.05533999006411
ABMO,7,10,128,2081.007773771272,2066.3351160025213,1.0,81.00777377127179
ABMO,7,10,129,2080.766901862253,2066.334192310788,1.0,80.76690186225278
ABMO,7,10,130,2080.5470907297376,2066.314436433276,1.0,80.54709072973765
ABMO,7,10,131,2080.209496723585,2065.4541025090884,1.0,80.20949672358483
ABMO,7,10,132,2080.174873038191,2065.4537340035554,1.0,80.17487303819098
ABMO,7,10,133,2080.0377100160586,2065.4513673263245,1.0,80.03771001605855
ABMO,7,10,134,2079.870200406583,2065.447819161464,1.0,79.87020040658308
ABMO,7,10,135,2079.3681436043644,2065.070081767443,1.0,79.36814360436438
ABMO,7,10,136,2079.2096932632408,2065.0284744612886,1.0,79.20969326324075
ABMO,7,10,137,2079.164504771813,2064.9200209088776,1.0,79.16450477181297
ABMO,7,10,138,2079.0967980286496,2064.9200209088776,1.0,79.09679802864957
ABMO,7,10,139,2079.0858146668465,2064.919647399176,1.0,79.08581466684655
ABMO,7,10,140,2079.058715698339,2064.8717968022697,1.0,79.0587156983388
ABMO,7,10,141,2079.0352538102165,2064.862320522672,1.0,79.03525381021655
ABMO,7,10,142,2078.998108907824,2064.838048366357,1.0,78.99810890782419
ABMO,7,10,143,2078.992687896816,2064.834057060403,1.0,78.99268789681582
ABMO,7,10,144,2078.823508745718,2064.833740588454,1.0,78.82350874571785
ABMO,7,10,145,2077.9129165258805,2064.8209954445483,1.0,77.91291652588052
ABMO,7,10,146,2077.890753101711,2064.820935716468,1.0,77.8907531017112
ABMO,7,10,147,2077.8805683212904,2064.820644289734,1.0,77.88056832129041
ABMO,7,10,148,2077.837329457139,2064.820568475852,1.0,77.83732945713882
ABMO,7,10,149,2077.81012153583,2064.820568475852,1.0,77.81012153583015
ABMO,7,10,150,2077.757091669608,2064.8179839229515,1.0,77.75709166960814
ABMO,7,10,151,2077.7408834414,2064.8173492616643,1.0,77.7408834414
ABMO,7,10,152,2077.7352908112603,2064.815297419255,1.0,77.73529081126026
ABMO,7,10,153,2077.717166755722,2064.81376603177,1.0,77.71716675572179
ABMO,7,10,154,2077.7162421353923,2064.81376603177,1.0,77.71624213539235
ABMO,7,10,155,2077.701135082341,2064.8117111164074,1.0,77.7011350823409
ABMO,7,10,156,2077.6991690246514,2064.811401234737,1.0,77.69916902465138
ABMO,7,10,157,2077.665128733908,2064.811401234737,1.0,77.6651287339082
ABMO,7,10,158,2077.6220628168794,2064.81077108245,1.0,77.6220628168794
ABMO,7,10,159,2077.593848821524,2064.8087977645528,1.0,77.5938488215238
ABMO,7,10,160,2077.5751374920164,2064.8087977645528,1.0,77.57513749201644
ABMO,7,10,161,2077.570403405945,2064.8087977645528,1.0,77.57040340594494
ABMO,7,10,162,2077.564537386602,2064.8087977645528,1.0,77.56453738660184
ABMO,7,10,163,2077.554799058059,2064.80868133332,1.0,77.55479905805896
ABMO,7,10,164,2077.5496495985108,2064.8086068178964,1.0,77.54964959851077
ABMO,7,10,165,2077.543088369078,2064.808597589792,1.0,77.54308836907785
ABMO,7,10,166,2077.5368107760364,2064.808574006296,1.0,77.53681077603642
ABMO,7,10,167,2077.535470077182,2064.80855063164,1.0,77.5354700771818
ABMO,7,10,168,2077.529944125461,2064.807758820237,1.0,77.52994412546104
ABMO,7,10,169,2077.5232302938084,2064.804573942788,1.0,77.52323029380841
ABMO,7,10,170,2077.4968996197235,2064.80443913866,1.0,77.49689961972354
ABMO,7,10,171,2077.4830242635776,2064.80443913866,1.0,77.48302426357759
ABMO,7,10,172,2077.4811222487424,2064.8044280124573,1.0,77.4811222487424
ABMO,7,10,173,2077.479615788074,2064.8032460101103,1.0,77.47961578807417
ABMO,7,10,174,2077.4777018703708,2064.8032160402176,1.0,77.47770187037077
ABMO,7,10,175,2077.4735637242325,2064.8032110302083,1.0,77.47356372423246
ABMO,7,10,176,2077.4732124947504,2064.8032110302083,1.0,77.47321249475044
ABMO,7,10,177,2077.472691094538,2064.803130808403,1.0,77.47269109453782
ABMO,7,10,178,2077.47203855168,2064.8030561202613,1.0,77.47203855167982
ABMO,7,10,179,2077.4709198424785,2064.8030561202613,1.0,77.47091984247845
ABMO,7,10,180,2077.470202589961,2064.8030561202613,1.0,77.47020258996099
ABMO,7,10,181,2077.468375124119,2064.802596144445,1.0,77.46837512411912
ABMO,7,10,182,2077.4653382156125,2064.802593048952,1.0,77.46533821561252
ABMO,7,10,183,2077.4645648161227,2064.802593048952,1.0,77.46456481612267
ABMO,7,10,184,2077.4641820956977,2064.802593048952,1.0,77.46418209569765
ABMO,7,10,185,2077.4584376636267,2064.8024805328787,1.0,77.45843766362668
ABMO,7,10,186,2077.449049052724,2064.8024805328787,1.0,77.44904905272415
ABMO,7,10,187,2077.4439108842457,2064.80244959962,1.0,77.44391088424572
ABMO,7,10,188,2077.4423505869668,2064.80244959962,1.0,77.44235058696677
ABMO,7,10,189,2077.4402200220984,2064.802355114045,1.0,77.4402200220984
ABMO,7,10,190,2077.437549357948,2064.802355114045,1.0,77.43754935794777
ABMO,7,10,191,2077.437242178524,2064.802355114045,1.0,77.43724217852377
ABMO,7,10,192,2077.436908829158,2064.8023475515315,1.0,77.4369088291578
ABMO,7,10,193,2077.4368375163995,2064.8023470989674,1.0,77.43683751639946
ABMO,7,10,194,2077.436701120522,2064.802347013765,1.0,77.43670112052178
ABMO,7,10,195,2077.436537796212,2064.8023469736017,1.0,77.43653779621218
ABMO,7,10,196,2077.436331026792,2064.8023469736017,1.0,77.43633102679178
ABMO,7,10,197,2077.4351597796744,2064.8023469736017,1.0,77.43515977967445
ABMO,7,10,198,2077.433962073758,2064.802285339551,1.0,77.43396207375781
ABMO,7,10,199,2077.4336650104856,2064.8022852369672,1.0,77.43366501048558
ABMO,7,10,200,2077.4319248699053,2064.802285190869,1.0,77.43192486990529
ABMO,7,10,201,2077.4309359743825,2064.8022754540907,1.0,77.43093597438246
ABMO,7,10,202,2077.4179735439952,2064.802255334997,1.0,77.41797354399523
ABMO,7,10,203,2077.406159172337,2064.802255247445,1.0,77.40615917233708
ABMO,7,10,204,2077.396780047977,2064.802225882588,1.0,77.39678004797679
ABMO,7,10,205,2077.375395690707,2064.802062437841,1.0,77.37539569070714
ABMO,7,10,206,2077.369046014442,2064.8020561883386,1.0,77.36904601444212
ABMO,7,10,207,2077.366883611812,2064.802054323985,1.0,77.36688361181223
ABMO,7,10,208,2077.3609458247097,2064.8020512453413,1.0,77.36094582470969
ABMO,7,10,209,2077.355702962994,2064.802049850492,1.0,77.3557029629942
ABMO,7,10,210,2077.350148754025,2064.8020458449705,1.0,77.35014875402521
ABMO,7,10,211,2077.343652674751,2064.802040090512,1.0,77.34365267475096
ABMO,7,10,212,2077.338648123477,2064.802040090512,1.0,77.33864812347701
ABMO,7,10,213,2077.33793014289,2064.802036729457,1.0,77.33793014288995
ABMO,7,10,214,2077.3370585171574,2064.802036196614,1.0,77.3370585171574
ABMO,7,10,215,2077.3368775714266,2064.802036196614,1.0,77.33687757142661
ABMO,7,10,216,2077.335914534637,2064.802036196614,1.0,77.33591453463714
ABMO,7,10,217,2077.33587365489,2064.802035346134,1.0,77.33587365488984
ABMO,7,10,218,2077.334394540038,2064.8020345967498,1.0,77.33439454003792
ABMO,7,10,219,2077.3343408321825,2064.8020345607783,1.0,77.33434083218253
ABMO,7,10,220,2077.3333459729647,2064.802034484059,1.0,77.33334597296471
ABMO,7,10,221,2077.3333193573003,2064.802034484059,1.0,77.3333193573003
ABMO,7,10,222,2077.333291146147,2064.802034191059,1.0,77.33329114614708
ABMO,7,10,223,2077.3332838864144,2064.80203408929,1.0,77.33328388641439
ABMO,7,10,224,2077.333062466502,2064.8020338327774,1.0,77.33306246650181
ABMO,7,10,225,2077.332954819321,2064.802030388096,1.0,77.332954819321
ABMO,7,10,226,2077.331925043632,2064.80202912929,1.0,77.33192504363205
ABMO,7,10,227,2077.331905369685,2064.8020290600457,1.0,77.33190536968505
ABMO,7,10,228,2077.3318987809844,2064.802028463171,1.0,77.33189878098437
ABMO,7,10,229,2077.3318305210864,2064.802028463171,1.0,77.33183052108643
ABMO,7,10,230,2077.331708971556,2064.802028404649,1.0,77.33170897155605
ABMO,7,10,231,2077.331565866368,2064.802028107269,1.0,77.33156586636778
ABMO,7,10,232,2077.331535056715,2064.802027461916,1.0,77.33153505671498
ABMO,7,10,233,2077.3314872736714,2064.802024893986,1.0,77.33148727367143
ABMO,7,10,234,2077.331376439832,2064.802024893986,1.0,77.33137643983218
ABMO,7,10,235,2077.331143188591,2064.8020248867224,1.0,77.33114318859089
ABMO,7,10,236,2077.331028301766,2064.8020247036548,1.0,77.33102830176585
ABMO,7,10,237,2077.3309943109552,2064.8020243312985,1.0,77.33099431095525
ABMO,7,10,238,2077.330983148328,2064.8020243249507,1.0,77.33098314832796
ABMO,7,10,239,2077.3308459735,2064.8020243249507,1.0,77.33084597349989
ABMO,7,10,240,2077.330760794336,2064.8020243234573,1.0,77.33076079433613
ABMO,7,10,241,2077.3306759971406,2064.8020243234573,1.0,77.33067599714059
ABMO,7,10,242,2077.3306744998613,2064.802024317967,1.0,77.33067449986129
ABMO,7,10,243,2077.3306734533217,2064.802024291073,1.0,77.33067345332165
ABMO,7,10,244,2077.330643874676,2064.802024280957,1.0,77.33064387467584
ABMO,7,10,245,2077.330499268873,2064.802024276767,1.0,77.33049926887315
ABMO,7,10,246,2077.330379888627,2064.802024254136,1.0,77.3303798886268
ABMO,7,10,247,2077.330379477992,2064.802024254136,1.0,77.33037947799221
ABMO,7,10,248,2077.33037878526,2064.802024231245,1.0,77.33037878526011
ABMO,7,10,249,2077.330326691233,2064.802024224973,1.0,77.33032669123304
ABMO,7,10,250,2077.330326041332,2064.802024211299,1.0,77.33032604133177
ABMO,7,10,251,2077.330298010666,2064.80202420836,1.0,77.33029801066596
ABMO,7,10,252,2077.330129532293,2064.8020242034704,1.0,77.33012953229309
ABMO,7,10,253,2077.32987321918,2064.8020241803524,1.0,77.32987321918017
ABMO,7,10,254,2077.3297741592755,2064.8020241803524,1.0,77.32977415927553
ABMO,7,10,255,2077.3297490412115,2064.8020241803524,1.0,77.32974904121147
ABMO,7,10,256,2077.3297475221857,2064.8020241604995,1.0,77.3297475221857
ABMO,7,10,257,2077.32971083177,2064.802024158369,1.0,77.32971083177017
ABMO,7,10,258,2077.3296512835227,2064.8020241002973,1.0,77.32965128352271
ABMO,7,10,259,2077.3296314964723,2064.8020241002973,1.0,77.3296314964723
ABMO,7,10,260,2077.3295862221125,2064.8020240771466,1.0,77.32958622211254
ABMO,7,10,261,2077.3295733284017,2064.8020240599008,1.0,77.3295733284017
ABMO,7,10,262,2077.329465848072,2064.802013899257,1.0,77.32946584807178
ABMO,7,10,263,2077.329460325551,2064.80201363949,1.0,77.32946032555083
ABMO,7,10,264,2077.3294481677053,2064.80201363949,1.0,77.32944816770532
ABMO,7,10,265,2077.329174775223,2064.8020135568786,1.0,77.32917477522278
ABMO,7,10,266,2077.328923542982,2064.8020135330225,1.0,77.32892354298201
ABMO,7,10,267,2077.3289021363908,2064.802013531293,1.0,77.32890213639075
ABMO,7,10,268,2077.3289008778384,2064.802013531293,1.0,77.32890087783835
ABMO,7,10,269,2077.328872328437,2064.8020135245924,1.0,77.32887232843677
ABMO,7,10,270,2077.32885931752,2064.802013510518,1.0,77.3288593175198
ABMO,7,10,271,2077.328734584733,2064.8020134829308,1.0,77.32873458473296
ABMO,7,10,272,2077.3287298713626,2064.8020134710328,1.0,77.32872987136261
ABMO,7,10,273,2077.3287297302527,2064.8020133889577,1.0,77.32872973025269
ABMO,7,10,274,2077.328719827577,2064.8020125247776,1.0,77.32871982757706
ABMO,7,10,275,2077.328674878529,2064.8020125235234,1.0,77.328674878529
ABMO,7,10,276,2077.328586120178,2064.802012522702,1.0,77.32858612017799
ABMO,7,10,277,2077.327609375016,2064.802012487444,1.0,77.32760937501598
ABMO,7,10,278,2077.322196230912,2064.8020124739965,1.0,77.32219623091214
ABMO,7,10,279,2077.321736889696,2064.80201246506,1.0,77.32173688969579
ABMO,7,10,280,2077.3217368402347,2064.802012431584,1.0,77.32173684023473
ABMO,7,10,281,2077.321597447994,2064.802012429593,1.0,77.32159744799401
ABMO,7,10,282,2077.3214663941067,2064.802012422153,1.0,77.32146639410666
ABMO,7,10,283,2077.3214181689063,2064.802012418488,1.0,77.32141816890635
ABMO,7,10,284,2077.321418127195,2064.802012351731,1.0,77.3214181271951
ABMO,7,10,285,2077.321322890537,2064.8020111370665,1.0,77.32132289053698
ABMO,7,10,286,2077.32132285962,2064.8020111042474,1.0,77.32132285962007
ABMO,7,10,287,2077.321322834562,2064.802011103451,1.0,77.32132283456212
ABMO,7,10,288,2077.3211267843417,2064.8020110939306,1.0,77.32112678434169
ABMO,7,10,289,2077.3210353385507,2064.8020110679195,1.0,77.3210353385507
ABMO,7,10,290,2077.3202274302103,2064.801985450492,1.0,77.32022743021025
ABMO,7,10,291,2077.3198812090554,2064.801538683979,1.0,77.31988120905544
ABMO,7,10,292,2077.319760981549,2064.80153863563,1.0,77.31976098154882
ABMO,7,10,293,2077.3197581543686,2064.801538378724,1.0,77.31975815436863
ABMO,7,10,294,2077.319757761305,2064.80153806658,1.0,77.31975776130503
ABMO,7,10,295,2077.319754331189,2064.801513940799,1.0,77.31975433118896
ABMO,7,10,296,2077.3196879034763,2064.801188912796,1.0,77.31968790347628
ABMO,7,10,297,2077.319687045456,2064.8011761205616,1.0,77.3196870454558
ABMO,7,10,298,2077.319616411958,2064.8011751021454,1.0,77.31961641195812
ABMO,7,10,299,2077.3196137871864,2064.8011749007333,1.0,77.31961378718643
ABMO,7,10,300,2074.17776499324,2064.801174431215,1.0,74.17776499324009
ABMO,7,10,301,2072.8284653374644,2047.9861617317729,1.0,72.82846533746442
ABMO,7,10,302,2072.828465035327,2047.986160929032,1.0,72.8284650353271
ABMO,7,10,303,2072.250124767286,2039.3111300091527,1.0,72.2501247672858
ABMO,7,10,304,2072.250124657149,2039.3111297217515,1.0,72.25012465714917
ABMO,7,10,305,2072.2500977909003,2039.3111297217515,1.0,72.25009779090033
ABMO,7,10,306,2072.131803526731,2037.5367229100552,1.0,72.13180352673089
ABMO,7,10,307,2072.131803494783,2037.5367229100552,1.0,72.13180349478307
ABMO,7,10,308,2072.1315729184,2037.5367229100552,1.0,72.1315729183998
ABMO,7,10,309,2072.131552320729,2037.5367229100552,1.0,72.13155232072904
ABMO,7,10,310,2072.131547782832,2037.5367229100552,1.0,72.13154778283206
ABMO,7,10,311,2072.096562840792,2037.0119639498084,1.0,72.0965628407921
ABMO,7,10,312,2072.096559579618,2037.0119639498084,1.0,72.09655957961786
ABMO,7,10,313,2072.0600387287946,2036.944844877053,1.0,72.06003872879455
ABMO,7,10,314,2071.9318061997587,2036.9448447109808,1.0,71.93180619975874
ABMO,7,10,315,2071.931806184541,2036.9448446099525,1.0,71.93180618454107
ABMO,7,10,316,2071.9207513256583,2036.9448445263304,1.0,71.92075132565833
ABMO,7,10,317,2071.920742885145,2036.9448445263304,1.0,71.92074288514505
ABMO,7,10,318,2071.920742184277,2036.9448445263304,1.0,71.92074218427706
ABMO,7,10,319,2071.9206414078662,2036.9448445229127,1.0,71.92064140786624
ABMO,7,10,320,2071.9171098861225,2036.944844207348,1.0,71.91710988612249
ABMO,7,10,321,2071.9170568421814,2036.944844162089,1.0,71.91705684218141
ABMO,7,10,322,2071.917040256167,2036.9448441596933,1.0,71.91704025616718
ABMO,7,10,323,2071.917024387367,2036.9448441595137,1.0,71.91702438736684
ABMO,7,10,324,2071.917020058029,2036.944844039565,1.0,71.91702005802881
ABMO,7,10,325,2071.886870946876,2036.9448439621103,1.0,71.88687094687612
ABMO,7,10,326,2071.886865957354,2036.944843214409,1.0,71.88686595735408
ABMO,7,10,327,2071.886856691926,2036.9448427873835,1.0,71.88685669192591
ABMO,7,10,328,2071.886852120494,2036.944842784785,1.0,71.88685212049404
ABMO,7,10,329,2071.88654296323,2036.9448427551984,1.0,71.88654296323011
ABMO,7,10,330,2071.878423768972,2036.9448426999136,1.0,71.87842376897197
ABMO,7,10,331,2071.844455706861,2036.9448426944432,1.0,71.84445570686103
ABMO,7,10,332,2071.844252184936,2036.944842693288,1.0,71.84425218493607
ABMO,7,10,333,2071.83043001197,2036.9448426659967,1.0,71.83043001196984
ABMO,7,10,334,2071.8208376941666,2036.9448407581367,1.0,71.82083769416658
ABMO,7,10,335,2071.8208121008865,2036.9446163316925,1.0,71.82081210088654
ABMO,7,10,336,2071.8206985381044,2036.942941838745,1.0,71.82069853810435
ABMO,7,10,337,2071.8053085956885,2036.94293473568,1.0,71.80530859568853
ABMO,7,10,338,2071.805308200917,2036.9429318601265,1.0,71.8053082009169
ABMO,7,10,339,2071.805306684086,2036.9429315294217,1.0,71.80530668408619
ABMO,7,10,340,2071.805305966984,2036.9429313423648,1.0,71.80530596698418
ABMO,7,10,341,2071.8033530384714,2036.942930985796,1.0,71.80335303847141
ABMO,7,10,342,2071.8018297540243,2036.9429246157551,1.0,71.80182975402431
ABMO,7,10,343,2071.800564257332,2036.942701219444,1.0,71.8005642573321
ABMO,7,10,344,2071.7999414822925,2036.9375674093253,1.0,71.79994148229252
ABMO,7,10,345,2071.78861562264,2036.937482306168,1.0,71.78861562264001
ABMO,7,10,346,2071.776237785934,2036.9374822998805,1.0,71.77623778593397
ABMO,7,10,347,2071.776236277552,2036.937482299092,1.0,71.77623627755202
ABMO,7,10,348,2071.7752667481604,2036.9374804616511,1.0,71.77526674816045
ABMO,7,10,349,2071.7745610862235,2036.9374804616511,1.0,71.77456108622346
ABMO,7,10,350,2071.773264424416,2036.9374804616511,1.0,71.77326442441608
ABMO,7,10,351,2071.769826269883,2036.9374794267,1.0,71.7698262698832
ABMO,7,10,352,2071.769138769101,2036.9374794267,1.0,71.76913876910112
ABMO,7,10,353,2071.7691023667644,2036.937479426252,1.0,71.7691023667644
ABMO,7,10,354,2071.768733557516,2036.9374788693192,1.0,71.76873355751604
ABMO,7,10,355,2071.768522998708,2036.937475159868,1.0,71.7685229987078
ABMO,7,10,356,2071.7683208619146,2036.937474629406,1.0,71.76832086191462
ABMO,7,10,357,2071.768091254273,2036.937473619248,1.0,71.7680912542728
ABMO,7,10,358,2071.768087838262,2036.9374736192383,1.0,71.76808783826209
ABMO,7,10,359,2071.7680856755737,2036.9374736192176,1.0,71.76808567557373
ABMO,7,10,360,2071.7679975233705,2036.937473619096,1.0,71.76799752337047
ABMO,7,10,361,2071.7677821015304,2036.937473619068,1.0,71.76778210153043
ABMO,7,10,362,2071.767782018584,2036.937473619068,1.0,71.76778201858406
ABMO,7,10,363,2071.767781772315,2036.93747361901,1.0,71.76778177231517
ABMO,7,10,364,2071.767781735986,2036.9374736184443,1.0,71.76778173598586
ABMO,7,10,365,2071.767768562561,2036.9374735096817,1.0,71.76776856256083
ABMO,7,10,366,2071.7677613705755,2036.937473317936,1.0,71.7677613705755
ABMO,7,10,367,2071.7676495681653,2036.9374732903584,1.0,71.76764956816533
ABMO,7,10,368,2071.767579657756,2036.937473253904,1.0,71.76757965775596
ABMO,7,10,369,2071.7675452045564,2036.9374732539004,1.0,71.76754520455643
ABMO,7,10,370,2071.7673451628966,2036.9374732539004,1.0,71.76734516289662
ABMO,7,10,371,2071.767275584776,2036.9374732539004,1.0,71.76727558477614
ABMO,7,10,372,2071.7672755024737,2036.9374732538977,1.0,71.7672755024737
ABMO,7,10,373,2071.7672657760013,2036.9374732535337,1.0,71.7672657760013
ABMO,7,10,374,2071.767265761629,2036.9374732534684,1.0,71.767265761629
ABMO,7,10,375,2071.7672596652,2036.9374732534664,1.0,71.76725966520007
ABMO,7,10,376,2071.7669214499524,2036.9374732534168,1.0,71.7669214499524
ABMO,7,10,377,2071.766332726308,2036.9374732532929,1.0,71.76633272630806
ABMO,7,10,378,2071.766316556368,2036.937473252876,1.0,71.76631655636811
ABMO,7,10,379,2071.766309650931,2036.9374731816952,1.0,71.7663096509309
ABMO,7,10,380,2071.766298869067,2036.9374603840351,1.0,71.76629886906721
ABMO,7,10,381,2071.766177473241,2036.9356395521293,1.0,71.76617747324099
ABMO,7,10,382,2071.765912008294,2036.931713051497,1.0,71.76591200829398
ABMO,7,10,383,2071.765910243392,2036.931711922503,1.0,71.76591024339223
ABMO,7,10,384,2071.765907312098,2036.931711922503,1.0,71.76590731209808
ABMO,7,10,385,2071.7658895138497,2036.931711257488,1.0,71.76588951384974
ABMO,7,10,386,2071.7658863248284,2036.931711257488,1.0,71.76588632482844
ABMO,7,10,387,2071.7658849104428,2036.931710976152,1.0,71.76588491044276
ABMO,7,10,388,2071.7658430368515,2036.9317108886887,1.0,71.76584303685149
ABMO,7,10,389,2071.765616785412,2036.9317108886887,1.0,71.76561678541202
ABMO,7,10,390,2071.7655613445672,2036.9317108886887,1.0,71.76556134456723
ABMO,7,10,391,2071.7655575074464,2036.9317108044445,1.0,71.76555750744637
ABMO,7,10,392,2071.765556086189,2036.9317107834,1.0,71.76555608618901
ABMO,7,10,393,2071.765554539128,2036.9317107834,1.0,71.76555453912806
ABMO,7,10,394,2071.765543627788,2036.9317107834,1.0,71.76554362778779
ABMO,7,10,395,2071.7655416885177,2036.9317107834,1.0,71.76554168851771
ABMO,7,10,396,2071.765538880408,2036.9317107587435,1.0,71.7655388804078
ABMO,7,10,397,2071.7655379272023,2036.9317107587435,1.0,71.76553792720233
ABMO,7,10,398,2071.765499609892,2036.9317107587435,1.0,71.76549960989178
ABMO,7,10,399,2071.765314417873,2036.931710748476,1.0,71.76531441787301
ABMO,7,10,400,2071.765303819704,2036.931710746271,1.0,71.76530381970406
ABMO,7,10,401,2071.765300042878,2036.931710741988,1.0,71.76530004287815
ABMO,7,10,402,2071.765297929466,2036.9317107407032,1.0,71.76529792946621
ABMO,7,10,403,2071.765297705188,2036.931710740408,1.0,71.765297705188
ABMO,7,10,404,2071.765297392348,2036.931710739921,1.0,71.7652973923482
ABMO,7,10,405,2071.765297320247,2036.931710739806,1.0,71.7652973202471
ABMO,7,10,406,2071.7652970677186,2036.9317107395625,1.0,71.76529706771862
ABMO,7,10,407,2071.7652947018664,2036.931710738056,1.0,71.76529470186642
ABMO,7,10,408,2071.765294089193,2036.931710732788,1.0,71.76529408919305
ABMO,7,10,409,2071.765293534628,2036.931710720076,1.0,71.7652935346282
ABMO,7,10,410,2071.7652933364147,2036.9317106912265,1.0,71.76529333641474
ABMO,7,10,411,2071.7652932317974,2036.9317106912265,1.0,71.76529323179739
ABMO,7,10,412,2071.765293223461,2036.9317106912265,1.0,71.76529322346096
ABMO,7,10,413,2071.7652930423305,2036.931710677335,1.0,71.76529304233054
ABMO,7,10,414,2071.7652925726416,2036.931710676991,1.0,71.76529257264156
ABMO,7,10,415,2071.765274940774,2036.931710676991,1.0,71.7652749407739
ABMO,7,10,416,2071.7652749324266,2036.9317106769329,1.0,71.76527493242656
ABMO,7,10,417,2071.7652749309505,2036.9317106766405,1.0,71.76527493095045
ABMO,7,10,418,2071.765274891752,2036.931710659244,1.0,71.76527489175214
ABMO,7,10,419,2071.765274833686,2036.931710659149,1.0,71.76527483368591
ABMO,7,10,420,2071.765274111735,2036.9317106591425,1.0,71.76527411173493
ABMO,7,10,421,2071.7652740916647,2036.931710657173,1.0,71.76527409166465
ABMO,7,10,422,2071.7652739623136,2036.9317106570968,1.0,71.76527396231359
ABMO,7,10,423,2071.7652739378445,2036.931710657003,1.0,71.76527393784454
ABMO,7,10,424,2071.765273842336,2036.9317106569524,1.0,71.76527384233577
ABMO,7,10,425,2071.76527376255,2036.931710656905,1.0,71.7652737625499
ABMO,7,10,426,2071.7652727508844,2036.9317106568828,1.0,71.76527275088438
ABMO,7,10,427,2071.765271854288,2036.931710656684,1.0,71.76527185428813
ABMO,7,10,428,2071.76527179766,2036.9317106538497,1.0,71.7652717976598
ABMO,7,10,429,2071.7652717008227,2036.931710623296,1.0,71.76527170082272
ABMO,7,10,430,2071.76527167606,2036.931710318352,1.0,71.76527167605991
ABMO,7,10,431,2071.7648660631685,2036.9259017255872,1.0,71.76486606316848
ABMO,7,10,432,2071.7643917628643,2036.9187876907915,1.0,71.7643917628643
ABMO,7,10,433,2071.764391713306,2036.9187870503656,1.0,71.76439171330594
ABMO,7,10,434,2071.764391702979,2036.9187870503656,1.0,71.76439170297908
ABMO,7,10,435,2071.764391679355,2036.918786829932,1.0,71.76439167935496
ABMO,7,10,436,2071.7643916559778,2036.918786829932,1.0,71.76439165597776
ABMO,7,10,437,2071.764391635215,2036.9187868246847,1.0,71.7643916352149
ABMO,7,10,438,2071.764391552923,2036.9187867725343,1.0,71.76439155292292
ABMO,7,10,439,2071.7643915344747,2036.91878672796,1.0,71.76439153447473
ABMO,7,10,440,2071.764391460357,2036.91878672556,1.0,71.76439146035682
ABMO,7,10,441,2071.764391430488,2036.918786725515,1.0,71.7643914304881
ABMO,7,10,442,2071.7643914244936,2036.91878672334,1.0,71.76439142449362
ABMO,7,10,443,2071.7643914173555,2036.9187867050928,1.0,71.76439141735545
ABMO,7,10,444,2071.764381218028,2036.91878670492,1.0,71.76438121802812
ABMO,7,10,445,2071.764381216221,2036.9187866986304,1.0,71.76438121622095
ABMO,7,10,446,2071.764381214767,2036.9187866976995,1.0,71.76438121476713
ABMO,7,10,447,2071.7643812134083,2036.9187866969708,1.0,71.76438121340834
ABMO,7,10,448,2071.764381212074,2036.9187866969708,1.0,71.76438121207411
ABMO,7,10,449,2071.764376368828,2036.9187866969053,1.0,71.76437636882793
ABMO,7,10,450,2071.7643762728508,2036.9187866968027,1.0,71.76437627285077
ABMO,7,10,451,2071.764376268088,2036.918786694249,1.0,71.7643762680882
ABMO,7,10,452,2071.7643762632792,2036.91878669404,1.0,71.76437626327925
ABMO,7,10,453,2071.764376258548,2036.9187866940365,1.0,71.76437625854805
ABMO,7,10,454,2071.764376256272,2036.9187866940365,1.0,71.76437625627204
ABMO,7,10,455,2071.7643762513576,2036.9187866940365,1.0,71.76437625135759
ABMO,7,10,456,2071.764374343941,2036.9187866940365,1.0,71.7643743439412
ABMO,7,10,457,2071.7643743358176,2036.918786694028,1.0,71.76437433581759
ABMO,7,10,458,2071.764373834184,2036.9187866940235,1.0,71.76437383418397
ABMO,7,10,459,2071.7643737925227,2036.918786694011,1.0,71.76437379252275
ABMO,7,10,460,2071.7643710739085,2036.9187866939897,1.0,71.76437107390848
ABMO,7,10,461,2071.7643710668613,2036.9187866937548,1.0,71.76437106686126
ABMO,7,10,462,2071.764371029917,2036.9187866898333,1.0,71.76437102991713
ABMO,7,10,463,2071.764347527173,2036.9187866898333,1.0,71.76434752717296
ABMO,7,10,464,2071.764341255238,2036.9187866358727,1.0,71.76434125523792
ABMO,7,10,465,2071.7643411965114,2036.918786425355,1.0,71.7643411965114
ABMO,7,10,466,2071.7643403450247,2036.9187776909084,1.0,71.76434034502472
ABMO,7,10,467,2071.7642863171764,2036.9184822372893,1.0,71.76428631717636
ABMO,7,10,468,2071.764274215928,2036.9184295627715,1.0,71.7642742159278
ABMO,7,10,469,2071.7642736705666,2036.9184295627715,1.0,71.76427367056658
ABMO,7,10,470,2071.764273602633,2036.918428566568,1.0,71.76427360263278
ABMO,7,10,471,2071.764264073188,2036.9184179876315,1.0,71.76426407318786
ABMO,7,10,472,2071.7642626198185,2036.918406099184,1.0,71.76426261981851
ABMO,7,10,473,2071.764262448916,2036.9184035813505,1.0,71.76426244891582
ABMO,7,10,474,2071.7642444109847,2036.9184035813505,1.0,71.7642444109847
ABMO,7,10,475,2071.7642299743115,2036.9184035813505,1.0,71.76422997431155
ABMO,7,10,476,2071.7642291683246,2036.9184027649765,1.0,71.76422916832462
ABMO,7,10,477,2071.7642281973594,2036.9184027649765,1.0,71.76422819735944
ABMO,7,10,478,2071.7642226550297,2036.9183675390225,1.0,71.7642226550297
ABMO,7,10,479,2071.7642113643888,2036.9182041151785,1.0,71.76421136438876
ABMO,7,10,480,2071.7642081230606,2036.9182033947047,1.0,71.7642081230606
ABMO,7,10,481,2071.7642026998365,2036.9182033947047,1.0,71.76420269983646
ABMO,7,10,482,2071.7641985852774,2036.9182033947047,1.0,71.76419858527743
ABMO,7,10,483,2071.7641985852774,2036.9182033947047,1.0,71.76419858527743
ABMO,7,10,484,2071.7641980927087,2036.9182033947047,1.0,71.76419809270874
ABMO,7,10,485,2071.7641980927087,2036.9182033947047,1.0,71.76419809270874
ABMO,7,10,486,2071.7641980927087,2036.9182033947047,1.0,71.76419809270874
ABMO,7,10,487,2071.7641980927087,2036.9182033947047,1.0,71.76419809270874
ABMO,7,10,488,2071.7641980927087,2036.9182033947047,1.0,71.76419809270874
ABMO,7,10,489,2071.7641980927087,2036.9182033947047,1.0,71.76419809270874
ABMO,7,10,490,2071.7641980927087,2036.9182033947047,1.0,71.76419809270874
ABMO,7,10,491,2071.7641980927087,2036.9182033947047,1.0,71.76419809270874
ABMO,7,10,492,2071.7641980927087,2036.9182033947047,1.0,71.76419809270874
ABMO,7,10,493,2071.7641980927087,2036.9182033947047,1.0,71.76419809270874
ABMO,7,10,494,2071.7641980927087,2036.9182033947047,1.0,71.76419809270874
ABMO,7,10,495,2071.7641980927087,2036.9182033947047,1.0,71.76419809270874
ABMO,7,10,496,2071.7641980927087,2036.9182033947047,1.0,71.76419809270874
ABMO,7,10,497,2071.7641980927087,2036.9182033947047,1.0,71.76419809270874
ABMO,7,10,498,2071.7641980927087,2036.9182033947047,1.0,71.76419809270874
ABMO,7,10,499,2071.7641980927087,2036.9182033947047,1.0,71.76419809270874
ABMO,7,10,500,2071.7641980927087,2036.9182033947047,1.0,71.76419809270874
ABMO,7,20,1,9797.176479316262,9351.171496375937,1.0,7797.176479316262
ABMO,7,20,2,7265.885314794325,7368.295000468945,1.0,5265.885314794325
ABMO,7,20,3,6208.968258053051,5868.238384316232,1.0,4208.968258053051
ABMO,7,20,4,5386.009851783539,5326.119882446102,1.0,3386.0098517835386
ABMO,7,20,5,4895.684747970393,4571.408624440359,1.0,2895.684747970393
ABMO,7,20,6,4668.241836378269,4520.384065070472,1.0,2668.241836378269
ABMO,7,20,7,4474.996636927226,4196.056802632735,1.0,2474.996636927226
ABMO,7,20,8,4359.255669777817,4072.692773735368,1.0,2359.2556697778173
ABMO,7,20,9,4188.755143699234,3744.655886120743,1.0,2188.7551436992344
ABMO,7,20,10,4108.027927074643,3612.276108186607,1.0,2108.0279270746432
ABMO,7,20,11,3980.063983629386,3563.1593731842186,1.0,1980.0639836293858
ABMO,7,20,12,3869.173019597068,3433.210295064297,1.0,1869.173019597068
ABMO,7,20,13,3772.898727527502,3404.55392595695,1.0,1772.8987275275022
ABMO,7,20,14,3710.587247505864,3398.19929485506,1.0,1710.587247505864
ABMO,7,20,15,3662.118511533,3327.843994874683,1.0,1662.118511533
ABMO,7,20,16,3583.7154970176184,3262.881461903677,1.0,1583.7154970176184
ABMO,7,20,17,3486.9026920969704,3095.6677966910624,1.0,1486.9026920969704
ABMO,7,20,18,3427.8464065607063,3078.963877055104,1.0,1427.8464065607063
ABMO,7,20,19,3345.875062423674,3040.4512449416384,1.0,1345.875062423674
ABMO,7,20,20,3291.2358078091,2953.5345339757514,1.0,1291.2358078091002
ABMO,7,20,21,3192.0260056099128,2916.9517773219936,1.0,1192.0260056099128
ABMO,7,20,22,3141.318561368665,2892.150784816523,1.0,1141.318561368665
ABMO,7,20,23,3070.789044085027,2845.671858202799,1.0,1070.789044085027
ABMO,7,20,24,3040.9807630983964,2824.119793194204,1.0,1040.9807630983964
ABMO,7,20,25,3004.0227579747448,2824.119793194204,1.0,1004.0227579747448
ABMO,7,20,26,2976.6335513574813,2824.119793194204,1.0,976.6335513574813
ABMO,7,20,27,2957.225868524767,2824.119793194204,1.0,957.2258685247671
ABMO,7,20,28,2935.9578966284066,2813.5395965705584,1.0,935.9578966284066
ABMO,7,20,29,2894.570704990904,2786.789016699904,1.0,894.5707049909038
ABMO,7,20,30,2866.337588216179,2773.69548506522,1.0,866.337588216179
ABMO,7,20,31,2831.72086825779,2768.567245075157,1.0,831.7208682577898
ABMO,7,20,32,2814.232969148044,2745.9846593098964,1.0,814.232969148044
ABMO,7,20,33,2796.937833253345,2717.8935845003,1.0,796.9378332533452
ABMO,7,20,34,2776.3045164316595,2666.218072156183,1.0,776.3045164316595
ABMO,7,20,35,2755.246283330367,2642.5412919450946,1.0,755.2462833303671
ABMO,7,20,36,2736.408477740815,2637.981493608748,1.0,736.4084777408152
ABMO,7,20,37,2716.033121935028,2623.8834673804563,1.0,716.0331219350278
ABMO,7,20,38,2690.2953667810216,2611.871375583263,1.0,690.2953667810216
ABMO,7,20,39,2676.9184572924123,2609.560057986253,1.0,676.9184572924123
ABMO,7,20,40,2652.7155389287955,2609.2366047642654,1.0,652.7155389287955
ABMO,7,20,41,2637.8506055246417,2589.134413044116,1.0,637.8506055246417
ABMO,7,20,42,2634.4403466968174,2588.857257324984,1.0,634.4403466968174
ABMO,7,20,43,2629.5049810239,2588.857257324984,1.0,629.5049810239002
ABMO,7,20,44,2606.872345481235,2588.3139427088954,1.0,606.8723454812348
ABMO,7,20,45,2600.50428634534,2588.3139427088954,1.0,600.50428634534
ABMO,7,20,46,2596.8263766150644,2578.305828890132,1.0,596.8263766150644
ABMO,7,20,47,2591.6650177390547,2568.424971154825,1.0,591.6650177390547
ABMO,7,20,48,2586.47910792162,2556.60980911811,1.0,586.4791079216202
ABMO,7,20,49,2580.125314208548,2538.0350879029693,1.0,580.1253142085479
ABMO,7,20,50,2574.956620693504,2538.0350879029693,1.0,574.9566206935042
ABMO,7,20,51,2568.2151079312684,2515.5940403007025,1.0,568.2151079312684
ABMO,7,20,52,2567.037225322046,2515.5940403007025,1.0,567.0372253220462
ABMO,7,20,53,2562.332701470877,2515.4958960959693,1.0,562.332701470877
ABMO,7,20,54,2556.2132866874813,2515.291955525692,1.0,556.2132866874813
ABMO,7,20,55,2550.642307100493,2515.291955525692,1.0,550.6423071004929
ABMO,7,20,56,2548.9018037110745,2514.3584692658965,1.0,548.9018037110745
ABMO,7,20,57,2547.7769966613605,2512.847248257827,1.0,547.7769966613605
ABMO,7,20,58,2544.4215262939074,2501.140453115225,1.0,544.4215262939074
ABMO,7,20,59,2541.6412413215903,2498.73813559119,1.0,541.6412413215903
ABMO,7,20,60,2540.708973406347,2498.73813559119,1.0,540.708973406347
ABMO,7,20,61,2535.8591384045253,2498.73813559119,1.0,535.8591384045253
ABMO,7,20,62,2533.9973165607807,2498.73813559119,1.0,533.9973165607807
ABMO,7,20,63,2529.119640200034,2498.73813559119,1.0,529.1196402000342
ABMO,7,20,64,2527.051964804744,2498.72211227362,1.0,527.0519648047439
ABMO,7,20,65,2523.946926281065,2482.3479514433984,1.0,523.9469262810649
ABMO,7,20,66,2522.193503672212,2475.8705539961693,1.0,522.193503672212
ABMO,7,20,67,2517.1051725320413,2458.9584257085658,1.0,517.1051725320413
ABMO,7,20,68,2514.905644306039,2458.9508453022218,1.0,514.905644306039
ABMO,7,20,69,2513.709958798347,2458.7355380718145,1.0,513.7099587983471
ABMO,7,20,70,2508.839608472492,2458.6906878069144,1.0,508.8396084724918
ABMO,7,20,71,2505.108170152904,2456.7082002655225,1.0,505.1081701529042
ABMO,7,20,72,2504.912718281017,2456.7082002655225,1.0,504.9127182810171
ABMO,7,20,73,2496.009483246544,2456.0407914991874,1.0,496.0094832465438
ABMO,7,20,74,2490.8402353438705,2455.6243487225647,1.0,490.8402353438705
ABMO,7,20,75,2490.2617331426,2454.9418567005578,1.0,490.26173314259995
ABMO,7,20,76,2481.9646913522074,2454.024487069606,1.0,481.9646913522074
ABMO,7,20,77,2473.1168367157147,2410.201512255935,1.0,473.1168367157147
ABMO,7,20,78,2468.962032863364,2409.454211683073,1.0,468.96203286336413
ABMO,7,20,79,2464.7489593493674,2409.454211683073,1.0,464.7489593493674
ABMO,7,20,80,2460.6019539454965,2407.2755386114013,1.0,460.60195394549646
ABMO,7,20,81,2456.571160935143,2372.2274270331814,1.0,456.57116093514287
ABMO,7,20,82,2455.0127032259143,2367.9745784389074,1.0,455.01270322591427
ABMO,7,20,83,2452.220719476448,2367.9223051857025,1.0,452.2207194764478
ABMO,7,20,84,2451.738417146981,2367.8741426339475,1.0,451.7384171469812
ABMO,7,20,85,2449.9354411620134,2367.774824951002,1.0,449.9354411620134
ABMO,7,20,86,2445.835215990334,2363.15534036249,1.0,445.83521599033384
ABMO,7,20,87,2439.126224718292,2327.354019336498,1.0,439.1262247182922
ABMO,7,20,88,2436.447013133125,2326.690990837159,1.0,436.447013133125
ABMO,7,20,89,2434.107620645876,2318.2852867874226,1.0,434.10762064587607
ABMO,7,20,90,2430.441330531788,2314.620595687923,1.0,430.441330531788
ABMO,7,20,91,2428.457595707455,2300.147818471099,1.0,428.45759570745486
ABMO,7,20,92,2427.0240652364623,2294.8556984910865,1.0,427.0240652364623
ABMO,7,20,93,2426.4568185421867,2293.699085927104,1.0,426.45681854218674
ABMO,7,20,94,2424.787474646701,2293.699085927104,1.0,424.78747464670096
ABMO,7,20,95,2423.3996805474444,2291.306744898596,1.0,423.3996805474444
ABMO,7,20,96,2422.3934839444555,2285.309395831948,1.0,422.3934839444555
ABMO,7,20,97,2417.3916595800274,2280.494707143849,1.0,417.3916595800274
ABMO,7,20,98,2414.381393608937,2280.494707143849,1.0,414.38139360893683
ABMO,7,20,99,2408.5818783136992,2275.2140853927867,1.0,408.58187831369924
ABMO,7,20,100,2407.1142829807804,2275.2140853927867,1.0,407.11428298078044
ABMO,7,20,101,2405.308132224364,2273.354277620235,1.0,405.3081322243638
ABMO,7,20,102,2403.7415080720752,2273.043873951132,1.0,403.74150807207525
ABMO,7,20,103,2400.640624550261,2266.099329919361,1.0,400.6406245502608
ABMO,7,20,104,2396.0878051381314,2254.442861318562,1.0,396.08780513813144
ABMO,7,20,105,2393.4098406524386,2254.2359262241607,1.0,393.40984065243856
ABMO,7,20,106,2392.358450576682,2254.134170542423,1.0,392.3584505766821
ABMO,7,20,107,2388.2575413235727,2253.6694393140897,1.0,388.2575413235727
ABMO,7,20,108,2385.568400484019,2253.6262030482867,1.0,385.5684004840191
ABMO,7,20,109,2382.226209503887,2245.352716877279,1.0,382.2262095038868
ABMO,7,20,110,2380.511689723776,2244.966609452876,1.0,380.5116897237758
ABMO,7,20,111,2379.854427861261,2244.937155890456,1.0,379.8544278612608
ABMO,7,20,112,2379.733154192402,2244.752256349419,1.0,379.7331541924018
ABMO,7,20,113,2379.0299045025467,2244.4465823266028,1.0,379.02990450254674
ABMO,7,20,114,2378.5575524321475,2244.402378541029,1.0,378.55755243214753
ABMO,7,20,115,2378.11553533936,2244.3807624230258,1.0,378.1155353393601
ABMO,7,20,116,2377.6671611611573,2244.3187095827234,1.0,377.6671611611573
ABMO,7,20,117,2377.191437992579,2244.1936858812896,1.0,377.1914379925788
ABMO,7,20,118,2376.4147884463728,2244.165633699462,1.0,376.41478844637277
ABMO,7,20,119,2375.9688757335466,2243.955139864507,1.0,375.9688757335466
ABMO,7,20,120,2375.771013237176,2243.939410047423,1.0,375.7710132371758
ABMO,7,20,121,2375.335506719118,2243.303568489076,1.0,375.3355067191178
ABMO,7,20,122,2375.0942793322697,2243.303568489076,1.0,375.0942793322697
ABMO,7,20,123,2374.866449366368,2243.257482443722,1.0,374.8664493663682
ABMO,7,20,124,2374.501998917124,2243.242806766949,1.0,374.5019989171242
ABMO,7,20,125,2374.2277803745,2243.0644499445543,1.0,374.22778037450007
ABMO,7,20,126,2373.6807438634423,2243.017447323884,1.0,373.68074386344233
ABMO,7,20,127,2373.2631055031893,2242.959180880416,1.0,373.2631055031893
ABMO,7,20,128,2372.507631128785,2242.955920204683,1.0,372.50763112878485
ABMO,7,20,129,2370.1549697155538,2242.92993838413,1.0,370.15496971555376
ABMO,7,20,130,2362.118696874932,2242.756859495921,1.0,362.1186968749321
ABMO,7,20,131,2358.1548891804223,2236.6923471488262,1.0,358.1548891804223
ABMO,7,20,132,2356.0836167824004,2236.6658846202563,1.0,356.08361678240044
ABMO,7,20,133,2354.001333155918,2236.6658846202563,1.0,354.001333155918
ABMO,7,20,134,2353.17790739324,2231.922505189153,1.0,353.1779073932398
ABMO,7,20,135,2351.214381473596,2226.741187982432,1.0,351.21438147359595
ABMO,7,20,136,2349.2789661780494,2224.543763326905,1.0,349.27896617804936
ABMO,7,20,137,2346.8293331989653,2224.2786785450435,1.0,346.8293331989653
ABMO,7,20,138,2345.940787651132,2224.2786785450435,1.0,345.9407876511318
ABMO,7,20,139,2343.2087424079104,2206.605392959469,1.0,343.20874240791045
ABMO,7,20,140,2339.5829614002528,2202.216702270647,1.0,339.58296140025277
ABMO,7,20,141,2335.9302679368348,2200.8988641786327,1.0,335.93026793683475
ABMO,7,20,142,2334.458038047567,2200.5533077990185,1.0,334.4580380475668
ABMO,7,20,143,2332.2682882385766,2200.3736446125185,1.0,332.2682882385766
ABMO,7,20,144,2325.970283391799,2183.314278221313,1.0,325.97028339179906
ABMO,7,20,145,2321.918862153639,2181.2644528037663,1.0,321.9188621536391
ABMO,7,20,146,2320.8586275099383,2179.7026143108224,1.0,320.8586275099383
ABMO,7,20,147,2317.952178716381,2179.1048469518983,1.0,317.9521787163808
ABMO,7,20,148,2316.7165081338285,2177.782988722801,1.0,316.7165081338285
ABMO,7,20,149,2312.376604958293,2176.8014446705747,1.0,312.3766049582928
ABMO,7,20,150,2308.179855913402,2175.8117833817314,1.0,308.1798559134022
ABMO,7,20,151,2300.3486574192343,2175.8117833817314,1.0,300.3486574192343
ABMO,7,20,152,2297.8065105321066,2169.622637684728,1.0,297.8065105321066
ABMO,7,20,153,2295.321917445746,2169.4294164144685,1.0,295.32191744574584
ABMO,7,20,154,2292.8682218227164,2168.480280571516,1.0,292.86822182271635
ABMO,7,20,155,2286.328526974264,2168.285184334567,1.0,286.32852697426415
ABMO,7,20,156,2285.34670034548,2167.7501606704245,1.0,285.3467003454798
ABMO,7,20,157,2282.502722263435,2164.072911372866,1.0,282.50272226343486
ABMO,7,20,158,2279.6091745607546,2158.581588928527,1.0,279.6091745607546
ABMO,7,20,159,2277.899167656756,2158.0042637311244,1.0,277.89916765675616
ABMO,7,20,160,2275.587895231803,2158.0042637311244,1.0,275.58789523180303
ABMO,7,20,161,2274.1794358834577,2155.775147043022,1.0,274.1794358834577
ABMO,7,20,162,2272.774044508345,2149.39506500838,1.0,272.774044508345
ABMO,7,20,163,2271.513214393464,2145.735057982478,1.0,271.51321439346384
ABMO,7,20,164,2270.571914125916,2143.357041838398,1.0,270.571914125916
ABMO,7,20,165,2270.329971807216,2142.156764590378,1.0,270.3299718072162
ABMO,7,20,166,2269.694086464939,2141.464538313674,1.0,269.6940864649391
ABMO,7,20,167,2269.424299524545,2141.2756478030333,1.0,269.42429952454495
ABMO,7,20,168,2268.944917005146,2140.6670677342736,1.0,268.9449170051462
ABMO,7,20,169,2268.4982528110263,2139.065372876438,1.0,268.4982528110263
ABMO,7,20,170,2268.173166389868,2138.6042745454297,1.0,268.17316638986813
ABMO,7,20,171,2267.862506999576,2138.6042745454297,1.0,267.862506999576
ABMO,7,20,172,2266.0944394538365,2138.4799997278824,1.0,266.09443945383646
ABMO,7,20,173,2265.7066161693806,2138.4799997278824,1.0,265.7066161693806
ABMO,7,20,174,2265.111155253855,2138.4799997278824,1.0,265.11115525385503
ABMO,7,20,175,2264.294747897559,2137.835882262089,1.0,264.29474789755886
ABMO,7,20,176,2263.9884017622658,2137.633308590044,1.0,263.98840176226577
ABMO,7,20,177,2263.648376345121,2137.085132060798,1.0,263.64837634512105
ABMO,7,20,178,2263.12872907226,2135.974744698632,1.0,263.12872907225983
ABMO,7,20,179,2262.8091815065486,2135.974744698632,1.0,262.8091815065486
ABMO,7,20,180,2262.186247810352,2135.8029949841766,1.0,262.18624781035214
ABMO,7,20,181,2261.4850881239627,2135.5252260546868,1.0,261.48508812396267
ABMO,7,20,182,2258.1981291075213,2135.369791580866,1.0,258.19812910752125
ABMO,7,20,183,2256.832422577906,2135.369791580866,1.0,256.8324225779061
ABMO,7,20,184,2256.352450778716,2135.2397545189506,1.0,256.35245077871605
ABMO,7,20,185,2256.142089210526,2135.189661029244,1.0,256.14208921052614
ABMO,7,20,186,2256.0415123159883,2135.08651236056,1.0,256.04151231598826
ABMO,7,20,187,2255.531640304163,2135.045193100465,1.0,255.53164030416292
ABMO,7,20,188,2254.1152124538307,2135.045193100465,1.0,254.11521245383074
ABMO,7,20,189,2252.5885109838287,2135.044473262218,1.0,252.58851098382866
ABMO,7,20,190,2245.382466484856,2134.944285230423,1.0,245.3824664848562
ABMO,7,20,191,2244.637098363747,2134.8967862401128,1.0,244.6370983637471
ABMO,7,20,192,2244.1048267197007,2134.8916827033563,1.0,244.10482671970067
ABMO,7,20,193,2240.913527743127,2134.8916827033563,1.0,240.9135277431269
ABMO,7,20,194,2234.010160181018,2134.868243289261,1.0,234.0101601810179
ABMO,7,20,195,2223.231887714828,2134.8616151839924,1.0,223.2318877148282
ABMO,7,20,196,2219.552575427905,2134.8616151839924,1.0,219.55257542790514
ABMO,7,20,197,2217.9898948384875,2134.858195916708,1.0,217.98989483848754
ABMO,7,20,198,2216.887448017309,2134.82842788193,1.0,216.887448017309
ABMO,7,20,199,2215.002844761954,2131.691368274246,1.0,215.00284476195384
ABMO,7,20,200,2213.764711083338,2127.541659498327,1.0,213.76471108333817
ABMO,7,20,201,2212.880404061265,2126.721958405594,1.0,212.88040406126493
ABMO,7,20,202,2211.5593719727144,2123.790391807232,1.0,211.55937197271442
ABMO,7,20,203,2211.2871343423312,2123.7887785768503,1.0,211.28713434233123
ABMO,7,20,204,2211.0998712372407,2123.788459649572,1.0,211.09987123724068
ABMO,7,20,205,2210.629720700936,2123.784578766508,1.0,210.6297207009361
ABMO,7,20,206,2210.250045241356,2123.7835579150938,1.0,210.25004524135602
ABMO,7,20,207,2209.899805823181,2123.778583136413,1.0,209.89980582318094
ABMO,7,20,208,2208.1213953272945,2120.635171623,1.0,208.12139532729452
ABMO,7,20,209,2206.418731228046,2112.809464542927,1.0,206.418731228046
ABMO,7,20,210,2205.864030160668,2112.808182812036,1.0,205.86403016066788
ABMO,7,20,211,2205.083065099082,2112.806584179573,1.0,205.08306509908198
ABMO,7,20,212,2204.701052227412,2112.8050840708474,1.0,204.70105222741222
ABMO,7,20,213,2204.422681427546,2112.801589115079,1.0,204.4226814275462
ABMO,7,20,214,2204.064339125865,2112.8014320091816,1.0,204.064339125865
ABMO,7,20,215,2203.6115539959906,2112.8011404721337,1.0,203.61155399599056
ABMO,7,20,216,2203.312810212288,2112.7979710732134,1.0,203.3128102122878
ABMO,7,20,217,2202.642442665856,2112.7968520008067,1.0,202.64244266585592
ABMO,7,20,218,2202.386906221348,2112.7929338698505,1.0,202.386906221348
ABMO,7,20,219,2202.0587342968206,2112.7928369525125,1.0,202.0587342968206
ABMO,7,20,220,2201.8443352870618,2112.7921792430125,1.0,201.84433528706177
ABMO,7,20,221,2201.1280544921083,2112.786985098518,1.0,201.12805449210828
ABMO,7,20,222,2197.5647688471427,2112.785815469603,1.0,197.56476884714266
ABMO,7,20,223,2193.8176627182047,2112.782802265877,1.0,193.8176627182047
ABMO,7,20,224,2191.258620522401,2109.376571453481,1.0,191.2586205224011
ABMO,7,20,225,2190.876540137256,2108.2579168272687,1.0,190.87654013725614
ABMO,7,20,226,2190.2539084712253,2105.3738709428007,1.0,190.25390847122526
ABMO,7,20,227,2189.406319437935,2105.3738709428007,1.0,189.40631943793505
ABMO,7,20,228,2188.833259513956,2105.3738709428007,1.0,188.8332595139559
ABMO,7,20,229,2188.529176897054,2104.1449500336967,1.0,188.52917689705419
ABMO,7,20,230,2188.351692859937,2104.1011594908705,1.0,188.35169285993697
ABMO,7,20,231,2187.861508455551,2102.835334682442,1.0,187.86150845555085
ABMO,7,20,232,2187.6766691664698,2102.835334682442,1.0,187.67666916646976
ABMO,7,20,233,2187.4603225017845,2102.7643871369746,1.0,187.4603225017845
ABMO,7,20,234,2186.244295646231,2102.74104527938,1.0,186.24429564623097
ABMO,7,20,235,2186.073253682757,2102.584890910592,1.0,186.07325368275679
ABMO,7,20,236,2185.706979879968,2102.506417510822,1.0,185.706979879968
ABMO,7,20,237,2185.114210152119,2102.398878882012,1.0,185.11421015211909
ABMO,7,20,238,2184.789899396816,2102.372965379589,1.0,184.78989939681605
ABMO,7,20,239,2184.287640569224,2102.358849579902,1.0,184.2876405692241
ABMO,7,20,240,2180.3601228760726,2102.172440279283,1.0,180.36012287607264
ABMO,7,20,241,2180.0791096973976,2102.172440279283,1.0,180.0791096973976
ABMO,7,20,242,2179.007768468542,2102.115491249946,1.0,179.00776846854205
ABMO,7,20,243,2178.711163267112,2101.924506613167,1.0,178.71116326711217
ABMO,7,20,244,2178.494386740328,2101.882732386095,1.0,178.49438674032808
ABMO,7,20,245,2176.0971296057583,2101.8419253438005,1.0,176.09712960575825
ABMO,7,20,246,2173.8845017301583,2095.9103811190434,1.0,173.88450173015826
ABMO,7,20,247,2173.428446509906,2095.2517084358915,1.0,173.42844650990583
ABMO,7,20,248,2173.1242445857383,2095.17795240413,1.0,173.12424458573832
ABMO,7,20,249,2173.016353402961,2095.17795240413,1.0,173.01635340296116
ABMO,7,20,250,2172.923251658447,2095.17795240413,1.0,172.92325165844704
ABMO,7,20,251,2172.6113420558163,2094.786031487539,1.0,172.6113420558163
ABMO,7,20,252,2172.5695473627607,2094.744839088964,1.0,172.56954736276066
ABMO,7,20,253,2172.542357090063,2094.6962551108154,1.0,172.54235709006298
ABMO,7,20,254,2172.384492802062,2094.679723564313,1.0,172.38449280206214
ABMO,7,20,255,2172.1445265173274,2094.587564134836,1.0,172.14452651732745
ABMO,7,20,256,2170.5590298924203,2094.536963064271,1.0,170.5590298924203
ABMO,7,20,257,2168.7981251441483,2094.5323281478554,1.0,168.79812514414834
ABMO,7,20,258,2168.710196056219,2094.5097088193183,1.0,168.71019605621905
ABMO,7,20,259,2168.550253840859,2094.485108921874,1.0,168.5502538408591
ABMO,7,20,260,2167.804748898552,2094.474418639449,1.0,167.80474889855213
ABMO,7,20,261,2167.4143558041383,2094.4676691662303,1.0,167.41435580413827
ABMO,7,20,262,2167.3467864078093,2094.4676691662303,1.0,167.3467864078093
ABMO,7,20,263,2167.268440929442,2094.4676691662303,1.0,167.26844092944202
ABMO,7,20,264,2167.2331979162414,2094.42758713139,1.0,167.23319791624135
ABMO,7,20,265,2167.1434088892456,2094.417821704782,1.0,167.14340888924562
ABMO,7,20,266,2167.056426305244,2094.407487328748,1.0,167.0564263052438
ABMO,7,20,267,2166.920962717638,2094.39685068567,1.0,166.92096271763785
ABMO,7,20,268,2166.809816262824,2094.39685068567,1.0,166.80981626282392
ABMO,7,20,269,2166.736294936382,2094.3912594574367,1.0,166.7362949363819
ABMO,7,20,270,2166.6336918283355,2094.3833640319435,1.0,166.6336918283355
ABMO,7,20,271,2166.5762391301346,2094.381766322572,1.0,166.57623913013458
ABMO,7,20,272,2166.4810203245406,2094.3645916214427,1.0,166.48102032454062
ABMO,7,20,273,2166.368509180216,2094.3344226866548,1.0,166.36850918021582
ABMO,7,20,274,2166.2976047258744,2094.333535821372,1.0,166.2976047258744
ABMO,7,20,275,2166.213787759389,2094.3170338576506,1.0,166.2137877593891
ABMO,7,20,276,2166.1789972691336,2094.2677702880087,1.0,166.17899726913356
ABMO,7,20,277,2166.129442757928,2094.2677702880087,1.0,166.1294427579278
ABMO,7,20,278,2166.093685695609,2094.2674326241818,1.0,166.0936856956091
ABMO,7,20,279,2166.071783864816,2094.2670908137443,1.0,166.0717838648161
ABMO,7,20,280,2166.0203764814714,2094.2610989147715,1.0,166.02037648147143
ABMO,7,20,281,2165.8878947469475,2094.202894443972,1.0,165.8878947469475
ABMO,7,20,282,2165.870489585635,2094.1860066365007,1.0,165.8704895856349
ABMO,7,20,283,2165.752975827128,2094.1855048764924,1.0,165.752975827128
ABMO,7,20,284,2165.576083291903,2094.1303986416087,1.0,165.57608329190316
ABMO,7,20,285,2165.5395443583475,2094.095303677095,1.0,165.53954435834748
ABMO,7,20,286,2165.5195135701506,2094.022838594114,1.0,165.5195135701506
ABMO,7,20,287,2165.506678074121,2094.009197956162,1.0,165.50667807412083
ABMO,7,20,288,2165.495536665314,2094.003237012861,1.0,165.49553666531392
ABMO,7,20,289,2165.449827218121,2094.001972939493,1.0,165.44982721812084
ABMO,7,20,290,2165.400691161416,2094.001972939493,1.0,165.40069116141603
ABMO,7,20,291,2165.385829154762,2093.999414634275,1.0,165.38582915476218
ABMO,7,20,292,2165.362922349409,2093.996378510306,1.0,165.36292234940902
ABMO,7,20,293,2165.268498027528,2093.9962677322314,1.0,165.26849802752804
ABMO,7,20,294,2163.3694253956023,2093.9956204928294,1.0,163.36942539560232
ABMO,7,20,295,2163.321924117616,2093.9916075806914,1.0,163.32192411761616
ABMO,7,20,296,2163.308260012856,2093.988661714021,1.0,163.30826001285595
ABMO,7,20,297,2163.26798050903,2093.987296354861,1.0,163.26798050903017
ABMO,7,20,298,2163.2585721720297,2093.9808685513067,1.0,163.25857217202974
ABMO,7,20,299,2163.2483052705165,2093.972995097328,1.0,163.24830527051654
ABMO,7,20,300,2163.2260559146625,2093.9684301987445,1.0,163.22605591466254
ABMO,7,20,301,2163.1937414938416,2093.948891790852,1.0,163.19374149384157
ABMO,7,20,302,2163.135996321302,2093.894752899797,1.0,163.13599632130217
ABMO,7,20,303,2163.081444718611,2093.701521936785,1.0,163.08144471861078
ABMO,7,20,304,2163.0440913466027,2093.649936256178,1.0,163.04409134660273
ABMO,7,20,305,2163.0089494500594,2093.649936256178,1.0,163.0089494500594
ABMO,7,20,306,2162.974253314,2093.648798166287,1.0,162.97425331400018
ABMO,7,20,307,2162.892502057804,2093.647622859716,1.0,162.892502057804
ABMO,7,20,308,2162.8449603783897,2093.5437658003075,1.0,162.84496037838971
ABMO,7,20,309,2162.5704792933125,2093.5403740001893,1.0,162.57047929331247
ABMO,7,20,310,2162.312513580066,2093.5398658307786,1.0,162.31251358006602
ABMO,7,20,311,2162.268896631074,2093.539734469168,1.0,162.26889663107386
ABMO,7,20,312,2162.006787925131,2093.539458939568,1.0,162.006787925131
ABMO,7,20,313,2161.867521026269,2093.489889969212,1.0,161.86752102626906
ABMO,7,20,314,2161.861606768576,2093.4821529246665,1.0,161.86160676857617
ABMO,7,20,315,2161.8347355994474,2093.480883779188,1.0,161.8347355994474
ABMO,7,20,316,2161.7743795929687,2093.4807358931694,1.0,161.77437959296867
ABMO,7,20,317,2161.680143110388,2093.4804869637032,1.0,161.68014311038814
ABMO,7,20,318,2161.1966446341507,2088.8167869361423,1.0,161.19664463415074
ABMO,7,20,319,2161.085523922671,2087.345821226163,1.0,161.0855239226712
ABMO,7,20,320,2161.0361942324475,2086.897260071593,1.0,161.03619423244754
ABMO,7,20,321,2160.991010009438,2086.793329406084,1.0,160.991010009438
ABMO,7,20,322,2160.938968779079,2086.793329406084,1.0,160.938968779079
ABMO,7,20,323,2160.905713493565,2086.742653157335,1.0,160.90571349356514
ABMO,7,20,324,2160.8896564665456,2086.695447446474,1.0,160.8896564665456
ABMO,7,20,325,2160.508071202345,2086.695447446474,1.0,160.50807120234504
ABMO,7,20,326,2160.1550939057265,2086.662274638082,1.0,160.15509390572652
ABMO,7,20,327,2159.913851686244,2086.651897928877,1.0,159.91385168624402
ABMO,7,20,328,2159.841281262128,2086.543635742534,1.0,159.84128126212818
ABMO,7,20,329,2159.702431108471,2086.300897121262,1.0,159.70243110847105
ABMO,7,20,330,2159.616068073453,2086.300560336903,1.0,159.61606807345288
ABMO,7,20,331,2159.6034163253257,2086.300560336903,1.0,159.60341632532572
ABMO,7,20,332,2159.5915089173604,2086.300409950012,1.0,159.59150891736044
ABMO,7,20,333,2159.5760666400693,2086.299512847436,1.0,159.57606664006926
ABMO,7,20,334,2159.54751909608,2086.299512847436,1.0,159.54751909608012
ABMO,7,20,335,2159.5378074709083,2086.2994698724515,1.0,159.53780747090832
ABMO,7,20,336,2159.529172324716,2086.296595017198,1.0,159.529172324716
ABMO,7,20,337,2159.4828351967285,2085.759445689265,1.0,159.4828351967285
ABMO,7,20,338,2159.4703150010064,2085.75888187194,1.0,159.47031500100638
ABMO,7,20,339,2159.432461264952,2085.75888187194,1.0,159.43246126495205
ABMO,7,20,340,2159.4232708576515,2085.7587479129747,1.0,159.42327085765146
ABMO,7,20,341,2159.3916380004075,2085.7587479129747,1.0,159.3916380004075
ABMO,7,20,342,2159.38356405058,2085.69945721012,1.0,159.38356405057993
ABMO,7,20,343,2159.361122933033,2085.692301480587,1.0,159.36112293303313
ABMO,7,20,344,2159.3436266170866,2085.692198566745,1.0,159.34362661708656
ABMO,7,20,345,2159.3251734297774,2085.5357004516186,1.0,159.32517342977735
ABMO,7,20,346,2159.3074946312377,2085.5357004516186,1.0,159.30749463123766
ABMO,7,20,347,2159.2952585789794,2085.4685765698287,1.0,159.29525857897943
ABMO,7,20,348,2159.283851672139,2085.4685765698287,1.0,159.283851672139
ABMO,7,20,349,2159.2748993986697,2085.4685765698287,1.0,159.27489939866973
ABMO,7,20,350,2159.2700604270485,2085.4685496920647,1.0,159.27006042704852
ABMO,7,20,351,2159.25873039727,2085.4685496920647,1.0,159.25873039727003
ABMO,7,20,352,2159.2289304215474,2085.4685469658107,1.0,159.22893042154737
ABMO,7,20,353,2159.213134942607,2085.4685469658107,1.0,159.2131349426072
ABMO,7,20,354,2159.194513892857,2085.4685469658107,1.0,159.19451389285678
ABMO,7,20,355,2159.1268862522943,2085.435166315071,1.0,159.1268862522943
ABMO,7,20,356,2159.067453394456,2085.431723335268,1.0,159.06745339445615
ABMO,7,20,357,2159.051825522412,2085.4312468715298,1.0,159.05182552241195
ABMO,7,20,358,2158.89507907,2085.424112059748,1.0,158.89507907000007
ABMO,7,20,359,2158.8712517874783,2085.4213002031697,1.0,158.8712517874783
ABMO,7,20,360,2158.8375163262785,2085.417452476937,1.0,158.83751632627855
ABMO,7,20,361,2158.713450642016,2085.4146551022354,1.0,158.71345064201614
ABMO,7,20,362,2158.693390527648,2085.41013026724,1.0,158.6933905276478
ABMO,7,20,363,2158.6855209060373,2085.41013026724,1.0,158.68552090603725
ABMO,7,20,364,2158.6571401479746,2085.41013026724,1.0,158.6571401479746
ABMO,7,20,365,2158.5965665102085,2085.410130164084,1.0,158.5965665102085
ABMO,7,20,366,2158.592785036579,2085.4069873737462,1.0,158.5927850365788
ABMO,7,20,367,2158.495459807036,2085.4069873737462,1.0,158.4954598070358
ABMO,7,20,368,2158.489362101649,2085.4069873737462,1.0,158.48936210164902
ABMO,7,20,369,2158.476992038898,2085.4069873737462,1.0,158.47699203889806
ABMO,7,20,370,2158.4436912280994,2085.4066649050046,1.0,158.4436912280994
ABMO,7,20,371,2158.423318020111,2085.4063144776565,1.0,158.42331802011086
ABMO,7,20,372,2158.4189732307746,2085.405756314792,1.0,158.41897323077455
ABMO,7,20,373,2158.4072063926424,2085.4052960013087,1.0,158.40720639264237
ABMO,7,20,374,2158.398388683702,2085.4052873471537,1.0,158.3983886837018
ABMO,7,20,375,2158.392519730778,2085.405176820126,1.0,158.39251973077808
ABMO,7,20,376,2158.387568655576,2085.405075417718,1.0,158.38756865557616
ABMO,7,20,377,2158.3661442568696,2085.405054096699,1.0,158.36614425686957
ABMO,7,20,378,2158.357375627024,2085.4048980540656,1.0,158.35737562702388
ABMO,7,20,379,2158.337199715691,2085.404865231675,1.0,158.33719971569099
ABMO,7,20,380,2158.319404153828,2085.4047257336474,1.0,158.31940415382815
ABMO,7,20,381,2158.3168946008964,2085.40457095674,1.0,158.31689460089638
ABMO,7,20,382,2158.310973622671,2085.403980334956,1.0,158.3109736226711
ABMO,7,20,383,2158.299476943964,2085.400536827024,1.0,158.29947694396378
ABMO,7,20,384,2158.237578577061,2085.3877332279467,1.0,158.23757857706096
ABMO,7,20,385,2158.1866388502704,2085.3867159784886,1.0,158.18663885027036
ABMO,7,20,386,2158.142135555387,2085.38388789675,1.0,158.14213555538709
ABMO,7,20,387,2158.1140175256864,2085.383245134667,1.0,158.11401752568645
ABMO,7,20,388,2158.1009616978245,2085.383007772259,1.0,158.10096169782446
ABMO,7,20,389,2158.0911249494625,2085.383007772259,1.0,158.09112494946248
ABMO,7,20,390,2158.087586985532,2085.382297365485,1.0,158.0875869855322
ABMO,7,20,391,2158.0824331248223,2085.381027704156,1.0,158.08243312482227
ABMO,7,20,392,2158.077402150382,2085.380701088622,1.0,158.0774021503821
ABMO,7,20,393,2158.069362349584,2085.380701088622,1.0,158.06936234958403
ABMO,7,20,394,2158.066983945476,2085.380633773061,1.0,158.06698394547584
ABMO,7,20,395,2158.064897595515,2085.380633773061,1.0,158.06489759551505
ABMO,7,20,396,2158.0620382551742,2085.3805112657847,1.0,158.06203825517423
ABMO,7,20,397,2158.057226073937,2085.377267700121,1.0,158.05722607393682
ABMO,7,20,398,2158.0539412757703,2085.376944638482,1.0,158.05394127577028
ABMO,7,20,399,2158.0507531859503,2085.3769220963286,1.0,158.05075318595027
ABMO,7,20,400,2158.038491863325,2085.3767621666616,1.0,158.0384918633249
ABMO,7,20,401,2158.008088094052,2085.37659708128,1.0,158.0080880940518
ABMO,7,20,402,2157.991826445127,2085.37659708128,1.0,157.99182644512712
ABMO,7,20,403,2157.9694635820715,2085.37659708128,1.0,157.9694635820715
ABMO,7,20,404,2157.9492188156883,2085.3765205256204,1.0,157.94921881568825
ABMO,7,20,405,2157.9471110576314,2085.376356513704,1.0,157.94711105763145
ABMO,7,20,406,2157.9378570551235,2085.376299071473,1.0,157.93785705512346
ABMO,7,20,407,2157.9186875064524,2085.376266369338,1.0,157.91868750645244
ABMO,7,20,408,2157.916709561558,2085.3762636799884,1.0,157.91670956155804
ABMO,7,20,409,2157.9113790549527,2085.3762623613475,1.0,157.9113790549527
ABMO,7,20,410,2157.907484767039,2085.3762055893194,1.0,157.90748476703902
ABMO,7,20,411,2157.8955938614668,2085.3762029998124,1.0,157.89559386146675
ABMO,7,20,412,2157.883182839824,2085.376167440141,1.0,157.8831828398238
ABMO,7,20,413,2157.8741807779834,2085.3761610388465,1.0,157.87418077798338
ABMO,7,20,414,2157.868208130324,2085.376075666672,1.0,157.8682081303241
ABMO,7,20,415,2157.818927648256,2085.375936855008,1.0,157.8189276482558
ABMO,7,20,416,2157.8144619150457,2085.368434094218,1.0,157.81446191504574
ABMO,7,20,417,2157.81143596122,2085.367369563742,1.0,157.81143596122
ABMO,7,20,418,2157.8072288805897,2085.3672034262427,1.0,157.80722888058972
ABMO,7,20,419,2157.805346662861,2085.366738575781,1.0,157.8053466628612
ABMO,7,20,420,2157.803156463877,2085.3664536054102,1.0,157.8031564638768
ABMO,7,20,421,2157.800454890708,2085.366033092166,1.0,157.8004548907079
ABMO,7,20,422,2157.7988387005003,2085.3659693744085,1.0,157.79883870050026
ABMO,7,20,423,2157.7940126730414,2085.36577743534,1.0,157.79401267304138
ABMO,7,20,424,2157.79226736846,2085.365692201068,1.0,157.79226736846022
ABMO,7,20,425,2157.7894432495823,2085.365673989996,1.0,157.7894432495823
ABMO,7,20,426,2157.788170291609,2085.365673832746,1.0,157.78817029160882
ABMO,7,20,427,2157.785506039113,2085.365476130488,1.0,157.785506039113
ABMO,7,20,428,2157.7793023473578,2085.3654760168665,1.0,157.77930234735777
ABMO,7,20,429,2157.776223579157,2085.365361817197,1.0,157.77622357915698
ABMO,7,20,430,2157.77533675147,2085.3653617710206,1.0,157.77533675147015
ABMO,7,20,431,2157.7746874713816,2085.3653616211527,1.0,157.77468747138164
ABMO,7,20,432,2157.773374203444,2085.365361431405,1.0,157.77337420344384
ABMO,7,20,433,2157.770192347194,2085.365347564208,1.0,157.7701923471941
ABMO,7,20,434,2157.7693899256487,2085.3653438074343,1.0,157.76938992564874
ABMO,7,20,435,2157.7666492063754,2085.3653378902127,1.0,157.7666492063754
ABMO,7,20,436,2157.766105493974,2085.3652713621987,1.0,157.766105493974
ABMO,7,20,437,2157.763864153421,2085.364625334008,1.0,157.76386415342085
ABMO,7,20,438,2157.7614034834587,2085.3585958526246,1.0,157.7614034834587
ABMO,7,20,439,2157.761023300056,2085.3583048857195,1.0,157.76102330005597
ABMO,7,20,440,2157.759714195291,2085.358247888306,1.0,157.75971419529105
ABMO,7,20,441,2157.756915929523,2085.34960405513,1.0,157.75691592952307
ABMO,7,20,442,2157.754967417155,2085.337100854509,1.0,157.75496741715506
ABMO,7,20,443,2157.7525514329323,2085.337100854509,1.0,157.75255143293225
ABMO,7,20,444,2157.750266984006,2085.333638166698,1.0,157.75026698400598
ABMO,7,20,445,2157.745223544042,2085.333301271144,1.0,157.7452235440419
ABMO,7,20,446,2157.73787565404,2085.333283819365,1.0,157.73787565404018
ABMO,7,20,447,2157.689719582718,2084.7397665416693,1.0,157.68971958271823
ABMO,7,20,448,2157.5761531768608,2084.7397665416693,1.0,157.57615317686077
ABMO,7,20,449,2157.4959675405785,2084.5993757375845,1.0,157.49596754057848
ABMO,7,20,450,2157.3922599944844,2084.359134141837,1.0,157.39225999448445
ABMO,7,20,451,2157.034165753068,2084.359134141837,1.0,157.034165753068
ABMO,7,20,452,2157.032493601357,2084.359134141837,1.0,157.03249360135715
ABMO,7,20,453,2157.026705429117,2084.2912543134435,1.0,157.0267054291171
ABMO,7,20,454,2157.023995771158,2084.2558660959485,1.0,157.02399577115784
ABMO,7,20,455,2157.0227285940823,2084.2558660959485,1.0,157.0227285940823
ABMO,7,20,456,2157.0205982559687,2084.2558660959485,1.0,157.0205982559687
ABMO,7,20,457,2157.006934335036,2084.255273560471,1.0,157.00693433503602
ABMO,7,20,458,2156.9752672425057,2084.246179690199,1.0,156.97526724250565
ABMO,7,20,459,2156.9728269593083,2084.21629764054,1.0,156.97282695930835
ABMO,7,20,460,2156.972199076715,2084.21629764054,1.0,156.9721990767148
ABMO,7,20,461,2156.968848659491,2084.214597627616,1.0,156.96884865949096
ABMO,7,20,462,2156.9685819750844,2084.2128911297805,1.0,156.96858197508436
ABMO,7,20,463,2156.922540429877,2084.206535966122,1.0,156.9225404298768
ABMO,7,20,464,2156.921986318024,2084.2028955140177,1.0,156.9219863180242
ABMO,7,20,465,2156.9169399318603,2084.2011032405344,1.0,156.91693993186027
ABMO,7,20,466,2156.9163289742023,2084.199622264806,1.0,156.91632897420232
ABMO,7,20,467,2156.9082858113647,2084.199622264806,1.0,156.90828581136475
ABMO,7,20,468,2156.9030635554764,2084.198436589595,1.0,156.90306355547636
ABMO,7,20,469,2156.898686907875,2084.198436589496,1.0,156.8986869078749
ABMO,7,20,470,2156.896864724082,2084.1984336147125,1.0,156.8968647240822
ABMO,7,20,471,2156.8948049297164,2084.198433614497,1.0,156.89480492971643
ABMO,7,20,472,2156.889456883817,2084.1977273734446,1.0,156.88945688381682
ABMO,7,20,473,2156.8866848755106,2084.197727373168,1.0,156.88668487551058
ABMO,7,20,474,2156.884017679154,2084.197727371139,1.0,156.8840176791541
ABMO,7,20,475,2156.883794959213,2084.1973603763217,1.0,156.883794959213
ABMO,7,20,476,2156.8836754822537,2084.1972942315524,1.0,156.8836754822537
ABMO,7,20,477,2156.8812536247465,2084.197153193764,1.0,156.88125362474648
ABMO,7,20,478,2156.8787850602816,2084.197153193764,1.0,156.87878506028164
ABMO,7,20,479,2156.5907265892865,2084.197153193764,1.0,156.59072658928653
ABMO,7,20,480,2156.5203054242606,2084.194791369623,1.0,156.52030542426064
ABMO,7,20,481,2156.396667433294,2084.187076851883,1.0,156.39666743329417
ABMO,7,20,482,2156.394930250259,2084.185021912416,1.0,156.39493025025922
ABMO,7,20,483,2156.376069113685,2084.185021912416,1.0,156.37606911368493
ABMO,7,20,484,2156.294260486038,2084.185021912416,1.0,156.29426048603818
ABMO,7,20,485,2156.289474533477,2084.185021912416,1.0,156.289474533477
ABMO,7,20,486,2156.287315996753,2084.185021912416,1.0,156.28731599675302
ABMO,7,20,487,2156.232300593612,2084.185021912416,1.0,156.23230059361185
ABMO,7,20,488,2156.08719543642,2084.185021912416,1.0,156.0871954364202
ABMO,7,20,489,2156.085986471534,2084.185021912416,1.0,156.08598647153394
ABMO,7,20,490,2156.019859409275,2084.185021912416,1.0,156.0198594092749
ABMO,7,20,491,2156.015751007428,2084.185021912416,1.0,156.0157510074282
ABMO,7,20,492,2155.992994760591,2084.185021912416,1.0,155.99299476059105
ABMO,7,20,493,2155.9924924113243,2084.185021912416,1.0,155.9924924113243
ABMO,7,20,494,2155.8994602364087,2084.185021912416,1.0,155.8994602364087
ABMO,7,20,495,2155.8994602364087,2084.185021912416,1.0,155.8994602364087
ABMO,7,20,496,2155.89011116772,2084.185021912416,1.0,155.89011116772008
ABMO,7,20,497,2155.89011116772,2084.185021912416,1.0,155.89011116772008
ABMO,7,20,498,2155.89011116772,2084.185021912416,1.0,155.89011116772008
ABMO,7,20,499,2155.89011116772,2084.185021912416,1.0,155.89011116772008
ABMO,7,20,500,2155.89011116772,2084.185021912416,1.0,155.89011116772008
ABMO,12,10,1,3023.192427820436,2994.9159197292624,1.0,323.192427820436
ABMO,12,10,2,2956.632251838607,2943.566356762127,1.0,256.63225183860686
ABMO,12,10,3,2933.1305171178115,2912.3306315143564,1.0,233.13051711781145
ABMO,12,10,4,2920.048502399696,2899.697706681632,1.0,220.0485023996962
ABMO,12,10,5,2909.4265902239326,2882.831060725508,1.0,209.42659022393264
ABMO,12,10,6,2905.456185663053,2879.74901947731,1.0,205.45618566305302
ABMO,12,10,7,2903.705009232684,2878.9395649239354,1.0,203.705009232684
ABMO,12,10,8,2902.104378518524,2878.3844030445243,1.0,202.10437851852384
ABMO,12,10,9,2900.977894043803,2876.999299500688,1.0,200.9778940438032
ABMO,12,10,10,2900.088751095223,2874.170624027746,1.0,200.08875109522296
ABMO,12,10,11,2899.0607606013664,2873.608946522144,1.0,199.06076060136638
ABMO,12,10,12,2898.054452169937,2873.545577414269,1.0,198.05445216993712
ABMO,12,10,13,2897.4137145878613,2872.670506597603,1.0,197.41371458786125
ABMO,12,10,14,2894.122707403722,2872.253366793064,1.0,194.12270740372196
ABMO,12,10,15,2893.680348270646,2871.693305165406,1.0,193.68034827064594
ABMO,12,10,16,2893.4472764476814,2871.4730926988072,1.0,193.44727644768136
ABMO,12,10,17,2893.299447887927,2871.4730926988072,1.0,193.29944788792682
ABMO,12,10,18,2893.1225359801365,2871.383653766573,1.0,193.1225359801365
ABMO,12,10,19,2892.9635656424093,2871.1392560550603,1.0,192.96356564240932
ABMO,12,10,20,2892.863171360215,2871.133688892364,1.0,192.8631713602149
ABMO,12,10,21,2892.7294112665945,2871.1266019784107,1.0,192.72941126659452
ABMO,12,10,22,2892.6965439872893,2871.1157698671386,1.0,192.69654398728926
ABMO,12,10,23,2892.6620208203267,2871.114446245316,1.0,192.6620208203267
ABMO,12,10,24,2892.621939285828,2871.1104321162093,1.0,192.62193928582792
ABMO,12,10,25,2892.5829274297794,2871.10439803096,1.0,192.58292742977937
ABMO,12,10,26,2892.509525652112,2871.103944198646,1.0,192.5095256521122
ABMO,12,10,27,2892.4868491191146,2871.099053398927,1.0,192.4868491191146
ABMO,12,10,28,2892.4579875760733,2871.098977780509,1.0,192.45798757607326
ABMO,12,10,29,2892.4512928791523,2871.09873502749,1.0,192.45129287915233
ABMO,12,10,30,2892.436790979201,2871.098712484095,1.0,192.43679097920085
ABMO,12,10,31,2892.425816721815,2871.098688359977,1.0,192.42581672181495
ABMO,12,10,32,2892.418439812651,2871.0986543359268,1.0,192.41843981265083
ABMO,12,10,33,2892.4068014664454,2871.0986543359268,1.0,192.40680146644536
ABMO,12,10,34,2892.405147052268,2871.0986504817024,1.0,192.40514705226815
ABMO,12,10,35,2892.4007129755,2871.0986428663373,1.0,192.40071297550003
ABMO,12,10,36,2892.3926958813463,2871.0986428663373,1.0,192.3926958813463
ABMO,12,10,37,2892.3885675667607,2871.0986392690825,1.0,192.38856756676068
ABMO,12,10,38,2892.3869679082904,2871.0986388160254,1.0,192.38696790829044
ABMO,12,10,39,2892.3850163858897,2871.0986388160254,1.0,192.38501638588968
ABMO,12,10,40,2892.381820475718,2871.0986371756844,1.0,192.3818204757181
ABMO,12,10,41,2892.3769783206944,2871.0986371756844,1.0,192.37697832069443
ABMO,12,10,42,2892.376080788511,2871.0986359657054,1.0,192.376080788511
ABMO,12,10,43,2892.373445883496,2871.0986359657054,1.0,192.37344588349606
ABMO,12,10,44,2892.360810312968,2871.0986357581687,1.0,192.36081031296817
ABMO,12,10,45,2892.358062789338,2871.0986352340547,1.0,192.35806278933796
ABMO,12,10,46,2892.357958171649,2871.0986352340547,1.0,192.357958171649
ABMO,12,10,47,2892.35780548342,2871.0986352340547,1.0,192.35780548342018
ABMO,12,10,48,2892.3508674989585,2871.0986347958424,1.0,192.35086749895845
ABMO,12,10,49,2892.34936070211,2871.0986321543687,1.0,192.34936070211006
ABMO,12,10,50,2892.3490619507024,2871.0985078498834,1.0,192.34906195070243
ABMO,12,10,51,2892.3483599534284,2871.098085638152,1.0,192.34835995342837
ABMO,12,10,52,2892.347651342811,2871.09808539434,1.0,192.34765134281088
ABMO,12,10,53,2892.3459166054554,2871.098023535417,1.0,192.3459166054554
ABMO,12,10,54,2892.34581867244,2871.098023535417,1.0,192.34581867244015
ABMO,12,10,55,2892.3452074927245,2871.0975380913687,1.0,192.3452074927245
ABMO,12,10,56,2892.3447148573573,2871.097472065486,1.0,192.3447148573573
ABMO,12,10,57,2892.344099325054,2871.096662685901,1.0,192.34409932505378
ABMO,12,10,58,2892.343443516154,2871.09613632056,1.0,192.3434435161539
ABMO,12,10,59,2892.341763309532,2871.0961297724903,1.0,192.34176330953187
ABMO,12,10,60,2892.338808834957,2871.0961297724903,1.0,192.33880883495704
ABMO,12,10,61,2892.3387487191308,2871.0961276769485,1.0,192.33874871913076
ABMO,12,10,62,2892.3382221202987,2871.095707502638,1.0,192.33822212029872
ABMO,12,10,63,2892.3382094457274,2871.095707502638,1.0,192.33820944572744
ABMO,12,10,64,2892.337936163304,2871.095704965129,1.0,192.33793616330422
ABMO,12,10,65,2892.3373369918904,2871.0957047509664,1.0,192.33733699189042
ABMO,12,10,66,2892.335682343067,2871.0957047509664,1.0,192.33568234306722
ABMO,12,10,67,2892.335339814402,2871.095704376645,1.0,192.33533981440178
ABMO,12,10,68,2892.3353129110383,2871.095704376645,1.0,192.33531291103827
ABMO,12,10,69,2892.3351456386827,2871.095704376645,1.0,192.33514563868266
ABMO,12,10,70,2892.3349472931864,2871.0956056609502,1.0,192.33494729318636
ABMO,12,10,71,2892.334543910105,2871.0955825884985,1.0,192.3345439101049
ABMO,12,10,72,2892.334272723137,2871.0948983811154,1.0,192.33427272313702
ABMO,12,10,73,2892.334219754978,2871.094898169543,1.0,192.33421975497822
ABMO,12,10,74,2892.3329612776056,2871.094898162185,1.0,192.3329612776056
ABMO,12,10,75,2892.3327538798603,2871.094897737912,1.0,192.33275387986032
ABMO,12,10,76,2892.3324723006026,2871.0948958637264,1.0,192.3324723006026
ABMO,12,10,77,2892.33245266535,2871.0948939377595,1.0,192.33245266535005
ABMO,12,10,78,2892.332333987937,2871.0937359760787,1.0,192.3323339879371
ABMO,12,10,79,2892.332064094034,2871.0937359760787,1.0,192.3320640940342
ABMO,12,10,80,2892.332060887997,2871.0937359756026,1.0,192.33206088799716
ABMO,12,10,81,2892.332049414077,2871.0937359756026,1.0,192.33204941407712
ABMO,12,10,82,2892.3320467663207,2871.0937359756026,1.0,192.33204676632067
ABMO,12,10,83,2892.3312661901427,2871.0937359756026,1.0,192.33126619014274
ABMO,12,10,84,2892.331233804887,2871.0937359756026,1.0,192.33123380488678
ABMO,12,10,85,2892.33121859192,2871.0937355757733,1.0,192.33121859191988
ABMO,12,10,86,2892.331210487804,2871.0937355757733,1.0,192.33121048780413
ABMO,12,10,87,2892.331203556684,2871.0937355757733,1.0,192.33120355668416
ABMO,12,10,88,2892.33098966243,2871.0937353095146,1.0,192.33098966243006
ABMO,12,10,89,2892.330570178861,2871.093735302955,1.0,192.33057017886085
ABMO,12,10,90,2892.330272590761,2871.093735302955,1.0,192.33027259076107
ABMO,12,10,91,2892.330242698944,2871.093668385768,1.0,192.33024269894395
ABMO,12,10,92,2892.330209232525,2871.0936682033907,1.0,192.3302092325248
ABMO,12,10,93,2892.329298820637,2871.092841239507,1.0,192.32929882063718
ABMO,12,10,94,2892.329289125344,2871.0928411029645,1.0,192.32928912534408
ABMO,12,10,95,2892.329276728789,2871.0928411029645,1.0,192.32927672878895
ABMO,12,10,96,2892.329275098283,2871.0928411029645,1.0,192.32927509828278
ABMO,12,10,97,2892.328896486004,2871.0928411029645,1.0,192.32889648600394
ABMO,12,10,98,2892.328802537017,2871.0928411029645,1.0,192.32880253701705
ABMO,12,10,99,2892.3272699274603,2871.0928411029645,1.0,192.3272699274603
ABMO,12,10,100,2892.326774426865,2871.0926504719737,1.0,192.3267744268651
ABMO,12,10,101,2892.3267116715724,2871.092281948844,1.0,192.3267116715724
ABMO,12,10,102,2892.326709794632,2871.092271914413,1.0,192.32670979463182
ABMO,12,10,103,2892.326707503993,2871.092271788972,1.0,192.32670750399302
ABMO,12,10,104,2892.326468213896,2871.0922717817843,1.0,192.32646821389608
ABMO,12,10,105,2892.326262797832,2871.0922717438293,1.0,192.326262797832
ABMO,12,10,106,2892.326260436069,2871.0922714010944,1.0,192.32626043606888
ABMO,12,10,107,2892.3262418862,2871.0922714010944,1.0,192.32624188620002
ABMO,12,10,108,2892.3262417399105,2871.0922713860496,1.0,192.32624173991053
ABMO,12,10,109,2892.326239369414,2871.092271376974,1.0,192.326239369414
ABMO,12,10,110,2892.3259571298995,2871.092271376974,1.0,192.3259571298995
ABMO,12,10,111,2892.325886495836,2871.092271326557,1.0,192.32588649583613
ABMO,12,10,112,2892.3258625949084,2871.092102275541,1.0,192.32586259490836
ABMO,12,10,113,2892.325823778403,2871.092076187268,1.0,192.325823778403
ABMO,12,10,114,2892.32581678666,2871.092076173976,1.0,192.3258167866602
ABMO,12,10,115,2892.325814287435,2871.0920525131587,1.0,192.32581428743515
ABMO,12,10,116,2892.32581390055,2871.0920525131587,1.0,192.3258139005502
ABMO,12,10,117,2892.325809366093,2871.0920525131587,1.0,192.32580936609293
ABMO,12,10,118,2892.3258090900827,2871.0920525131587,1.0,192.32580909008266
ABMO,12,10,119,2892.325806372946,2871.092052511282,1.0,192.32580637294586
ABMO,12,10,120,2892.3257925323355,2871.0920525000984,1.0,192.32579253233553
ABMO,12,10,121,2892.3256093188256,2871.0920525000984,1.0,192.32560931882563
ABMO,12,10,122,2892.3255415373224,2871.0920525000984,1.0,192.32554153732235
ABMO,12,10,123,2892.325388874056,2871.0920525000984,1.0,192.325388874056
ABMO,12,10,124,2892.325207658259,2871.092052498214,1.0,192.32520765825893
ABMO,12,10,125,2892.324856522248,2871.092008088778,1.0,192.32485652224796
ABMO,12,10,126,2892.324851664915,2871.091952377953,1.0,192.32485166491506
ABMO,12,10,127,2892.3246947508974,2871.091901581428,1.0,192.32469475089738
ABMO,12,10,128,2892.3246349122583,2871.0918358780464,1.0,192.32463491225826
ABMO,12,10,129,2892.3245865365184,2871.091562573338,1.0,192.32458653651838
ABMO,12,10,130,2892.324577895126,2871.0915625701537,1.0,192.3245778951259
ABMO,12,10,131,2892.324567508449,2871.0914862712443,1.0,192.32456750844904
ABMO,12,10,132,2892.324562744084,2871.0914862712443,1.0,192.32456274408378
ABMO,12,10,133,2892.3245328214243,2871.0914862712443,1.0,192.32453282142433
ABMO,12,10,134,2892.3244782522856,2871.0914862709465,1.0,192.32447825228564
ABMO,12,10,135,2892.324443230256,2871.0912813300465,1.0,192.32444323025584
ABMO,12,10,136,2892.324393444193,2871.0912813300465,1.0,192.324393444193
ABMO,12,10,137,2892.3243933145645,2871.0912813272776,1.0,192.32439331456453
ABMO,12,10,138,2892.3242209494524,2871.0912813272776,1.0,192.3242209494524
ABMO,12,10,139,2892.3236186398,2871.091281325498,1.0,192.32361863979986
ABMO,12,10,140,2892.323590063161,2871.09128132545,1.0,192.3235900631612
ABMO,12,10,141,2892.323405777518,2871.09128132545,1.0,192.32340577751802
ABMO,12,10,142,2892.323405625956,2871.09128132545,1.0,192.32340562595618
ABMO,12,10,143,2892.32340554634,2871.09128132545,1.0,192.32340554633993
ABMO,12,10,144,2892.3233701357312,2871.09128132545,1.0,192.32337013573124
ABMO,12,10,145,2892.323363412656,2871.09128132545,1.0,192.3233634126559
ABMO,12,10,146,2892.3233582155503,2871.091212672552,1.0,192.32335821555034
ABMO,12,10,147,2892.3233581809154,2871.0912126724825,1.0,192.32335818091542
ABMO,12,10,148,2892.3233355344314,2871.0911216566788,1.0,192.3233355344314
ABMO,12,10,149,2892.323333892405,2871.0911216566656,1.0,192.32333389240512
ABMO,12,10,150,2892.3233282972096,2871.0910390879567,1.0,192.32332829720963
ABMO,12,10,151,2892.323285253872,2871.091020756103,1.0,192.3232852538722
ABMO,12,10,152,2892.323169669164,2871.090981662649,1.0,192.32316966916414
ABMO,12,10,153,2892.3231653418698,2871.0909402774178,1.0,192.32316534186975
ABMO,12,10,154,2892.32315827336,2871.0908455143094,1.0,192.32315827336015
ABMO,12,10,155,2892.3231123923324,2871.0908455143094,1.0,192.3231123923324
ABMO,12,10,156,2892.3231051212333,2871.090737995045,1.0,192.3231051212333
ABMO,12,10,157,2892.3230146183264,2871.0906139882554,1.0,192.3230146183264
ABMO,12,10,158,2892.323002366717,2871.090455812561,1.0,192.323002366717
ABMO,12,10,159,2892.3228108168337,2871.090455812561,1.0,192.32281081683368
ABMO,12,10,160,2892.322760884667,2871.090369792603,1.0,192.32276088466688
ABMO,12,10,161,2892.322730390527,2871.090020075904,1.0,192.32273039052689
ABMO,12,10,162,2892.322615224752,2871.0900200758806,1.0,192.3226152247521
ABMO,12,10,163,2892.3226121283533,2871.0900200758806,1.0,192.32261212835328
ABMO,12,10,164,2892.3225551991272,2871.089871670597,1.0,192.32255519912724
ABMO,12,10,165,2892.3225465465925,2871.0898716705947,1.0,192.32254654659255
ABMO,12,10,166,2892.322545060634,2871.0898716705933,1.0,192.32254506063418
ABMO,12,10,167,2892.3224930658803,2871.089871670592,1.0,192.32249306588028
ABMO,12,10,168,2892.3224930573806,2871.089871670592,1.0,192.3224930573806
ABMO,12,10,169,2892.322457326465,2871.0898716705906,1.0,192.32245732646516
ABMO,12,10,170,2892.322450095785,2871.0898716705897,1.0,192.32245009578492
ABMO,12,10,171,2892.3224397641093,2871.0898716705897,1.0,192.32243976410928
ABMO,12,10,172,2892.322396306366,2871.08981957914,1.0,192.32239630636604
ABMO,12,10,173,2892.3223004944653,2871.0898195791387,1.0,192.32230049446525
ABMO,12,10,174,2892.322287801669,2871.0898195791383,1.0,192.32228780166906
ABMO,12,10,175,2892.322251021546,2871.089819579138,1.0,192.32225102154598
ABMO,12,10,176,2892.32224854193,2871.089819579138,1.0,192.3222485419301
ABMO,12,10,177,2892.322247421273,2871.0898195791374,1.0,192.322247421273
ABMO,12,10,178,2892.3222191118225,2871.0898195791374,1.0,192.3222191118225
ABMO,12,10,179,2892.322216395941,2871.0898195791374,1.0,192.3222163959408
ABMO,12,10,180,2892.3222084924587,2871.0898195791374,1.0,192.32220849245869
ABMO,12,10,181,2892.322207262635,2871.0898195791374,1.0,192.32220726263495
ABMO,12,10,182,2892.322197773678,2871.089755304953,1.0,192.322197773678
ABMO,12,10,183,2892.322179768664,2871.0895209706123,1.0,192.32217976866377
ABMO,12,10,184,2892.322153884749,2871.0895209706123,1.0,192.3221538847488
ABMO,12,10,185,2892.322147597063,2871.0894556585044,1.0,192.32214759706312
ABMO,12,10,186,2892.322144735296,2871.0894556585044,1.0,192.3221447352962
ABMO,12,10,187,2892.322141646879,2871.0894556585044,1.0,192.32214164687912
ABMO,12,10,188,2892.32213898273,2871.0894556585044,1.0,192.32213898272994
ABMO,12,10,189,2892.3221346027044,2871.0894556585044,1.0,192.3221346027044
ABMO,12,10,190,2892.322130793557,2871.0894556585044,1.0,192.32213079355688
ABMO,12,10,191,2892.3221291727746,2871.0894556585044,1.0,192.32212917277457
ABMO,12,10,192,2892.3221104465533,2871.0894556585044,1.0,192.32211044655332
ABMO,12,10,193,2892.3221066468022,2871.0894556585044,1.0,192.32210664680224
ABMO,12,10,194,2892.32210261262,2871.0894556585044,1.0,192.3221026126198
ABMO,12,10,195,2892.322098282816,2871.0894556585044,1.0,192.3220982828161
ABMO,12,10,196,2892.322095279489,2871.0894556585044,1.0,192.32209527948908
ABMO,12,10,197,2892.3220940123424,2871.0894556585044,1.0,192.3220940123424
ABMO,12,10,198,2892.322091502253,2871.0894556585044,1.0,192.322091502253
ABMO,12,10,199,2892.3220904907826,2871.0894556585044,1.0,192.32209049078256
ABMO,12,10,200,2892.322089727141,2871.0894556585044,1.0,192.3220897271408
ABMO,12,10,201,2892.32208872674,2871.0894556585044,1.0,192.32208872673982
ABMO,12,10,202,2892.3220833838727,2871.089392384203,1.0,192.32208338387272
ABMO,12,10,203,2892.322081328836,2871.089392384203,1.0,192.3220813288358
ABMO,12,10,204,2892.322080371909,2871.089392384203,1.0,192.32208037190912
ABMO,12,10,205,2892.322077803052,2871.089392384203,1.0,192.3220778030518
ABMO,12,10,206,2892.32207374628,2871.089392384203,1.0,192.32207374627978
ABMO,12,10,207,2892.322064379708,2871.089392384203,1.0,192.32206437970808
ABMO,12,10,208,2892.322047889232,2871.089383540645,1.0,192.32204788923218
ABMO,12,10,209,2892.321968770635,2871.089383540645,1.0,192.32196877063507
ABMO,12,10,210,2892.3219544105127,2871.0893835406446,1.0,192.32195441051272
ABMO,12,10,211,2892.3219408827176,2871.0893835406446,1.0,192.32194088271763
ABMO,12,10,212,2892.321909260244,2871.0893835406446,1.0,192.32190926024396
ABMO,12,10,213,2892.3219081684047,2871.0893835406446,1.0,192.32190816840466
ABMO,12,10,214,2892.321894362464,2871.0893835406446,1.0,192.3218943624638
ABMO,12,10,215,2892.321866344212,2871.0893835406446,1.0,192.32186634421214
ABMO,12,10,216,2892.321857005112,2871.0893835406446,1.0,192.32185700511218
ABMO,12,10,217,2892.321843881318,2871.0893835406446,1.0,192.32184388131782
ABMO,12,10,218,2892.32182754051,2871.0893835406446,1.0,192.32182754051018
ABMO,12,10,219,2892.3218270234784,2871.0893835406446,1.0,192.32182702347836
ABMO,12,10,220,2892.321815512737,2871.089376071633,1.0,192.32181551273698
ABMO,12,10,221,2892.32181544006,2871.089376071633,1.0,192.32181544006016
ABMO,12,10,222,2892.3218153330804,2871.089376071633,1.0,192.3218153330804
ABMO,12,10,223,2892.321810556248,2871.0893750083387,1.0,192.32181055624778
ABMO,12,10,224,2892.3218098571538,2871.0893750083387,1.0,192.32180985715377
ABMO,12,10,225,2892.321809207174,2871.0893750083387,1.0,192.32180920717383
ABMO,12,10,226,2892.3218039812123,2871.0893750083387,1.0,192.32180398121227
ABMO,12,10,227,2892.321803792772,2871.0893750083387,1.0,192.3218037927718
ABMO,12,10,228,2892.321791084455,2871.0893747340133,1.0,192.32179108445507
ABMO,12,10,229,2892.3217863389577,2871.0893747340133,1.0,192.32178633895774
ABMO,12,10,230,2892.321785863008,2871.089374666416,1.0,192.3217858630078
ABMO,12,10,231,2892.321778014857,2871.089374666416,1.0,192.32177801485705
ABMO,12,10,232,2892.3217776705205,2871.0893746214388,1.0,192.32177767052053
ABMO,12,10,233,2892.321776516227,2871.089374473157,1.0,192.32177651622715
ABMO,12,10,234,2892.321773374692,2871.089374473157,1.0,192.32177337469193
ABMO,12,10,235,2892.321770915676,2871.08936941004,1.0,192.3217709156761
ABMO,12,10,236,2892.3217692955063,2871.0893660985766,1.0,192.32176929550633
ABMO,12,10,237,2892.321768724251,2871.089360466917,1.0,192.3217687242509
ABMO,12,10,238,2892.321768370476,2871.0893551717218,1.0,192.3217683704761
ABMO,12,10,239,2892.3217666208425,2871.089328927221,1.0,192.32176662084248
ABMO,12,10,240,2892.321766149116,2871.089324152192,1.0,192.32176614911577
ABMO,12,10,241,2892.321765753629,2871.089324152192,1.0,192.32176575362882
ABMO,12,10,242,2892.321765400736,2871.089324152192,1.0,192.32176540073579
ABMO,12,10,243,2892.321764551893,2871.0893240896385,1.0,192.321764551893
ABMO,12,10,244,2892.3217618336125,2871.0893240896385,1.0,192.32176183361253
ABMO,12,10,245,2892.3217569054323,2871.0893240896385,1.0,192.32175690543227
ABMO,12,10,246,2892.3217568929863,2871.089324071392,1.0,192.3217568929863
ABMO,12,10,247,2892.321737554009,2871.089324071392,1.0,192.3217375540089
ABMO,12,10,248,2892.321737351071,2871.089324063101,1.0,192.32173735107108
ABMO,12,10,249,2892.3217373468137,2871.0893240584514,1.0,192.32173734681373
ABMO,12,10,250,2892.321733970037,2871.0893240252703,1.0,192.3217339700368
ABMO,12,10,251,2892.3217339618136,2871.0893240185715,1.0,192.3217339618136
ABMO,12,10,252,2892.3217281635807,2871.089323849138,1.0,192.3217281635807
ABMO,12,10,253,2892.321713639684,2871.0893237396976,1.0,192.32171363968382
ABMO,12,10,254,2892.321713613223,2871.0893234310515,1.0,192.32171361322298
ABMO,12,10,255,2892.321704329399,2871.089322878433,1.0,192.32170432939893
ABMO,12,10,256,2892.3217043153268,2871.089322878433,1.0,192.32170431532677
ABMO,12,10,257,2892.321700819861,2871.089322288481,1.0,192.32170081986078
ABMO,12,10,258,2892.321699504363,2871.0893212225983,1.0,192.3216995043631
ABMO,12,10,259,2892.321699257755,2871.089319207547,1.0,192.32169925775497
ABMO,12,10,260,2892.321690614799,2871.089316304622,1.0,192.32169061479908
ABMO,12,10,261,2892.321690609512,2871.089316304622,1.0,192.3216906095122
ABMO,12,10,262,2892.3216906054467,2871.089316304622,1.0,192.32169060544675
ABMO,12,10,263,2892.321684088068,2871.089315879831,1.0,192.3216840880682
ABMO,12,10,264,2892.321684083625,2871.089315851257,1.0,192.32168408362486
ABMO,12,10,265,2892.3216840150644,2871.0893149147514,1.0,192.32168401506442
ABMO,12,10,266,2892.3216837914183,2871.0893118575127,1.0,192.3216837914183
ABMO,12,10,267,2892.321681803151,2871.089305216526,1.0,192.32168180315102
ABMO,12,10,268,2892.3216816766903,2871.089303323688,1.0,192.32168167669033
ABMO,12,10,269,2892.3216815910087,2871.08930203913,1.0,192.32168159100866
ABMO,12,10,270,2892.321681546512,2871.0893015127776,1.0,192.32168154651208
ABMO,12,10,271,2892.321681480972,2871.089300993269,1.0,192.32168148097207
ABMO,12,10,272,2892.3216814497846,2871.089300993269,1.0,192.3216814497846
ABMO,12,10,273,2892.321674975277,2871.089295455453,1.0,192.3216749752769
ABMO,12,10,274,2892.32167302926,2871.0892668504894,1.0,192.32167302926018
ABMO,12,10,275,2892.3216728232364,2871.0892668504894,1.0,192.32167282323644
ABMO,12,10,276,2892.32167144894,2871.0892668504894,1.0,192.32167144893992
ABMO,12,10,277,2892.32166964036,2871.0892668504894,1.0,192.32166964036014
ABMO,12,10,278,2892.3216687070794,2871.0892668504894,1.0,192.32166870707943
ABMO,12,10,279,2892.3216686806327,2871.0892668504894,1.0,192.32166868063268
ABMO,12,10,280,2892.321668464062,2871.0892668504894,1.0,192.321668464062
ABMO,12,10,281,2892.3216637493706,2871.0892668504894,1.0,192.3216637493706
ABMO,12,10,282,2892.321663744649,2871.0892668504894,1.0,192.32166374464896
ABMO,12,10,283,2892.321662649776,2871.0892668504894,1.0,192.32166264977604
ABMO,12,10,284,2892.321662532883,2871.0892668504894,1.0,192.32166253288278
ABMO,12,10,285,2892.3216625309747,2871.0892668504894,1.0,192.32166253097466
ABMO,12,10,286,2892.321662502854,2871.0892668504894,1.0,192.321662502854
ABMO,12,10,287,2892.32166250219,2871.0892668504894,1.0,192.32166250219007
ABMO,12,10,288,2892.3216625002115,2871.0892668504894,1.0,192.32166250021146
ABMO,12,10,289,2892.321662328464,2871.0892668504894,1.0,192.32166232846384
ABMO,12,10,290,2892.3216618460115,2871.0892668504894,1.0,192.32166184601147
ABMO,12,10,291,2892.3216615745523,2871.0892668504894,1.0,192.3216615745523
ABMO,12,10,292,2892.3216611156768,2871.0892668504894,1.0,192.32166111567676
ABMO,12,10,293,2892.321661094311,2871.0892668504894,1.0,192.3216610943109
ABMO,12,10,294,2892.321661017136,2871.0892668504894,1.0,192.3216610171362
ABMO,12,10,295,2892.3216597466967,2871.0892668504894,1.0,192.3216597466967
ABMO,12,10,296,2892.3216560006704,2871.0892668504894,1.0,192.32165600067037
ABMO,12,10,297,2892.321654841149,2871.0892668504894,1.0,192.3216548411492
ABMO,12,10,298,2892.321645907389,2871.0892668504894,1.0,192.3216459073892
ABMO,12,10,299,2892.321645251266,2871.0892668504894,1.0,192.3216452512661
ABMO,12,10,300,2892.321644162389,2871.089261216322,1.0,192.32164416238902
ABMO,12,10,301,2892.321643795372,2871.089258726446,1.0,192.32164379537198
ABMO,12,10,302,2892.3216437936453,2871.089258726446,1.0,192.3216437936453
ABMO,12,10,303,2892.32164364141,2871.089258726446,1.0,192.32164364141
ABMO,12,10,304,2892.321643407898,2871.089258726446,1.0,192.32164340789814
ABMO,12,10,305,2892.321643407898,2871.089258726446,1.0,192.32164340789814
ABMO,12,10,306,2892.321643174286,2871.089258726446,1.0,192.32164317428578
ABMO,12,10,307,2892.321641235295,2871.089258726446,1.0,192.32164123529492
ABMO,12,10,308,2892.321640692377,2871.089258726446,1.0,192.32164069237706
ABMO,12,10,309,2892.3216400444235,2871.089258726446,1.0,192.32164004442348
ABMO,12,10,310,2892.321639178012,2871.089258726446,1.0,192.321639178012
ABMO,12,10,311,2892.321631362729,2871.089258726446,1.0,192.32163136272902
ABMO,12,10,312,2892.321628749547,2871.0892564628984,1.0,192.32162874954702
ABMO,12,10,313,2892.321628673473,2871.0892564628984,1.0,192.3216286734728
ABMO,12,10,314,2892.3215947359754,2871.0892564628984,1.0,192.3215947359754
ABMO,12,10,315,2892.32159468675,2871.089255987838,1.0,192.3215946867499
ABMO,12,10,316,2892.3215801318697,2871.089255987838,1.0,192.32158013186972
ABMO,12,10,317,2892.3215737381934,2871.089255987838,1.0,192.32157373819336
ABMO,12,10,318,2892.321573484355,2871.089255987838,1.0,192.3215734843552
ABMO,12,10,319,2892.321559186996,2871.089255987838,1.0,192.32155918699618
ABMO,12,10,320,2892.321559092142,2871.089255987838,1.0,192.3215590921418
ABMO,12,10,321,2892.321548579201,2871.089255987838,1.0,192.32154857920113
ABMO,12,10,322,2892.32153599242,2871.089255987838,1.0,192.3215359924202
ABMO,12,10,323,2892.321531941957,2871.089255987838,1.0,192.3215319419569
ABMO,12,10,324,2892.321531932617,2871.089255987838,1.0,192.32153193261684
ABMO,12,10,325,2892.3215308938825,2871.089255987838,1.0,192.32153089388248
ABMO,12,10,326,2892.3215302688955,2871.089255987838,1.0,192.32153026889546
ABMO,12,10,327,2892.321530268645,2871.089255987838,1.0,192.3215302686449
ABMO,12,10,328,2892.321529923024,2871.089255987838,1.0,192.32152992302417
ABMO,12,10,329,2892.321524797289,2871.089255987838,1.0,192.32152479728893
ABMO,12,10,330,2892.321524797283,2871.089255987838,1.0,192.32152479728302
ABMO,12,10,331,2892.321524797277,2871.089255987838,1.0,192.3215247972771
ABMO,12,10,332,2892.3215237083746,2871.089255987838,1.0,192.32152370837457
ABMO,12,10,333,2892.321523708374,2871.089255987838,1.0,192.32152370837412
ABMO,12,10,334,2892.3215225399927,2871.089255987838,1.0,192.32152253999266
ABMO,12,10,335,2892.321521663375,2871.089255987838,1.0,192.32152166337482
ABMO,12,10,336,2892.32152118199,2871.089255987838,1.0,192.3215211819902
ABMO,12,10,337,2892.3215211800707,2871.089255987838,1.0,192.3215211800707
ABMO,12,10,338,2892.321521088232,2871.089255987838,1.0,192.3215210882322
ABMO,12,10,339,2892.321520962658,2871.089255987838,1.0,192.32152096265781
ABMO,12,10,340,2892.3215208407705,2871.089255987838,1.0,192.32152084077052
ABMO,12,10,341,2892.321511485336,2871.089237228176,1.0,192.32151148533603
ABMO,12,10,342,2892.3215041723142,2871.089237228176,1.0,192.32150417231423
ABMO,12,10,343,2892.3214932982664,2871.089237228176,1.0,192.32149329826643
ABMO,12,10,344,2892.3214547632806,2871.089237228176,1.0,192.3214547632806
ABMO,12,10,345,2892.321451588709,2871.089237228176,1.0,192.3214515887089
ABMO,12,10,346,2892.321435684332,2871.089237228176,1.0,192.32143568433185
ABMO,12,10,347,2892.3214352026584,2871.089237228176,1.0,192.32143520265845
ABMO,12,10,348,2892.321434865248,2871.0892321784486,1.0,192.3214348652482
ABMO,12,10,349,2892.321434645529,2871.0892288826763,1.0,192.32143464552883
ABMO,12,10,350,2892.321433250233,2871.089207955134,1.0,192.32143325023299
ABMO,12,10,351,2892.32141433814,2871.089207955134,1.0,192.32141433814013
ABMO,12,10,352,2892.3214136135784,2871.089197086714,1.0,192.32141361357844
ABMO,12,10,353,2892.3214136135784,2871.089197086714,1.0,192.32141361357844
ABMO,12,10,354,2892.3214131564096,2871.089197086714,1.0,192.32141315640956
ABMO,12,10,355,2892.321407416471,2871.089197086714,1.0,192.32140741647117
ABMO,12,10,356,2892.3214070477065,2871.089197086714,1.0,192.32140704770654
ABMO,12,10,357,2892.321406661358,2871.089191291487,1.0,192.3214066613582
ABMO,12,10,358,2892.3214059191423,2871.089181036379,1.0,192.3214059191423
ABMO,12,10,359,2892.3214059191423,2871.089181036379,1.0,192.3214059191423
ABMO,12,10,360,2892.321390943657,2871.089181036379,1.0,192.3213909436572
ABMO,12,10,361,2892.3213902239754,2871.0891720387053,1.0,192.3213902239754
ABMO,12,10,362,2892.3213902239754,2871.0891720387053,1.0,192.3213902239754
ABMO,12,10,363,2892.321381331948,2871.0891720387053,1.0,192.32138133194803
ABMO,12,10,364,2892.321380320497,2871.089167167293,1.0,192.32138032049716
ABMO,12,10,365,2892.3213801585507,2871.089166260842,1.0,192.3213801585507
ABMO,12,10,366,2892.3213801266825,2871.089166260842,1.0,192.32138012668247
ABMO,12,10,367,2892.3213796009304,2871.089161194809,1.0,192.3213796009304
ABMO,12,10,368,2892.3213795494507,2871.089161194809,1.0,192.32137954945074
ABMO,12,10,369,2892.3213794444264,2871.0891596194524,1.0,192.32137944442638
ABMO,12,10,370,2892.3213794005865,2871.0891593626216,1.0,192.32137940058647
ABMO,12,10,371,2892.321373696739,2871.0891198724103,1.0,192.3213736967391
ABMO,12,10,372,2892.3213730201624,2871.0891097237613,1.0,192.32137302016235
ABMO,12,10,373,2892.321348764317,2871.089082966346,1.0,192.321348764317
ABMO,12,10,374,2892.3213480741715,2871.0890726141724,1.0,192.3213480741715
ABMO,12,10,375,2892.32134144094,2871.089006571377,1.0,192.32134144094016
ABMO,12,10,376,2892.321341229628,2871.089006571377,1.0,192.32134122962816
ABMO,12,10,377,2892.3213390647056,2871.0889811838624,1.0,192.32133906470563
ABMO,12,10,378,2892.3213390383994,2871.0889811838624,1.0,192.3213390383994
ABMO,12,10,379,2892.321338846765,2871.0889783093508,1.0,192.32133884676477
ABMO,12,10,380,2892.321334592879,2871.0889665650584,1.0,192.32133459287888
ABMO,12,10,381,2892.321329926692,2871.0889665650584,1.0,192.32132992669221
ABMO,12,10,382,2892.321328240532,2871.0889665650584,1.0,192.32132824053178
ABMO,12,10,383,2892.321328215881,2871.0889663496864,1.0,192.32132821588084
ABMO,12,10,384,2892.321328152137,2871.088965456377,1.0,192.32132815213708
ABMO,12,10,385,2892.321326225764,2871.088965456377,1.0,192.3213262257641
ABMO,12,10,386,2892.321326225764,2871.088965456377,1.0,192.3213262257641
ABMO,12,10,387,2892.321296854549,2871.088962316092,1.0,192.32129685454902
ABMO,12,10,388,2892.321276462352,2871.088960212124,1.0,192.32127646235222
ABMO,12,10,389,2892.321276196132,2871.0889562188177,1.0,192.3212761961322
ABMO,12,10,390,2892.321275933036,2871.0889522726275,1.0,192.32127593303585
ABMO,12,10,391,2892.32127177097,2871.0889522726275,1.0,192.32127177096982
ABMO,12,10,392,2892.3212565155254,2871.0889522726275,1.0,192.32125651552542
ABMO,12,10,393,2892.3212385457205,2871.0889522726275,1.0,192.32123854572046
ABMO,12,10,394,2892.3212067432623,2871.088952253259,1.0,192.32120674326234
ABMO,12,10,395,2892.3212066941387,2871.088952253259,1.0,192.3212066941387
ABMO,12,10,396,2892.3212063891,2871.088947677681,1.0,192.3212063891001
ABMO,12,10,397,2892.321123644613,2871.0889462326604,1.0,192.32112364461318
ABMO,12,10,398,2892.321123644062,2871.0889462326604,1.0,192.32112364406203
ABMO,12,10,399,2892.3211236394664,2871.0889462326604,1.0,192.32112363946635
ABMO,12,10,400,2892.3211236182747,2871.0889459147857,1.0,192.32112361827467
ABMO,12,10,401,2892.321123568983,2871.088945278613,1.0,192.32112356898278
ABMO,12,10,402,2892.3211235676167,2871.088945278613,1.0,192.32112356761672
ABMO,12,10,403,2892.321123567607,2871.088945278613,1.0,192.32112356760717
ABMO,12,10,404,2892.321095097453,2871.0889450725435,1.0,192.32109509745305
ABMO,12,10,405,2892.321095089802,2871.0889450725435,1.0,192.32109508980193
ABMO,12,10,406,2892.321092601281,2871.088943330776,1.0,192.32109260128118
ABMO,12,10,407,2892.321092599916,2871.088943330776,1.0,192.32109259991603
ABMO,12,10,408,2892.321092569464,2871.088942917768,1.0,192.32109256946387
ABMO,12,10,409,2892.321090151611,2871.088906924506,1.0,192.32109015161086
ABMO,12,10,410,2892.321090151501,2871.088906924506,1.0,192.3210901515008
ABMO,12,10,411,2892.3210899855344,2871.088904435521,1.0,192.3210899855344
ABMO,12,10,412,2892.3210899854867,2871.088904435521,1.0,192.32108998548665
ABMO,12,10,413,2892.321089985454,2871.088904435521,1.0,192.3210899854539
ABMO,12,10,414,2892.321089743296,2871.088904435521,1.0,192.32108974329594
ABMO,12,10,415,2892.3210130172947,2871.088904435521,1.0,192.32101301729472
ABMO,12,10,416,2892.3210130172947,2871.088904435521,1.0,192.32101301729472
ABMO,12,10,417,2892.321012459107,2871.088904435521,1.0,192.3210124591069
ABMO,12,10,418,2892.321012423089,2871.088904435521,1.0,192.3210124230891
ABMO,12,10,419,2892.32100805847,2871.088895508391,1.0,192.32100805846994
ABMO,12,10,420,2892.3210080549165,2871.088895508391,1.0,192.32100805491655
ABMO,12,10,421,2892.3210067331843,2871.0888758471,1.0,192.32100673318428
ABMO,12,10,422,2892.3209949576976,2871.0888758471,1.0,192.32099495769762
ABMO,12,10,423,2892.320994669717,2871.0888758471,1.0,192.32099466971704
ABMO,12,10,424,2892.320994669431,2871.0888758471,1.0,192.320994669431
ABMO,12,10,425,2892.320994669379,2871.0888758471,1.0,192.32099466937916
ABMO,12,10,426,2892.320994210502,2871.0888758471,1.0,192.3209942105018
ABMO,12,10,427,2892.320994210349,2871.0888758471,1.0,192.320994210349
ABMO,12,10,428,2892.320993889162,2871.0888758471,1.0,192.32099388916185
ABMO,12,10,429,2892.320993843275,2871.0888758471,1.0,192.32099384327512
ABMO,12,10,430,2892.320993317661,2871.0888687762563,1.0,192.32099331766085
ABMO,12,10,431,2892.3209853207463,2871.088864862741,1.0,192.32098532074633
ABMO,12,10,432,2892.320985320723,2871.088864862741,1.0,192.32098532072314
ABMO,12,10,433,2892.3209701448814,2871.088864862741,1.0,192.32097014488136
ABMO,12,10,434,2892.320954788303,2871.088864862741,1.0,192.32095478830297
ABMO,12,10,435,2892.3209461671945,2871.0888612061585,1.0,192.3209461671945
ABMO,12,10,436,2892.320945631267,2871.088860036029,1.0,192.32094563126702
ABMO,12,10,437,2892.3209398018303,2871.088858861349,1.0,192.32093980183026
ABMO,12,10,438,2892.320939751274,2871.0888583776,1.0,192.32093975127418
ABMO,12,10,439,2892.3209397510827,2871.0888583776,1.0,192.32093975108273
ABMO,12,10,440,2892.320928940492,2871.0888577446967,1.0,192.3209289404922
ABMO,12,10,441,2892.320928940487,2871.0888577446967,1.0,192.3209289404872
ABMO,12,10,442,2892.320928940487,2871.0888577446967,1.0,192.3209289404872
ABMO,12,10,443,2892.32092854729,2871.0888577446967,1.0,192.3209285472899
ABMO,12,10,444,2892.320924902417,2871.0888577446967,1.0,192.32092490241712
ABMO,12,10,445,2892.320924902406,2871.0888577446967,1.0,192.3209249024062
ABMO,12,10,446,2892.3209229231875,2871.0888577446967,1.0,192.32092292318748
ABMO,12,10,447,2892.3209228790606,2871.0888577446967,1.0,192.32092287906062
ABMO,12,10,448,2892.320915659871,2871.088857176572,1.0,192.32091565987093
ABMO,12,10,449,2892.320912455675,2871.088857176572,1.0,192.32091245567517
ABMO,12,10,450,2892.3209098841817,2871.088857176572,1.0,192.32090988418167
ABMO,12,10,451,2892.3208988325373,2871.088857176572,1.0,192.3208988325373
ABMO,12,10,452,2892.3208976666183,2871.088856956927,1.0,192.3208976666183
ABMO,12,10,453,2892.320895386264,2871.088856956927,1.0,192.32089538626406
ABMO,12,10,454,2892.320895350664,2871.088856843278,1.0,192.32089535066416
ABMO,12,10,455,2892.3208953416097,2871.088856710463,1.0,192.32089534160968
ABMO,12,10,456,2892.3208952154846,2871.088856644424,1.0,192.3208952154846
ABMO,12,10,457,2892.3208950220896,2871.0888537491883,1.0,192.32089502208964
ABMO,12,10,458,2892.320894987167,2871.0888537491883,1.0,192.32089498716687
ABMO,12,10,459,2892.320894716524,2871.0888537491883,1.0,192.32089471652398
ABMO,12,10,460,2892.320894716524,2871.0888537491883,1.0,192.32089471652398
ABMO,12,10,461,2892.320894080046,2871.0888537491883,1.0,192.32089408004595
ABMO,12,10,462,2892.320894077865,2871.0888537491883,1.0,192.32089407786498
ABMO,12,10,463,2892.32089346674,2871.0888537491883,1.0,192.32089346674002
ABMO,12,10,464,2892.3208927483643,2871.0888537491883,1.0,192.32089274836426
ABMO,12,10,465,2892.320892700205,2871.0888537491883,1.0,192.32089270020515
ABMO,12,10,466,2892.320892699338,2871.0888537491883,1.0,192.32089269933795
ABMO,12,10,467,2892.3208926985376,2871.0888537491883,1.0,192.3208926985376
ABMO,12,10,468,2892.320892477603,2871.08885183908,1.0,192.32089247760314
ABMO,12,10,469,2892.320892421282,2871.08885183908,1.0,192.32089242128222
ABMO,12,10,470,2892.320892047445,2871.08885183908,1.0,192.3208920474449
ABMO,12,10,471,2892.320892043761,2871.08885183908,1.0,192.32089204376098
ABMO,12,10,472,2892.320892041413,2871.08885183908,1.0,192.32089204141312
ABMO,12,10,473,2892.320892034696,2871.08885183908,1.0,192.32089203469604
ABMO,12,10,474,2892.320892033129,2871.08885183908,1.0,192.32089203312898
ABMO,12,10,475,2892.320891992099,2871.088851256932,1.0,192.32089199209895
ABMO,12,10,476,2892.320891945638,2871.0888512569272,1.0,192.32089194563787
ABMO,12,10,477,2892.3208919307585,2871.0888512568768,1.0,192.32089193075853
ABMO,12,10,478,2892.3208912921536,2871.088841927056,1.0,192.32089129215365
ABMO,12,10,479,2892.32089128948,2871.088841927056,1.0,192.3208912894802
ABMO,12,10,480,2892.3208912816285,2871.088841927056,1.0,192.32089128162852
ABMO,12,10,481,2892.320891257014,2871.088841927056,1.0,192.32089125701395
ABMO,12,10,482,2892.320890843177,2871.088841927056,1.0,192.32089084317704
ABMO,12,10,483,2892.3208906802347,2871.088841927056,1.0,192.3208906802347
ABMO,12,10,484,2892.320890259733,2871.088841927056,1.0,192.320890259733
ABMO,12,10,485,2892.32089019037,2871.088841927056,1.0,192.32089019036994
ABMO,12,10,486,2892.3208901800463,2871.088841927056,1.0,192.32089018004626
ABMO,12,10,487,2892.320886835097,2871.088841927056,1.0,192.3208868350971
ABMO,12,10,488,2892.3208864444537,2871.088841927056,1.0,192.32088644445366
ABMO,12,10,489,2892.320881171936,2871.088841927056,1.0,192.32088117193598
ABMO,12,10,490,2892.3208735556545,2871.088841927056,1.0,192.32087355565454
ABMO,12,10,491,2892.3208735408616,2871.088841927056,1.0,192.3208735408616
ABMO,12,10,492,2892.3208735408616,2871.088841927056,1.0,192.3208735408616
ABMO,12,10,493,2892.3208735408616,2871.088841927056,1.0,192.3208735408616
ABMO,12,10,494,2892.3208733383112,2871.088841927056,1.0,192.32087333831123
ABMO,12,10,495,2892.3208733383112,2871.088841927056,1.0,192.32087333831123
ABMO,12,10,496,2892.3208733383112,2871.088841927056,1.0,192.32087333831123
ABMO,12,10,497,2892.3208733383112,2871.088841927056,1.0,192.32087333831123
ABMO,12,10,498,2892.3208733383112,2871.088841927056,1.0,192.32087333831123
ABMO,12,10,499,2892.3208733383112,2871.088841927056,1.0,192.32087333831123
ABMO,12,10,500,2892.234074248949,2870.791640843414,1.0,192.23407424894913
ABMO,12,20,1,3622.4164044337526,3545.6086806180538,1.0,922.4164044337526
ABMO,12,20,2,3386.1152550181705,3332.3688991966173,1.0,686.1152550181705
ABMO,12,20,3,3290.648082721588,3245.8884107432154,1.0,590.6480827215878
ABMO,12,20,4,3250.180249564698,3225.0288540318406,1.0,550.180249564698
ABMO,12,20,5,3224.833931352721,3180.3951402345274,1.0,524.8339313527208
ABMO,12,20,6,3205.375820695532,3139.3625840913,1.0,505.3758206955322
ABMO,12,20,7,3183.914554338566,3122.4963531898857,1.0,483.9145543385662
ABMO,12,20,8,3169.1038339479,3106.570419012813,1.0,469.10383394790006
ABMO,12,20,9,3162.15729457213,3095.670107306348,1.0,462.15729457213
ABMO,12,20,10,3156.615607493361,3092.026569190421,1.0,456.61560749336104
ABMO,12,20,11,3150.972959208916,3086.9086925307142,1.0,450.9729592089161
ABMO,12,20,12,3145.936145750877,3085.071278868712,1.0,445.93614575087713
ABMO,12,20,13,3141.6289132162287,3074.556490298819,1.0,441.62891321622874
ABMO,12,20,14,3138.8695683030905,3072.65366761382,1.0,438.86956830309055
ABMO,12,20,15,3136.4855462879104,3069.12483306394,1.0,436.48554628791044
ABMO,12,20,16,3134.484105179791,3067.3926899036915,1.0,434.4841051797912
ABMO,12,20,17,3132.9575929217594,3067.0152648623034,1.0,432.95759292175944
ABMO,12,20,18,3131.4445446874192,3066.559212326025,1.0,431.44454468741924
ABMO,12,20,19,3130.4376982944623,3065.5282193312773,1.0,430.4376982944623
ABMO,12,20,20,3129.391274949217,3063.527064861717,1.0,429.39127494921695
ABMO,12,20,21,3128.6645672278737,3063.015516163173,1.0,428.6645672278737
ABMO,12,20,22,3128.0221804175176,3062.539324900734,1.0,428.0221804175176
ABMO,12,20,23,3127.1309934281703,3061.8189269564537,1.0,427.1309934281703
ABMO,12,20,24,3126.5003722918464,3061.320839379176,1.0,426.50037229184636
ABMO,12,20,25,3125.969830249223,3059.695087204313,1.0,425.9698302492229
ABMO,12,20,26,3125.748537019027,3059.2161344679907,1.0,425.748537019027
ABMO,12,20,27,3125.366089103433,3058.8351145392458,1.0,425.36608910343284
ABMO,12,20,28,3125.129570841281,3058.5726378680047,1.0,425.12957084128084
ABMO,12,20,29,3124.9052360195296,3058.451700338149,1.0,424.90523601952964
ABMO,12,20,30,3124.7077853188216,3058.1640521368754,1.0,424.7077853188216
ABMO,12,20,31,3124.5368645809367,3058.109790505334,1.0,424.5368645809367
ABMO,12,20,32,3124.4397585771285,3057.932590420866,1.0,424.4397585771285
ABMO,12,20,33,3124.3273934206286,3057.507383097234,1.0,424.3273934206286
ABMO,12,20,34,3124.247306866396,3057.480301699663,1.0,424.2473068663958
ABMO,12,20,35,3124.204659823191,3057.480301699663,1.0,424.2046598231909
ABMO,12,20,36,3124.093015098071,3057.431175101922,1.0,424.0930150980712
ABMO,12,20,37,3123.9811109943835,3057.4302253788046,1.0,423.98111099438347
ABMO,12,20,38,3123.934347003608,3057.428355180502,1.0,423.93434700360785
ABMO,12,20,39,3123.8904074635147,3057.428355180502,1.0,423.89040746351475
ABMO,12,20,40,3123.860275217776,3057.4269797938664,1.0,423.8602752177758
ABMO,12,20,41,3123.687463018592,3057.3152742743227,1.0,423.6874630185921
ABMO,12,20,42,3123.6474112753453,3057.3152742743227,1.0,423.64741127534535
ABMO,12,20,43,3123.6220852458714,3057.3022938036693,1.0,423.6220852458714
ABMO,12,20,44,3123.452955929833,3057.2854035014325,1.0,423.452955929833
ABMO,12,20,45,3123.376441223438,3057.2854035014325,1.0,423.3764412234382
ABMO,12,20,46,3123.281179145304,3057.2854035014325,1.0,423.2811791453041
ABMO,12,20,47,3123.2059135537324,3057.262856846972,1.0,423.20591355373244
ABMO,12,20,48,3123.1677042370766,3057.2314921745715,1.0,423.1677042370766
ABMO,12,20,49,3123.129321668435,3057.127625272908,1.0,423.12932166843484
ABMO,12,20,50,3123.0539592265072,3057.000857824014,1.0,423.05395922650723
ABMO,12,20,51,3123.0206589885884,3056.862328498344,1.0,423.02065898858837
ABMO,12,20,52,3122.9802920714774,3056.303559327174,1.0,422.9802920714774
ABMO,12,20,53,3122.9115376455698,3055.578180147432,1.0,422.91153764556975
ABMO,12,20,54,3122.8806223319825,3055.173969272202,1.0,422.8806223319825
ABMO,12,20,55,3122.8742012858024,3055.0997093624155,1.0,422.8742012858024
ABMO,12,20,56,3122.863294511128,3055.097424587976,1.0,422.86329451112806
ABMO,12,20,57,3122.8388907053136,3055.070219033287,1.0,422.8388907053136
ABMO,12,20,58,3122.8056265133323,3054.9773825097363,1.0,422.8056265133323
ABMO,12,20,59,3122.7795055611327,3054.857082866796,1.0,422.77950556113274
ABMO,12,20,60,3122.7783413839284,3054.853959063196,1.0,422.77834138392836
ABMO,12,20,61,3122.7615202138786,3054.8535640955224,1.0,422.7615202138786
ABMO,12,20,62,3122.6675841359943,3054.836950700982,1.0,422.6675841359943
ABMO,12,20,63,3122.5223902687494,3054.815297032015,1.0,422.5223902687494
ABMO,12,20,64,3122.5179763665165,3054.8018695503715,1.0,422.51797636651645
ABMO,12,20,65,3122.489937230615,3054.7924774255584,1.0,422.48993723061494
ABMO,12,20,66,3122.4561736572305,3054.7924774255584,1.0,422.45617365723047
ABMO,12,20,67,3122.4356431920696,3054.7635109231624,1.0,422.4356431920696
ABMO,12,20,68,3122.418370718007,3054.759924634519,1.0,422.4183707180068
ABMO,12,20,69,3122.3906052841844,3054.718460805469,1.0,422.3906052841844
ABMO,12,20,70,3122.3822062767995,3054.700532359394,1.0,422.3822062767995
ABMO,12,20,71,3122.3555655919845,3054.698104984601,1.0,422.3555655919845
ABMO,12,20,72,3122.34568607314,3054.6790282357656,1.0,422.34568607313986
ABMO,12,20,73,3122.329054293165,3054.667637574737,1.0,422.329054293165
ABMO,12,20,74,3122.3100950993603,3054.6564165318914,1.0,422.3100950993603
ABMO,12,20,75,3122.301716275059,3054.650522192592,1.0,422.3017162750589
ABMO,12,20,76,3122.295858741135,3054.650522192592,1.0,422.2958587411349
ABMO,12,20,77,3122.283656270108,3054.6438621899065,1.0,422.28365627010817
ABMO,12,20,78,3122.280177716702,3054.64104602558,1.0,422.2801777167019
ABMO,12,20,79,3122.2769532017314,3054.6371049233453,1.0,422.27695320173143
ABMO,12,20,80,3122.269405658891,3054.629171270071,1.0,422.2694056588912
ABMO,12,20,81,3122.2580001637743,3054.6142489019794,1.0,422.25800016377434
ABMO,12,20,82,3122.255584777386,3054.6142489019794,1.0,422.25558477738605
ABMO,12,20,83,3122.252441677796,3054.6124583414585,1.0,422.252441677796
ABMO,12,20,84,3122.2451963347103,3054.6124583414585,1.0,422.2451963347103
ABMO,12,20,85,3122.2433749792904,3054.6124583414585,1.0,422.24337497929037
ABMO,12,20,86,3122.234746546778,3054.6124583414585,1.0,422.23474654677784
ABMO,12,20,87,3122.2266346409083,3054.610313639185,1.0,422.2266346409083
ABMO,12,20,88,3122.225606561991,3054.608140632491,1.0,422.22560656199084
ABMO,12,20,89,3122.2209521608897,3054.608140632491,1.0,422.22095216088974
ABMO,12,20,90,3122.213439266877,3054.608140632491,1.0,422.2134392668768
ABMO,12,20,91,3122.211212310811,3054.608140632491,1.0,422.2112123108109
ABMO,12,20,92,3122.2068336341504,3054.607589359711,1.0,422.20683363415037
ABMO,12,20,93,3122.205353011412,3054.607378446829,1.0,422.20535301141217
ABMO,12,20,94,3122.203033623152,3054.6070657466344,1.0,422.2030336231519
ABMO,12,20,95,3122.199878986989,3054.60476503381,1.0,422.199878986989
ABMO,12,20,96,3122.1981362210568,3054.60476503381,1.0,422.19813622105676
ABMO,12,20,97,3122.196233967623,3054.60476503381,1.0,422.1962339676229
ABMO,12,20,98,3122.1842558404164,3054.60476503381,1.0,422.1842558404164
ABMO,12,20,99,3122.178217105691,3054.60476503381,1.0,422.17821710569115
ABMO,12,20,100,3122.17584387495,3054.603274842616,1.0,422.1758438749498
ABMO,12,20,101,3122.1747601069887,3054.602443875806,1.0,422.17476010698874
ABMO,12,20,102,3122.173513176667,3054.601184620248,1.0,422.1735131766668
ABMO,12,20,103,3122.16991716715,3054.600829872546,1.0,422.16991716714983
ABMO,12,20,104,3122.167562491243,3054.59804713808,1.0,422.1675624912432
ABMO,12,20,105,3122.165826868154,3054.5979927228946,1.0,422.165826868154
ABMO,12,20,106,3122.160847332048,3054.5979927228946,1.0,422.160847332048
ABMO,12,20,107,3122.157674229477,3054.5961631483915,1.0,422.1576742294769
ABMO,12,20,108,3122.1515749590385,3054.595836679695,1.0,422.1515749590385
ABMO,12,20,109,3122.146809652191,3054.595836679695,1.0,422.1468096521912
ABMO,12,20,110,3122.14057491066,3054.5957627447024,1.0,422.1405749106598
ABMO,12,20,111,3122.133332228154,3054.5956955662223,1.0,422.1333322281539
ABMO,12,20,112,3122.1284647510474,3054.5955741522566,1.0,422.12846475104743
ABMO,12,20,113,3122.082197485863,3054.595390460797,1.0,422.08219748586316
ABMO,12,20,114,3122.072718520509,3054.595390460797,1.0,422.07271852050917
ABMO,12,20,115,3122.0679564398,3054.594923362049,1.0,422.0679564398001
ABMO,12,20,116,3122.067620051456,3054.594588294777,1.0,422.06762005145583
ABMO,12,20,117,3122.061479414716,3054.594028395936,1.0,422.0614794147159
ABMO,12,20,118,3122.055362731536,3054.5937789301743,1.0,422.0553627315362
ABMO,12,20,119,3122.053298745114,3054.5931441394127,1.0,422.0532987451138
ABMO,12,20,120,3122.052215354032,3054.5925205346275,1.0,422.0522153540319
ABMO,12,20,121,3122.049618777336,3054.59241940238,1.0,422.04961877733604
ABMO,12,20,122,3122.046748621501,3054.59241940238,1.0,422.04674862150114
ABMO,12,20,123,3122.034405632549,3054.592175438619,1.0,422.0344056325489
ABMO,12,20,124,3122.021966990117,3054.591699935303,1.0,422.0219669901171
ABMO,12,20,125,3122.0217761495924,3054.5909302389573,1.0,422.02177614959237
ABMO,12,20,126,3122.0099502238127,3054.5909302389573,1.0,422.00995022381267
ABMO,12,20,127,3122.0029684896986,3054.5909302389573,1.0,422.00296848969856
ABMO,12,20,128,3121.99980379658,3054.5909302389573,1.0,421.9998037965802
ABMO,12,20,129,3121.9959426339656,3054.5909302389573,1.0,421.99594263396557
ABMO,12,20,130,3121.995262194317,3054.5909302389573,1.0,421.9952621943171
ABMO,12,20,131,3121.993996476863,3054.590879101608,1.0,421.9939964768628
ABMO,12,20,132,3121.9924230141173,3054.5907563329683,1.0,421.9924230141173
ABMO,12,20,133,3121.9855317618258,3054.59059700148,1.0,421.98553176182577
ABMO,12,20,134,3121.9560078302625,3054.590593333719,1.0,421.9560078302625
ABMO,12,20,135,3121.5658393299445,3054.5905356618223,1.0,421.56583932994454
ABMO,12,20,136,3121.357114355546,3054.5905280316347,1.0,421.35711435554595
ABMO,12,20,137,3121.297154761872,3054.590521536076,1.0,421.2971547618722
ABMO,12,20,138,3121.1860543458547,3054.590506526479,1.0,421.1860543458547
ABMO,12,20,139,3121.1778182757907,3054.5904126034475,1.0,421.17781827579074
ABMO,12,20,140,3121.158612991332,3054.5904126034475,1.0,421.1586129913321
ABMO,12,20,141,3121.1539189667646,3054.5904126034475,1.0,421.15391896676465
ABMO,12,20,142,3121.139357682988,3054.590390802149,1.0,421.1393576829878
ABMO,12,20,143,3121.1333244133534,3054.590390802149,1.0,421.1333244133534
ABMO,12,20,144,3121.1292139717675,3054.590387838869,1.0,421.1292139717675
ABMO,12,20,145,3121.128831340476,3054.5903817548287,1.0,421.12883134047615
ABMO,12,20,146,3121.122727450216,3054.59034859143,1.0,421.1227274502162
ABMO,12,20,147,3121.1173785628894,3054.59034859143,1.0,421.11737856288937
ABMO,12,20,148,3121.117170878817,3054.59034859143,1.0,421.117170878817
ABMO,12,20,149,3121.1169714933308,3054.5903435340497,1.0,421.11697149333077
ABMO,12,20,150,3121.1136749504617,3054.590304751893,1.0,421.1136749504617
ABMO,12,20,151,3121.113157023631,3054.590267430078,1.0,421.1131570236312
ABMO,12,20,152,3121.1079395818247,3054.590253694725,1.0,421.10793958182467
ABMO,12,20,153,3121.107828478586,3054.590253694725,1.0,421.1078284785858
ABMO,12,20,154,3121.1059352925445,3054.590241923521,1.0,421.1059352925445
ABMO,12,20,155,3121.105875765514,3054.590223761175,1.0,421.10587576551416
ABMO,12,20,156,3121.1048076449056,3054.590221943422,1.0,421.1048076449056
ABMO,12,20,157,3121.0950750514635,3054.590221943422,1.0,421.0950750514635
ABMO,12,20,158,3121.0924501670106,3054.590216264294,1.0,421.0924501670106
ABMO,12,20,159,3121.091428438114,3054.590199392273,1.0,421.0914284381138
ABMO,12,20,160,3121.0913952208216,3054.590194772195,1.0,421.0913952208216
ABMO,12,20,161,3121.0854259286893,3054.5901895557417,1.0,421.08542592868935
ABMO,12,20,162,3121.085031711455,3054.5901094633027,1.0,421.08503171145503
ABMO,12,20,163,3121.084482700971,3054.59003556532,1.0,421.08448270097097
ABMO,12,20,164,3121.083667914406,3054.5900350105703,1.0,421.08366791440585
ABMO,12,20,165,3121.083431086217,3054.5899172020027,1.0,421.08343108621693
ABMO,12,20,166,3121.0816074234035,3054.5898475259164,1.0,421.0816074234035
ABMO,12,20,167,3121.081449273938,3054.5898475259164,1.0,421.0814492739378
ABMO,12,20,168,3121.0814141245337,3054.5898325034195,1.0,421.0814141245337
ABMO,12,20,169,3121.081117008178,3054.5898310857856,1.0,421.0811170081779
ABMO,12,20,170,3121.080804329884,3054.589800939368,1.0,421.0808043298839
ABMO,12,20,171,3121.0803144054635,3054.589800939368,1.0,421.08031440546347
ABMO,12,20,172,3121.079895014756,3054.589800626047,1.0,421.07989501475595
ABMO,12,20,173,3121.079504296213,3054.5897951209354,1.0,421.07950429621314
ABMO,12,20,174,3121.0784974114367,3054.5897932183407,1.0,421.07849741143673
ABMO,12,20,175,3121.0784226575943,3054.5897932183407,1.0,421.0784226575943
ABMO,12,20,176,3121.078180480995,3054.5897905855973,1.0,421.0781804809949
ABMO,12,20,177,3121.077569149167,3054.589774610972,1.0,421.0775691491672
ABMO,12,20,178,3121.0774924834536,3054.5897610231323,1.0,421.0774924834536
ABMO,12,20,179,3121.0767310212486,3054.589755586584,1.0,421.07673102124863
ABMO,12,20,180,3121.076691903448,3054.589752626945,1.0,421.07669190344814
ABMO,12,20,181,3121.07624088022,3054.589623225809,1.0,421.0762408802202
ABMO,12,20,182,3121.075838035288,3054.5892246879466,1.0,421.07583803528814
ABMO,12,20,183,3121.075360867681,3054.589016201808,1.0,421.07536086768096
ABMO,12,20,184,3121.075048773944,3054.588897539028,1.0,421.0750487739442
ABMO,12,20,185,3121.0747149652675,3054.588879650758,1.0,421.0747149652675
ABMO,12,20,186,3121.0741314118327,3054.588774720136,1.0,421.0741314118327
ABMO,12,20,187,3121.0736055635907,3054.588774720136,1.0,421.0736055635907
ABMO,12,20,188,3121.073408295036,3054.588769592344,1.0,421.0734082950362
ABMO,12,20,189,3121.0731082597545,3054.588739672562,1.0,421.07310825975446
ABMO,12,20,190,3121.0730849008773,3054.588720001725,1.0,421.07308490087735
ABMO,12,20,191,3121.072551941563,3054.588715931945,1.0,421.0725519415628
ABMO,12,20,192,3121.07191864365,3054.588712072824,1.0,421.07191864364995
ABMO,12,20,193,3121.071736431612,3054.588712072824,1.0,421.07173643161195
ABMO,12,20,194,3121.0716314601573,3054.588712072824,1.0,421.0716314601573
ABMO,12,20,195,3121.0715715155256,3054.588712072824,1.0,421.07157151552565
ABMO,12,20,196,3121.071495144635,3054.588712072824,1.0,421.0714951446348
ABMO,12,20,197,3121.0711362489496,3054.588712072824,1.0,421.07113624894964
ABMO,12,20,198,3121.0700362457064,3054.588711021296,1.0,421.07003624570643
ABMO,12,20,199,3121.069754670084,3054.588711021296,1.0,421.06975467008397
ABMO,12,20,200,3121.0693909305483,3054.5887098379626,1.0,421.06939093054825
ABMO,12,20,201,3121.068940321387,3054.5887081578694,1.0,421.0689403213869
ABMO,12,20,202,3121.068835671938,3054.5887055117464,1.0,421.0688356719379
ABMO,12,20,203,3121.0627022305607,3054.5887055117464,1.0,421.0627022305607
ABMO,12,20,204,3121.062104897747,3054.588704320485,1.0,421.06210489774685
ABMO,12,20,205,3121.0589699347784,3054.588701627935,1.0,421.05896993477836
ABMO,12,20,206,3121.0566488518475,3054.588700910668,1.0,421.0566488518475
ABMO,12,20,207,3121.0566439450986,3054.588697082712,1.0,421.0566439450986
ABMO,12,20,208,3121.055509305081,3054.588697082712,1.0,421.05550930508116
ABMO,12,20,209,3121.054680852581,3054.588697082712,1.0,421.054680852581
ABMO,12,20,210,3121.053912518033,3054.588697082712,1.0,421.05391251803303
ABMO,12,20,211,3121.0534807743966,3054.5886955359656,1.0,421.0534807743966
ABMO,12,20,212,3121.0521867215493,3054.588680127651,1.0,421.05218672154933
ABMO,12,20,213,3121.0494068571293,3054.588670683017,1.0,421.04940685712927
ABMO,12,20,214,3121.048827214121,3054.588669664606,1.0,421.04882721412105
ABMO,12,20,215,3121.048513655519,3054.5886667926434,1.0,421.04851365551895
ABMO,12,20,216,3121.045857027292,3054.58866649684,1.0,421.0458570272922
ABMO,12,20,217,3121.0457788271588,3054.5886663249225,1.0,421.04577882715876
ABMO,12,20,218,3121.045731765329,3054.588626788737,1.0,421.04573176532904
ABMO,12,20,219,3121.0455859749154,3054.5886183263383,1.0,421.0455859749154
ABMO,12,20,220,3121.04551753526,3054.5886183263383,1.0,421.04551753525993
ABMO,12,20,221,3121.045392572944,3054.5886173136846,1.0,421.0453925729439
ABMO,12,20,222,3121.0452620704687,3054.5886173136846,1.0,421.04526207046865
ABMO,12,20,223,3121.0442683296938,3054.5886173136846,1.0,421.04426832969375
ABMO,12,20,224,3121.0442671306128,3054.5886147229176,1.0,421.04426713061275
ABMO,12,20,225,3121.044244390721,3054.588610020321,1.0,421.0442443907209
ABMO,12,20,226,3121.0442254145,3054.5886099717554,1.0,421.04422541450003
ABMO,12,20,227,3121.044174098258,3054.5886099438194,1.0,421.0441740982578
ABMO,12,20,228,3121.044126238997,3054.5886099438194,1.0,421.0441262389968
ABMO,12,20,229,3121.044115680353,3054.588595877168,1.0,421.0441156803531
ABMO,12,20,230,3121.0440046356134,3054.588427337224,1.0,421.0440046356134
ABMO,12,20,231,3121.0439810998546,3054.5884272716166,1.0,421.0439810998546
ABMO,12,20,232,3121.0439798392613,3054.5884272716166,1.0,421.0439798392613
ABMO,12,20,233,3121.0434129968858,3054.5884272008298,1.0,421.04341299688576
ABMO,12,20,234,3121.0434040664336,3054.588427036011,1.0,421.0434040664336
ABMO,12,20,235,3121.043370130284,3054.588426800469,1.0,421.0433701302841
ABMO,12,20,236,3121.0427024293417,3054.588426800469,1.0,421.0427024293417
ABMO,12,20,237,3121.0426557604824,3054.588426706293,1.0,421.0426557604824
ABMO,12,20,238,3121.042606752027,3054.588426706293,1.0,421.04260675202704
ABMO,12,20,239,3121.04245584005,3054.588426706293,1.0,421.04245584005
ABMO,12,20,240,3121.04205314364,3054.588426706293,1.0,421.0420531436398
ABMO,12,20,241,3121.042034091301,3054.5884223375315,1.0,421.04203409130105
ABMO,12,20,242,3121.042000458084,3054.588420746534,1.0,421.0420004580842
ABMO,12,20,243,3121.0415113602016,3054.5884179880545,1.0,421.04151136020164
ABMO,12,20,244,3121.041383656292,3054.5884179747745,1.0,421.04138365629206
ABMO,12,20,245,3121.0413826982685,3054.5884166046635,1.0,421.04138269826854
ABMO,12,20,246,3121.0413820406743,3054.588416339436,1.0,421.0413820406743
ABMO,12,20,247,3121.041379797668,3054.588416280706,1.0,421.041379797668
ABMO,12,20,248,3121.041379108969,3054.588416232133,1.0,421.04137910896907
ABMO,12,20,249,3121.041082253937,3054.588416154312,1.0,421.041082253937
ABMO,12,20,250,3121.041035361985,3054.588416154312,1.0,421.041035361985
ABMO,12,20,251,3121.040989738757,3054.588416154312,1.0,421.04098973875716
ABMO,12,20,252,3121.0409753104377,3054.588416009183,1.0,421.0409753104377
ABMO,12,20,253,3121.04094929597,3054.5884122898924,1.0,421.0409492959702
ABMO,12,20,254,3121.040943828144,3054.5884115621784,1.0,421.040943828144
ABMO,12,20,255,3121.040939043104,3054.588410981328,1.0,421.0409390431041
ABMO,12,20,256,3121.040938693166,3054.58840993169,1.0,421.040938693166
ABMO,12,20,257,3121.04093783303,3054.5884093957784,1.0,421.04093783303006
ABMO,12,20,258,3121.040906732253,3054.5884093957784,1.0,421.040906732253
ABMO,12,20,259,3121.040844875254,3054.588409109735,1.0,421.04084487525415
ABMO,12,20,260,3121.040839704664,3054.588408616261,1.0,421.040839704664
ABMO,12,20,261,3121.0408346902523,3054.588408018186,1.0,421.04083469025227
ABMO,12,20,262,3121.040770918138,3054.58840579779,1.0,421.04077091813815
ABMO,12,20,263,3121.040524229559,3054.58840579779,1.0,421.0405242295592
ABMO,12,20,264,3121.040523546483,3054.58840579779,1.0,421.0405235464832
ABMO,12,20,265,3121.0405123744204,3054.58840579779,1.0,421.04051237442036
ABMO,12,20,266,3121.040505462712,3054.58840579779,1.0,421.0405054627122
ABMO,12,20,267,3121.040502375812,3054.58840579779,1.0,421.04050237581214
ABMO,12,20,268,3121.0404574011336,3054.588405617961,1.0,421.0404574011336
ABMO,12,20,269,3121.0404408459854,3054.588405617961,1.0,421.04044084598536
ABMO,12,20,270,3121.040433246613,3054.588405617961,1.0,421.0404332466128
ABMO,12,20,271,3121.040429162314,3054.588405617961,1.0,421.040429162314
ABMO,12,20,272,3121.0404128469795,3054.588405617961,1.0,421.0404128469795
ABMO,12,20,273,3121.040351556635,3054.588405617961,1.0,421.04035155663496
ABMO,12,20,274,3121.0402856012865,3054.5884055796782,1.0,421.04028560128654
ABMO,12,20,275,3121.040223513676,3054.5884055796782,1.0,421.0402235136762
ABMO,12,20,276,3121.040196953196,3054.588405561606,1.0,421.04019695319585
ABMO,12,20,277,3121.0401902164344,3054.5884055592724,1.0,421.04019021643444
ABMO,12,20,278,3121.040161866753,3054.5884055486604,1.0,421.0401618667529
ABMO,12,20,279,3121.0401517062287,3054.5884008037347,1.0,421.0401517062287
ABMO,12,20,280,3121.0400979682813,3054.5884007977897,1.0,421.0400979682813
ABMO,12,20,281,3121.0400975729885,3054.5884007977897,1.0,421.04009757298854
ABMO,12,20,282,3121.040057286501,3054.588400509316,1.0,421.040057286501
ABMO,12,20,283,3121.040046024464,3054.58840047187,1.0,421.0400460244641
ABMO,12,20,284,3121.040036081676,3054.5884003656274,1.0,421.04003608167613
ABMO,12,20,285,3121.04001073798,3054.588400319529,1.0,421.0400107379801
ABMO,12,20,286,3121.040010701897,3054.588400319529,1.0,421.0400107018968
ABMO,12,20,287,3121.040010151765,3054.588400319529,1.0,421.0400101517648
ABMO,12,20,288,3121.040009999828,3054.58840031411,1.0,421.0400099998278
ABMO,12,20,289,3121.0400088359333,3054.58840031411,1.0,421.04000883593335
ABMO,12,20,290,3121.0400025720064,3054.5884002895714,1.0,421.0400025720064
ABMO,12,20,291,3121.0399870019246,3054.58840028882,1.0,421.0399870019246
ABMO,12,20,292,3121.0399859968966,3054.5884002885605,1.0,421.0399859968966
ABMO,12,20,293,3121.0399841136946,3054.588400288221,1.0,421.0399841136946
ABMO,12,20,294,3121.039971273257,3054.5884002787006,1.0,421.0399712732569
ABMO,12,20,295,3121.0399690259537,3054.5883913022017,1.0,421.0399690259537
ABMO,12,20,296,3121.0398496189214,3054.588390483366,1.0,421.0398496189214
ABMO,12,20,297,3121.0398290025687,3054.588390483366,1.0,421.0398290025687
ABMO,12,20,298,3121.0398243186605,3054.588390336466,1.0,421.0398243186605
ABMO,12,20,299,3121.039824277057,3054.588390336466,1.0,421.03982427705705
ABMO,12,20,300,3121.039822250255,3054.588388912761,1.0,421.03982225025493
ABMO,12,20,301,3121.039799445124,3054.588388912761,1.0,421.0397994451241
ABMO,12,20,302,3121.039795378252,3054.588388628925,1.0,421.03979537825217
ABMO,12,20,303,3121.039784844947,3054.588388628925,1.0,421.039784844947
ABMO,12,20,304,3121.039776449835,3054.588388628925,1.0,421.0397764498348
ABMO,12,20,305,3121.0397690531013,3054.588388628925,1.0,421.0397690531013
ABMO,12,20,306,3121.0397633648054,3054.588388628925,1.0,421.03976336480537
ABMO,12,20,307,3121.039744346257,3054.588388470861,1.0,421.03974434625707
ABMO,12,20,308,3121.039735150686,3054.588388470861,1.0,421.03973515068583
ABMO,12,20,309,3121.0397026243672,3054.588388470861,1.0,421.03970262436724
ABMO,12,20,310,3121.03968515939,3054.588388470861,1.0,421.03968515939005
ABMO,12,20,311,3121.0396648505352,3054.588388470861,1.0,421.03966485053525
ABMO,12,20,312,3121.039624833996,3054.588388470861,1.0,421.0396248339962
ABMO,12,20,313,3121.0396177930784,3054.58838830952,1.0,421.0396177930784
ABMO,12,20,314,3121.0396001010163,3054.588388029184,1.0,421.0396001010163
ABMO,12,20,315,3121.0395938717165,3054.588388015264,1.0,421.03959387171653
ABMO,12,20,316,3121.0395908929404,3054.588388015264,1.0,421.0395908929404
ABMO,12,20,317,3121.039585476964,3054.58838788271,1.0,421.039585476964
ABMO,12,20,318,3121.039501249737,3054.58838788271,1.0,421.039501249737
ABMO,12,20,319,3121.0394880733543,3054.58838788271,1.0,421.0394880733543
ABMO,12,20,320,3121.039457783363,3054.58838788271,1.0,421.0394577833631
ABMO,12,20,321,3121.0394331731663,3054.5883877699293,1.0,421.03943317316634
ABMO,12,20,322,3121.039425194644,3054.588387765232,1.0,421.0394251946441
ABMO,12,20,323,3121.039406194337,3054.5883876842195,1.0,421.03940619433706
ABMO,12,20,324,3121.0394037674946,3054.588387610471,1.0,421.0394037674946
ABMO,12,20,325,3121.03940157361,3054.588387610471,1.0,421.0394015736101
ABMO,12,20,326,3121.039401245883,3054.588387610471,1.0,421.0394012458828
ABMO,12,20,327,3121.039391019124,3054.5883874807614,1.0,421.0393910191242
ABMO,12,20,328,3121.0393790792546,3054.5883874807614,1.0,421.03937907925456
ABMO,12,20,329,3121.0393335309977,3054.5883874807614,1.0,421.03933353099774
ABMO,12,20,330,3121.0393021348123,3054.5883874807614,1.0,421.03930213481226
ABMO,12,20,331,3121.0390607040868,3054.588387381272,1.0,421.03906070408675
ABMO,12,20,332,3121.0390588407904,3054.588387222457,1.0,421.0390588407904
ABMO,12,20,333,3121.038977698509,3054.588387222457,1.0,421.0389776985089
ABMO,12,20,334,3121.0389564349275,3054.588387222457,1.0,421.0389564349275
ABMO,12,20,335,3121.038949861101,3054.588387015768,1.0,421.0389498611012
ABMO,12,20,336,3121.038918807209,3054.588386713299,1.0,421.03891880720903
ABMO,12,20,337,3121.038854505901,3054.588386555881,1.0,421.0388545059009
ABMO,12,20,338,3121.038838680108,3054.5883863134304,1.0,421.0388386801078
ABMO,12,20,339,3121.0388349915293,3054.5883839274256,1.0,421.03883499152926
ABMO,12,20,340,3121.038813086368,3054.588383314872,1.0,421.038813086368
ABMO,12,20,341,3121.0387648627748,3054.588383314159,1.0,421.03876486277477
ABMO,12,20,342,3121.038689423477,3054.5883832852887,1.0,421.0386894234771
ABMO,12,20,343,3121.0376450739927,3054.588383079708,1.0,421.03764507399273
ABMO,12,20,344,3121.037586331005,3054.588383079708,1.0,421.03758633100506
ABMO,12,20,345,3121.037586324765,3054.5883830174034,1.0,421.037586324765
ABMO,12,20,346,3121.0375847785795,3054.588382853749,1.0,421.03758477857946
ABMO,12,20,347,3121.037583837616,3054.5883827769003,1.0,421.0375838376158
ABMO,12,20,348,3121.0375837945835,3054.58838261056,1.0,421.0375837945835
ABMO,12,20,349,3121.0375792078567,3054.588382371244,1.0,421.03757920785665
ABMO,12,20,350,3121.0375785080923,3054.588380937292,1.0,421.03757850809234
ABMO,12,20,351,3121.037335189821,3054.588379840456,1.0,421.0373351898211
ABMO,12,20,352,3121.037335168382,3054.5883797892257,1.0,421.037335168382
ABMO,12,20,353,3121.0373336012585,3054.5883797892257,1.0,421.0373336012585
ABMO,12,20,354,3121.0373324696807,3054.58837972905,1.0,421.0373324696807
ABMO,12,20,355,3121.037328612789,3054.5883796838893,1.0,421.0373286127892
ABMO,12,20,356,3121.037321923509,3054.5883796752146,1.0,421.0373219235089
ABMO,12,20,357,3121.0371506202623,3054.588379667678,1.0,421.0371506202623
ABMO,12,20,358,3121.0370003410867,3054.588379613076,1.0,421.0370003410867
ABMO,12,20,359,3121.036999819081,3054.588379611265,1.0,421.03699981908085
ABMO,12,20,360,3121.036927819098,3054.588379611265,1.0,421.03692781909785
ABMO,12,20,361,3121.036921758689,3054.588379607383,1.0,421.036921758689
ABMO,12,20,362,3121.0369199285333,3054.5883795943946,1.0,421.0369199285333
ABMO,12,20,363,3121.036918621367,3054.588379588444,1.0,421.036918621367
ABMO,12,20,364,3121.0369165162097,3054.588379588444,1.0,421.03691651620966
ABMO,12,20,365,3121.036913927847,3054.588379574424,1.0,421.03691392784685
ABMO,12,20,366,3121.03691344578,3054.588379574424,1.0,421.0369134457801
ABMO,12,20,367,3121.036908792162,3054.588379571353,1.0,421.0369087921622
ABMO,12,20,368,3121.0369074387067,3054.588379571353,1.0,421.03690743870675
ABMO,12,20,369,3121.036893299776,3054.588379571353,1.0,421.0368932997758
ABMO,12,20,370,3121.036891280409,3054.588379571353,1.0,421.0368912804088
ABMO,12,20,371,3121.036877710498,3054.588379568904,1.0,421.0368777104982
ABMO,12,20,372,3121.0368710993084,3054.588379568904,1.0,421.0368710993084
ABMO,12,20,373,3121.0368709771783,3054.5883795671148,1.0,421.0368709771783
ABMO,12,20,374,3121.036870922945,3054.588379559269,1.0,421.0368709229451
ABMO,12,20,375,3121.0368709021304,3054.58837955121,1.0,421.03687090213043
ABMO,12,20,376,3121.036867395306,3054.58837955121,1.0,421.0368673953062
ABMO,12,20,377,3121.036867394966,3054.588379546108,1.0,421.03686739496607
ABMO,12,20,378,3121.036866863832,3054.588379545,1.0,421.0368668638321
ABMO,12,20,379,3121.0368657475115,3054.588379545,1.0,421.03686574751146
ABMO,12,20,380,3121.0368652365446,3054.588379541072,1.0,421.0368652365446
ABMO,12,20,381,3121.036864657758,3054.5883795386057,1.0,421.0368646577581
ABMO,12,20,382,3121.0368587899125,3054.588379538603,1.0,421.03685878991246
ABMO,12,20,383,3121.036858720025,3054.588379536013,1.0,421.03685872002507
ABMO,12,20,384,3121.036856667516,3054.588379532704,1.0,421.0368566675161
ABMO,12,20,385,3121.036854927564,3054.58837948992,1.0,421.03685492756404
ABMO,12,20,386,3121.0368544717817,3054.588379453833,1.0,421.0368544717817
ABMO,12,20,387,3121.036841231471,3054.58837943779,1.0,421.03684123147104
ABMO,12,20,388,3121.036829060343,3054.5883794210818,1.0,421.0368290603428
ABMO,12,20,389,3121.03682905513,3054.588379420317,1.0,421.03682905513006
ABMO,12,20,390,3121.0368270722347,3054.588379420317,1.0,421.0368270722347
ABMO,12,20,391,3121.0368270536114,3054.588379420218,1.0,421.03682705361143
ABMO,12,20,392,3121.036826185268,3054.588376995208,1.0,421.0368261852682
ABMO,12,20,393,3121.036826179002,3054.588376994861,1.0,421.0368261790022
ABMO,12,20,394,3121.036791123251,3054.588376994031,1.0,421.0367911232511
ABMO,12,20,395,3121.036778517975,3054.588376993748,1.0,421.0367785179751
ABMO,12,20,396,3121.0367760100416,3054.588376993748,1.0,421.03677601004165
ABMO,12,20,397,3121.036775405501,3054.588376993748,1.0,421.036775405501
ABMO,12,20,398,3121.03677526966,3054.588376993745,1.0,421.0367752696602
ABMO,12,20,399,3121.036732290137,3054.5883769933234,1.0,421.036732290137
ABMO,12,20,400,3121.036726292774,3054.588376991566,1.0,421.0367262927739
ABMO,12,20,401,3121.036719218704,3054.5883769813527,1.0,421.0367192187041
ABMO,12,20,402,3121.036706747801,3054.588376962178,1.0,421.03670674780096
ABMO,12,20,403,3121.0366709079567,3054.588376723774,1.0,421.0366709079567
ABMO,12,20,404,3121.0366469200394,3054.5883755028854,1.0,421.0366469200394
ABMO,12,20,405,3121.036458382818,3054.588375497748,1.0,421.0364583828182
ABMO,12,20,406,3121.036444032093,3054.5883733783035,1.0,421.0364440320932
ABMO,12,20,407,3121.036237451324,3054.5883726283737,1.0,421.0362374513238
ABMO,12,20,408,3121.036236538742,3054.588372531899,1.0,421.03623653874183
ABMO,12,20,409,3121.0362349091088,3054.5883719994763,1.0,421.03623490910877
ABMO,12,20,410,3121.036233083012,3054.5883719982053,1.0,421.0362330830121
ABMO,12,20,411,3121.0362120077293,3054.588370347469,1.0,421.0362120077293
ABMO,12,20,412,3121.036010672772,3054.588370347469,1.0,421.03601067277214
ABMO,12,20,413,3121.035996328388,3054.588369997835,1.0,421.03599632838814
ABMO,12,20,414,3121.0359961690706,3054.5883699968726,1.0,421.0359961690706
ABMO,12,20,415,3121.0359954541777,3054.5883698537177,1.0,421.03599545417774
ABMO,12,20,416,3121.035995428796,3054.5883698285406,1.0,421.035995428796
ABMO,12,20,417,3121.035993551063,3054.5883698285406,1.0,421.0359935510628
ABMO,12,20,418,3121.035990544395,3054.588369207718,1.0,421.0359905443952
ABMO,12,20,419,3121.035989012972,3054.588369207718,1.0,421.0359890129721
ABMO,12,20,420,3121.035988965407,3054.588369207718,1.0,421.0359889654069
ABMO,12,20,421,3121.035985240997,3054.588369207718,1.0,421.035985240997
ABMO,12,20,422,3121.0359760463907,3054.588369206129,1.0,421.0359760463907
ABMO,12,20,423,3121.0359758326,3054.588369206129,1.0,421.0359758325999
ABMO,12,20,424,3121.035966110442,3054.588369206129,1.0,421.03596611044213
ABMO,12,20,425,3121.03596499902,3054.588369206129,1.0,421.03596499902005
ABMO,12,20,426,3121.0359621676707,3054.588369206129,1.0,421.03596216767073
ABMO,12,20,427,3121.0359535826333,3054.588369120609,1.0,421.0359535826333
ABMO,12,20,428,3121.0359518989007,3054.588369120609,1.0,421.03595189890075
ABMO,12,20,429,3121.0359491124705,3054.588368763045,1.0,421.03594911247046
ABMO,12,20,430,3121.0359475694227,3054.588366776821,1.0,421.03594756942266
ABMO,12,20,431,3121.035946720529,3054.588366258481,1.0,421.03594672052895
ABMO,12,20,432,3121.0359462568645,3054.588366258481,1.0,421.03594625686446
ABMO,12,20,433,3121.0359459699057,3054.588366258416,1.0,421.0359459699057
ABMO,12,20,434,3121.0359447149262,3054.588366258416,1.0,421.03594471492625
ABMO,12,20,435,3121.0359408793915,3054.588366258416,1.0,421.03594087939155
ABMO,12,20,436,3121.0359407207065,3054.588366258416,1.0,421.03594072070655
ABMO,12,20,437,3121.0359391860256,3054.588365918676,1.0,421.03593918602564
ABMO,12,20,438,3121.0359389519163,3054.5883659186497,1.0,421.03593895191625
ABMO,12,20,439,3121.035925667032,3054.5883603494085,1.0,421.0359256670322
ABMO,12,20,440,3121.035925605285,3054.5883603494085,1.0,421.0359256052848
ABMO,12,20,441,3121.0359253458505,3054.5883603494085,1.0,421.0359253458505
ABMO,12,20,442,3121.035924886149,3054.588360246457,1.0,421.03592488614913
ABMO,12,20,443,3121.035916098529,3054.5883588409706,1.0,421.035916098529
ABMO,12,20,444,3121.035916074616,3054.588358534992,1.0,421.0359160746161
ABMO,12,20,445,3121.035915344997,3054.5883552104115,1.0,421.0359153449972
ABMO,12,20,446,3121.0358822254498,3054.588353829594,1.0,421.03588222544977
ABMO,12,20,447,3121.035880957495,3054.5883509230084,1.0,421.035880957495
ABMO,12,20,448,3121.035878301432,3054.588348266119,1.0,421.03587830143215
ABMO,12,20,449,3121.0358737071515,3054.5883478970736,1.0,421.0358737071515
ABMO,12,20,450,3121.035862072296,3054.588347896928,1.0,421.0358620722959
ABMO,12,20,451,3121.0358620560696,3054.5883476674794,1.0,421.0358620560696
ABMO,12,20,452,3121.035862004331,3054.5883475479304,1.0,421.0358620043312
ABMO,12,20,453,3121.035862004331,3054.5883475479304,1.0,421.0358620043312
ABMO,12,20,454,3121.0358618557725,3054.5883475479304,1.0,421.0358618557725
ABMO,12,20,455,3121.0358615379987,3054.5883475479304,1.0,421.0358615379987
ABMO,12,20,456,3121.035854837329,3054.5883475479304,1.0,421.0358548373292
ABMO,12,20,457,3121.0358516593324,3054.5883474711127,1.0,421.03585165933237
ABMO,12,20,458,3121.03585165834,3054.588347471017,1.0,421.0358516583401
ABMO,12,20,459,3121.0358496218028,3054.588347471009,1.0,421.03584962180275
ABMO,12,20,460,3121.035849616022,3054.588347458729,1.0,421.035849616022
ABMO,12,20,461,3121.0358495706264,3054.588347224014,1.0,421.0358495706264
ABMO,12,20,462,3121.035848137883,3054.588347136897,1.0,421.035848137883
ABMO,12,20,463,3121.035841682194,3054.588347136897,1.0,421.03584168219413
ABMO,12,20,464,3121.0358415781584,3054.588347136868,1.0,421.0358415781584
ABMO,12,20,465,3121.035826386228,3054.5883471328807,1.0,421.0358263862281
ABMO,12,20,466,3121.0358263651583,3054.5883471328807,1.0,421.0358263651583
ABMO,12,20,467,3121.03582608517,3054.5883471328807,1.0,421.0358260851699
ABMO,12,20,468,3121.0358073784564,3054.5883471328807,1.0,421.0358073784564
ABMO,12,20,469,3121.0358073762177,3054.5883471328807,1.0,421.0358073762177
ABMO,12,20,470,3121.0358072437984,3054.588347126729,1.0,421.03580724379844
ABMO,12,20,471,3121.0358071717424,3054.588347126729,1.0,421.03580717174236
ABMO,12,20,472,3121.0358071383844,3054.588347117437,1.0,421.03580713838437
ABMO,12,20,473,3121.0357987133507,3054.588347088856,1.0,421.0357987133507
ABMO,12,20,474,3121.035797573877,3054.588346875662,1.0,421.03579757387706
ABMO,12,20,475,3121.035797556421,3054.58834681924,1.0,421.03579755642113
ABMO,12,20,476,3121.0357974705275,3054.588346789116,1.0,421.03579747052754
ABMO,12,20,477,3121.035797457484,3054.588346789098,1.0,421.035797457484
ABMO,12,20,478,3121.035797404246,3054.5883467814883,1.0,421.03579740424584
ABMO,12,20,479,3121.0357972523943,3054.588346781483,1.0,421.03579725239433
ABMO,12,20,480,3121.0357970672426,3054.5883467810663,1.0,421.0357970672426
ABMO,12,20,481,3121.03579439769,3054.5883467801305,1.0,421.0357943976901
ABMO,12,20,482,3121.0357919368244,3054.5883467794743,1.0,421.03579193682435
ABMO,12,20,483,3121.0357854891936,3054.5883467794743,1.0,421.0357854891936
ABMO,12,20,484,3121.035774387051,3054.5883467794743,1.0,421.0357743870509
ABMO,12,20,485,3121.035772850681,3054.5883467794743,1.0,421.03577285068104
ABMO,12,20,486,3121.035762100933,3054.5883467794743,1.0,421.03576210093297
ABMO,12,20,487,3121.0357547267577,3054.5883467794743,1.0,421.03575472675766
ABMO,12,20,488,3121.0357471608195,3054.5883467794743,1.0,421.0357471608195
ABMO,12,20,489,3121.0357249314247,3054.5883467794743,1.0,421.03572493142474
ABMO,12,20,490,3121.0356988225326,3054.5883467794743,1.0,421.0356988225326
ABMO,12,20,491,3121.0356929914724,3054.5883467794743,1.0,421.0356929914724
ABMO,12,20,492,3121.0356929914724,3054.5883467794743,1.0,421.0356929914724
ABMO,12,20,493,3121.0356929914724,3054.5883467794743,1.0,421.0356929914724
ABMO,12,20,494,3121.0356929914724,3054.5883467794743,1.0,421.0356929914724
ABMO,12,20,495,3121.0356929914724,3054.5883467794743,1.0,421.0356929914724
ABMO,12,20,496,3121.0356929914724,3054.5883467794743,1.0,421.0356929914724
ABMO,12,20,497,3121.0356929914724,3054.5883467794743,1.0,421.0356929914724
ABMO,12,20,498,3121.0356929914724,3054.5883467794743,1.0,421.0356929914724
ABMO,12,20,499,3121.0356929914724,3054.5883467794743,1.0,421.0356929914724
ABMO,12,20,500,3121.0356929914724,3054.5883467794743,1.0,421.0356929914724
AS-ABMO,4,10,1,997.4550206130864,994.3596691367684,1.6837397323191263,197.4550206130864
AS-ABMO,4,10,2,974.0271686809303,971.4431994877608,2.6088918943280293,174.02716868093034
AS-ABMO,4,10,3,957.9096742164292,955.1587290093588,3.5015729291726263,157.90967421642915
AS-ABMO,4,10,4,947.9514492348555,953.355876956284,4.401386517957935,147.95144923485555
AS-ABMO,4,10,5,943.5497552721196,946.99160461551,5.033246277958795,143.54975527211957
AS-ABMO,4,10,6,936.876533473762,941.4945847324298,5.649063410413402,136.87653347376204
AS-ABMO,4,10,7,934.5164504673758,939.208766256835,6.0376015092096535,134.51645046737576
AS-ABMO,4,10,8,930.9482349958791,933.2339669978968,6.347492888643656,130.94823499587915
AS-ABMO,4,10,9,927.6572888901812,931.7500161961636,6.714445132795105,127.65728889018123
AS-ABMO,4,10,10,924.08871377689,924.9549806182116,6.805000555791834,124.08871377689002
AS-ABMO,4,10,11,917.7551049441188,917.7866137647818,6.913594979283796,117.75510494411878
AS-ABMO,4,10,12,914.8554093158268,916.0412962570622,6.891699148943991,114.85540931582682
AS-ABMO,4,10,13,913.8651998396108,914.6627731944576,6.840485045418213,113.8651998396108
AS-ABMO,4,10,14,913.6744829894598,914.6627731944576,6.711598215645813,113.67448298945976
AS-ABMO,4,10,15,909.5170744140815,911.0704347782756,6.552352453445547,109.51707441408155
AS-ABMO,4,10,16,906.4587582169296,906.7035003626506,6.347895692248793,106.4587582169296
AS-ABMO,4,10,17,905.8436044432648,904.6495285067396,6.128225409673232,105.84360444326478
AS-ABMO,4,10,18,903.3250064164712,903.7949816851338,6.033613594092446,103.32500641647118
AS-ABMO,4,10,19,902.6801970435469,903.7949816851338,5.875454000508042,102.68019704354685
AS-ABMO,4,10,20,902.4827670138322,903.7949816851338,5.772053199489921,102.48276701383224
AS-ABMO,4,10,21,900.9225202363948,902.167241615203,5.561297481749677,100.9225202363948
AS-ABMO,4,10,22,899.17230867121,901.466992308923,5.408269530675609,99.17230867120998
AS-ABMO,4,10,23,899.17230867121,901.466992308923,5.197341960440848,99.17230867120998
AS-ABMO,4,10,24,898.7814939769808,900.8972530245112,5.004917408931644,98.78149397698076
AS-ABMO,4,10,25,898.0419219553261,900.8972530245112,4.726910433472083,98.04192195532607
AS-ABMO,4,10,26,897.1174297867112,897.4805021591798,4.501470720904667,97.11742978671123
AS-ABMO,4,10,27,897.1174297867112,897.4805021591798,4.336834127984279,97.11742978671123
AS-ABMO,4,10,28,895.8901319057243,893.5331633806237,4.191410052609324,95.89013190572427
AS-ABMO,4,10,29,895.8901319057243,893.5331633806237,4.077296736441771,95.89013190572427
AS-ABMO,4,10,30,893.735773696809,892.5050628661304,3.8664405989989015,93.73577369680902
AS-ABMO,4,10,31,893.735773696809,892.5050628661304,3.67649380997994,93.73577369680902
AS-ABMO,4,10,32,893.1393903250137,892.1299439260756,3.491409130577152,93.13939032501366
AS-ABMO,4,10,33,892.2943879696334,892.1299439260756,3.333620671929531,92.29438796963336
AS-ABMO,4,10,34,890.557224624507,891.1908343579619,3.1616671072074705,90.55722462450694
AS-ABMO,4,10,35,888.6493903494344,890.356992675517,3.050667383584014,88.64939034943438
AS-ABMO,4,10,36,886.3004692143662,887.8580684650942,2.908168414571409,86.30046921436622
AS-ABMO,4,10,37,886.3004692143662,887.8580684650942,2.7710570034249487,86.30046921436622
AS-ABMO,4,10,38,886.1811918646027,887.8580684650942,2.620633030745992,86.18119186460274
AS-ABMO,4,10,39,884.2965743940409,886.5539189946751,2.4552423553612,84.29657439404093
AS-ABMO,4,10,40,884.2965743940409,886.5539189946751,2.325965921530305,84.29657439404093
AS-ABMO,4,10,41,883.2843876171765,885.9870373540475,2.184424492603748,83.28438761717655
AS-ABMO,4,10,42,883.2843876171765,885.9870373540475,2.03824210293196,83.28438761717655
AS-ABMO,4,10,43,881.8739875459006,884.300393005323,1.912677512024929,81.8739875459006
AS-ABMO,4,10,44,881.8739875459006,884.300393005323,1.8153155475914613,81.8739875459006
AS-ABMO,4,10,45,881.8739875459006,884.300393005323,1.7233818534897103,81.8739875459006
AS-ABMO,4,10,46,880.1314875342338,880.1113236792711,1.623332515361421,80.13148753423377
AS-ABMO,4,10,47,880.1314875342338,880.1113236792711,1.509239690513699,80.13148753423377
AS-ABMO,4,10,48,879.8543630913962,880.1113236792711,1.429134858204764,79.85436309139618
AS-ABMO,4,10,49,878.9565704308753,878.9839907332944,1.3579558616705276,78.95657043087533
AS-ABMO,4,10,50,877.2929886360378,877.2946654054485,1.26985192035264,77.29298863603776
AS-ABMO,4,10,51,877.2778948226811,877.2946654054485,1.1792488412073965,77.2778948226811
AS-ABMO,4,10,52,877.2778948226811,877.2946654054485,1.0953374122727204,77.2778948226811
AS-ABMO,4,10,53,877.0271718440249,877.2946654054485,1.0239339921226136,77.0271718440249
AS-ABMO,4,10,54,876.6737147939563,877.2946654054485,0.9680049837404876,76.67371479395626
AS-ABMO,4,10,55,876.6737147939563,877.2946654054485,0.9179038204510968,76.67371479395626
AS-ABMO,4,10,56,875.6061268056185,877.2946654054485,0.8654254639751631,75.60612680561849
AS-ABMO,4,10,57,874.2879371561479,877.2946654054485,0.819607461218421,74.2879371561479
AS-ABMO,4,10,58,873.8408309082687,877.2946654054485,0.7664145688567893,73.84083090826869
AS-ABMO,4,10,59,873.6459225159759,877.2946654054485,0.7218963233492521,73.64592251597594
AS-ABMO,4,10,60,872.1800446362752,875.746370915931,0.6938458284453862,72.18004463627517
AS-ABMO,4,10,61,871.958964833008,875.746370915931,0.6627688903498817,71.95896483300805
AS-ABMO,4,10,62,871.6223901073413,873.8403698467923,0.6338425695072077,71.62239010734129
AS-ABMO,4,10,63,871.4726721213748,873.8403698467923,0.6141250609035683,71.47267212137479
AS-ABMO,4,10,64,871.4726721213748,873.8403698467923,0.5938958495281152,71.47267212137479
AS-ABMO,4,10,65,871.4422279010913,873.8403698467923,0.5717297654511001,71.44222790109131
AS-ABMO,4,10,66,870.9468011858286,873.8403698467923,0.5543475462227261,70.94680118582858
AS-ABMO,4,10,67,868.6571971567178,870.4845223385609,0.5544127952100196,68.65719715671776
AS-ABMO,4,10,68,866.4339787705734,867.9764843439264,0.5604616963628717,66.43397877057339
AS-ABMO,4,10,69,865.2029611091366,867.9764843439264,0.5867366809486037,65.2029611091366
AS-ABMO,4,10,70,863.9526534127918,867.9764843439264,0.640346334155223,63.95265341279185
AS-ABMO,4,10,71,863.3670093174494,867.9764843439264,0.6597610729008512,63.3670093174494
AS-ABMO,4,10,72,863.3422449730248,867.9764843439264,0.7045250323323196,63.342244973024776
AS-ABMO,4,10,73,862.9438068502103,867.9764843439264,0.765141245796757,62.94380685021031
AS-ABMO,4,10,74,862.3541266275766,864.6041076597786,0.7966910322826912,62.35412662757665
AS-ABMO,4,10,75,862.0701969277236,862.840418334401,0.8134370331443872,62.0701969277236
AS-ABMO,4,10,76,861.6321876381156,862.4051815615303,0.8357543300571548,61.632187638115624
AS-ABMO,4,10,77,860.965996821603,860.9126731463675,0.8604372415013526,60.96599682160297
AS-ABMO,4,10,78,859.4453075447724,854.9126731463675,0.9124364523004062,59.44530754477239
AS-ABMO,4,10,79,858.1239342272216,853.764579381575,0.9637220043315494,58.12393422722164
AS-ABMO,4,10,80,856.0776163145755,849.7588385802023,0.9851286883142474,56.077616314575494
AS-ABMO,4,10,81,855.7762773888811,849.7588385802023,1.049919407552963,55.77627738888111
AS-ABMO,4,10,82,855.6066256218816,849.7588385802023,1.105135402512026,55.60662562188156
AS-ABMO,4,10,83,855.4755536192894,849.7588385802023,1.1255132969851267,55.47555361928937
AS-ABMO,4,10,84,855.2314632942492,848.235980340675,1.1566642863521424,55.23146329424924
AS-ABMO,4,10,85,854.363801683717,847.0022815249561,1.2214505824498565,54.36380168371704
AS-ABMO,4,10,86,854.1312828290381,847.0022815249561,1.3277382351672284,54.13128282903813
AS-ABMO,4,10,87,853.3777720862513,847.0022815249561,1.427319492448534,53.3777720862513
AS-ABMO,4,10,88,852.4456064910572,847.0002913315632,1.5039861767212808,52.44560649105722
AS-ABMO,4,10,89,851.7702950805215,847.0002913315632,1.5836092102932269,51.770295080521464
AS-ABMO,4,10,90,851.7200993553924,847.000030680474,1.6869244930791767,51.72009935539245
AS-ABMO,4,10,91,851.0357976582299,847.000030680474,1.688887205593664,51.03579765822985
AS-ABMO,4,10,92,850.861211828018,847.0000086743539,1.7892660241639746,50.861211828017986
AS-ABMO,4,10,93,850.8336338737003,847.0000086743539,1.9094358748506743,50.83363387370025
AS-ABMO,4,10,94,850.7810411777544,847.0000086743539,1.9894635520694552,50.781041177754446
AS-ABMO,4,10,95,850.5695667967395,846.5833514621781,2.0361092734530044,50.56956679673954
AS-ABMO,4,10,96,850.4369692559117,845.0375271757416,2.11671767453187,50.43696925591166
AS-ABMO,4,10,97,850.4243974873506,845.0375271757416,2.2089198571129747,50.424397487350575
AS-ABMO,4,10,98,850.408217100256,845.0375271757416,2.33510826030042,50.408217100256024
AS-ABMO,4,10,99,850.4070204135129,845.0222359376078,2.455023877500124,50.407020413512896
AS-ABMO,4,10,100,850.3999534650558,845.0222359376078,2.5726695559236483,50.39995346505577
AS-ABMO,4,10,101,850.1657611267109,845.0222359376078,2.618047502110852,50.16576112671089
AS-ABMO,4,10,102,849.7282911397962,845.0222359376078,2.69682428955699,49.72829113979617
AS-ABMO,4,10,103,849.72555447106,845.019304794727,2.854805835893614,49.725554471060036
AS-ABMO,4,10,104,849.7246339804013,845.019304794727,2.95101990677108,49.724633980401336
AS-ABMO,4,10,105,849.7200044269599,845.0189419759639,3.029232009088928,49.72000442695992
AS-ABMO,4,10,106,849.547235244938,845.0031348968533,2.9946814942069526,49.54723524493795
AS-ABMO,4,10,107,849.5204907339555,845.0011452943074,3.075740546288233,49.52049073395551
AS-ABMO,4,10,108,849.5171234203619,845.0011452943074,3.1339157191534044,49.51712342036194
AS-ABMO,4,10,109,849.5161673045194,845.0011452943074,3.192834658057369,49.5161673045194
AS-ABMO,4,10,110,849.4717856069802,845.0011452943074,3.2510461751641824,49.471785606980234
AS-ABMO,4,10,111,849.4714688545204,845.0011452943074,3.28273999210867,49.47146885452037
AS-ABMO,4,10,112,849.4699650945341,845.0003495506942,3.3007134258935737,49.46996509453413
AS-ABMO,4,10,113,849.1674286510291,845.0001686756659,3.3760119093867687,49.16742865102913
AS-ABMO,4,10,114,849.166682778041,845.0001686756659,3.440079058985892,49.166682778041036
AS-ABMO,4,10,115,849.1028565155232,845.0001686756659,3.509875234689606,49.10285651552317
AS-ABMO,4,10,116,849.1027907046223,845.0001686756659,3.5867698390068825,49.102790704622294
AS-ABMO,4,10,117,849.1025795663024,845.0001686756659,3.580346164464889,49.10257956630244
AS-ABMO,4,10,118,848.9240339247917,845.0001686756659,3.604561974320053,48.92403392479173
AS-ABMO,4,10,119,848.6365958076225,845.000072353223,3.646774567173998,48.636595807622484
AS-ABMO,4,10,120,848.6034008669087,845.0000300090956,3.637551890820424,48.603400866908714
AS-ABMO,4,10,121,848.4814454868208,845.0000300090956,3.650900740409035,48.4814454868208
AS-ABMO,4,10,122,848.195604243315,845.0000300090956,3.721322673029644,48.19560424331496
AS-ABMO,4,10,123,848.1819177604189,845.0000220200233,3.725376279003356,48.181917760418855
AS-ABMO,4,10,124,848.1816981692477,845.0000190694634,3.746115691502088,48.18169816924774
AS-ABMO,4,10,125,848.1813171472518,845.0000190694634,3.783281129989651,48.181317147251775
AS-ABMO,4,10,126,848.180826434019,845.0000190694634,3.8027939907542816,48.18082643401897
AS-ABMO,4,10,127,848.1808264330626,845.0000190694634,3.834578022895089,48.180826433062634
AS-ABMO,4,10,128,848.1797489452305,845.0000161472589,3.825838799966607,48.17974894523047
AS-ABMO,4,10,129,848.1161283772693,845.0000161472589,3.8056742070015135,48.11612837726932
AS-ABMO,4,10,130,848.1142749470291,845.0000161472589,3.831123679833643,48.114274947029116
AS-ABMO,4,10,131,847.9868616148436,845.0000143112597,3.7879808010110905,47.98686161484363
AS-ABMO,4,10,132,847.9867508854237,845.0000143112597,3.768471005634309,47.9867508854237
AS-ABMO,4,10,133,847.9821046254009,845.0000143112597,3.7930090946852206,47.98210462540089
AS-ABMO,4,10,134,847.8732693981061,845.0000143112597,3.8266158534045633,47.87326939810612
AS-ABMO,4,10,135,847.8664811481193,845.0000043025153,3.807961389999228,47.866481148119306
AS-ABMO,4,10,136,847.8320412483771,845.0000036049742,3.780749806675988,47.832041248377095
AS-ABMO,4,10,137,847.8288577544849,845.0000036049742,3.761933379282,47.82885775448494
AS-ABMO,4,10,138,847.8288424191641,845.0000036049742,3.7521941659950646,47.82884241916406
AS-ABMO,4,10,139,847.8270093469151,845.0000036049742,3.714245114057338,47.82700934691513
AS-ABMO,4,10,140,847.8269870426252,845.0000036049742,3.6988831105560007,47.826987042625206
AS-ABMO,4,10,141,847.8269864958397,845.0000036049742,3.696224301866653,47.82698649583972
AS-ABMO,4,10,142,847.8269825011911,845.0000036049742,3.7398098434183167,47.82698250119108
AS-ABMO,4,10,143,847.8269814827543,845.0000036049742,3.7193438828031264,47.82698148275426
AS-ABMO,4,10,144,847.8251218550229,845.0000036049742,3.7064846171807697,47.82512185502287
AS-ABMO,4,10,145,847.8251199336527,845.0000036049742,3.713533394525941,47.82511993365267
AS-ABMO,4,10,146,847.7148937137964,845.0000036049742,3.7281508462865895,47.714893713796414
AS-ABMO,4,10,147,847.6332173945789,845.0000036049742,3.723777340582022,47.63321739457888
AS-ABMO,4,10,148,847.6081492267296,845.0000002304024,3.701147771013422,47.60814922672955
AS-ABMO,4,10,149,847.6071885354502,845.0000002304024,3.739111434766693,47.60718853545018
AS-ABMO,4,10,150,847.5962347170783,845.0000002304024,3.762816816353087,47.596234717078346
AS-ABMO,4,10,151,847.5878239513487,845.0000002304024,3.8315117425615455,47.587823951348696
AS-ABMO,4,10,152,847.5878083246172,845.0000002304024,3.9099565561234986,47.587808324617185
AS-ABMO,4,10,153,847.58780174164,845.0000002304024,3.9399306389457887,47.587801741639964
AS-ABMO,4,10,154,847.5877829746673,845.0000002304024,3.979077632174729,47.587782974667334
AS-ABMO,4,10,155,847.5877828333865,845.0000002304024,3.9575399675733247,47.58778283338654
AS-ABMO,4,10,156,847.5877827090644,845.0000002304024,3.996827542190101,47.58778270906441
AS-ABMO,4,10,157,847.5877826577956,845.0000000900569,4.003203406723789,47.58778265779563
AS-ABMO,4,10,158,847.5876016514586,845.0000000900569,3.994399247294707,47.58760165145861
AS-ABMO,4,10,159,847.5870641160914,845.0000000900569,4.0606692499365575,47.58706411609137
AS-ABMO,4,10,160,847.5870640713097,845.0000000900569,4.08729055248221,47.58706407130967
AS-ABMO,4,10,161,847.5870588079107,845.0000000900569,4.112937645933502,47.587058807910694
AS-ABMO,4,10,162,847.5870451926518,845.0000000900569,4.126943785596449,47.58704519265177
AS-ABMO,4,10,163,847.5868165874308,845.0000000900569,4.192870113680342,47.5868165874308
AS-ABMO,4,10,164,847.5868165368896,845.000000076416,4.266059252276273,47.586816536889614
AS-ABMO,4,10,165,847.5868091094012,845.0000000632231,4.28216231342505,47.5868091094012
AS-ABMO,4,10,166,847.5868076626116,845.0000000632231,4.327308424760449,47.58680766261159
AS-ABMO,4,10,167,847.5868076560123,845.0000000556148,4.349892262481735,47.5868076560123
AS-ABMO,4,10,168,847.5868043880826,845.0000000250368,4.383418036411351,47.586804388082555
AS-ABMO,4,10,169,847.586804385209,845.0000000250368,4.4165854758713605,47.58680438520901
AS-ABMO,4,10,170,847.5867961018607,845.0000000250368,4.398905556001002,47.58679610186073
AS-ABMO,4,10,171,847.5867958540796,845.0000000197269,4.391199339230258,47.58679585407958
AS-ABMO,4,10,172,847.586792778455,845.0000000197269,4.405946815464201,47.58679277845499
AS-ABMO,4,10,173,847.5867909179046,845.0000000197269,4.377853121572895,47.586790917904636
AS-ABMO,4,10,174,847.4835257218588,845.0000000197269,4.344747666475164,47.48352572185877
AS-ABMO,4,10,175,847.4835257208316,845.0000000197269,4.334559138905812,47.48352572083161
AS-ABMO,4,10,176,847.4835256839818,845.0000000197269,4.360649817490707,47.48352568398184
AS-ABMO,4,10,177,847.4144553153382,845.0000000197269,4.354133953883036,47.41445531533816
AS-ABMO,4,10,178,847.4144552847072,845.0000000197026,4.3317627802664544,47.414455284707174
AS-ABMO,4,10,179,847.4061475813394,845.0000000194037,4.3193966785015165,47.40614758133938
AS-ABMO,4,10,180,847.406147581042,845.0000000194037,4.359627432270091,47.40614758104198
AS-ABMO,4,10,181,847.4061475506381,845.0000000194037,4.344463059590737,47.40614755063814
AS-ABMO,4,10,182,847.4061475496146,845.0000000194037,4.320573094949173,47.406147549614616
AS-ABMO,4,10,183,847.4061473288895,845.0000000194037,4.303435750858572,47.40614732888946
AS-ABMO,4,10,184,847.4061473217084,845.0000000193622,4.286317579967372,47.40614732170843
AS-ABMO,4,10,185,847.4061473202609,845.0000000193622,4.270846701786502,47.40614732026086
AS-ABMO,4,10,186,847.4061473199413,845.0000000193331,4.234051995107846,47.40614731994128
AS-ABMO,4,10,187,847.4051279348018,845.0000000193284,4.225703397527413,47.40512793480184
AS-ABMO,4,10,188,847.3979124725586,845.0000000192185,4.202117371494128,47.39791247255857
AS-ABMO,4,10,189,847.3979124695337,845.000000019108,4.198924710238913,47.39791246953371
AS-ABMO,4,10,190,847.3979124695321,845.000000019108,4.211415906993129,47.397912469532116
AS-ABMO,4,10,191,846.6411339125192,845.000000019108,4.241040864339535,46.641133912519194
AS-ABMO,4,10,192,846.6306505319072,845.000000019108,4.266571042166077,46.630650531907236
AS-ABMO,4,10,193,846.6306505316126,845.0000000191077,4.28472333207012,46.63065053161256
AS-ABMO,4,10,194,846.6300388586512,845.0000000191076,4.280186055013486,46.63003885865123
AS-ABMO,4,10,195,846.630017508423,845.0000000191076,4.311028321422627,46.63001750842295
AS-ABMO,4,10,196,846.6299924271183,845.0000000191076,4.336814981048506,46.62999242711828
AS-ABMO,4,10,197,846.5166409212736,844.0,4.319861329528311,46.51664092127362
AS-ABMO,4,10,198,846.5166409212331,844.0,4.332031823621757,46.51664092123315
AS-ABMO,4,10,199,846.452656893358,844.0,4.327224473675667,46.45265689335804
AS-ABMO,4,10,200,846.4526560000627,844.0,4.355905576394088,46.45265600006269
AS-ABMO,4,10,201,846.4525495114592,844.0,4.353579908154301,46.45254951145921
AS-ABMO,4,10,202,846.4523359679131,844.0,4.29530271090456,46.452335967913086
AS-ABMO,4,10,203,846.4522575358253,844.0,4.279579822729608,46.45225753582531
AS-ABMO,4,10,204,846.4522167792697,844.0,4.322045794997209,46.45221677926975
AS-ABMO,4,10,205,846.4521770577232,844.0,4.318734885258521,46.45217705772325
AS-ABMO,4,10,206,846.4521430224457,844.0,4.305402542246539,46.45214302244574
AS-ABMO,4,10,207,846.4521417617565,844.0,4.289470471411373,46.45214176175648
AS-ABMO,4,10,208,846.4150532343714,844.0,4.284880642238495,46.415053234371385
AS-ABMO,4,10,209,846.4020683769,844.0,4.22616456668146,46.40206837690005
AS-ABMO,4,10,210,846.4016162247619,844.0,4.186635236569654,46.40161622476194
AS-ABMO,4,10,211,846.4014975647927,844.0,4.193511373046143,46.40149756479275
AS-ABMO,4,10,212,846.401497564791,844.0,4.150855670200992,46.40149756479104
AS-ABMO,4,10,213,846.4002857869418,844.0,4.141763661744924,46.40028578694182
AS-ABMO,4,10,214,846.4002857614503,844.0,4.092897328837531,46.40028576145028
AS-ABMO,4,10,215,846.4002788923978,844.0,4.062205183616879,46.40027889239775
AS-ABMO,4,10,216,846.4002779398015,844.0,4.021484162998108,46.400277939801526
AS-ABMO,4,10,217,846.4002756468178,844.0,4.000583602873613,46.40027564681782
AS-ABMO,4,10,218,846.4002756463573,844.0,3.983651211612678,46.40027564635727
AS-ABMO,4,10,219,846.4002746249711,844.0,3.99409872636298,46.400274624971075
AS-ABMO,4,10,220,846.4002719056141,844.0,3.923110147772061,46.40027190561409
AS-ABMO,4,10,221,846.4002719056128,844.0,3.840401299987921,46.40027190561284
AS-ABMO,4,10,222,846.4002719054621,844.0,3.805823609639688,46.40027190546209
AS-ABMO,4,10,223,846.4002713872428,844.0,3.801195888844797,46.40027138724281
AS-ABMO,4,10,224,846.4002700404425,844.0,3.740919672863338,46.40027004044248
AS-ABMO,4,10,225,846.4002698910888,844.0,3.632074258409785,46.40026989108878
AS-ABMO,4,10,226,846.4000173140353,844.0,3.600318813062914,46.40001731403527
AS-ABMO,4,10,227,846.4000166529135,844.0,3.569175304176298,46.40001665291345
AS-ABMO,4,10,228,846.4000165318831,844.0,3.4983265155640093,46.400016531883125
AS-ABMO,4,10,229,846.4000156121157,844.0,3.4252961180910204,46.40001561211568
AS-ABMO,4,10,230,846.400010369775,844.0,3.342625968187194,46.40001036977503
AS-ABMO,4,10,231,846.400010369775,844.0,3.2485908194861013,46.40001036977503
AS-ABMO,4,10,232,846.4000092864769,844.0,3.151041489186816,46.400009286476916
AS-ABMO,4,10,233,846.4000086375095,844.0,3.015370660112359,46.40000863750947
AS-ABMO,4,10,234,846.4000086375095,844.0,2.9422741157337744,46.40000863750947
AS-ABMO,4,10,235,846.400006872195,844.0,2.826408074466211,46.400006872195036
AS-ABMO,4,10,236,846.400006415249,844.0,2.723696615766632,46.40000641524898
AS-ABMO,4,10,237,846.4000062928928,844.0,2.646120587219154,46.40000629289284
AS-ABMO,4,10,238,846.400004978895,844.0,2.548473367019397,46.400004978895026
AS-ABMO,4,10,239,846.4000034483355,844.0,2.4343236008566658,46.4000034483355
AS-ABMO,4,10,240,846.4000034483355,844.0,2.327017206845389,46.4000034483355
AS-ABMO,4,10,241,846.4000034483354,844.0,2.229291263843542,46.40000344833538
AS-ABMO,4,10,242,846.4000030139799,844.0,2.153291247087625,46.400003013979926
AS-ABMO,4,10,243,846.4000008476563,844.0,2.0639318877692525,46.400000847656315
AS-ABMO,4,10,244,846.4000008467051,844.0,1.9701022683435527,46.4000008467051
AS-ABMO,4,10,245,846.400000846705,844.0,1.898255432178357,46.400000846704984
AS-ABMO,4,10,246,846.4000008456408,844.0,1.824359934601916,46.40000084564076
AS-ABMO,4,10,247,846.4000008456363,844.0,1.742082302804659,46.40000084563633
AS-ABMO,4,10,248,846.4000008456363,844.0,1.6581577177996432,46.40000084563633
AS-ABMO,4,10,249,846.4000008456363,844.0,1.5702359625194335,46.40000084563633
AS-ABMO,4,10,250,846.4000008456126,844.0,1.4855910505592356,46.40000084561257
AS-ABMO,4,10,251,846.4000008456126,844.0,1.402289803814182,46.40000084561257
AS-ABMO,4,10,252,846.4000008456126,844.0,1.3484223145193055,46.40000084561257
AS-ABMO,4,10,253,846.4000008456126,844.0,1.2878782958242163,46.40000084561257
AS-ABMO,4,10,254,846.4000008456126,844.0,1.2246318583139897,46.40000084561257
AS-ABMO,4,10,255,846.4000008456126,844.0,1.1739261066965867,46.40000084561257
AS-ABMO,4,10,256,846.4000008455666,844.0,1.127132254625376,46.40000084556664
AS-ABMO,4,10,257,846.4000008455666,844.0,1.0806983067160154,46.40000084556664
AS-ABMO,4,10,258,846.4000008455577,844.0,1.0378721825700925,46.400000845557656
AS-ABMO,4,10,259,846.4000008455438,844.0,0.9895287699150024,46.40000084554379
AS-ABMO,4,10,260,846.4000008455438,844.0,0.9249539940377486,46.40000084554379
AS-ABMO,4,10,261,846.4000008455438,844.0,0.8911872045033092,46.40000084554379
AS-ABMO,4,10,262,846.4000002555847,844.0,0.8382553701703691,46.4000002555847
AS-ABMO,4,10,263,846.4000002555847,844.0,0.7939759894411609,46.4000002555847
AS-ABMO,4,10,264,846.4000002555847,844.0,0.747376178889231,46.4000002555847
AS-ABMO,4,10,265,846.4000002555847,844.0,0.7145270105469057,46.4000002555847
AS-ABMO,4,10,266,846.4000002044344,844.0,0.6873826243391667,46.40000020443438
AS-ABMO,4,10,267,846.4000002044344,844.0,0.6597212375384192,46.40000020443438
AS-ABMO,4,10,268,846.4000002044344,844.0,0.6376474828910841,46.40000020443438
AS-ABMO,4,10,269,846.4000002044344,844.0,0.6067774543735657,46.40000020443438
AS-ABMO,4,10,270,846.4000002044344,844.0,0.5672523085016157,46.40000020443438
AS-ABMO,4,10,271,846.4000002044344,844.0,0.5381338483379301,46.40000020443438
AS-ABMO,4,10,272,846.4000002044344,844.0,0.5178323839326496,46.40000020443438
AS-ABMO,4,10,273,846.4000002044344,844.0,0.4879361643359795,46.40000020443438
AS-ABMO,4,10,274,846.4000002044344,844.0,0.47261802199046,46.40000020443438
AS-ABMO,4,10,275,846.4000002044344,844.0,0.4523471593737262,46.40000020443438
AS-ABMO,4,10,276,846.4000002044344,844.0,0.4321639679484758,46.40000020443438
AS-ABMO,4,10,277,846.4000002044329,844.0,0.407845322864338,46.4000002044329
AS-ABMO,4,10,278,846.4000002044323,844.0,0.385360380229984,46.40000020443233
AS-ABMO,4,10,279,846.4000002044323,844.0,0.3752352930288799,46.40000020443233
AS-ABMO,4,10,280,846.4000002044323,844.0,0.3707215616932026,46.40000020443233
AS-ABMO,4,10,281,846.4000002044323,844.0,0.3608587240738363,46.40000020443233
AS-ABMO,4,10,282,846.400000187677,844.0,0.3555890029601138,46.40000018767705
AS-ABMO,4,10,283,846.400000187677,844.0,0.3479191655185412,46.40000018767705
AS-ABMO,4,10,284,846.4000001343582,844.0,0.34089262899329,46.40000013435815
AS-ABMO,4,10,285,846.4000001343582,844.0,0.3220964582676358,46.40000013435815
AS-ABMO,4,10,286,846.4000001343582,844.0,0.3159232294624547,46.40000013435815
AS-ABMO,4,10,287,846.4000001270086,844.0,0.3047824208845452,46.40000012700864
AS-ABMO,4,10,288,846.4000001153091,844.0,0.2900021055620707,46.400000115309126
AS-ABMO,4,10,289,846.400000111929,844.0,0.2754237289021329,46.40000011192899
AS-ABMO,4,10,290,846.4000001106882,844.0,0.2658589750501131,46.40000011068821
AS-ABMO,4,10,291,846.4000001100966,844.0,0.260943049730697,46.400000110096585
AS-ABMO,4,10,292,846.4000001100011,844.0,0.2529791208371686,46.40000011000109
AS-ABMO,4,10,293,846.4000001099157,844.0,0.2463739496581279,46.40000010991571
AS-ABMO,4,10,294,846.4000001085229,844.0,0.2472271236350195,46.40000010852293
AS-ABMO,4,10,295,846.4000000695081,844.0,0.2444247755046454,46.40000006950811
AS-ABMO,4,10,296,846.4000000571683,844.0,0.2447701972851068,46.40000005716831
AS-ABMO,4,10,297,846.4000000410973,844.0,0.2418660808171319,46.400000041097314
AS-ABMO,4,10,298,846.4000000410953,844.0,0.2314038875401955,46.40000004109527
AS-ABMO,4,10,299,846.4000000373287,844.0,0.2254131503371311,46.40000003732871
AS-ABMO,4,10,300,846.4000000309578,844.0,0.2198960826765476,46.40000003095781
AS-ABMO,4,10,301,846.4000000293714,844.0,0.2182492824238975,46.40000002937143
AS-ABMO,4,10,302,846.4000000293714,844.0,0.2160557452419119,46.40000002937143
AS-ABMO,4,10,303,846.4000000033623,844.0,0.2116153621950532,46.400000003362265
AS-ABMO,4,10,304,846.4000000033623,844.0,0.2067990386632727,46.400000003362265
AS-ABMO,4,10,305,846.4000000033623,844.0,0.1958974168130422,46.400000003362265
AS-ABMO,4,10,306,846.4000000017279,844.0,0.1885082688144816,46.4000000017279
AS-ABMO,4,10,307,846.4000000017279,844.0,0.1846288012194904,46.4000000017279
AS-ABMO,4,10,308,846.4000000017279,844.0,0.1808694233486546,46.4000000017279
AS-ABMO,4,10,309,846.4000000012928,844.0,0.1779941745361683,46.400000001292824
AS-ABMO,4,10,310,846.4000000009895,844.0,0.1749871455647282,46.40000000098951
AS-ABMO,4,10,311,846.4000000009895,844.0,0.1674113006891616,46.40000000098951
AS-ABMO,4,10,312,846.4000000009895,844.0,0.1667023722392745,46.40000000098951
AS-ABMO,4,10,313,846.4000000009163,844.0,0.1644251000365334,46.40000000091629
AS-ABMO,4,10,314,846.4000000005119,844.0,0.1618721713236071,46.40000000051191
AS-ABMO,4,10,315,846.4000000002011,844.0,0.1599757706727728,46.40000000020109
AS-ABMO,4,10,316,846.4000000001415,844.0,0.1580366107235639,46.40000000014152
AS-ABMO,4,10,317,846.4000000001282,844.0,0.152116865800781,46.400000000128216
AS-ABMO,4,10,318,846.4000000000408,844.0,0.1505644500694501,46.40000000004079
AS-ABMO,4,10,319,846.400000000016,844.0,0.1457644000239777,46.40000000001601
AS-ABMO,4,10,320,846.400000000016,844.0,0.1439120307176553,46.40000000001601
AS-ABMO,4,10,321,846.400000000016,844.0,0.1411754961142274,46.40000000001601
AS-ABMO,4,10,322,846.4000000000156,844.0,0.1425164369394048,46.40000000001555
AS-ABMO,4,10,323,846.4000000000134,844.0,0.1425164369394048,46.40000000001339
AS-ABMO,4,10,324,846.4000000000134,844.0,0.1440455052019703,46.40000000001339
AS-ABMO,4,10,325,846.4000000000134,844.0,0.1439120307176553,46.40000000001339
AS-ABMO,4,10,326,846.4000000000132,844.0,0.1441584889136823,46.400000000013165
AS-ABMO,4,10,327,846.4000000000132,844.0,0.1423829624550897,46.400000000013165
AS-ABMO,4,10,328,846.4000000000129,844.0,0.1425164369394048,46.40000000001294
AS-ABMO,4,10,329,846.4000000000126,844.0,0.1413181722101312,46.4000000000126
AS-ABMO,4,10,330,846.4000000000125,844.0,0.1416181963868684,46.40000000001248
AS-ABMO,4,10,331,846.4000000000123,844.0,0.1434178434043418,46.400000000012255
AS-ABMO,4,10,332,846.4000000000121,844.0,0.1435863952959048,46.40000000001214
AS-ABMO,4,10,333,846.400000000012,844.0,0.1437606602729652,46.40000000001203
AS-ABMO,4,10,334,846.400000000012,844.0,0.1410314384986949,46.40000000001203
AS-ABMO,4,10,335,846.400000000012,844.0,0.1396478803199944,46.40000000001203
AS-ABMO,4,10,336,846.400000000012,844.0,0.1386885518070301,46.40000000001203
AS-ABMO,4,10,337,846.400000000012,844.0,0.1363414487887463,46.40000000001203
AS-ABMO,4,10,338,846.4000000000119,844.0,0.1353364653306521,46.400000000011914
AS-ABMO,4,10,339,846.4000000000119,844.0,0.1345982185620775,46.400000000011914
AS-ABMO,4,10,340,846.4000000000119,844.0,0.1335784406442147,46.400000000011914
AS-ABMO,4,10,341,846.4000000000119,844.0,0.1336929781878627,46.400000000011914
AS-ABMO,4,10,342,846.4000000000119,844.0,0.1328325860158669,46.400000000011914
AS-ABMO,4,10,343,846.4000000000119,844.0,0.1336929781878627,46.400000000011914
AS-ABMO,4,10,344,846.4000000000119,844.0,0.1359968965310304,46.400000000011914
AS-ABMO,4,10,345,846.4000000000119,844.0,0.1345982185620775,46.400000000011914
AS-ABMO,4,10,346,846.4000000000119,844.0,0.1341653086170592,46.400000000011914
AS-ABMO,4,10,347,846.4000000000119,844.0,0.1337603183396048,46.400000000011914
AS-ABMO,4,10,348,846.4000000000119,844.0,0.1322486854766016,46.400000000011914
AS-ABMO,4,10,349,846.4000000000119,844.0,0.133201275397937,46.400000000011914
AS-ABMO,4,10,350,846.4000000000119,844.0,0.1352404684462488,46.400000000011914
AS-ABMO,4,10,351,846.4000000000112,844.0,0.1374659844215548,46.40000000001123
AS-ABMO,4,10,352,846.4000000000112,844.0,0.139887718169911,46.40000000001123
AS-ABMO,4,10,353,846.4000000000112,844.0,0.1396070434568951,46.40000000001123
AS-ABMO,4,10,354,846.4000000000112,844.0,0.1393444703023469,46.40000000001123
AS-ABMO,4,10,355,846.4000000000112,844.0,0.136377073357092,46.40000000001123
AS-ABMO,4,10,356,846.4000000000112,844.0,0.1374854760843273,46.40000000001123
AS-ABMO,4,10,357,846.4000000000111,844.0,0.1402994883032481,46.40000000001112
AS-ABMO,4,10,358,846.4000000000111,844.0,0.1388690342630279,46.40000000001112
AS-ABMO,4,10,359,846.4000000000111,844.0,0.1374854760843273,46.40000000001112
AS-ABMO,4,10,360,846.4000000000111,844.0,0.1374854760843273,46.40000000001112
AS-ABMO,4,10,361,845.7823893080928,844.0,0.1361472763379345,45.782389308092775
AS-ABMO,4,10,362,845.7823893080928,844.0,0.1374854760843273,45.782389308092775
AS-ABMO,4,10,363,845.7823893080928,844.0,0.1374854760843273,45.782389308092775
AS-ABMO,4,10,364,845.7823893080928,844.0,0.1374854760843273,45.782389308092775
AS-ABMO,4,10,365,845.7823893080928,844.0,0.1374854760843273,45.782389308092775
AS-ABMO,4,10,366,845.7823893080928,844.0,0.1348529479975626,45.782389308092775
AS-ABMO,4,10,367,845.7823893080928,844.0,0.1323901995841022,45.782389308092775
AS-ABMO,4,10,368,845.7823893080928,844.0,0.1300862812409346,45.782389308092775
AS-ABMO,4,10,369,845.7823893080928,844.0,0.1269059844298042,45.782389308092775
AS-ABMO,4,10,370,845.7823893080928,844.0,0.1259146216747648,45.782389308092775
AS-ABMO,4,10,371,845.7823893080928,844.0,0.1240283328746329,45.782389308092775
AS-ABMO,4,10,372,845.7823893080928,844.0,0.1231313107590261,45.782389308092775
AS-ABMO,4,10,373,845.7823893080928,844.0,0.1222636965263227,45.782389308092775
AS-ABMO,4,10,374,845.7823893080928,844.0,0.1222636965263227,45.782389308092775
AS-ABMO,4,10,375,845.7823893080928,844.0,0.1214245260714446,45.782389308092775
AS-ABMO,4,10,376,845.7823893080928,844.0,0.1198278170742672,45.782389308092775
AS-ABMO,4,10,377,845.7823893080928,844.0,0.1190685042465832,45.782389308092775
AS-ABMO,4,10,378,845.7823893080928,844.0,0.1190685042465832,45.782389308092775
AS-ABMO,4,10,379,845.7823893080928,844.0,0.1183340846543448,45.782389308092775
AS-ABMO,4,10,380,845.7823893080928,844.0,0.1183340846543448,45.782389308092775
AS-ABMO,4,10,381,845.7761552043669,844.0,0.1169366875417393,45.77615520436689
AS-ABMO,4,10,382,845.4109358058264,844.0,0.1162721572141433,45.4109358058264
AS-ABMO,4,10,383,845.4109358058264,844.0,0.1150077400188024,45.4109358058264
AS-ABMO,4,10,384,845.4109358058264,844.0,0.1144064481129738,45.4109358058264
AS-ABMO,4,10,385,845.4109358058264,844.0,0.1150077400188024,45.4109358058264
AS-ABMO,4,10,386,845.4109358058264,844.0,0.1138248689005669,45.4109358058264
AS-ABMO,4,10,387,845.4109358058264,844.0,0.1132623561226213,45.4109358058264
AS-ABMO,4,10,388,845.4109358058264,844.0,0.1127182847070654,45.4109358058264
AS-ABMO,4,10,389,845.4109358058264,844.0,0.1132623561226213,45.4109358058264
AS-ABMO,4,10,390,845.4109358058264,844.0,0.1132623561226213,45.4109358058264
AS-ABMO,4,10,391,845.4109358058264,844.0,0.1127182847070654,45.4109358058264
AS-ABMO,4,10,392,845.4109358058264,844.0,0.1127182847070654,45.4109358058264
AS-ABMO,4,10,393,845.4109358058264,844.0,0.1121920500741278,45.4109358058264
AS-ABMO,4,10,394,845.4109358058264,844.0,0.1111907712896405,45.4109358058264
AS-ABMO,4,10,395,845.4109358058256,844.0,0.1107146145030921,45.4109358058256
AS-ABMO,4,10,396,845.4109358058256,844.0,0.1098086199930025,45.4109358058256
AS-ABMO,4,10,397,845.4109358058256,844.0,0.1093777755156817,45.4109358058256
AS-ABMO,4,10,398,845.4109358058256,844.0,0.1089610558004133,45.4109358058256
AS-ABMO,4,10,399,845.4109358058256,844.0,0.1081681535779835,45.4109358058256
AS-ABMO,4,10,400,845.4109358058256,844.0,0.1070736423870769,45.4109358058256
AS-ABMO,4,10,401,845.4109358058256,844.0,0.1067324611407728,45.4109358058256
AS-ABMO,4,10,402,845.4109358058256,844.0,0.1064024651461649,45.4109358058256
AS-ABMO,4,10,403,845.4109358058256,844.0,0.1057745741490975,45.4109358058256
AS-ABMO,4,10,404,845.4109358058256,844.0,0.1054759814253743,45.4109358058256
AS-ABMO,4,10,405,845.4109358058256,844.0,0.1049078421567798,45.4109358058256
AS-ABMO,4,10,406,845.4109358058256,844.0,0.1043763439025388,45.4109358058256
AS-ABMO,4,10,407,845.4109358058256,844.0,0.1038791235731643,45.4109358058256
AS-ABMO,4,10,408,845.4109358058256,844.0,0.1034139704819348,45.4109358058256
AS-ABMO,4,10,409,845.4109358058256,844.0,0.1029788165159805,45.4109358058256
AS-ABMO,4,10,410,845.4109358058256,844.0,0.1023781360385758,45.4109358058256
AS-ABMO,4,10,411,845.4109358058256,844.0,0.1018346178663364,45.4109358058256
AS-ABMO,4,10,412,845.4109358058256,844.0,0.1015013211122602,45.4109358058256
AS-ABMO,4,10,413,845.4109358058256,844.0,0.1010412429123136,45.4109358058256
AS-ABMO,4,10,414,845.4109358058256,844.0,0.1006249469417793,45.4109358058256
AS-ABMO,4,10,415,845.4109358058256,844.0,0.1003696655127474,45.4109358058256
AS-ABMO,4,10,416,845.4109358058256,844.0,0.1001308479527392,45.4109358058256
AS-ABMO,4,10,417,845.4109358058256,844.0,0.1,45.4109358058256
AS-ABMO,4,10,418,845.4109358058256,844.0,0.1,45.4109358058256
AS-ABMO,4,10,419,845.4109358058256,844.0,0.1,45.4109358058256
AS-ABMO,4,10,420,845.4109358058256,844.0,0.1,45.4109358058256
AS-ABMO,4,10,421,845.4109358058256,844.0,0.1,45.4109358058256
AS-ABMO,4,10,422,845.3905749159271,844.0,0.1,45.39057491592712
AS-ABMO,4,10,423,845.3905749159271,844.0,0.1,45.39057491592712
AS-ABMO,4,10,424,845.3905749159271,844.0,0.1,45.39057491592712
AS-ABMO,4,10,425,845.3850642668772,844.0,0.1,45.38506426687718
AS-ABMO,4,10,426,845.3836210943166,844.0,0.1,45.383621094316595
AS-ABMO,4,10,427,845.3827938987356,844.0,0.1,45.3827938987356
AS-ABMO,4,10,428,845.3827938987356,844.0,0.1,45.3827938987356
AS-ABMO,4,10,429,845.3827938987356,844.0,0.1,45.3827938987356
AS-ABMO,4,10,430,845.3827938987356,844.0,0.1,45.3827938987356
AS-ABMO,4,10,431,845.3827500085625,844.0,0.1,45.38275000856254
AS-ABMO,4,10,432,845.3827500085625,844.0,0.1,45.38275000856254
AS-ABMO,4,10,433,845.3827416722628,844.0,0.1,45.382741672262796
AS-ABMO,4,10,434,845.3827380215351,844.0,0.1,45.38273802153515
AS-ABMO,4,10,435,845.3827380215351,844.0,0.1,45.38273802153515
AS-ABMO,4,10,436,845.3827380215351,844.0,0.1001129837117119,45.38273802153515
AS-ABMO,4,10,437,845.3827379894068,844.0,0.1,45.38273798940679
AS-ABMO,4,10,438,845.3827379775506,844.0,0.1001129837117119,45.38273797755062
AS-ABMO,4,10,439,845.3827379753664,844.0,0.1001129837117119,45.382737975366354
AS-ABMO,4,10,440,845.3827379753664,844.0,0.1,45.382737975366354
AS-ABMO,4,10,441,845.2041610445262,844.0,0.1,45.204161044526245
AS-ABMO,4,10,442,845.2041610445262,844.0,0.1,45.204161044526245
AS-ABMO,4,10,443,845.2041610445262,844.0,0.1,45.204161044526245
AS-ABMO,4,10,444,845.1881305513947,844.0,0.1,45.18813055139469
AS-ABMO,4,10,445,845.1744072757471,844.0,0.1,45.17440727574706
AS-ABMO,4,10,446,845.1725312504667,844.0,0.1,45.172531250466704
AS-ABMO,4,10,447,845.1725312504667,844.0,0.1,45.172531250466704
AS-ABMO,4,10,448,845.1725312504667,844.0,0.1,45.172531250466704
AS-ABMO,4,10,449,845.165229295939,844.0,0.1001129837117119,45.16522929593896
AS-ABMO,4,10,450,845.1589842415149,844.0,0.1001129837117119,45.15898424151487
AS-ABMO,4,10,451,845.1589842415149,844.0,0.1001129837117119,45.15898424151487
AS-ABMO,4,10,452,845.1589842415149,844.0,0.1,45.15898424151487
AS-ABMO,4,10,453,845.1589842415149,844.0,0.1,45.15898424151487
AS-ABMO,4,10,454,845.1248667034018,844.0,0.1001129837117119,45.124866703401835
AS-ABMO,4,10,455,845.1125698243794,844.0,0.1,45.11256982437942
AS-ABMO,4,10,456,845.1074430996923,844.0,0.1,45.10744309969232
AS-ABMO,4,10,457,845.1074430996923,844.0,0.1,45.10744309969232
AS-ABMO,4,10,458,845.0927783207243,844.0,0.1,45.09277832072428
AS-ABMO,4,10,459,845.0578377756527,844.0,0.1,45.05783777565273
AS-ABMO,4,10,460,845.0578377756527,844.0,0.1,45.05783777565273
AS-ABMO,4,10,461,845.0578377756527,844.0,0.1,45.05783777565273
AS-ABMO,4,10,462,845.0578377756527,844.0,0.1,45.05783777565273
AS-ABMO,4,10,463,845.0578377756527,844.0,0.1,45.05783777565273
AS-ABMO,4,10,464,845.0578377756527,844.0,0.1,45.05783777565273
AS-ABMO,4,10,465,845.0569651648062,844.0,0.1,45.05696516480623
AS-ABMO,4,10,466,845.0569651648062,844.0,0.1,45.05696516480623
AS-ABMO,4,10,467,845.0519343640814,844.0,0.1001129837117119,45.051934364081376
AS-ABMO,4,10,468,845.0382031228579,844.0,0.1001129837117119,45.03820312285791
AS-ABMO,4,10,469,845.029851468905,844.0,0.1001129837117119,45.02985146890501
AS-ABMO,4,10,470,845.0238389752134,844.0,0.1001129837117119,45.02383897521338
AS-ABMO,4,10,471,845.0220320156712,844.0,0.1001129837117119,45.02203201567124
AS-ABMO,4,10,472,845.0220320156711,844.0,0.1001129837117119,45.02203201567113
AS-ABMO,4,10,473,845.0196145028364,844.0,0.1002297970191574,45.01961450283636
AS-ABMO,4,10,474,845.018554875176,844.0,0.1003505697269188,45.01855487517605
AS-ABMO,4,10,475,845.0182160764987,844.0,0.100475436039319,45.018216076498675
AS-ABMO,4,10,476,845.0182160764915,844.0,0.100475436039319,45.01821607649151
AS-ABMO,4,10,477,845.0182160764842,844.0,0.100475436039319,45.01821607648424
AS-ABMO,4,10,478,845.0182160764701,844.0,0.1003505697269188,45.01821607647014
AS-ABMO,4,10,479,845.0181577608024,844.0,0.100475436039319,45.01815776080241
AS-ABMO,4,10,480,845.0181225580557,844.0,0.1006045347095521,45.018122558055666
AS-ABMO,4,10,481,845.018122557194,844.0,0.100475436039319,45.01812255719403
AS-ABMO,4,10,482,845.018122557194,844.0,0.1003505697269188,45.01812255719403
AS-ABMO,4,10,483,845.0180742645533,844.0,0.100475436039319,45.01807426455332
AS-ABMO,4,10,484,845.0180176141538,844.0,0.100475436039319,45.01801761415379
AS-ABMO,4,10,485,845.0179463439922,844.0,0.1006045347095521,45.01794634399221
AS-ABMO,4,10,486,845.017941527643,844.0,0.1007380091938672,45.01794152764296
AS-ABMO,4,10,487,845.0179412697124,844.0,0.1008760078109793,45.01794126971242
AS-ABMO,4,10,488,845.0179183124643,844.0,0.1011661960252533,45.0179183124643
AS-ABMO,4,10,489,845.0178981457179,844.0,0.1013187080836203,45.017898145717936
AS-ABMO,4,10,490,845.0178062144932,844.0,0.1014763895555178,45.01780621449325
AS-ABMO,4,10,491,845.0174513148812,844.0,0.1016394156588042,45.017451314881214
AS-ABMO,4,10,492,845.017273095318,844.0,0.1018079675503672,45.017273095318046
AS-ABMO,4,10,493,845.016592358438,844.0,0.1019822325274277,45.01659235843795
AS-ABMO,4,10,494,845.0106652344482,844.0,0.1021624042356671,45.0106652344482
AS-ABMO,4,10,495,844.9749198849495,844.0,0.1021624042356671,44.974919884949486
AS-ABMO,4,10,496,844.9390264344853,844.0,0.1025412754690955,44.9390264344853
AS-ABMO,4,10,497,844.9193347596073,844.0,0.1025412754690955,44.919334759607295
AS-ABMO,4,10,498,844.9155782872688,844.0,0.1023486828844091,44.91557828726877
AS-ABMO,4,10,499,844.9155782872688,844.0,0.1018079675503672,44.91557828726877
AS-ABMO,4,10,500,844.9034050923252,844.0,0.1018079675503672,44.903405092325215
AS-ABMO,4,20,1,1334.2452257703444,1322.4913424688389,1.6816893009294362,534.2452257703444
AS-ABMO,4,20,2,1289.4623665885226,1298.3196172886817,2.795669472412864,489.4623665885226
AS-ABMO,4,20,3,1257.6186199510528,1253.504579273744,4.056471912632272,457.6186199510528
AS-ABMO,4,20,4,1230.0339909218917,1227.9425045164896,5.077431644300812,430.0339909218917
AS-ABMO,4,20,5,1213.6090420042744,1209.0568535774646,6.0564747354948745,413.60904200427444
AS-ABMO,4,20,6,1206.8343163208997,1197.7691053138265,6.712959577725036,406.8343163208997
AS-ABMO,4,20,7,1202.7652507489802,1195.0755822540568,7.3316347543040195,402.7652507489802
AS-ABMO,4,20,8,1196.3287669839117,1189.865207149228,7.730291115206638,396.3287669839117
AS-ABMO,4,20,9,1195.5043587232806,1189.865207149228,7.946416733787469,395.5043587232806
AS-ABMO,4,20,10,1193.9800449008528,1189.567421989172,7.922425285743278,393.9800449008528
AS-ABMO,4,20,11,1186.309909382628,1181.724225482105,8.123867568303282,386.3099093826279
AS-ABMO,4,20,12,1180.529773414382,1175.2308713764216,8.141422932293352,380.5297734143819
AS-ABMO,4,20,13,1175.390226597632,1169.598227401366,8.061932407758373,375.3902265976319
AS-ABMO,4,20,14,1170.9880682370608,1168.8833107317066,8.060148397576636,370.9880682370608
AS-ABMO,4,20,15,1170.0018862046495,1166.7195558461945,7.898111042938672,370.0018862046495
AS-ABMO,4,20,16,1166.361069656941,1161.9917677167405,7.816074946008883,366.361069656941
AS-ABMO,4,20,17,1164.2232218257254,1156.3814591581418,7.691510432026789,364.22322182572543
AS-ABMO,4,20,18,1159.9185741198748,1154.4285798577098,7.529876326290667,359.91857411987485
AS-ABMO,4,20,19,1156.7783662970369,1154.4285798577098,7.3828370891948625,356.7783662970369
AS-ABMO,4,20,20,1156.3559424423872,1154.4285798577098,7.126140105719543,356.35594244238723
AS-ABMO,4,20,21,1155.5894103950195,1154.4285798577098,6.899794257111679,355.5894103950195
AS-ABMO,4,20,22,1152.3853843472957,1151.9000179750178,6.589532435017665,352.3853843472957
AS-ABMO,4,20,23,1150.7495844163082,1148.2902939643263,6.487405778304612,350.74958441630815
AS-ABMO,4,20,24,1148.8487513227635,1147.097053135803,6.237123800591368,348.8487513227635
AS-ABMO,4,20,25,1148.3231004647912,1147.097053135803,6.080910843405997,348.3231004647912
AS-ABMO,4,20,26,1145.805761734696,1146.9386161381103,5.918240171540621,345.80576173469603
AS-ABMO,4,20,27,1145.6182553428664,1146.9386161381103,5.664444696392935,345.6182553428664
AS-ABMO,4,20,28,1145.6182553428664,1146.9386161381103,5.467036800201611,345.6182553428664
AS-ABMO,4,20,29,1144.9738709121195,1143.28613219881,5.263408646877214,344.97387091211954
AS-ABMO,4,20,30,1143.8512596857915,1138.4977433407307,5.089357871796591,343.85125968579155
AS-ABMO,4,20,31,1143.563417789275,1138.4977433407307,4.854211386173119,343.56341778927504
AS-ABMO,4,20,32,1143.563417789275,1138.4977433407307,4.69849486955611,343.56341778927504
AS-ABMO,4,20,33,1141.7308723856052,1138.4977433407307,4.562928567360146,341.73087238560515
AS-ABMO,4,20,34,1139.890150119156,1136.8205036422803,4.412581933543523,339.89015011915603
AS-ABMO,4,20,35,1137.3556781944185,1136.8205036422803,4.300777455906172,337.3556781944185
AS-ABMO,4,20,36,1134.4898320702569,1136.3767325256642,4.137444818139432,334.48983207025685
AS-ABMO,4,20,37,1133.4413150864705,1136.3767325256642,3.94959331246791,333.44131508647047
AS-ABMO,4,20,38,1124.3220033524565,1118.2529255108648,3.8344176114631368,324.3220033524565
AS-ABMO,4,20,39,1122.584027129227,1117.0218234164402,3.671007833522622,322.584027129227
AS-ABMO,4,20,40,1117.7859730998118,1111.2844605136652,3.548167144081727,317.7859730998118
AS-ABMO,4,20,41,1116.9798923326978,1111.2844605136652,3.381825905802875,316.9798923326978
AS-ABMO,4,20,42,1113.4877473740898,1099.1421099507947,3.230818714963965,313.48774737408985
AS-ABMO,4,20,43,1107.355085541884,1096.3476981055696,3.1350054995222374,307.3550855418839
AS-ABMO,4,20,44,1107.3361336628664,1096.0634199203014,3.0335648088066423,307.33613366286636
AS-ABMO,4,20,45,1103.2221279237829,1096.0634199203014,2.862664925543905,303.22212792378286
AS-ABMO,4,20,46,1102.867740991681,1094.0377186681203,2.720488882443497,302.8677409916811
AS-ABMO,4,20,47,1102.2067170651835,1094.0377186681203,2.604341161337428,302.2067170651835
AS-ABMO,4,20,48,1100.1124248847843,1094.0377186681203,2.4940400199822585,300.11242488478433
AS-ABMO,4,20,49,1096.0315948485354,1093.2607701124905,2.4052800729009984,296.0315948485354
AS-ABMO,4,20,50,1095.675925020368,1093.2607701124905,2.312202461526548,295.6759250203679
AS-ABMO,4,20,51,1095.675925020368,1093.2607701124905,2.242165692015716,295.6759250203679
AS-ABMO,4,20,52,1093.0052388108843,1091.9166571627454,2.1413566111827325,293.0052388108843
AS-ABMO,4,20,53,1090.663780736642,1091.9166571627454,2.0568383929365086,290.6637807366419
AS-ABMO,4,20,54,1090.663780736642,1091.9166571627454,1.9253435563975696,290.6637807366419
AS-ABMO,4,20,55,1090.663780736642,1091.9166571627454,1.8099714264932745,290.6637807366419
AS-ABMO,4,20,56,1090.3263519400275,1091.9166571627454,1.7018199844774944,290.3263519400275
AS-ABMO,4,20,57,1087.6207141003963,1088.234065513002,1.62324926220906,287.6207141003963
AS-ABMO,4,20,58,1086.4467744967735,1085.799004659036,1.521934115143227,286.4467744967735
AS-ABMO,4,20,59,1081.2976258082276,1084.755717632041,1.4411049032196384,281.2976258082276
AS-ABMO,4,20,60,1081.2976258082276,1084.755717632041,1.362861837301522,281.2976258082276
AS-ABMO,4,20,61,1081.2976258082276,1084.755717632041,1.2885173320271894,281.2976258082276
AS-ABMO,4,20,62,1079.9330514568303,1084.4978606422042,1.2165108334526495,279.9330514568303
AS-ABMO,4,20,63,1075.8079887052445,1081.100579808757,1.1659317600491284,275.8079887052445
AS-ABMO,4,20,64,1070.8728501811745,1075.8880494210866,1.1059493265263132,270.8728501811745
AS-ABMO,4,20,65,1070.045543868364,1074.4953960967914,1.0420984578218309,270.0455438683639
AS-ABMO,4,20,66,1068.57335865539,1072.9328801725692,0.9855217058892268,268.57335865538994
AS-ABMO,4,20,67,1065.761216919871,1070.8868780092853,0.9385357718126628,265.761216919871
AS-ABMO,4,20,68,1065.2507139013449,1070.3318836460166,0.885237850532565,265.25071390134485
AS-ABMO,4,20,69,1061.5932424834034,1060.786731456808,0.8500587676210726,261.5932424834034
AS-ABMO,4,20,70,1058.0254068410193,1060.786731456808,0.8229712840894785,258.0254068410193
AS-ABMO,4,20,71,1057.46666100982,1060.786731456808,0.8004854428079281,257.46666100982
AS-ABMO,4,20,72,1055.2904483529155,1060.786731456808,0.7898753944198931,255.29044835291552
AS-ABMO,4,20,73,1054.4565000968294,1058.8831801701112,0.7756750663484773,254.45650009682936
AS-ABMO,4,20,74,1054.4221093818844,1058.8831801701112,0.7638402889858653,254.4221093818844
AS-ABMO,4,20,75,1053.6202867965158,1058.8831801701112,0.7466320413415335,253.62028679651576
AS-ABMO,4,20,76,1049.0100544925965,1054.3546832083448,0.7339421256829423,249.0100544925965
AS-ABMO,4,20,77,1048.5200464135637,1054.3546832083448,0.7140900439846306,248.5200464135637
AS-ABMO,4,20,78,1047.1831858921616,1054.3546832083448,0.7226595564637183,247.18318589216165
AS-ABMO,4,20,79,1045.7558478501564,1054.3546832083448,0.7193932735370453,245.75584785015644
AS-ABMO,4,20,80,1043.934592523648,1049.4041163385202,0.7197725390088899,243.934592523648
AS-ABMO,4,20,81,1042.1532434295784,1047.322826093183,0.7212564833304065,242.15324342957842
AS-ABMO,4,20,82,1038.6319867152602,1043.6801314208642,0.7430067729860601,238.63198671526015
AS-ABMO,4,20,83,1035.2391745403809,1039.666009841287,0.8011286162746866,235.23917454038087
AS-ABMO,4,20,84,1033.937019878823,1037.9140801423391,0.8532994930672166,233.9370198788231
AS-ABMO,4,20,85,1030.096975840283,1037.881187732472,0.8905361215959505,230.096975840283
AS-ABMO,4,20,86,1027.4861628245835,1029.4402106684352,0.9700960053173708,227.48616282458352
AS-ABMO,4,20,87,1026.6624054125054,1021.352855607135,1.036950622878733,226.66240541250545
AS-ABMO,4,20,88,1023.380401586964,1014.2661268641792,1.0963806659596038,223.380401586964
AS-ABMO,4,20,89,1020.394092525626,1014.2023295150163,1.177983266430534,220.39409252562598
AS-ABMO,4,20,90,1015.5464779469756,1012.5678330350312,1.2354312341873144,215.54647794697564
AS-ABMO,4,20,91,1011.8864365240138,1004.1013142334538,1.3302220764931327,211.8864365240138
AS-ABMO,4,20,92,1008.8389362904244,998.8034547096422,1.4173694507515897,208.83893629042439
AS-ABMO,4,20,93,1006.1446267056324,994.2982310677502,1.517219064803551,206.1446267056324
AS-ABMO,4,20,94,1004.724615285702,994.2982310677502,1.588068076338602,204.72461528570204
AS-ABMO,4,20,95,1000.2196819889156,985.8668120817264,1.725828550854083,200.21968198891557
AS-ABMO,4,20,96,997.3595440221416,985.8668120817264,1.8371293543603568,197.35954402214156
AS-ABMO,4,20,97,996.3156105314932,985.161492940122,1.9462703131761143,196.31561053149323
AS-ABMO,4,20,98,993.4988723372225,985.161492940122,2.070836905431232,193.49887233722245
AS-ABMO,4,20,99,990.7566379037688,985.161492940122,2.307449976736573,190.75663790376882
AS-ABMO,4,20,100,989.7753815608938,985.161492940122,2.485978560195167,189.77538156089383
AS-ABMO,4,20,101,983.9879881369804,963.9776047653872,2.7324232266656305,183.98798813698045
AS-ABMO,4,20,102,982.8424714824326,963.9776047653872,2.908635695500192,182.84247148243264
AS-ABMO,4,20,103,982.1561742475802,963.9776047653872,3.0687727010441352,182.15617424758022
AS-ABMO,4,20,104,976.602609077294,962.3427574399802,3.270796576267274,176.602609077294
AS-ABMO,4,20,105,975.3304477869156,962.3427574399802,3.461172879953485,175.33044778691556
AS-ABMO,4,20,106,972.2442475841704,959.8921864491472,3.548960395259023,172.24424758417035
AS-ABMO,4,20,107,970.6010145947396,959.8921864491472,3.637808674151942,170.60101459473958
AS-ABMO,4,20,108,968.6026994636604,959.8921864491472,3.687757435826505,168.60269946366043
AS-ABMO,4,20,109,965.7453748146507,959.2137756118648,3.8251957020005416,165.74537481465075
AS-ABMO,4,20,110,963.2688680480666,959.2137756118648,4.055552210795534,163.26886804806657
AS-ABMO,4,20,111,959.9481733644556,955.2324464607082,4.1550104028119295,159.94817336445556
AS-ABMO,4,20,112,958.3569014837262,950.308518990454,4.250763295285058,158.35690148372623
AS-ABMO,4,20,113,957.434278793836,948.1553199443196,4.422316355943893,157.43427879383603
AS-ABMO,4,20,114,956.1183933416144,944.5966226966408,4.561127915165409,156.11839334161436
AS-ABMO,4,20,115,952.3164023993002,943.4296993993562,4.660349394119076,152.31640239930016
AS-ABMO,4,20,116,948.7258137088328,943.4296993993562,4.777094342414423,148.7258137088328
AS-ABMO,4,20,117,946.185769612242,943.2994337725638,4.967842901053207,146.18576961224198
AS-ABMO,4,20,118,944.8345166624416,943.294162434222,5.074303537202826,144.83451666244162
AS-ABMO,4,20,119,944.2256168234272,943.101127557148,5.142773853423151,144.22561682342723
AS-ABMO,4,20,120,942.5102051796434,941.654597984012,5.292308916849671,142.51020517964344
AS-ABMO,4,20,121,941.2289783447932,933.9498721189134,5.418071565936796,141.22897834479318
AS-ABMO,4,20,122,940.4048919299212,933.9498721189134,5.516189011448463,140.40489192992118
AS-ABMO,4,20,123,939.8733550034392,932.0363848911554,5.63595275429994,139.8733550034392
AS-ABMO,4,20,124,939.3834281006906,932.0363848911554,5.756481786906869,139.3834281006906
AS-ABMO,4,20,125,939.0952551482392,932.0363826201688,5.760745157124295,139.09525514823918
AS-ABMO,4,20,126,938.1533667908722,931.9987387401248,5.897058755157034,138.15336679087216
AS-ABMO,4,20,127,937.604378264446,931.9987387401248,5.995035097856796,137.60437826444604
AS-ABMO,4,20,128,935.4570427856096,926.7860478895628,6.10026132164648,135.4570427856096
AS-ABMO,4,20,129,935.1756655253348,926.4783528789188,6.223054776337629,135.1756655253348
AS-ABMO,4,20,130,934.8156718847656,926.4432177917344,6.2958858013001215,134.8156718847656
AS-ABMO,4,20,131,933.9534181365932,925.4695257615102,6.421176674106396,133.9534181365932
AS-ABMO,4,20,132,933.2766807695848,924.5763469553884,6.560952542899981,133.2766807695848
AS-ABMO,4,20,133,932.1580531612236,924.0597412286284,6.714598682065051,132.15805316122362
AS-ABMO,4,20,134,932.1156372818472,924.0597412286284,6.849688195951624,132.11563728184717
AS-ABMO,4,20,135,931.598024512624,924.0519637679956,6.943453516889663,131.59802451262397
AS-ABMO,4,20,136,931.4183767488358,924.0510286394128,7.030188183780936,131.41837674883584
AS-ABMO,4,20,137,931.4127267013876,924.0461704456512,7.248404254433447,131.41272670138756
AS-ABMO,4,20,138,931.3493966844754,924.0461300251212,7.357423527643304,131.34939668447544
AS-ABMO,4,20,139,931.209063750608,924.0461300251212,7.5093432611014865,131.20906375060804
AS-ABMO,4,20,140,930.0900223865972,924.0461300251212,7.510210543035192,130.09002238659718
AS-ABMO,4,20,141,930.0620445224806,924.0388129794684,7.541657915710354,130.06204452248062
AS-ABMO,4,20,142,929.971701402328,924.0323536521672,7.575027164088552,129.971701402328
AS-ABMO,4,20,143,929.597745956688,924.0305393238187,7.615011748188177,129.59774595668796
AS-ABMO,4,20,144,929.466809538544,924.030312979376,7.725981499404802,129.466809538544
AS-ABMO,4,20,145,929.220175435328,924.0279319709762,7.779763435907788,129.22017543532797
AS-ABMO,4,20,146,929.2051509387304,924.019322006732,7.780231001626936,129.2051509387304
AS-ABMO,4,20,147,929.201631330138,924.0185175410384,7.7419784264202995,129.20163133013796
AS-ABMO,4,20,148,929.1400024784496,924.0133590240316,7.808207632367917,129.14000247844956
AS-ABMO,4,20,149,929.1020416293372,924.0122197752844,7.808143261642887,129.10204162933724
AS-ABMO,4,20,150,929.0168875716226,924.0122197752844,7.838275020209872,129.01688757162265
AS-ABMO,4,20,151,928.9750059582016,924.006758721067,7.81326202807902,128.97500595820156
AS-ABMO,4,20,152,928.9414387035246,924.006758721067,7.800184227138686,128.94143870352457
AS-ABMO,4,20,153,928.8879382872732,924.0061555102532,7.796373989407717,128.8879382872732
AS-ABMO,4,20,154,928.8530815442608,924.0021928415722,7.856324232481819,128.85308154426082
AS-ABMO,4,20,155,928.8512755884884,924.0021101798644,7.834629073176979,128.85127558848842
AS-ABMO,4,20,156,927.6544222217937,924.0021101798644,7.881535415248734,127.65442222179365
AS-ABMO,4,20,157,927.64166912708,924.0021101798644,7.892987013627837,127.64166912708004
AS-ABMO,4,20,158,927.6388527168637,924.002011737017,7.899897191787291,127.63885271686365
AS-ABMO,4,20,159,927.6336322328594,924.0019174293913,7.840927843360085,127.63363223285944
AS-ABMO,4,20,160,927.6240131473684,924.001260883768,7.815419561637948,127.62401314736837
AS-ABMO,4,20,161,927.540969710072,924.001260883768,7.826272600059722,127.54096971007198
AS-ABMO,4,20,162,927.3706385284096,924.001244774802,7.84083346810681,127.37063852840959
AS-ABMO,4,20,163,927.3337250774274,924.000531941404,7.837231731194037,127.3337250774274
AS-ABMO,4,20,164,927.289552030968,924.0004984007336,7.81642143907495,127.28955203096803
AS-ABMO,4,20,165,927.0795752022584,924.000352750734,7.826641511183798,127.07957520225841
AS-ABMO,4,20,166,926.9233336962174,924.000352750734,7.844955995229924,126.92333369621736
AS-ABMO,4,20,167,926.748209769091,924.000352750734,7.846340396059551,126.74820976909098
AS-ABMO,4,20,168,926.7480855607485,924.0003165060884,7.838485938217654,126.74808556074845
AS-ABMO,4,20,169,926.7324559312262,924.0003076692014,7.826195980022475,126.73245593122624
AS-ABMO,4,20,170,926.6929337388608,924.0001238124466,7.849640067764235,126.6929337388608
AS-ABMO,4,20,171,925.3187987066242,921.0007735431512,7.853839253052709,125.3187987066242
AS-ABMO,4,20,172,925.3142733112894,921.0001958269456,7.836726717244691,125.31427331128941
AS-ABMO,4,20,173,925.31159482032,921.0001605915244,7.828322301226948,125.31159482032001
AS-ABMO,4,20,174,925.2807212110714,921.0000917346938,7.838400455044981,125.28072121107141
AS-ABMO,4,20,175,925.2803692914696,921.0000669622622,7.842427453672381,125.28036929146958
AS-ABMO,4,20,176,925.277042920381,921.0000526611408,7.823402887384058,125.27704292038095
AS-ABMO,4,20,177,925.2692353735418,921.0000479607068,7.85897515063868,125.26923537354185
AS-ABMO,4,20,178,925.269002966344,921.000034679091,7.877403609676341,125.26900296634403
AS-ABMO,4,20,179,925.2550086104932,921.000034679091,7.900105865016045,125.25500861049318
AS-ABMO,4,20,180,925.2535216915144,921.0000277570208,7.900355717483644,125.25352169151438
AS-ABMO,4,20,181,925.2442628213968,921.0000277570208,7.925296232144924,125.24426282139677
AS-ABMO,4,20,182,925.2289122441754,921.0000277570208,7.897741572946385,125.22891224417538
AS-ABMO,4,20,183,925.2264738330414,921.0000239762622,7.919941583241573,125.22647383304138
AS-ABMO,4,20,184,925.2215413955338,921.0000204795898,7.953478895056709,125.22154139553379
AS-ABMO,4,20,185,925.2193985907064,921.00001851256,7.9775685133798016,125.21939859070642
AS-ABMO,4,20,186,925.2191192883272,921.00001851256,8.008185061834205,125.21911928832719
AS-ABMO,4,20,187,925.2054956643448,921.0000183809289,8.028908448263806,125.20549566434477
AS-ABMO,4,20,188,925.2032937473222,921.0000176983632,8.085850124886742,125.20329374732216
AS-ABMO,4,20,189,925.2029208258105,921.0000155321064,8.150545996617067,125.20292082581045
AS-ABMO,4,20,190,925.202798578951,921.000009690777,8.156938101661085,125.20279857895105
AS-ABMO,4,20,191,925.2009775378853,921.0000054256856,8.179977368407739,125.20097753788525
AS-ABMO,4,20,192,925.2006201837004,921.0000054256856,8.19301367601128,125.20062018370038
AS-ABMO,4,20,193,925.2004096993523,921.0000054256856,8.240127103592485,125.20040969935235
AS-ABMO,4,20,194,925.2003822607628,921.0000054242054,8.311863657096502,125.20038226076281
AS-ABMO,4,20,195,925.2003565877292,921.0000053912833,8.35101330068736,125.20035658772917
AS-ABMO,4,20,196,925.200322814712,921.0000045091912,8.433435558226256,125.20032281471197
AS-ABMO,4,20,197,925.2002101180042,921.000002943593,8.477286340671027,125.20021011800418
AS-ABMO,4,20,198,925.2001754236774,921.0000022063674,8.507880334252802,125.20017542367736
AS-ABMO,4,20,199,925.2001736943766,921.0000021636127,8.527652429333703,125.20017369437664
AS-ABMO,4,20,200,925.2001566658192,921.0000021636127,8.538849555825076,125.20015666581924
AS-ABMO,4,20,201,925.2001538245764,921.0000021636127,8.545541867491348,125.20015382457643
AS-ABMO,4,20,202,925.20010865979,921.0000018541984,8.56209485854784,125.20010865978998
AS-ABMO,4,20,203,925.2001079721332,921.0000009283092,8.595526165474093,125.2001079721332
AS-ABMO,4,20,204,925.2000795171878,921.0000006425172,8.644559893407868,125.20007951718776
AS-ABMO,4,20,205,925.2000336490348,921.000000588968,8.675287218295704,125.20003364903482
AS-ABMO,4,20,206,925.2000336059002,921.000000576,8.700552145870057,125.20003360590022
AS-ABMO,4,20,207,925.2000330210916,921.0000004109368,8.715101210964088,125.2000330210916
AS-ABMO,4,20,208,925.2000271683372,921.0000004109368,8.748763070294151,125.20002716833721
AS-ABMO,4,20,209,925.200024874734,921.0000003186082,8.76358236227086,125.20002487473403
AS-ABMO,4,20,210,925.2000132653236,921.000000096466,8.780020467303165,125.2000132653236
AS-ABMO,4,20,211,925.20001158809,921.00000008261,8.813853821836695,125.20001158808998
AS-ABMO,4,20,212,925.2000097862802,921.0000000683416,8.860755231763468,125.20000978628025
AS-ABMO,4,20,213,925.2000086552906,921.0000000544892,8.860910441716575,125.20000865529062
AS-ABMO,4,20,214,925.200008581559,921.000000052231,8.909235688317345,125.20000858155902
AS-ABMO,4,20,215,925.200007367692,921.000000052231,8.943367616884903,125.20000736769202
AS-ABMO,4,20,216,925.2000064302448,921.000000052231,8.984731509242266,125.2000064302448
AS-ABMO,4,20,217,925.2000045619476,921.0000000410168,9.039520620173016,125.2000045619476
AS-ABMO,4,20,218,925.200002146144,921.0000000269436,9.021873790225404,125.20000214614402
AS-ABMO,4,20,219,925.2000019836364,921.0000000106462,9.010091720402292,125.20000198363641
AS-ABMO,4,20,220,925.2000018482964,921.0000000098496,9.01250486029323,125.20000184829644
AS-ABMO,4,20,221,925.200001825047,921.0000000098496,8.99519248083314,125.20000182504702
AS-ABMO,4,20,222,925.2000017889884,921.000000008992,8.981703890538109,125.2000017889884
AS-ABMO,4,20,223,925.2000012061836,921.0000000088876,8.9988944780329,125.20000120618363
AS-ABMO,4,20,224,925.2000012061455,921.0000000086284,8.986054397120027,125.20000120614554
AS-ABMO,4,20,225,925.20000074873,921.0000000086284,8.978186628847386,125.20000074872996
AS-ABMO,4,20,226,925.2000004077616,921.0000000071724,8.992034509267263,125.20000040776165
AS-ABMO,4,20,227,925.2000004062648,921.0000000048578,9.00363078660266,125.20000040626485
AS-ABMO,4,20,228,925.2000003971532,921.0000000029604,9.008587570283016,125.20000039715319
AS-ABMO,4,20,229,925.2000001634462,921.0000000015712,9.054645772448833,125.20000016344625
AS-ABMO,4,20,230,925.2000001430296,921.0000000015712,9.054645772448833,125.20000014302957
AS-ABMO,4,20,231,925.2000001317152,921.000000001077,9.040443339125831,125.20000013171523
AS-ABMO,4,20,232,925.200000123484,921.000000000616,9.085281791716923,125.20000012348396
AS-ABMO,4,20,233,925.2000001176448,921.0000000005224,9.0775138008177,125.20000011764478
AS-ABMO,4,20,234,925.2000001081728,921.0000000003472,9.069731871098808,125.20000010817284
AS-ABMO,4,20,235,925.200000071354,921.0000000002494,9.046513192269073,125.200000071354
AS-ABMO,4,20,236,925.2000000390713,921.000000000133,9.03970265500843,125.20000003907126
AS-ABMO,4,20,237,925.2000000349844,921.0000000001244,8.974398430762013,125.20000003498444
AS-ABMO,4,20,238,925.2000000339776,921.0000000001216,8.961602335679878,125.20000003397763
AS-ABMO,4,20,239,925.2000000315528,921.0000000000446,8.926518241308692,125.2000000315528
AS-ABMO,4,20,240,925.2000000225036,921.0000000000446,8.938298033639487,125.20000002250356
AS-ABMO,4,20,241,925.2000000138088,921.0000000000202,8.94633160995008,125.20000001380879
AS-ABMO,4,20,242,925.2000000131636,921.0000000000116,8.923834742823693,125.20000001316362
AS-ABMO,4,20,243,925.2000000113184,921.0000000000102,8.885502536055759,125.20000001131837
AS-ABMO,4,20,244,925.2000000076958,921.0000000000102,8.798633002374283,125.20000000769585
AS-ABMO,4,20,245,925.200000006683,921.0000000000086,8.766951985684818,125.20000000668301
AS-ABMO,4,20,246,925.2000000043632,921.000000000002,8.71402858778566,125.20000000436323
AS-ABMO,4,20,247,925.2000000027622,921.0000000000013,8.584419521664556,125.20000000276218
AS-ABMO,4,20,248,925.200000002538,921.0000000000008,8.497768624757263,125.20000000253799
AS-ABMO,4,20,249,925.2000000021347,921.0000000000005,8.456365595605497,125.20000000213474
AS-ABMO,4,20,250,925.2000000012606,921.0000000000005,8.388400491143663,125.2000000012606
AS-ABMO,4,20,251,925.2000000011868,921.0000000000002,8.328786103506093,125.20000000118682
AS-ABMO,4,20,252,925.2000000008434,921.0000000000002,8.250338487956776,125.20000000084337
AS-ABMO,4,20,253,925.2000000007562,921.0000000000002,8.138248077120101,125.20000000075618
AS-ABMO,4,20,254,925.2000000006008,921.0000000000002,8.0286348692765,125.20000000060077
AS-ABMO,4,20,255,925.2000000004836,921.0000000000002,7.929080974328936,125.20000000048356
AS-ABMO,4,20,256,925.20000000041,921.0,7.824554928856747,125.20000000041
AS-ABMO,4,20,257,925.2000000003586,921.0,7.718942245415687,125.20000000035861
AS-ABMO,4,20,258,925.2000000002968,921.0,7.647475699543817,125.20000000029677
AS-ABMO,4,20,259,925.2000000002452,921.0,7.564951945788929,125.20000000024515
AS-ABMO,4,20,260,925.2000000001678,921.0,7.4160037050762755,125.20000000016785
AS-ABMO,4,20,261,925.2000000001466,921.0,7.282364703190113,125.20000000014659
AS-ABMO,4,20,262,925.2000000001034,921.0,7.210296796565403,125.20000000010339
AS-ABMO,4,20,263,925.200000000078,921.0,7.115089394427059,125.20000000007803
AS-ABMO,4,20,264,925.200000000069,921.0,6.931011079210243,125.20000000006905
AS-ABMO,4,20,265,925.200000000066,921.0,6.814707420292355,125.20000000006598
AS-ABMO,4,20,266,925.2000000000464,921.0,6.705941942972678,125.20000000004643
AS-ABMO,4,20,267,925.2000000000432,921.0,6.545346890790717,125.20000000004325
AS-ABMO,4,20,268,925.200000000029,921.0,6.3936734271476805,125.20000000002904
AS-ABMO,4,20,269,925.2000000000288,921.0,6.233297627437463,125.20000000002881
AS-ABMO,4,20,270,925.2000000000244,921.0,6.11798816811033,125.20000000002437
AS-ABMO,4,20,271,925.2000000000132,921.0,5.94131698341992,125.20000000001323
AS-ABMO,4,20,272,925.2000000000124,921.0,5.801538625109004,125.20000000001244
AS-ABMO,4,20,273,925.2000000000093,921.0,5.652989257812265,125.20000000000925
AS-ABMO,4,20,274,925.2000000000086,921.0,5.461404233397313,125.20000000000857
AS-ABMO,4,20,275,925.2000000000078,921.0,5.274710337087409,125.20000000000778
AS-ABMO,4,20,276,925.2000000000068,921.0,5.1839102120347285,125.20000000000675
AS-ABMO,4,20,277,925.200000000006,921.0,5.06782501190572,125.20000000000596
AS-ABMO,4,20,278,925.2000000000056,921.0,4.921585681055456,125.20000000000562
AS-ABMO,4,20,279,925.2000000000046,921.0,4.781471830161939,125.2000000000046
AS-ABMO,4,20,280,925.2000000000038,921.0,4.666177278509671,125.2000000000038
AS-ABMO,4,20,281,925.2000000000036,921.0,4.485539395257136,125.20000000000357
AS-ABMO,4,20,282,925.2000000000036,921.0,4.33895370531177,125.20000000000357
AS-ABMO,4,20,283,925.200000000002,921.0,4.221604814429007,125.20000000000198
AS-ABMO,4,20,284,925.200000000002,921.0,4.090352494366955,125.20000000000198
AS-ABMO,4,20,285,925.2000000000012,921.0,3.9784763124646414,125.20000000000118
AS-ABMO,4,20,286,925.2000000000012,921.0,3.8289232069529646,125.20000000000118
AS-ABMO,4,20,287,925.2000000000006,921.0,3.713666227040356,125.20000000000061
AS-ABMO,4,20,288,925.2000000000004,921.0,3.593446118141969,125.20000000000039
AS-ABMO,4,20,289,925.2000000000004,921.0,3.4813651035556377,125.20000000000039
AS-ABMO,4,20,290,925.2000000000004,921.0,3.378297599742638,125.20000000000039
AS-ABMO,4,20,291,925.2000000000002,921.0,3.296123532237184,125.20000000000016
AS-ABMO,4,20,292,925.2000000000002,921.0,3.211464064865845,125.20000000000016
AS-ABMO,4,20,293,925.2,921.0,3.140827892606425,125.20000000000005
AS-ABMO,4,20,294,925.2,921.0,3.0447052079619152,125.20000000000005
AS-ABMO,4,20,295,925.2,921.0,2.96642006145167,125.20000000000005
AS-ABMO,4,20,296,925.2,921.0,2.8681499240728536,125.20000000000005
AS-ABMO,4,20,297,925.2,921.0,2.82370077674011,125.20000000000005
AS-ABMO,4,20,298,925.2,921.0,2.751218976241239,125.20000000000005
AS-ABMO,4,20,299,925.2,921.0,2.6755951169695087,125.20000000000005
AS-ABMO,4,20,300,925.2,921.0,2.6106249308280565,125.20000000000005
AS-ABMO,4,20,301,925.2,921.0,2.5453400651591043,125.20000000000005
AS-ABMO,4,20,302,925.2,921.0,2.4838601496581654,125.20000000000005
AS-ABMO,4,20,303,925.2,921.0,2.4417682319152383,125.20000000000005
AS-ABMO,4,20,304,925.2,921.0,2.3730026706378724,125.20000000000005
AS-ABMO,4,20,305,925.2,921.0,2.296926088926652,125.20000000000005
AS-ABMO,4,20,306,925.2,921.0,2.2583116926105378,125.20000000000005
AS-ABMO,4,20,307,925.2,921.0,2.191403249650283,125.20000000000005
AS-ABMO,4,20,308,925.2,921.0,2.099302662617569,125.20000000000005
AS-ABMO,4,20,309,925.2,921.0,1.983033811635072,125.20000000000005
AS-ABMO,4,20,310,925.2,921.0,1.926771066249944,125.20000000000005
AS-ABMO,4,20,311,925.2,921.0,1.82408755468451,125.20000000000005
AS-ABMO,4,20,312,925.2,921.0,1.7347463372264718,125.20000000000005
AS-ABMO,4,20,313,925.2,921.0,1.6411513235098985,125.20000000000005
AS-ABMO,4,20,314,925.2,921.0,1.5643140712424022,125.20000000000005
AS-ABMO,4,20,315,925.2,921.0,1.491145087799803,125.20000000000005
AS-ABMO,4,20,316,925.2,921.0,1.426984412742082,125.20000000000005
AS-ABMO,4,20,317,925.2,921.0,1.3493120494683375,125.20000000000005
AS-ABMO,4,20,318,925.2,921.0,1.312753021300549,125.20000000000005
AS-ABMO,4,20,319,925.2,921.0,1.246123847818202,125.20000000000005
AS-ABMO,4,20,320,925.2,921.0,1.1949397923847578,125.20000000000005
AS-ABMO,4,20,321,925.2,921.0,1.1447992836419592,125.20000000000005
AS-ABMO,4,20,322,925.2,921.0,1.0629123673424783,125.20000000000005
AS-ABMO,4,20,323,925.2,921.0,1.001759745178315,125.20000000000005
AS-ABMO,4,20,324,925.2,921.0,0.945353755223658,125.20000000000005
AS-ABMO,4,20,325,925.2,921.0,0.8960179195365329,125.20000000000005
AS-ABMO,4,20,326,925.2,921.0,0.8323775733141601,125.20000000000005
AS-ABMO,4,20,327,925.2,921.0,0.7610897217795972,125.20000000000005
AS-ABMO,4,20,328,925.2,921.0,0.723579817139342,125.20000000000005
AS-ABMO,4,20,329,925.2,921.0,0.6754029408635931,125.20000000000005
AS-ABMO,4,20,330,925.2,921.0,0.6417682816458204,125.20000000000005
AS-ABMO,4,20,331,925.2,921.0,0.594291735681773,125.20000000000005
AS-ABMO,4,20,332,925.2,921.0,0.5453317774250438,125.20000000000005
AS-ABMO,4,20,333,925.2,921.0,0.5087934304125896,125.20000000000005
AS-ABMO,4,20,334,925.2,921.0,0.4713984476913642,125.20000000000005
AS-ABMO,4,20,335,925.2,921.0,0.4366714165856959,125.20000000000005
AS-ABMO,4,20,336,925.2,921.0,0.4023983437862312,125.20000000000005
AS-ABMO,4,20,337,925.2,921.0,0.3788185571352223,125.20000000000005
AS-ABMO,4,20,338,925.2,921.0,0.3598571563869097,125.20000000000005
AS-ABMO,4,20,339,925.2,921.0,0.3371098309635382,125.20000000000005
AS-ABMO,4,20,340,925.2,921.0,0.3165992366557371,125.20000000000005
AS-ABMO,4,20,341,925.2,921.0,0.2976903042656976,125.20000000000005
AS-ABMO,4,20,342,925.2,921.0,0.2815113766152444,125.20000000000005
AS-ABMO,4,20,343,925.2,921.0,0.2659974386492501,125.20000000000005
AS-ABMO,4,20,344,925.2,921.0,0.254918892424997,125.20000000000005
AS-ABMO,4,20,345,925.2,921.0,0.2445979121673314,125.20000000000005
AS-ABMO,4,20,346,925.2,921.0,0.2402005175063508,125.20000000000005
AS-ABMO,4,20,347,925.2,921.0,0.2319195575376421,125.20000000000005
AS-ABMO,4,20,348,925.2,921.0,0.2202711284515857,125.20000000000005
AS-ABMO,4,20,349,925.2,921.0,0.2148661221950486,125.20000000000005
AS-ABMO,4,20,350,925.2,921.0,0.2047860689488965,125.20000000000005
AS-ABMO,4,20,351,925.2,921.0,0.1932834665163568,125.20000000000005
AS-ABMO,4,20,352,925.2,921.0,0.1832983226142329,125.20000000000005
AS-ABMO,4,20,353,925.2,921.0,0.1793851542734203,125.20000000000005
AS-ABMO,4,20,354,925.2,921.0,0.1721436246162684,125.20000000000005
AS-ABMO,4,20,355,925.2,921.0,0.1689136856499559,125.20000000000005
AS-ABMO,4,20,356,925.2,921.0,0.1603823712159757,125.20000000000005
AS-ABMO,4,20,357,925.2,921.0,0.15428532716548,125.20000000000005
AS-ABMO,4,20,358,925.2,921.0,0.1474549611903777,125.20000000000005
AS-ABMO,4,20,359,925.2,921.0,0.1424399473819303,125.20000000000005
AS-ABMO,4,20,360,925.2,921.0,0.1383120025735788,125.20000000000005
AS-ABMO,4,20,361,925.2,921.0,0.1358309852682479,125.20000000000005
AS-ABMO,4,20,362,925.2,921.0,0.1345519253989193,125.20000000000005
AS-ABMO,4,20,363,925.2,921.0,0.1324085625412429,125.20000000000005
AS-ABMO,4,20,364,925.2,921.0,0.1308453945419573,125.20000000000005
AS-ABMO,4,20,365,925.2,921.0,0.1293603214675491,125.20000000000005
AS-ABMO,4,20,366,925.2,921.0,0.126045469627504,125.20000000000005
AS-ABMO,4,20,367,925.2,921.0,0.1249557596566724,125.20000000000005
AS-ABMO,4,20,368,925.2,921.0,0.1222636965263226,125.20000000000005
AS-ABMO,4,20,369,925.2,921.0,0.1206128668964377,125.20000000000005
AS-ABMO,4,20,370,925.2,921.0,0.1183340846543448,125.20000000000005
AS-ABMO,4,20,371,925.2,921.0,0.1176237422002224,125.20000000000005
AS-ABMO,4,20,372,925.2,921.0,0.1169366875417393,125.20000000000005
AS-ABMO,4,20,373,925.2,921.0,0.1156294127820338,125.20000000000005
AS-ABMO,4,20,374,925.2,921.0,0.1138248689005669,125.20000000000005
AS-ABMO,4,20,375,925.2,921.0,0.1121920500741278,125.20000000000005
AS-ABMO,4,20,376,925.2,921.0,0.1107146145030921,125.20000000000005
AS-ABMO,4,20,377,925.2,921.0,0.1098086199930025,125.20000000000005
AS-ABMO,4,20,378,925.2,921.0,0.1093777755156817,125.20000000000005
AS-ABMO,4,20,379,925.2,921.0,0.1093777755156817,125.20000000000005
AS-ABMO,4,20,380,925.2,921.0,0.1085579977824174,125.20000000000005
AS-ABMO,4,20,381,925.2,921.0,0.1077910899867753,125.20000000000005
AS-ABMO,4,20,382,925.2,921.0,0.1070736423870769,125.20000000000005
AS-ABMO,4,20,383,925.2,921.0,0.1064024651461649,125.20000000000005
AS-ABMO,4,20,384,925.2,921.0,0.1060832877070856,125.20000000000005
AS-ABMO,4,20,385,925.2,921.0,0.1054759814253743,125.20000000000005
AS-ABMO,4,20,386,925.2,921.0,0.1051871777355024,125.20000000000005
AS-ABMO,4,20,387,925.2,921.0,0.1043763439025388,125.20000000000005
AS-ABMO,4,20,388,925.2,921.0,0.1041235906187218,125.20000000000005
AS-ABMO,4,20,389,925.2,921.0,0.1034139704819348,125.20000000000005
AS-ABMO,4,20,390,925.2,921.0,0.1029788165159804,125.20000000000005
AS-ABMO,4,20,391,925.2,921.0,0.102571726941266,125.20000000000005
AS-ABMO,4,20,392,925.2,921.0,0.102190891800587,125.20000000000005
AS-ABMO,4,20,393,925.2,921.0,0.1018346178663364,125.20000000000005
AS-ABMO,4,20,394,925.2,921.0,0.1015013211122602,125.20000000000005
AS-ABMO,4,20,395,925.2,921.0,0.1013428222867117,125.20000000000005
AS-ABMO,4,20,396,925.2,921.0,0.1011895196707336,125.20000000000005
AS-ABMO,4,20,397,925.2,921.0,0.1007591133010228,125.20000000000005
AS-ABMO,4,20,398,925.2,921.0,0.1006249469417793,125.20000000000005
AS-ABMO,4,20,399,925.2,921.0,0.100495179078976,125.20000000000005
AS-ABMO,4,20,400,925.2,921.0,0.1003696655127474,125.20000000000005
AS-ABMO,4,20,401,925.2,921.0,0.1002482667706622,125.20000000000005
AS-ABMO,4,20,402,925.2,921.0,0.1002482667706622,125.20000000000005
AS-ABMO,4,20,403,925.2,921.0,0.1001308479527392,125.20000000000005
AS-ABMO,4,20,404,925.2,921.0,0.1000172785815445,125.20000000000005
AS-ABMO,4,20,405,925.2,921.0,0.1,125.20000000000005
AS-ABMO,4,20,406,925.2,921.0,0.1,125.20000000000005
AS-ABMO,4,20,407,925.2,921.0,0.1,125.20000000000005
AS-ABMO,4,20,408,925.2,921.0,0.1,125.20000000000005
AS-ABMO,4,20,409,925.2,921.0,0.1,125.20000000000005
AS-ABMO,4,20,410,925.2,921.0,0.1,125.20000000000005
AS-ABMO,4,20,411,925.2,921.0,0.1,125.20000000000005
AS-ABMO,4,20,412,925.2,921.0,0.1,125.20000000000005
AS-ABMO,4,20,413,925.2,921.0,0.1,125.20000000000005
AS-ABMO,4,20,414,925.2,921.0,0.1,125.20000000000005
AS-ABMO,4,20,415,925.2,921.0,0.1,125.20000000000005
AS-ABMO,4,20,416,925.2,921.0,0.1,125.20000000000005
AS-ABMO,4,20,417,925.2,921.0,0.1,125.20000000000005
AS-ABMO,4,20,418,925.2,921.0,0.1,125.20000000000005
AS-ABMO,4,20,419,925.2,921.0,0.1,125.20000000000005
AS-ABMO,4,20,420,925.2,921.0,0.1,125.20000000000005
AS-ABMO,4,20,421,925.2,921.0,0.1,125.20000000000005
AS-ABMO,4,20,422,925.2,921.0,0.1,125.20000000000005
AS-ABMO,4,20,423,925.2,921.0,0.1,125.20000000000005
AS-ABMO,4,20,424,925.2,921.0,0.1,125.20000000000005
AS-ABMO,4,20,425,925.2,921.0,0.1,125.20000000000005
AS-ABMO,4,20,426,925.2,921.0,0.1,125.20000000000005
AS-ABMO,4,20,427,925.2,921.0,0.1,125.20000000000005
AS-ABMO,4,20,428,925.2,921.0,0.1,125.20000000000005
AS-ABMO,4,20,429,925.2,921.0,0.1,125.20000000000005
AS-ABMO,4,20,430,925.2,921.0,0.1,125.20000000000005
AS-ABMO,4,20,431,925.2,921.0,0.1,125.20000000000005
AS-ABMO,4,20,432,925.2,921.0,0.1,125.20000000000005
AS-ABMO,4,20,433,925.2,921.0,0.1,125.20000000000005
AS-ABMO,4,20,434,925.2,921.0,0.1,125.20000000000005
AS-ABMO,4,20,435,925.2,921.0,0.1,125.20000000000005
AS-ABMO,4,20,436,925.2,921.0,0.1,125.20000000000005
AS-ABMO,4,20,437,925.2,921.0,0.1,125.20000000000005
AS-ABMO,4,20,438,925.2,921.0,0.1,125.20000000000005
AS-ABMO,4,20,439,925.2,921.0,0.1,125.20000000000005
AS-ABMO,4,20,440,925.2,921.0,0.1,125.20000000000005
AS-ABMO,4,20,441,925.2,921.0,0.1,125.20000000000005
AS-ABMO,4,20,442,925.2,921.0,0.1,125.20000000000005
AS-ABMO,4,20,443,925.2,921.0,0.1,125.20000000000005
AS-ABMO,4,20,444,925.2,921.0,0.1,125.20000000000005
AS-ABMO,4,20,445,925.2,921.0,0.1,125.20000000000005
AS-ABMO,4,20,446,925.2,921.0,0.1,125.20000000000005
AS-ABMO,4,20,447,925.2,921.0,0.1,125.20000000000005
AS-ABMO,4,20,448,925.2,921.0,0.1,125.20000000000005
AS-ABMO,4,20,449,925.2,921.0,0.1,125.20000000000005
AS-ABMO,4,20,450,925.2,921.0,0.1,125.20000000000005
AS-ABMO,4,20,451,925.2,921.0,0.1,125.20000000000005
AS-ABMO,4,20,452,925.2,921.0,0.1,125.20000000000005
AS-ABMO,4,20,453,925.2,921.0,0.1,125.20000000000005
AS-ABMO,4,20,454,925.2,921.0,0.1,125.20000000000005
AS-ABMO,4,20,455,925.2,921.0,0.1,125.20000000000005
AS-ABMO,4,20,456,925.2,921.0,0.1,125.20000000000005
AS-ABMO,4,20,457,925.2,921.0,0.1,125.20000000000005
AS-ABMO,4,20,458,925.2,921.0,0.1,125.20000000000005
AS-ABMO,4,20,459,925.2,921.0,0.1,125.20000000000005
AS-ABMO,4,20,460,925.2,921.0,0.1,125.20000000000005
AS-ABMO,4,20,461,925.2,921.0,0.1,125.20000000000005
AS-ABMO,4,20,462,925.2,921.0,0.1,125.20000000000005
AS-ABMO,4,20,463,925.2,921.0,0.1,125.20000000000005
AS-ABMO,4,20,464,925.2,921.0,0.1,125.20000000000005
AS-ABMO,4,20,465,925.2,921.0,0.1,125.20000000000005
AS-ABMO,4,20,466,925.2,921.0,0.1,125.20000000000005
AS-ABMO,4,20,467,925.2,921.0,0.1,125.20000000000005
AS-ABMO,4,20,468,925.2,921.0,0.1,125.20000000000005
AS-ABMO,4,20,469,925.2,921.0,0.1,125.20000000000005
AS-ABMO,4,20,470,925.2,921.0,0.1,125.20000000000005
AS-ABMO,4,20,471,925.2,921.0,0.1,125.20000000000005
AS-ABMO,4,20,472,925.2,921.0,0.1,125.20000000000005
AS-ABMO,4,20,473,925.2,921.0,0.1,125.20000000000005
AS-ABMO,4,20,474,925.2,921.0,0.1,125.20000000000005
AS-ABMO,4,20,475,925.2,921.0,0.1,125.20000000000005
AS-ABMO,4,20,476,925.2,921.0,0.1,125.20000000000005
AS-ABMO,4,20,477,925.2,921.0,0.1,125.20000000000005
AS-ABMO,4,20,478,925.2,921.0,0.1,125.20000000000005
AS-ABMO,4,20,479,925.2,921.0,0.1,125.20000000000005
AS-ABMO,4,20,480,925.2,921.0,0.1,125.20000000000005
AS-ABMO,4,20,481,925.2,921.0,0.1,125.20000000000005
AS-ABMO,4,20,482,925.2,921.0,0.1,125.20000000000005
AS-ABMO,4,20,483,925.2,921.0,0.1,125.20000000000005
AS-ABMO,4,20,484,925.2,921.0,0.1,125.20000000000005
AS-ABMO,4,20,485,925.2,921.0,0.1,125.20000000000005
AS-ABMO,4,20,486,925.2,921.0,0.1,125.20000000000005
AS-ABMO,4,20,487,925.2,921.0,0.1,125.20000000000005
AS-ABMO,4,20,488,925.2,921.0,0.1,125.20000000000005
AS-ABMO,4,20,489,925.2,921.0,0.1,125.20000000000005
AS-ABMO,4,20,490,925.2,921.0,0.1,125.20000000000005
AS-ABMO,4,20,491,925.2,921.0,0.1,125.20000000000005
AS-ABMO,4,20,492,925.2,921.0,0.1,125.20000000000005
AS-ABMO,4,20,493,925.2,921.0,0.1,125.20000000000005
AS-ABMO,4,20,494,925.2,921.0,0.1,125.20000000000005
AS-ABMO,4,20,495,925.2,921.0,0.1,125.20000000000005
AS-ABMO,4,20,496,925.2,921.0,0.1,125.20000000000005
AS-ABMO,4,20,497,925.2,921.0,0.1,125.20000000000005
AS-ABMO,4,20,498,925.2,921.0,0.1,125.20000000000005
AS-ABMO,4,20,499,925.2,921.0,0.1,125.20000000000005
AS-ABMO,4,20,500,925.2,921.0,0.1,125.20000000000005
AS-ABMO,6,10,1,529456702.23151934,388833661.8098258,2.1811631028458245,529454902.23151934
AS-ABMO,6,10,2,133077467.87685208,93525638.43124089,4.25415694249004,133075667.87685208
AS-ABMO,6,10,3,64213789.38203458,48801646.16672167,7.065224321344513,64211989.38203458
AS-ABMO,6,10,4,46568808.96275726,36742301.030990615,9.185566713680863,46567008.96275726
AS-ABMO,6,10,5,26256001.41488408,25523860.05638441,9.913032435887937,26254201.41488408
AS-ABMO,6,10,6,20892215.450987466,13377160.464143964,10.0,20890415.450987466
AS-ABMO,6,10,7,16630801.84153081,7990725.17061072,9.989072033494002,16629001.84153081
AS-ABMO,6,10,8,11487331.306274535,7025617.5889387,10.0,11485531.306274535
AS-ABMO,6,10,9,6719058.257952304,5227014.524230631,10.0,6717258.257952304
AS-ABMO,6,10,10,5663359.309347096,4776150.414896053,9.978502328343872,5661559.309347096
AS-ABMO,6,10,11,5224095.251093726,4016618.989557517,9.978144066988005,5222295.251093726
AS-ABMO,6,10,12,4504532.295022752,3302472.3971175016,9.989072033494002,4502732.295022752
AS-ABMO,6,10,13,4069016.001108553,2928351.180071506,9.96827913934532,4067216.001108553
AS-ABMO,6,10,14,3656874.989429599,2482552.2872741777,9.913292790663752,3655074.989429599
AS-ABMO,6,10,15,3026285.647294616,2148975.6632405254,9.924925534677197,3024485.647294616
AS-ABMO,6,10,16,2809006.648909654,1889932.783161566,9.924579018525618,2807206.648909654
AS-ABMO,6,10,17,2511126.699627526,1817026.0420153283,9.861114191861272,2509326.699627526
AS-ABMO,6,10,18,1718856.433878637,1547354.674494903,9.902364824157756,1717056.433878637
AS-ABMO,6,10,19,1429100.4053187594,1201720.8285238312,9.946423206333325,1427300.4053187594
AS-ABMO,6,10,20,1424884.2620813155,1201720.8285238312,9.923862495813882,1423084.2620813155
AS-ABMO,6,10,21,1388775.981709727,1125098.586289289,9.805446171027247,1386975.981709727
AS-ABMO,6,10,22,1097202.8618475269,827431.7147466673,9.713068233587306,1095402.8618475269
AS-ABMO,6,10,23,1046533.4598207056,810777.2463912459,9.601102386350012,1044733.4598207056
AS-ABMO,6,10,24,988717.7563773444,750944.6453492857,9.44364982759281,986917.7563773444
AS-ABMO,6,10,25,926059.7574451444,606128.3631937589,9.479228033431298,924259.7574451444
AS-ABMO,6,10,26,876659.6881971572,606128.3631937589,9.439408571370686,874859.6881971572
AS-ABMO,6,10,27,793977.0880890355,597744.8332365737,9.393060091587246,792177.0880890355
AS-ABMO,6,10,28,772924.6331785817,548285.3365113598,9.18491772745148,771124.6331785817
AS-ABMO,6,10,29,694033.4952610246,413047.9759555219,8.972870616589047,692233.4952610246
AS-ABMO,6,10,30,690072.6819106527,413047.9759555219,8.77095278441438,688272.6819106527
AS-ABMO,6,10,31,595723.3396175744,340726.7529419465,8.596903190934457,593923.3396175744
AS-ABMO,6,10,32,465116.0818678936,340726.7529419465,8.513767191646263,463316.0818678936
AS-ABMO,6,10,33,460596.3522240025,340726.7529419465,8.32739167851669,458796.3522240025
AS-ABMO,6,10,34,442580.57299938606,311789.1093984231,8.056839639337394,440780.57299938606
AS-ABMO,6,10,35,436779.1686053895,311789.1093984231,7.9255659045710685,434979.1686053895
AS-ABMO,6,10,36,394039.0679888055,289179.8213472872,7.591896973809837,392239.0679888055
AS-ABMO,6,10,37,385819.4194796185,289179.8213472872,7.373136651704798,384019.4194796185
AS-ABMO,6,10,38,324515.6275786092,226668.42278558016,7.237201265057691,322715.6275786092
AS-ABMO,6,10,39,314193.5650384154,199795.3432760992,7.08370940146696,312393.5650384154
AS-ABMO,6,10,40,299204.51061040687,199795.3432760992,6.81153285521475,297404.51061040687
AS-ABMO,6,10,41,283397.4642711654,183743.17667827065,6.755938861756681,281597.4642711654
AS-ABMO,6,10,42,271450.0406163808,183743.17667827065,6.68120081494131,269650.0406163808
AS-ABMO,6,10,43,256175.1452117861,178965.0118715628,6.494261885961467,254375.1452117861
AS-ABMO,6,10,44,244950.0374822844,178965.0118715628,6.4772387553585,243150.0374822844
AS-ABMO,6,10,45,233055.18471897443,178965.0118715628,6.27977051770728,231255.18471897443
AS-ABMO,6,10,46,231040.5689908061,178965.0118715628,6.063246052800947,229240.5689908061
AS-ABMO,6,10,47,231040.5689908061,178965.0118715628,5.925393861454075,229240.5689908061
AS-ABMO,6,10,48,230977.7873012577,178945.6719888075,5.766709868723575,229177.7873012577
AS-ABMO,6,10,49,217962.48920906783,178945.6719888075,5.618636771471215,216162.48920906783
AS-ABMO,6,10,50,217962.48920906783,178945.6719888075,5.387206085317213,216162.48920906783
AS-ABMO,6,10,51,203268.84981283327,175159.35302854242,5.232064826008841,201468.84981283327
AS-ABMO,6,10,52,202039.70478297508,175159.35302854242,5.087008314302436,200239.70478297508
AS-ABMO,6,10,53,202039.70478297508,175159.35302854242,4.910889660608977,200239.70478297508
AS-ABMO,6,10,54,196386.3907661404,175159.35302854242,4.771169718391402,194586.3907661404
AS-ABMO,6,10,55,193961.8454223551,175159.35302854242,4.575057462056674,192161.8454223551
AS-ABMO,6,10,56,183494.55835190308,159057.27836454852,4.513003429300991,181694.55835190308
AS-ABMO,6,10,57,182240.1331045981,159057.27836454852,4.425898655259118,180440.1331045981
AS-ABMO,6,10,58,159449.31408635245,127277.4516946024,4.328194220329858,157649.31408635245
AS-ABMO,6,10,59,154030.6645235168,113247.424460646,4.243866691554196,152230.6645235168
AS-ABMO,6,10,60,145261.13375720804,102242.89028896533,4.050231212158043,143461.13375720804
AS-ABMO,6,10,61,140094.9490101741,93956.588913522,4.01315794942543,138294.9490101741
AS-ABMO,6,10,62,132896.92027289415,93956.588913522,3.8904574461405255,131096.92027289415
AS-ABMO,6,10,63,131545.108555377,93956.588913522,3.801319180086805,129745.108555377
AS-ABMO,6,10,64,125290.70264361564,88223.56046724477,3.720964217779338,123490.70264361564
AS-ABMO,6,10,65,120278.2826001639,86872.92075115809,3.616160159754515,118478.2826001639
AS-ABMO,6,10,66,120278.2826001639,86872.92075115809,3.5174225813721827,118478.2826001639
AS-ABMO,6,10,67,119675.96159376689,86872.92075115809,3.4400567656378005,117875.96159376689
AS-ABMO,6,10,68,117141.27662178646,86872.92075115809,3.339146640387347,115341.27662178646
AS-ABMO,6,10,69,113681.19172221268,86872.92075115809,3.277922568245287,111881.19172221268
AS-ABMO,6,10,70,109069.8520946232,84586.79422636432,3.2268344675295144,107269.8520946232
AS-ABMO,6,10,71,100001.9200962407,83512.42210036484,3.179849811560961,98201.9200962407
AS-ABMO,6,10,72,98168.9950395,83512.42210036484,3.102978215835263,96368.9950395
AS-ABMO,6,10,73,87412.7007703445,80265.1828259471,3.0949652328113,85612.7007703445
AS-ABMO,6,10,74,84500.09595373714,74956.5430758105,3.0287154366021816,82700.09595373714
AS-ABMO,6,10,75,81048.41691492415,73138.66998811875,2.977608125524729,79248.41691492415
AS-ABMO,6,10,76,80972.43604903673,72708.73646763247,2.908318694443128,79172.43604903673
AS-ABMO,6,10,77,77493.376821822,66529.71555939467,2.820371315025381,75693.376821822
AS-ABMO,6,10,78,75647.86751804243,62725.464087582615,2.767869238852536,73847.86751804243
AS-ABMO,6,10,79,74260.10127072655,56697.63531281971,2.669487720121485,72460.10127072655
AS-ABMO,6,10,80,66823.66849927469,56697.63531281971,2.601197187939228,65023.66849927469
AS-ABMO,6,10,81,66228.99313624158,56697.63531281971,2.4962119847718736,64428.99313624158
AS-ABMO,6,10,82,63243.1446389272,56697.63531281971,2.398178998962091,61443.1446389272
AS-ABMO,6,10,83,62369.40768386446,53758.13718301348,2.3768924342432163,60569.40768386446
AS-ABMO,6,10,84,62293.35589988679,53758.13718301348,2.3690820692772285,60493.35589988679
AS-ABMO,6,10,85,61511.82581866135,53758.13718301348,2.36486908403648,59711.82581866135
AS-ABMO,6,10,86,60374.658833838505,53027.52810354238,2.3866246120443058,58574.658833838505
AS-ABMO,6,10,87,59951.34249744429,51498.12668288998,2.3187508856278005,58151.34249744429
AS-ABMO,6,10,88,56516.4164853267,50030.31877853856,2.253397493928014,54716.4164853267
AS-ABMO,6,10,89,56303.61855748676,50030.31877853856,2.209556166560587,54503.61855748676
AS-ABMO,6,10,90,56301.143725632006,50030.31877853856,2.1471350737624992,54501.143725632006
AS-ABMO,6,10,91,55630.36171038448,50030.31877853856,2.135673869829491,53830.36171038448
AS-ABMO,6,10,92,55468.30537221908,50030.31877853856,2.0800295639037336,53668.30537221908
AS-ABMO,6,10,93,54470.57294073959,48968.344015561976,2.0606898821429964,52670.57294073959
AS-ABMO,6,10,94,53339.60518961318,48968.344015561976,2.0569017773596974,51539.60518961318
AS-ABMO,6,10,95,53020.34148157262,46695.26032330094,2.0500026360405457,51220.34148157262
AS-ABMO,6,10,96,50166.14735851832,46695.26032330094,2.0851291373671588,48366.14735851832
AS-ABMO,6,10,97,49628.80825036499,44482.56293875495,2.088663229558783,47828.80825036499
AS-ABMO,6,10,98,49569.30499190542,44482.56293875495,2.068713430836881,47769.30499190542
AS-ABMO,6,10,99,49124.43147048373,44391.82337573098,2.0624650920941354,47324.43147048373
AS-ABMO,6,10,100,48718.98813402075,44391.82337573098,2.04606548496915,46918.98813402075
AS-ABMO,6,10,101,48409.18855661358,44319.65147819929,2.056366205200886,46609.18855661358
AS-ABMO,6,10,102,48162.27783062706,44291.90845222083,2.10156299232256,46362.27783062706
AS-ABMO,6,10,103,47088.97442221848,44291.90845222083,2.089992851480068,45288.97442221848
AS-ABMO,6,10,104,47023.4870130498,44291.90845222083,2.0760069724538206,45223.4870130498
AS-ABMO,6,10,105,45451.29501634997,44291.90845222083,2.104725174625255,43651.29501634997
AS-ABMO,6,10,106,44944.46571548344,44291.90845222083,2.123727133667155,43144.46571548344
AS-ABMO,6,10,107,44201.22453737335,42439.09226430846,2.1548580279596137,42401.22453737335
AS-ABMO,6,10,108,43746.33168536494,39435.76790761113,2.198470939107115,41946.33168536494
AS-ABMO,6,10,109,43397.4048766115,38167.48755529557,2.235910572419043,41597.4048766115
AS-ABMO,6,10,110,43057.63359041676,38006.329448042605,2.3273128233810225,41257.63359041676
AS-ABMO,6,10,111,42486.300032079176,37874.39898552952,2.2937854351792737,40686.300032079176
AS-ABMO,6,10,112,42309.65322520458,37024.3731189313,2.295080359928094,40509.65322520458
AS-ABMO,6,10,113,42142.65354329904,36943.81300497956,2.2775419608637906,40342.65354329904
AS-ABMO,6,10,114,41894.49405467294,36943.81300497956,2.250711232504833,40094.49405467294
AS-ABMO,6,10,115,41755.93106196382,36943.81300497956,2.261739196466312,39955.93106196382
AS-ABMO,6,10,116,41303.49578323852,36009.5883822919,2.283738241756602,39503.49578323852
AS-ABMO,6,10,117,41031.33300322091,36009.5883822919,2.256137967588824,39231.33300322091
AS-ABMO,6,10,118,40235.04323924055,36009.5883822919,2.2645791214192115,38435.04323924055
AS-ABMO,6,10,119,39842.8529927983,36009.5883822919,2.323004498005969,38042.8529927983
AS-ABMO,6,10,120,39110.50687144129,35520.04176622146,2.4147488206364267,37310.50687144129
AS-ABMO,6,10,121,38947.40798881455,34742.68482994016,2.466362808741521,37147.40798881455
AS-ABMO,6,10,122,38868.66909667172,34742.68482994016,2.51700698847418,37068.66909667172
AS-ABMO,6,10,123,38410.8343177062,33910.05369425283,2.6186468148449458,36610.8343177062
AS-ABMO,6,10,124,38303.49003949016,33910.05369425283,2.7627488848468564,36503.49003949016
AS-ABMO,6,10,125,38008.148463538986,33416.803240990936,2.884939448900111,36208.148463538986
AS-ABMO,6,10,126,37797.53881129704,33416.803240990936,2.910129152896255,35997.53881129704
AS-ABMO,6,10,127,37515.87733457228,33416.803240990936,2.924770184077264,35715.87733457228
AS-ABMO,6,10,128,37371.729773562605,32618.759862490257,3.0136367733375944,35571.729773562605
AS-ABMO,6,10,129,37293.1254338269,32186.530965686325,3.123919656742224,35493.1254338269
AS-ABMO,6,10,130,36946.941297483616,31371.29751072564,3.235361050156877,35146.941297483616
AS-ABMO,6,10,131,36671.58491132432,31371.29751072564,3.332763014488075,34871.58491132432
AS-ABMO,6,10,132,36077.2851462459,31311.788205109668,3.3905371277357554,34277.2851462459
AS-ABMO,6,10,133,35589.289488588925,31311.788205109668,3.4737538559908723,33789.289488588925
AS-ABMO,6,10,134,35206.094412269376,31300.22054125092,3.586777116413841,33406.094412269376
AS-ABMO,6,10,135,34772.55370968737,31268.33299185817,3.664264899327456,32972.55370968737
AS-ABMO,6,10,136,34530.35625040671,31262.22881734457,3.750453540620626,32730.35625040671
AS-ABMO,6,10,137,34345.59037391547,31262.06819011418,3.841643207775347,32545.590373915467
AS-ABMO,6,10,138,33894.16011583723,31005.29542888549,3.8284833753512144,32094.16011583723
AS-ABMO,6,10,139,33472.50539903533,30949.182520892733,3.9275385802956966,31672.505399035334
AS-ABMO,6,10,140,33325.62252102428,30949.182520892733,3.968378534291263,31525.622521024277
AS-ABMO,6,10,141,33131.07861231564,30940.291613330846,4.001776635616288,31331.078612315643
AS-ABMO,6,10,142,32816.91307935688,30928.183990825382,4.020081109248127,31016.913079356877
AS-ABMO,6,10,143,32710.70658563425,30846.20167197613,4.05448303652521,30910.70658563425
AS-ABMO,6,10,144,32519.29065067015,30822.722623401023,4.151892810939288,30719.29065067015
AS-ABMO,6,10,145,31612.625228241344,30016.628498973143,4.254912066891595,29812.625228241344
AS-ABMO,6,10,146,31206.949726426672,29659.58932409323,4.300949827019144,29406.949726426672
AS-ABMO,6,10,147,30761.7214940961,29389.60279549669,4.472575667401953,28961.7214940961
AS-ABMO,6,10,148,30402.695500023885,28403.826594127346,4.511284369055925,28602.695500023885
AS-ABMO,6,10,149,30167.729121258497,28403.826594127346,4.478568730853721,28367.729121258497
AS-ABMO,6,10,150,30009.875328064853,27948.67259140388,4.584879255326962,28209.875328064853
AS-ABMO,6,10,151,29708.04174990148,27948.67259140388,4.633321960271288,27908.04174990148
AS-ABMO,6,10,152,29649.6841657196,27948.67259140388,4.736785294580512,27849.6841657196
AS-ABMO,6,10,153,29584.90948808264,27948.67259140388,4.783210420354728,27784.90948808264
AS-ABMO,6,10,154,29554.882539164813,27948.67259140388,4.851162618152821,27754.882539164813
AS-ABMO,6,10,155,29517.55786208509,27948.67259140388,4.910049115112543,27717.55786208509
AS-ABMO,6,10,156,29375.87992959781,27594.332625603434,4.950698972600064,27575.87992959781
AS-ABMO,6,10,157,29050.40890000523,27594.332625603434,5.034110266960643,27250.40890000523
AS-ABMO,6,10,158,28929.407639815086,27594.332625603434,5.129776182043361,27129.407639815086
AS-ABMO,6,10,159,28549.795696356377,27594.332625603434,5.240859100806838,26749.795696356377
AS-ABMO,6,10,160,28444.969962080035,27594.332625603434,5.289398991189267,26644.969962080035
AS-ABMO,6,10,161,28302.384008726025,27594.332625603434,5.37290781393769,26502.384008726025
AS-ABMO,6,10,162,28242.69662364223,27594.332625603434,5.475159617001306,26442.69662364223
AS-ABMO,6,10,163,28187.78441425524,27594.332625603434,5.590041992314863,26387.78441425524
AS-ABMO,6,10,164,28132.18503592208,27594.332625603434,5.620739611605128,26332.18503592208
AS-ABMO,6,10,165,27835.529994453103,27594.332625603434,5.639638414117204,26035.529994453103
AS-ABMO,6,10,166,27462.3605884224,27594.332625603434,5.635300998722426,25662.3605884224
AS-ABMO,6,10,167,27231.95559089844,27594.332625603434,5.611715708313668,25431.95559089844
AS-ABMO,6,10,168,27035.63027442976,27594.332625603434,5.594393296914238,25235.63027442976
AS-ABMO,6,10,169,27018.45666549483,27594.332625603434,5.601304278277561,25218.45666549483
AS-ABMO,6,10,170,26950.04533343975,27594.332625603434,5.574026658577296,25150.04533343975
AS-ABMO,6,10,171,26717.986345106143,27594.332625603434,5.517778187368176,24917.986345106143
AS-ABMO,6,10,172,26505.99865990136,27594.332625603434,5.484023661093178,24705.99865990136
AS-ABMO,6,10,173,26374.45899499945,27594.332625603434,5.45644894848422,24574.45899499945
AS-ABMO,6,10,174,26050.165063314333,27594.332625603434,5.469819102983425,24250.165063314333
AS-ABMO,6,10,175,26022.23562058529,27594.332625603434,5.457486063761639,24222.23562058529
AS-ABMO,6,10,176,25786.37599001631,27594.332625603434,5.464258503427176,23986.37599001631
AS-ABMO,6,10,177,25684.45264941413,27594.332625603434,5.402922009588849,23884.45264941413
AS-ABMO,6,10,178,25483.95027224296,27541.513415516634,5.368644023473991,23683.95027224296
AS-ABMO,6,10,179,25083.76625092106,27264.12151886305,5.350940467483158,23283.76625092106
AS-ABMO,6,10,180,24784.158810149056,26323.746819836124,5.3214958256261005,22984.158810149056
AS-ABMO,6,10,181,24375.06212801173,24348.6337685514,5.3100959048545375,22575.06212801173
AS-ABMO,6,10,182,24097.38247961981,24348.5063592441,5.2996705706336575,22297.38247961981
AS-ABMO,6,10,183,23726.55136361566,23567.456986211848,5.272450748008868,21926.55136361566
AS-ABMO,6,10,184,23428.07761141183,23567.456986211848,5.270414581329242,21628.07761141183
AS-ABMO,6,10,185,22457.607838485044,23567.456986211848,5.247639283933255,20657.607838485044
AS-ABMO,6,10,186,22340.38801522024,23567.456986211848,5.237782354401385,20540.38801522024
AS-ABMO,6,10,187,22276.7909969418,23567.456986211848,5.168617358600836,20476.7909969418
AS-ABMO,6,10,188,22135.769653933337,23567.456986211848,5.159559635046862,20335.769653933337
AS-ABMO,6,10,189,22085.8406352386,23385.2923833538,5.088476500688634,20285.8406352386
AS-ABMO,6,10,190,21811.911395289622,23385.2923833538,5.062693844216225,20011.911395289622
AS-ABMO,6,10,191,21786.28101295665,23385.2923833538,4.995101974981271,19986.28101295665
AS-ABMO,6,10,192,21770.27169027848,23385.2923833538,4.964568183955067,19970.27169027848
AS-ABMO,6,10,193,21609.438508059346,23385.2923833538,4.886381210395571,19809.438508059346
AS-ABMO,6,10,194,21511.051882079188,23385.2923833538,4.809469709045301,19711.051882079188
AS-ABMO,6,10,195,21307.62260117019,23385.2923833538,4.744555269233484,19507.62260117019
AS-ABMO,6,10,196,20992.52153614934,21444.52365099277,4.633386670186977,19192.52153614934
AS-ABMO,6,10,197,20920.4537333811,21411.1564639998,4.489288263431462,19120.4537333811
AS-ABMO,6,10,198,20655.63073812604,21411.1564639998,4.443174164138038,18855.63073812604
AS-ABMO,6,10,199,20506.915710922844,21411.1564639998,4.392766533418409,18706.915710922844
AS-ABMO,6,10,200,20384.54397071665,21411.1564639998,4.273884245605255,18584.54397071665
AS-ABMO,6,10,201,20306.39449942124,21411.1564639998,4.186770243193847,18506.39449942124
AS-ABMO,6,10,202,20081.510805740578,20505.66856296015,4.116265597044754,18281.510805740578
AS-ABMO,6,10,203,20031.583860658506,20505.66856296015,4.03065242694706,18231.583860658506
AS-ABMO,6,10,204,19946.11776821985,20505.66856296015,3.956770971094684,18146.11776821985
AS-ABMO,6,10,205,19592.00033554217,19667.054453290897,3.921255688128016,17792.00033554217
AS-ABMO,6,10,206,19539.40001452689,19667.054453290897,3.915312282717657,17739.40001452689
AS-ABMO,6,10,207,19493.215742748074,19667.054453290897,3.89014596984638,17693.215742748074
AS-ABMO,6,10,208,19448.79706180967,19667.054453290897,3.8096168336832,17648.79706180967
AS-ABMO,6,10,209,19120.81110227247,19667.054453290897,3.7450037987535865,17320.81110227247
AS-ABMO,6,10,210,19053.957607180382,19667.054453290897,3.665460997960503,17253.957607180382
AS-ABMO,6,10,211,18780.01252642226,19667.054453290897,3.6742063159255456,16980.01252642226
AS-ABMO,6,10,212,18651.625451279782,19667.054453290897,3.617332399422286,16851.625451279782
AS-ABMO,6,10,213,18391.771057035403,19667.054453290897,3.5582199057204167,16591.771057035403
AS-ABMO,6,10,214,18238.117977972088,19667.054453290897,3.495339625491028,16438.117977972088
AS-ABMO,6,10,215,18142.82205486276,18796.19766210685,3.4542778731019776,16342.822054862761
AS-ABMO,6,10,216,17802.977091576333,17567.745714166947,3.3960712494660408,16002.977091576333
AS-ABMO,6,10,217,17770.47281592003,17563.689607022578,3.329288842483924,15970.472815920031
AS-ABMO,6,10,218,17726.361622096065,17558.430558996097,3.2411921613957326,15926.361622096065
AS-ABMO,6,10,219,17662.66508485609,17417.11746295286,3.1608984982200545,15862.66508485609
AS-ABMO,6,10,220,17652.437042086076,17293.086046518918,3.0343923331756733,15852.437042086076
AS-ABMO,6,10,221,17441.415046307582,17208.866757730466,2.92108976404114,15641.415046307582
AS-ABMO,6,10,222,17432.790790407922,17207.29748660283,2.8065049896982788,15632.790790407922
AS-ABMO,6,10,223,17287.715154754114,17207.29748660283,2.733062469512463,15487.715154754114
AS-ABMO,6,10,224,17257.690289876173,17040.988187620827,2.6540152007329803,15457.690289876173
AS-ABMO,6,10,225,17236.550018732163,17034.811223319633,2.5616170062590995,15436.550018732163
AS-ABMO,6,10,226,17233.69979549131,17032.53585918103,2.4857142957298097,15433.69979549131
AS-ABMO,6,10,227,17219.367667024162,17005.531962591354,2.415957129725337,15419.367667024162
AS-ABMO,6,10,228,17195.20713645734,17005.531962591354,2.339818535987828,15395.207136457338
AS-ABMO,6,10,229,17137.9089396304,17004.990731911064,2.276414265852501,15337.9089396304
AS-ABMO,6,10,230,17107.511538381368,16988.695028606096,2.1993689572886868,15307.511538381368
AS-ABMO,6,10,231,17094.48631022475,16957.719899428244,2.150990941428824,15294.486310224751
AS-ABMO,6,10,232,17007.200782095595,16767.230281242766,2.0677050274359234,15207.200782095595
AS-ABMO,6,10,233,16994.165502406868,16767.230281242766,1.988807708021616,15194.165502406868
AS-ABMO,6,10,234,16968.0750980672,16750.784645935244,1.891019857303879,15168.075098067198
AS-ABMO,6,10,235,16885.254459251464,16720.32491004147,1.8196616299868744,15085.254459251464
AS-ABMO,6,10,236,16838.947928971404,16720.32491004147,1.7528652442499324,15038.947928971404
AS-ABMO,6,10,237,16821.21703441153,16537.324474672525,1.6992794848068775,15021.21703441153
AS-ABMO,6,10,238,16780.12413069707,16537.324474672525,1.6422728141600664,14980.12413069707
AS-ABMO,6,10,239,16698.13570575136,16468.078024905764,1.5906273880194497,14898.13570575136
AS-ABMO,6,10,240,16643.709903706178,16468.078024905764,1.501135134678953,14843.709903706178
AS-ABMO,6,10,241,16579.43774151754,16468.078024905764,1.4231100888842694,14779.43774151754
AS-ABMO,6,10,242,16548.17513049927,16468.078024905764,1.3386593655286496,14748.175130499269
AS-ABMO,6,10,243,16469.36815078946,16147.561202799352,1.2810689468622376,14669.368150789462
AS-ABMO,6,10,244,16450.726276434045,16147.561202799352,1.230757924355331,14650.726276434045
AS-ABMO,6,10,245,16427.634352869252,16147.561202799352,1.16617102100068,14627.634352869252
AS-ABMO,6,10,246,16410.358185330897,16147.561202799352,1.0971955173973638,14610.358185330897
AS-ABMO,6,10,247,16395.944267959185,16147.561202799352,1.0726716948461177,14595.944267959185
AS-ABMO,6,10,248,16342.611385374896,16147.561202799352,1.0037777077277377,14542.611385374896
AS-ABMO,6,10,249,16336.452177224206,16147.561202799352,0.9742009072781204,14536.452177224206
AS-ABMO,6,10,250,16321.05119437506,16147.561202799352,0.9330881732865152,14521.05119437506
AS-ABMO,6,10,251,16314.7048960492,16147.561202799352,0.8866107854283702,14514.7048960492
AS-ABMO,6,10,252,16179.12171902949,16131.78173689838,0.8481241832018535,14379.12171902949
AS-ABMO,6,10,253,15717.606327354551,14656.833967583174,0.8103989102543103,13917.606327354551
AS-ABMO,6,10,254,15662.35261820642,14656.833967583174,0.784643471439622,13862.35261820642
AS-ABMO,6,10,255,15657.6000149438,14656.833967583174,0.762830803049629,13857.6000149438
AS-ABMO,6,10,256,15644.086820285953,14656.833967583174,0.7357915096395964,13844.086820285953
AS-ABMO,6,10,257,15526.125842269956,14656.833967583174,0.6960742949756417,13726.125842269956
AS-ABMO,6,10,258,15493.09464965686,14656.833967583174,0.6675715812846528,13693.09464965686
AS-ABMO,6,10,259,15454.524025174836,14656.833967583174,0.6314048154202107,13654.524025174836
AS-ABMO,6,10,260,15423.21863307316,14656.833967583174,0.5900992417254205,13623.21863307316
AS-ABMO,6,10,261,15395.846977709163,14656.833967583174,0.5628054598104472,13595.846977709163
AS-ABMO,6,10,262,15349.554730204689,14656.833967583174,0.5633324416727941,13549.554730204689
AS-ABMO,6,10,263,15343.842765633275,14656.833967583174,0.53180377496118,13543.842765633275
AS-ABMO,6,10,264,15317.540888353293,14656.833967583174,0.5002246803226819,13517.540888353293
AS-ABMO,6,10,265,15272.864344586984,14656.833967583174,0.4691827967805711,13472.864344586984
AS-ABMO,6,10,266,15070.390223871796,14530.436332162117,0.4356458889550683,13270.390223871796
AS-ABMO,6,10,267,15064.814502346802,14530.436332162117,0.4201381961553661,13264.814502346802
AS-ABMO,6,10,268,15060.188234963682,14530.436332162117,0.3966201005208016,13260.188234963682
AS-ABMO,6,10,269,15025.41880631106,14026.402801139842,0.3701320177189089,13225.41880631106
AS-ABMO,6,10,270,15022.209182222336,14026.402801139842,0.3433197131506467,13222.209182222336
AS-ABMO,6,10,271,15011.772177262985,14026.402801139842,0.3288213234184193,13211.772177262985
AS-ABMO,6,10,272,14998.266716382186,14026.402801139842,0.3060850668622356,13198.266716382186
AS-ABMO,6,10,273,14995.361794248209,14026.402801139842,0.2888712616396978,13195.361794248209
AS-ABMO,6,10,274,14987.35639226239,14026.402801139842,0.2757407984747759,13187.35639226239
AS-ABMO,6,10,275,14970.984083574129,14026.402801139842,0.2604618934427625,13170.984083574129
AS-ABMO,6,10,276,14964.568765008067,14026.402801139842,0.2455707781491798,13164.568765008067
AS-ABMO,6,10,277,14951.90154038416,14026.402801139842,0.235496257814116,13151.90154038416
AS-ABMO,6,10,278,14826.468482202868,13858.508137869052,0.2240400851240732,13026.468482202868
AS-ABMO,6,10,279,14819.049158387315,13858.508137869052,0.21706874970415,13019.049158387315
AS-ABMO,6,10,280,14808.7591501128,13858.508137869052,0.210955387173045,13008.7591501128
AS-ABMO,6,10,281,14799.027705887618,13858.508137869052,0.2089879315128494,12999.027705887618
AS-ABMO,6,10,282,14764.49895235035,13568.644074771337,0.2030569605348692,12964.49895235035
AS-ABMO,6,10,283,14762.769981275993,13568.644074771337,0.1946677827650656,12962.769981275993
AS-ABMO,6,10,284,14760.038337150225,13568.644074771337,0.1886066121704332,12960.038337150225
AS-ABMO,6,10,285,14749.989145292557,13568.644074771337,0.1857552709454702,12949.989145292557
AS-ABMO,6,10,286,14740.832655273052,13568.644074771337,0.1804398235111719,12940.832655273052
AS-ABMO,6,10,287,14739.995829873928,13568.644074771337,0.1762952897042242,12939.995829873928
AS-ABMO,6,10,288,14738.209795011762,13568.644074771337,0.1752102049820685,12938.209795011762
AS-ABMO,6,10,289,14733.6736040029,13551.86135431179,0.1712047584374925,12933.6736040029
AS-ABMO,6,10,290,14730.739462187305,13551.86135431179,0.1671747052544108,12930.739462187305
AS-ABMO,6,10,291,14726.218952647376,13515.171698116064,0.165195714655659,12926.218952647376
AS-ABMO,6,10,292,14682.933423168844,13490.8125890114,0.1659930693422572,12882.933423168844
AS-ABMO,6,10,293,14657.89625831074,13330.24492138434,0.1656065119537339,12857.89625831074
AS-ABMO,6,10,294,14653.72384990753,13330.24492138434,0.1662519646090809,12853.72384990753
AS-ABMO,6,10,295,14630.216587250832,13330.24492138434,0.1685179255612858,12830.216587250832
AS-ABMO,6,10,296,14596.879531687997,13330.24492138434,0.1723893478873729,12796.879531687997
AS-ABMO,6,10,297,14558.314371258106,13327.565958991694,0.1756365005393905,12758.314371258106
AS-ABMO,6,10,298,14554.313005962083,13327.565958991694,0.1789406897866038,12754.313005962083
AS-ABMO,6,10,299,14553.114743495802,13327.565958991694,0.1856167015932872,12753.114743495802
AS-ABMO,6,10,300,14544.355136576156,13326.012673951236,0.1863547840541577,12744.355136576156
AS-ABMO,6,10,301,14543.735896703702,13325.749101718957,0.1962112556239214,12743.735896703702
AS-ABMO,6,10,302,14542.11552817144,13325.749101718957,0.1979155492075519,12742.11552817144
AS-ABMO,6,10,303,14467.03084152422,13325.40230789603,0.208430738858378,12667.03084152422
AS-ABMO,6,10,304,14466.634119756072,13325.40230789603,0.2171874527940804,12666.634119756072
AS-ABMO,6,10,305,14465.730163373402,13325.230798500565,0.2231479993540768,12665.730163373402
AS-ABMO,6,10,306,14465.53690701522,13325.09306587992,0.2316610409505487,12665.53690701522
AS-ABMO,6,10,307,14462.408152939031,13325.09306587992,0.2368037402601497,12662.408152939031
AS-ABMO,6,10,308,14460.63957512299,13325.09306587992,0.2465933522084937,12660.63957512299
AS-ABMO,6,10,309,14438.852787492824,13270.173023448357,0.2626185206318844,12638.852787492824
AS-ABMO,6,10,310,14428.56322793141,13265.544449240188,0.271972377630662,12628.56322793141
AS-ABMO,6,10,311,14418.50683096002,13265.544449240188,0.2701718665674801,12618.50683096002
AS-ABMO,6,10,312,14418.107021606096,13261.920479877028,0.2855176843063287,12618.107021606096
AS-ABMO,6,10,313,14417.01732793682,13245.69721359339,0.3024224381896352,12617.01732793682
AS-ABMO,6,10,314,14396.456958291648,13240.585390411134,0.3370340447380214,12596.456958291648
AS-ABMO,6,10,315,14335.828602600384,13240.583628759185,0.3773482465049459,12535.828602600384
AS-ABMO,6,10,316,14334.461605622177,13223.339091722326,0.4341284251190551,12534.461605622177
AS-ABMO,6,10,317,14312.395053490724,13223.13180243655,0.4447413821150428,12512.395053490724
AS-ABMO,6,10,318,14299.887672496998,13223.037546393174,0.4443306565685632,12499.887672496998
AS-ABMO,6,10,319,14282.555560842777,13212.328867422988,0.4435996798197154,12482.555560842777
AS-ABMO,6,10,320,14280.993283986923,13211.42089295674,0.4427255960092669,12480.993283986923
AS-ABMO,6,10,321,14244.92345004599,13201.852230350853,0.4423836203712084,12444.92345004599
AS-ABMO,6,10,322,14185.210314333792,13199.553156375596,0.4414975398208828,12385.210314333792
AS-ABMO,6,10,323,14147.298747882362,13199.140994545098,0.4412643730790963,12347.298747882362
AS-ABMO,6,10,324,14105.976891893382,13198.98405046896,0.4414139625219325,12305.976891893382
AS-ABMO,6,10,325,14078.80517848948,13189.85608803898,0.441275030855488,12278.80517848948
AS-ABMO,6,10,326,14045.83833409698,13189.702675065964,0.4412853602091943,12245.83833409698
AS-ABMO,6,10,327,13991.671347091553,13189.702675065964,0.441562570186328,12191.671347091553
AS-ABMO,6,10,328,13990.600501771083,13189.5786182718,0.4396128869208729,12190.600501771083
AS-ABMO,6,10,329,13977.237728219783,13189.557835066797,0.4392848659192278,12177.237728219783
AS-ABMO,6,10,330,13972.738417411108,13185.711025743538,0.4389573924460597,12172.738417411108
AS-ABMO,6,10,331,13966.904087175966,13185.692844377743,0.4382486955818921,12166.904087175966
AS-ABMO,6,10,332,13896.215531794804,13184.733225192083,0.438338140691191,12096.215531794804
AS-ABMO,6,10,333,13883.775313666363,13183.484676940116,0.4382193346118245,12083.775313666363
AS-ABMO,6,10,334,13878.932170856358,13182.995560156867,0.4386649697810965,12078.932170856358
AS-ABMO,6,10,335,13878.190054428693,13182.775735768726,0.438072278260143,12078.190054428693
AS-ABMO,6,10,336,13858.025942559942,13181.438721685929,0.4384235721173227,12058.025942559942
AS-ABMO,6,10,337,13856.414615640524,13181.438627984577,0.4385277994845067,12056.414615640524
AS-ABMO,6,10,338,13855.637610382357,13181.2002532327,0.4388305458230824,12055.637610382357
AS-ABMO,6,10,339,13850.33213267079,13181.051333251104,0.4390173352294885,12050.33213267079
AS-ABMO,6,10,340,13833.347548248195,13180.689256281114,0.4395205271072664,12033.347548248195
AS-ABMO,6,10,341,13791.324654090597,13180.449209220278,0.4400505463269837,11991.324654090597
AS-ABMO,6,10,342,13744.94091321959,13180.322886500298,0.4397976698645313,11944.94091321959
AS-ABMO,6,10,343,13599.55807519318,13180.257006371705,0.4399624408348767,11799.55807519318
AS-ABMO,6,10,344,13538.121533768568,13180.071948845016,0.4408322006096773,11738.121533768568
AS-ABMO,6,10,345,13518.582625894363,13179.801950552674,0.4424680625663253,11718.582625894363
AS-ABMO,6,10,346,13342.093906991866,12692.062555551402,0.4437676562959489,11542.093906991866
AS-ABMO,6,10,347,13316.872689146909,12520.684379091945,0.4450808567796986,11516.872689146909
AS-ABMO,6,10,348,13316.63292812417,12518.850914163297,0.4249761537084075,11516.63292812417
AS-ABMO,6,10,349,13277.89369759826,12237.641459517925,0.4358127787489023,11477.89369759826
AS-ABMO,6,10,350,13276.114174882736,12237.641459517925,0.4172364323573133,11476.114174882736
AS-ABMO,6,10,351,13274.532269896616,12219.064256145622,0.399054177263426,11474.532269896616
AS-ABMO,6,10,352,13274.182442715542,12219.064256145622,0.3903273874348802,11474.182442715542
AS-ABMO,6,10,353,13270.182442662936,12219.064256145622,0.3735373879488785,11470.182442662936
AS-ABMO,6,10,354,13269.774328409589,12219.064256145622,0.3662090313326805,11469.774328409589
AS-ABMO,6,10,355,13268.672674423577,12219.064256145622,0.3505511492906653,11468.672674423577
AS-ABMO,6,10,356,13259.975834932951,12133.957634301409,0.336860791662539,11459.975834932951
AS-ABMO,6,10,357,13221.109233285051,12133.957634301409,0.3600985241340508,11421.109233285051
AS-ABMO,6,10,358,13178.461500065168,12133.957634301409,0.3528430146177206,11378.461500065168
AS-ABMO,6,10,359,13161.056754301551,12133.957634301409,0.3398709940302484,11361.056754301551
AS-ABMO,6,10,360,13132.744710027093,12133.957634301409,0.3407443864372427,11332.744710027093
AS-ABMO,6,10,361,12915.000846555124,12133.957634301409,0.3371815260311814,11115.000846555124
AS-ABMO,6,10,362,12866.753249657377,12132.959551524147,0.3297066269779174,11066.753249657377
AS-ABMO,6,10,363,12863.957454538297,12132.959551524147,0.3173052609303457,11063.957454538297
AS-ABMO,6,10,364,12858.001704806553,12043.91162720906,0.3121686331105383,11058.001704806553
AS-ABMO,6,10,365,12783.762400388146,12043.91162720906,0.3065821283952224,10983.762400388146
AS-ABMO,6,10,366,12781.23705662088,12043.91162720906,0.3192749528461948,10981.23705662088
AS-ABMO,6,10,367,12777.974621726526,12043.91162720906,0.3141921229584811,10977.974621726526
AS-ABMO,6,10,368,12775.568269092484,12043.91162720906,0.318923879021947,10975.568269092484
AS-ABMO,6,10,369,12770.623327571277,12038.981396864558,0.329112506444704,10970.623327571277
AS-ABMO,6,10,370,12757.24421081733,12036.068060232295,0.3335844772829766,10957.24421081733
AS-ABMO,6,10,371,12755.930180566582,12020.496436836962,0.319924709873607,10955.930180566582
AS-ABMO,6,10,372,12754.32242189397,12000.520517421452,0.3171089475802897,10954.32242189397
AS-ABMO,6,10,373,12753.998363705428,12000.520517421452,0.3182029144444244,10953.998363705428
AS-ABMO,6,10,374,12753.668465730612,11996.49408007109,0.3178700824515476,10953.668465730612
AS-ABMO,6,10,375,12753.001098422796,11993.416694614174,0.3127641976177496,10953.001098422796
AS-ABMO,6,10,376,12750.664905478669,11992.68527029009,0.308018191610285,10950.664905478669
AS-ABMO,6,10,377,12750.370345214147,11989.818425808147,0.3124265547728474,10950.370345214147
AS-ABMO,6,10,378,12749.041981496564,11989.818425808147,0.3135908159445542,10949.041981496564
AS-ABMO,6,10,379,12747.763499485674,11987.99793787751,0.312391468219706,10947.763499485674
AS-ABMO,6,10,380,12742.015160973226,11987.325609127478,0.3143921602236597,10942.015160973226
AS-ABMO,6,10,381,12741.715557011848,11987.325609127478,0.3147948570790068,10941.715557011848
AS-ABMO,6,10,382,12733.69652967834,11986.80976197116,0.3122997267180685,10933.69652967834
AS-ABMO,6,10,383,12733.363900442071,11986.395337418036,0.3116462339540398,10933.363900442071
AS-ABMO,6,10,384,12733.13420389403,11986.359120984402,0.3297365786098926,10933.13420389403
AS-ABMO,6,10,385,12732.881553286925,11984.514460248474,0.3413207577872977,10932.881553286925
AS-ABMO,6,10,386,12730.846151189278,11984.514460248474,0.3451104280008021,10930.846151189278
AS-ABMO,6,10,387,12729.155696751746,11984.514460248474,0.3612253616061043,10929.155696751746
AS-ABMO,6,10,388,12728.507194760992,11984.28443695958,0.3904782620174991,10928.507194760992
AS-ABMO,6,10,389,12728.473551046012,11984.28443695958,0.4148781162926548,10928.473551046012
AS-ABMO,6,10,390,12727.830104363287,11984.28443695958,0.4467863624358268,10927.830104363287
AS-ABMO,6,10,391,12716.828499637457,11984.28443695958,0.4538281020655367,10916.828499637457
AS-ABMO,6,10,392,12709.75145867235,11980.300137253833,0.480979076075516,10909.75145867235
AS-ABMO,6,10,393,12699.049617359868,11979.067168160986,0.5210378253807284,10899.049617359868
AS-ABMO,6,10,394,12694.57686719058,11979.067168160986,0.5310553373511254,10894.57686719058
AS-ABMO,6,10,395,12617.447597412638,11978.975023207113,0.5365856579978842,10817.447597412638
AS-ABMO,6,10,396,12606.820309366138,11958.409610687424,0.5397323914437506,10806.820309366138
AS-ABMO,6,10,397,12606.231644347268,11952.958706266903,0.5473136894740595,10806.231644347268
AS-ABMO,6,10,398,12592.257577900338,11952.083265570232,0.5504479072112118,10792.257577900338
AS-ABMO,6,10,399,12588.110538977997,11941.089190305178,0.5551208261240933,10788.110538977997
AS-ABMO,6,10,400,12570.244781477486,11700.708870358483,0.5693977756707187,10770.244781477486
AS-ABMO,6,10,401,12556.097986215726,11700.708870358483,0.586510997512652,10756.097986215726
AS-ABMO,6,10,402,12530.88653748466,11700.708870347831,0.6038271856511019,10730.88653748466
AS-ABMO,6,10,403,12530.88136325571,11700.708870347831,0.6014820540348856,10730.88136325571
AS-ABMO,6,10,404,12507.05577394753,11587.052828967411,0.617286014531065,10707.05577394753
AS-ABMO,6,10,405,12507.044170613775,11587.05282882948,0.6223372499959977,10707.044170613775
AS-ABMO,6,10,406,12384.784992567838,11587.052828778233,0.6410846289592523,10584.784992567838
AS-ABMO,6,10,407,12355.344489035297,11504.888765821312,0.6701898842967187,10555.344489035297
AS-ABMO,6,10,408,12354.297900985326,11504.888765821312,0.6961962843952422,10554.297900985326
AS-ABMO,6,10,409,12353.951463419036,11504.888765821312,0.7071618885230394,10553.951463419036
AS-ABMO,6,10,410,12309.302660425072,11504.888765821312,0.7122986725251764,10509.302660425072
AS-ABMO,6,10,411,12296.136806595594,11504.888765821312,0.7289322323883538,10496.136806595594
AS-ABMO,6,10,412,12295.491916615008,11504.888765821312,0.7481537329938636,10495.491916615008
AS-ABMO,6,10,413,12295.111745100654,11504.888765821312,0.757035452667991,10495.111745100654
AS-ABMO,6,10,414,12290.676563355511,11504.888765821312,0.7863066235137536,10490.676563355511
AS-ABMO,6,10,415,12289.528880655118,11504.888765821312,0.8217343235665223,10489.528880655118
AS-ABMO,6,10,416,12278.649043511316,11504.888765821312,0.8190395206710305,10478.649043511316
AS-ABMO,6,10,417,12272.763625101428,11504.888765821312,0.8347802299756117,10472.763625101428
AS-ABMO,6,10,418,12266.09987940464,11504.888765821312,0.8547848381195298,10466.09987940464
AS-ABMO,6,10,419,12260.167271486172,11504.888765821312,0.8727857615420379,10460.167271486172
AS-ABMO,6,10,420,12253.434063374509,11504.888765821312,0.8662794078265931,10453.434063374509
AS-ABMO,6,10,421,12248.469296038566,11504.888765821312,0.861986916060333,10448.469296038566
AS-ABMO,6,10,422,12236.457512326788,11504.888765821312,0.8669732907357182,10436.457512326788
AS-ABMO,6,10,423,12220.551238149908,11504.888765821312,0.8885738482127995,10420.551238149908
AS-ABMO,6,10,424,12216.741307617627,11504.888765821312,0.8900257258141122,10416.741307617627
AS-ABMO,6,10,425,12214.216425513438,11504.888765821312,0.8793714997018065,10414.216425513438
AS-ABMO,6,10,426,12178.62913430291,11385.68843573844,0.907027712876539,10378.62913430291
AS-ABMO,6,10,427,12175.92986007444,11381.129632133852,0.924035443581264,10375.92986007444
AS-ABMO,6,10,428,12153.9816890219,11381.129632133852,0.9524196730838398,10353.9816890219
AS-ABMO,6,10,429,12147.75985308545,11381.129632133852,1.0067079531769827,10347.75985308545
AS-ABMO,6,10,430,12145.640133926016,11381.129632133852,1.0267570756682975,10345.640133926016
AS-ABMO,6,10,431,12134.949028288804,11330.382867493156,1.0449816136520815,10334.949028288804
AS-ABMO,6,10,432,12129.87384458271,11330.382867491307,1.0772845586321675,10329.87384458271
AS-ABMO,6,10,433,12129.78631975633,11330.382867490507,1.1050988801434,10329.78631975633
AS-ABMO,6,10,434,12128.412350277731,11330.382867488355,1.096087762169642,10328.412350277731
AS-ABMO,6,10,435,12126.725123081646,11330.382867466837,1.1106425166244265,10326.725123081646
AS-ABMO,6,10,436,12125.435875306604,11330.382867249044,1.1365326942365732,10325.435875306604
AS-ABMO,6,10,437,12125.219218967246,11330.38286672724,1.1199995631621806,10325.219218967246
AS-ABMO,6,10,438,12084.585601357525,11268.595237068974,1.1631492007391897,10284.585601357525
AS-ABMO,6,10,439,12084.54487564514,11268.595235035084,1.152784266506761,10284.54487564514
AS-ABMO,6,10,440,12078.98278043038,11253.952804261618,1.1659318906645983,10278.98278043038
AS-ABMO,6,10,441,12069.831140864037,11253.952781406677,1.155655108891264,10269.831140864037
AS-ABMO,6,10,442,11999.421720214388,10879.987855586896,1.1435279048097735,10199.421720214388
AS-ABMO,6,10,443,11977.39256681236,10879.987855586896,1.1448942529826758,10177.39256681236
AS-ABMO,6,10,444,11971.501247764085,10879.987855586896,1.1348897438632082,10171.501247764085
AS-ABMO,6,10,445,11967.241870435568,10879.987855586896,1.119582330800644,10167.241870435568
AS-ABMO,6,10,446,11966.052823247755,10879.987855586896,1.0921303006443754,10166.052823247755
AS-ABMO,6,10,447,11963.195274682064,10879.987855586896,1.0733583601104804,10163.195274682064
AS-ABMO,6,10,448,11952.968278475291,10879.987855586896,1.04919921754366,10152.968278475291
AS-ABMO,6,10,449,11951.162769219996,10867.090584054698,1.0466504598523625,10151.162769219996
AS-ABMO,6,10,450,11948.985301259409,10867.090584054698,1.0180968991318429,10148.985301259409
AS-ABMO,6,10,451,11939.026014313136,10731.012646623,1.0165980346028969,10139.026014313136
AS-ABMO,6,10,452,11927.04721698497,10721.32035599187,1.0054809183351832,10127.04721698497
AS-ABMO,6,10,453,11925.52886047734,10720.938995644989,0.9993544486684244,10125.52886047734
AS-ABMO,6,10,454,11897.927454116072,10714.792108073558,0.9934976764739326,10097.927454116072
AS-ABMO,6,10,455,11893.587455265371,10677.103467685196,0.9938362747398952,10093.587455265371
AS-ABMO,6,10,456,11855.022377314295,10669.474718506006,0.965008008813166,10055.022377314295
AS-ABMO,6,10,457,11846.897030840672,10669.474718506006,0.9625438891872096,10046.897030840672
AS-ABMO,6,10,458,11831.049136198784,10669.474718506006,0.9491790550399452,10031.049136198784
AS-ABMO,6,10,459,11828.884251086476,10669.474718506006,0.9547718662961864,10028.884251086476
AS-ABMO,6,10,460,11827.321816444137,10669.474718506006,0.9597377906987622,10027.321816444137
AS-ABMO,6,10,461,11813.742776728175,10666.53138491284,0.9861292059370692,10013.742776728175
AS-ABMO,6,10,462,11805.156506014046,10666.53138491284,0.9898177527770156,10005.156506014046
AS-ABMO,6,10,463,11798.22111488218,10666.531384912654,1.008210330806651,9998.22111488218
AS-ABMO,6,10,464,11727.120086759973,10662.749357629336,1.005303394409413,9927.120086759973
AS-ABMO,6,10,465,11726.354338512512,10662.749357629336,1.0177782748738071,9926.354338512512
AS-ABMO,6,10,466,11724.136445438602,10662.749357629336,1.0348596183828538,9924.136445438602
AS-ABMO,6,10,467,11587.64139813525,10051.95478060964,1.0364303851293906,9787.64139813525
AS-ABMO,6,10,468,11580.735070952933,10051.95478060964,1.0374502031324306,9780.735070952933
AS-ABMO,6,10,469,11579.939878696152,10042.350801527658,1.053251618969322,9779.939878696152
AS-ABMO,6,10,470,11573.610483556764,10012.45585459489,1.0444294666623706,9773.610483556764
AS-ABMO,6,10,471,11564.717989696888,10012.45585459489,1.0408740819647797,9764.717989696888
AS-ABMO,6,10,472,11560.742404739478,9995.482373257397,1.042244908696346,9760.742404739478
AS-ABMO,6,10,473,11476.799785235044,9995.482373257397,1.0495809595435035,9676.799785235044
AS-ABMO,6,10,474,11464.89973581882,9990.785091633048,1.0476939284008089,9664.89973581882
AS-ABMO,6,10,475,11462.743612562264,9990.785091633048,1.047727391249023,9662.743612562264
AS-ABMO,6,10,476,11461.109149475147,9984.63393915808,1.0628558617797192,9661.109149475147
AS-ABMO,6,10,477,11459.953951074487,9973.491506994447,1.0971517170413494,9659.953951074487
AS-ABMO,6,10,478,11457.083914792753,9952.020727772571,1.129483635188964,9657.083914792753
AS-ABMO,6,10,479,11456.273585022696,9952.020727772571,1.153730127457996,9656.273585022696
AS-ABMO,6,10,480,11455.160578376546,9938.394649135234,1.1533585830306978,9655.160578376546
AS-ABMO,6,10,481,11454.464933408406,9938.394649135234,1.1615586164890197,9654.464933408406
AS-ABMO,6,10,482,11453.725936195811,9938.394649135234,1.1606352156152255,9653.725936195811
AS-ABMO,6,10,483,11453.489815911182,9938.376387970302,1.1715168947082897,9653.489815911182
AS-ABMO,6,10,484,11428.756708001452,9938.376387970302,1.163756500618928,9628.756708001452
AS-ABMO,6,10,485,11420.898626037982,9938.362049332029,1.163930407519557,9620.898626037982
AS-ABMO,6,10,486,11395.812204574991,9938.362049332029,1.1702714470409663,9595.812204574991
AS-ABMO,6,10,487,11395.669143923184,9938.358240643727,1.127910553278449,9595.669143923184
AS-ABMO,6,10,488,11395.582020218002,9938.348694584358,1.0911579344799347,9595.582020218002
AS-ABMO,6,10,489,11387.8978483477,9938.34530668975,1.0380495099340694,9587.8978483477
AS-ABMO,6,10,490,11387.186528852992,9938.34530668975,0.9871647642519882,9587.186528852992
AS-ABMO,6,10,491,11386.47825461244,9938.343405357442,0.9144391571792018,9586.47825461244
AS-ABMO,6,10,492,11367.852900187929,9938.27237099351,0.854490372763357,9567.852900187929
AS-ABMO,6,10,493,11366.659610365065,9938.27237099351,0.7856975831205902,9566.659610365065
AS-ABMO,6,10,494,11359.058687449937,9938.27237099351,0.7282260745973184,9559.058687449937
AS-ABMO,6,10,495,11355.293429294154,9938.27237099351,0.6667655734546063,9555.293429294154
AS-ABMO,6,10,496,11282.063224250274,9938.27237099351,0.610155992365654,9482.063224250274
AS-ABMO,6,10,497,11282.063224250274,9938.27237099351,0.5589219053603529,9482.063224250274
AS-ABMO,6,10,498,11281.253005319924,9938.27237099351,0.5123948344674835,9481.253005319924
AS-ABMO,6,10,499,11281.253005319924,9938.27237099351,0.4707262442493242,9481.253005319924
AS-ABMO,6,10,500,11281.253005319924,9938.27237099351,0.4325921001858058,9481.253005319924
AS-ABMO,6,20,1,5761482151.144733,4923231211.20949,2.154735777685638,5761480351.144733
AS-ABMO,6,20,2,3040970610.189377,2237269617.88927,4.156080325830187,3040968810.189377
AS-ABMO,6,20,3,1849857952.8512769,1681099359.8805356,6.664460925214952,1849856152.8512769
AS-ABMO,6,20,4,1437589023.5556216,1288432466.7855103,8.68383337161598,1437587223.5556216
AS-ABMO,6,20,5,1094917074.2664711,920677121.6932316,9.690394266590646,1094915274.2664711
AS-ABMO,6,20,6,932141258.5043443,795138658.2962222,9.846469793065772,932139458.5043443
AS-ABMO,6,20,7,802998169.0392319,714900256.289611,9.9550089406907,802996369.0392319
AS-ABMO,6,20,8,741030602.4102092,657661663.2134883,9.9776972452153,741028802.4102092
AS-ABMO,6,20,9,649214546.6600622,581116081.967454,9.978144066988005,649212746.6600622
AS-ABMO,6,20,10,563859382.7766345,486352919.7855703,9.989072033494002,563857582.7766345
AS-ABMO,6,20,11,506898081.9500376,461272302.594194,9.93479046231988,506896281.9500376
AS-ABMO,6,20,12,486818287.9201847,421830676.5040853,9.936535173335653,486816487.9201847
AS-ABMO,6,20,13,448682858.3980061,396899737.7945165,9.956288133976008,448681058.3980061
AS-ABMO,6,20,14,393835366.4151675,328444346.8697026,9.967216100482004,393833566.4151675
AS-ABMO,6,20,15,338749694.734446,303573675.71172625,9.956288133976008,338747894.734446
AS-ABMO,6,20,16,311645958.0558624,290136467.6258365,9.935148723675749,311644158.0558624
AS-ABMO,6,20,17,272355701.3030651,225332445.0370009,9.978144066988005,272353901.3030651
AS-ABMO,6,20,18,249356908.7561297,216167832.72893825,9.924925534677197,249355108.7561297
AS-ABMO,6,20,19,235957795.759725,188225579.50007963,9.8826118635174,235955995.759725
AS-ABMO,6,20,20,218526915.6426991,188225579.50007963,9.91365105201962,218525115.6426991
AS-ABMO,6,20,21,196207859.48060665,151280004.43858168,9.902711340309333,196206059.48060665
AS-ABMO,6,20,22,173782406.11114615,130859473.35894129,9.91604334211221,173780606.11114615
AS-ABMO,6,20,23,160657104.16657135,127846294.51659895,9.873047998799956,160655304.16657135
AS-ABMO,6,20,24,145865883.46765926,126141901.08101436,9.841707747372494,145864083.46765926
AS-ABMO,6,20,25,132078546.71183564,108131064.36251344,9.884356574533172,132076746.71183564
AS-ABMO,6,20,26,111635040.46486977,100827872.5972176,9.867523290137116,111633240.46486977
AS-ABMO,6,20,27,106730861.00878832,86384229.86853698,9.766587828823354,106729061.00878832
AS-ABMO,6,20,28,96472990.26738948,79230855.34350559,9.694980437660744,96471190.26738948
AS-ABMO,6,20,29,91852892.35870329,72425870.6903838,9.716669581984062,91851092.35870329
AS-ABMO,6,20,30,81383387.89392206,63522682.81303308,9.739207187148518,81381587.89392206
AS-ABMO,6,20,31,76149625.24951874,57327162.47329426,9.68098045824627,76147825.24951874
AS-ABMO,6,20,32,73651571.07962535,51804686.76868784,9.63258059919628,73649771.07962535
AS-ABMO,6,20,33,67662290.7106953,45717634.34907246,9.62198863414902,67660490.7106953
AS-ABMO,6,20,34,59092718.00264695,42845036.42944526,9.609807646246525,59090918.00264695
AS-ABMO,6,20,35,57698343.49361787,42845036.42944526,9.54822716669604,57696543.49361787
AS-ABMO,6,20,36,53276385.20104841,41534066.488216825,9.539725583358273,53274585.20104841
AS-ABMO,6,20,37,44610771.72659681,34412990.971470326,9.567030503255303,44608971.72659681
AS-ABMO,6,20,38,40684945.744336,32849917.045398813,9.62173576762812,40683145.744336
AS-ABMO,6,20,39,39401569.56470786,31363355.69039654,9.549770783853155,39399769.56470786
AS-ABMO,6,20,40,37410345.71415942,29796820.35948608,9.56304911838395,37408545.71415942
AS-ABMO,6,20,41,35539839.00688531,29023084.97584015,9.479935891591824,35538039.00688531
AS-ABMO,6,20,42,33390561.32925536,25795421.42212763,9.432290349555425,33388761.32925536
AS-ABMO,6,20,43,32287807.0768476,21013741.21160624,9.485278215068302,32286007.0768476
AS-ABMO,6,20,44,30878185.10492508,20736145.13971001,9.394711164390584,30876385.10492508
AS-ABMO,6,20,45,28168438.35303585,20688252.046695564,9.4109032198254,28166638.35303585
AS-ABMO,6,20,46,26384561.31820401,20023678.80034674,9.396589174464692,26382761.31820401
AS-ABMO,6,20,47,24711715.321526524,19594751.5553196,9.471151478839882,24709915.321526524
AS-ABMO,6,20,48,23593524.546512257,18165972.70206426,9.429714537344733,23591724.546512257
AS-ABMO,6,20,49,20690964.25253915,16069933.219963351,9.303444299253265,20689164.25253915
AS-ABMO,6,20,50,18283726.7915088,14316467.45922348,9.278212620523073,18281926.7915088
AS-ABMO,6,20,51,17700667.835711174,13671893.639589412,9.225023687999412,17698867.835711174
AS-ABMO,6,20,52,14709384.023317294,9372137.305115333,9.255670616843137,14707584.023317294
AS-ABMO,6,20,53,14009621.414590066,9098777.071844244,9.290881002575242,14007821.414590066
AS-ABMO,6,20,54,13840419.52750646,9098777.071844244,9.062388329347831,13838619.52750646
AS-ABMO,6,20,55,12359535.32902589,7875257.303715132,9.096092646394212,12357735.32902589
AS-ABMO,6,20,56,11723495.666513642,7875257.303715132,9.022244578467824,11721695.666513642
AS-ABMO,6,20,57,10538340.160929509,7280934.757198769,8.97704534634086,10536540.160929509
AS-ABMO,6,20,58,10273406.98337528,7280934.757198769,8.933371205576833,10271606.98337528
AS-ABMO,6,20,59,9724621.25028212,7280934.757198769,8.950666337893278,9722821.25028212
AS-ABMO,6,20,60,9403822.325832997,6717467.533788082,8.851920016556145,9402022.325832997
AS-ABMO,6,20,61,7821702.827147995,6468346.988462662,8.813844433646636,7819902.827147995
AS-ABMO,6,20,62,7672411.300266704,6468346.988462662,8.773887033649897,7670611.300266704
AS-ABMO,6,20,63,7156453.113484739,5287526.848790631,8.823703066639899,7154653.113484739
AS-ABMO,6,20,64,6612534.177208032,4608570.451847354,8.850091236501237,6610734.177208032
AS-ABMO,6,20,65,6213585.001601513,4582707.810430555,8.82509021578649,6211785.001601513
AS-ABMO,6,20,66,6123461.966182854,4387444.75767642,8.784244903482808,6121661.966182854
AS-ABMO,6,20,67,5972356.175273551,4279816.717926701,8.817268889389771,5970556.175273551
AS-ABMO,6,20,68,5456114.203358384,3818089.343745133,8.7123909090044,5454314.203358384
AS-ABMO,6,20,69,4822143.541884868,3551530.1686295066,8.61599323102356,4820343.541884868
AS-ABMO,6,20,70,4675726.375332906,3277600.405775352,8.595062352970064,4673926.375332906
AS-ABMO,6,20,71,4309953.887393173,2931608.462916781,8.673713456129372,4308153.887393173
AS-ABMO,6,20,72,4070069.943402784,2753295.158470294,8.699782875495917,4068269.943402784
AS-ABMO,6,20,73,3811337.9641309367,2729153.8994619045,8.670367424668637,3809537.9641309367
AS-ABMO,6,20,74,3500097.124753101,2123555.1831445005,8.681619793942017,3498297.124753101
AS-ABMO,6,20,75,3139515.6289051827,2123555.1831445005,8.62228673420994,3137715.6289051827
AS-ABMO,6,20,76,2767480.2498506843,1779203.6778017243,8.637807444099533,2765680.2498506843
AS-ABMO,6,20,77,2691668.0690589594,1779203.6778017243,8.59047556804934,2689868.0690589594
AS-ABMO,6,20,78,2598041.0320144235,1555175.333868434,8.636228996065885,2596241.0320144235
AS-ABMO,6,20,79,2528017.7851934936,1555175.333868434,8.62274158126044,2526217.7851934936
AS-ABMO,6,20,80,2377512.413818231,1241936.2952966187,8.62626911291734,2375712.413818231
AS-ABMO,6,20,81,2231361.9044508585,1199142.6054743822,8.72919209804145,2229561.9044508585
AS-ABMO,6,20,82,2150200.786663154,1199142.6054743822,8.710793747140347,2148400.786663154
AS-ABMO,6,20,83,1957372.575356488,1128188.6794703198,8.593137593845547,1955572.575356488
AS-ABMO,6,20,84,1824499.9391288287,1115272.6014863716,8.594684306239595,1822699.9391288287
AS-ABMO,6,20,85,1701536.653229362,962879.2075029648,8.419641125518327,1699736.653229362
AS-ABMO,6,20,86,1612163.6803492622,962879.2075029648,8.571532270017142,1610363.6803492622
AS-ABMO,6,20,87,1523040.273592119,839000.3981889514,8.553680294906126,1521240.273592119
AS-ABMO,6,20,88,1509396.2856835995,834085.151869402,8.504915005099928,1507596.2856835995
AS-ABMO,6,20,89,1424404.238916142,834085.151869402,8.514094331736032,1422604.238916142
AS-ABMO,6,20,90,1348553.4621282616,775936.5377714218,8.393279865013398,1346753.4621282616
AS-ABMO,6,20,91,1289147.5204324229,773217.6252073736,8.305787352468109,1287347.5204324229
AS-ABMO,6,20,92,1249678.5248296116,762380.3951334073,8.242505110362293,1247878.5248296116
AS-ABMO,6,20,93,1134462.8500520252,729099.9818056383,8.267979118843224,1132662.8500520252
AS-ABMO,6,20,94,1090855.9532278974,665765.6291091759,8.257783966198303,1089055.9532278974
AS-ABMO,6,20,95,1059987.6231459032,561199.8472668173,8.242848419523177,1058187.6231459032
AS-ABMO,6,20,96,937979.3631959838,561199.8472668173,8.220243923714945,936179.3631959838
AS-ABMO,6,20,97,917664.014962888,561199.8472668173,8.173189434261921,915864.014962888
AS-ABMO,6,20,98,874485.3128131067,561199.8472668173,8.23773666636541,872685.3128131067
AS-ABMO,6,20,99,823853.5248181404,545019.702151035,8.362794982073574,822053.5248181404
AS-ABMO,6,20,100,708932.3066694204,501596.2389671393,8.36587819655647,707132.3066694204
AS-ABMO,6,20,101,600679.9084642573,474768.6097218132,8.460009305298609,598879.9084642573
AS-ABMO,6,20,102,591615.5001096237,474768.6097218132,8.48734959135001,589815.5001096237
AS-ABMO,6,20,103,584071.0312903031,452674.9583178767,8.447702477253104,582271.0312903031
AS-ABMO,6,20,104,571066.3085489203,435544.9830431625,8.336414425277475,569266.3085489203
AS-ABMO,6,20,105,553423.1739076306,415855.3257574849,8.330898386463387,551623.1739076306
AS-ABMO,6,20,106,541303.1711606717,415855.3257574849,8.376579206118015,539503.1711606717
AS-ABMO,6,20,107,498997.1711978022,354926.6645191124,8.33575408986593,497197.1711978022
AS-ABMO,6,20,108,467859.0802749081,326244.2572079232,8.294835242478309,466059.0802749081
AS-ABMO,6,20,109,434350.9436670158,313309.75172263454,8.240345295025948,432550.9436670158
AS-ABMO,6,20,110,393632.20784623554,304642.16896433634,8.25584864203198,391832.20784623554
AS-ABMO,6,20,111,372478.6047354429,290789.476986756,8.305106695971308,370678.6047354429
AS-ABMO,6,20,112,365220.6810525827,286018.13008992816,8.237328497561483,363420.6810525827
AS-ABMO,6,20,113,330707.1268757342,258141.3246889049,8.245719514637717,328907.1268757342
AS-ABMO,6,20,114,320334.9605442127,241138.14601271728,8.32060595434854,318534.9605442127
AS-ABMO,6,20,115,286703.17362679204,235886.3030515298,8.263155064101637,284903.17362679204
AS-ABMO,6,20,116,275735.6549170659,235886.3030515298,8.26194515101137,273935.6549170659
AS-ABMO,6,20,117,251808.98327924783,223314.27823000285,8.34011347447403,250008.98327924783
AS-ABMO,6,20,118,243260.6587600692,217648.30132434657,8.351307137449188,241460.6587600692
AS-ABMO,6,20,119,220494.02670540992,184483.7023880604,8.252942487383704,218694.02670540992
AS-ABMO,6,20,120,200493.2128551535,181927.46507057632,8.43420826614068,198693.2128551535
AS-ABMO,6,20,121,188853.10892271344,176276.13840695348,8.56602185058727,187053.10892271344
AS-ABMO,6,20,122,184162.062584044,169759.50840607862,8.507114092827194,182362.062584044
AS-ABMO,6,20,123,179177.6830142799,157768.40234667697,8.455538987813874,177377.6830142799
AS-ABMO,6,20,124,173640.10212155993,142892.7492139516,8.522328760088334,171840.10212155993
AS-ABMO,6,20,125,168919.2842588852,123609.47462856692,8.507276104471858,167119.2842588852
AS-ABMO,6,20,126,167036.21813926843,123609.47462856692,8.504550425670402,165236.21813926843
AS-ABMO,6,20,127,155533.88867741267,123609.47462856692,8.598579662244369,153733.88867741267
AS-ABMO,6,20,128,140064.44059654023,108177.21082816223,8.643093024955002,138264.44059654023
AS-ABMO,6,20,129,132834.49242823126,108177.21082816223,8.622440571767324,131034.49242823126
AS-ABMO,6,20,130,129579.65194793044,108177.21082816223,8.620821167702067,127779.65194793044
AS-ABMO,6,20,131,126905.39404733788,105305.67008761314,8.557834396688584,125105.39404733788
AS-ABMO,6,20,132,120305.74382983014,102516.5717121374,8.646611883665956,118505.74382983014
AS-ABMO,6,20,133,119341.838012484,102087.7313402817,8.697413745340382,117541.838012484
AS-ABMO,6,20,134,117064.84288955918,99569.47587049128,8.71344836083173,115264.84288955918
AS-ABMO,6,20,135,111179.1812030472,92072.39248215844,8.73185129208127,109379.1812030472
AS-ABMO,6,20,136,108713.3873214755,88807.3010288438,8.77002413263505,106913.3873214755
AS-ABMO,6,20,137,103643.4786490232,88469.46653262357,8.775225334200229,101843.4786490232
AS-ABMO,6,20,138,100912.60526445165,88273.76582471596,8.760428545024064,99112.60526445165
AS-ABMO,6,20,139,100221.20759518426,87270.04604342274,8.77913245036075,98421.20759518426
AS-ABMO,6,20,140,94857.60711356912,86664.12927567563,8.82288223351667,93057.60711356912
AS-ABMO,6,20,141,93083.87689939418,83780.89543222098,8.913615100034999,91283.87689939418
AS-ABMO,6,20,142,91316.56825650272,79411.63867100628,8.859645499497075,89516.56825650272
AS-ABMO,6,20,143,89848.60555654134,77099.81613038044,8.949701451450327,88048.60555654134
AS-ABMO,6,20,144,86739.20818135947,77088.5843967708,9.002035916141647,84939.20818135947
AS-ABMO,6,20,145,85127.19497204362,76505.29518288065,9.041652911051084,83327.19497204362
AS-ABMO,6,20,146,82560.88397804818,76022.01288664562,9.014324577528964,80760.88397804818
AS-ABMO,6,20,147,81951.19506000892,75212.16398836108,9.009488250481295,80151.19506000892
AS-ABMO,6,20,148,81275.64815017518,75212.16398836108,9.058270671392467,79475.64815017518
AS-ABMO,6,20,149,80792.09254673931,75129.48328270065,9.112616910851036,78992.09254673931
AS-ABMO,6,20,150,80521.02424889173,75057.75541843227,9.061447939264893,78721.02424889173
AS-ABMO,6,20,151,79852.52584806301,75038.04528833774,9.08069832786631,78052.52584806301
AS-ABMO,6,20,152,79352.7933852471,74971.16933276267,9.12733768585786,77552.7933852471
AS-ABMO,6,20,153,79095.7054054244,74680.14035817735,9.118229831303216,77295.7054054244
AS-ABMO,6,20,154,78685.4617504358,74675.69801243691,9.13907348610578,76885.4617504358
AS-ABMO,6,20,155,77267.89457685362,74675.69801243691,9.093890471608091,75467.89457685362
AS-ABMO,6,20,156,76182.28210378722,74590.72150887421,9.10763912872341,74382.28210378722
AS-ABMO,6,20,157,75678.39474934881,74589.92298256047,9.119685842808671,73878.39474934881
AS-ABMO,6,20,158,75143.01067260125,74588.34172847492,9.076989284844933,73343.01067260125
AS-ABMO,6,20,159,75032.50003568859,74588.34172847492,9.073721881929014,73232.50003568859
AS-ABMO,6,20,160,74630.91336562358,74580.73921620459,9.083626601593114,72830.91336562358
AS-ABMO,6,20,161,74361.0016542982,74580.73921620459,9.070001252602932,72561.0016542982
AS-ABMO,6,20,162,74238.4987692986,74577.71321847913,9.099854572359495,72438.4987692986
AS-ABMO,6,20,163,74027.96476875231,74538.63710452085,9.109066766456822,72227.96476875231
AS-ABMO,6,20,164,73903.68822624115,74527.944070936,9.161461337424628,72103.68822624115
AS-ABMO,6,20,165,73772.26470493124,74513.23456293784,9.169812238277478,71972.26470493124
AS-ABMO,6,20,166,73660.25410562822,74511.75480003835,9.225809296175946,71860.25410562822
AS-ABMO,6,20,167,73387.89563545508,74511.75480003835,9.263633394928233,71587.89563545508
AS-ABMO,6,20,168,73353.83410421378,74507.11746711741,9.22737107564065,71553.83410421378
AS-ABMO,6,20,169,73322.80654857929,74505.93378155513,9.176563360475424,71522.80654857929
AS-ABMO,6,20,170,73296.59635190535,74494.76716965568,9.199010363957605,71496.59635190535
AS-ABMO,6,20,171,73152.80227592395,74494.76716965568,9.18493426917416,71352.80227592395
AS-ABMO,6,20,172,73098.8079599868,74494.76716965568,9.216803823593702,71298.8079599868
AS-ABMO,6,20,173,73054.36476955345,74493.00824643577,9.27809287077423,71254.36476955345
AS-ABMO,6,20,174,73029.89075868593,74480.55405038907,9.317957328269026,71229.89075868593
AS-ABMO,6,20,175,72989.18595306862,74477.22610356194,9.376877561202662,71189.18595306862
AS-ABMO,6,20,176,72830.01320401832,74470.81591448435,9.360458872562464,71030.01320401832
AS-ABMO,6,20,177,72816.8446673501,74467.60420966416,9.37156756058821,71016.8446673501
AS-ABMO,6,20,178,72807.23008473338,74467.41462636403,9.38213726573834,71007.23008473338
AS-ABMO,6,20,179,72763.704124386,74466.82868915822,9.380461871197037,70963.704124386
AS-ABMO,6,20,180,72626.62536133673,74466.82868915822,9.411378995949402,70826.62536133673
AS-ABMO,6,20,181,72600.4591779666,74458.96433014036,9.38924668395942,70800.4591779666
AS-ABMO,6,20,182,72575.38007848854,74458.96433014036,9.347936819787282,70775.38007848854
AS-ABMO,6,20,183,72533.01766939847,74456.76778193426,9.277439685883492,70733.01766939847
AS-ABMO,6,20,184,72513.2622088362,74454.58803671201,9.258732444995818,70713.2622088362
AS-ABMO,6,20,185,72490.30327951597,74454.54764284453,9.194405680653489,70690.30327951597
AS-ABMO,6,20,186,72389.60626063152,74454.20519639584,9.236019753239011,70589.60626063152
AS-ABMO,6,20,187,72337.80231023839,74454.20519639584,9.174105397565572,70537.80231023839
AS-ABMO,6,20,188,72317.93900191771,74453.98293686443,9.057704603605996,70517.93900191771
AS-ABMO,6,20,189,72265.62525449875,74453.55519871491,8.901326355782414,70465.62525449875
AS-ABMO,6,20,190,72162.74420157258,73849.6516965314,8.846332456165104,70362.74420157258
AS-ABMO,6,20,191,72143.48949174452,73849.16787344933,8.795448683192092,70343.48949174452
AS-ABMO,6,20,192,72099.48781785462,73710.81245885647,8.722592011829468,70299.48781785462
AS-ABMO,6,20,193,72078.80981126294,73710.74079710801,8.72843389115377,70278.80981126294
AS-ABMO,6,20,194,72039.86804691447,73709.69436531694,8.622154285672543,70239.86804691447
AS-ABMO,6,20,195,71961.95177019085,73707.84782365672,8.4635041087815,70161.95177019085
AS-ABMO,6,20,196,71790.92213798867,72150.59039922556,8.371800664170589,69990.92213798867
AS-ABMO,6,20,197,71750.3635757928,72149.08451141426,8.243519755958792,69950.3635757928
AS-ABMO,6,20,198,71680.02932423227,72149.08451141426,8.152144121340454,69880.02932423227
AS-ABMO,6,20,199,71638.80376264082,72138.80806588543,8.065003953403595,69838.80376264082
AS-ABMO,6,20,200,71574.48211871556,72138.80806588543,7.966042788470249,69774.48211871556
AS-ABMO,6,20,201,71534.5300851106,72138.80806588543,7.829210834505677,69734.5300851106
AS-ABMO,6,20,202,71517.23886220438,72138.80806588543,7.699530127745728,69717.23886220438
AS-ABMO,6,20,203,71499.18265786146,72138.80806588543,7.568752300874324,69699.18265786146
AS-ABMO,6,20,204,71392.97300930323,72138.80806588543,7.462079762129215,69592.97300930323
AS-ABMO,6,20,205,71210.53228404488,72138.80806588543,7.345473721055821,69410.53228404488
AS-ABMO,6,20,206,70896.36091069432,69114.10186900494,7.242228837492245,69096.36091069432
AS-ABMO,6,20,207,70832.13533698519,69114.10186900494,7.094687386801672,69032.13533698519
AS-ABMO,6,20,208,70826.76177113534,69114.10186900494,6.961123254934951,69026.76177113534
AS-ABMO,6,20,209,70782.85470449347,69114.10186900494,6.828500027489315,68982.85470449347
AS-ABMO,6,20,210,70654.00409852079,69090.96366109769,6.7216568146393065,68854.00409852079
AS-ABMO,6,20,211,70578.6370852126,69087.17607589491,6.565275723719845,68778.6370852126
AS-ABMO,6,20,212,70448.56153025903,69087.17607589491,6.428331296778706,68648.56153025903
AS-ABMO,6,20,213,70415.77879464957,69087.17607589491,6.337406558097507,68615.77879464957
AS-ABMO,6,20,214,70288.44353772521,69087.17607589491,6.2134575880389145,68488.44353772521
AS-ABMO,6,20,215,70215.25175882693,68862.62548885011,6.015940389454155,68415.25175882693
AS-ABMO,6,20,216,69455.53295679376,67938.8450247285,5.843251332213874,67655.53295679376
AS-ABMO,6,20,217,69316.56393825487,67938.8450247285,5.578749330228519,67516.56393825487
AS-ABMO,6,20,218,69169.1255494617,67874.6502717932,5.3751448961681865,67369.1255494617
AS-ABMO,6,20,219,69146.15603614766,67828.73618929581,5.147118473891583,67346.15603614766
AS-ABMO,6,20,220,68830.90189888274,66350.0609506847,4.962195560804367,67030.90189888274
AS-ABMO,6,20,221,68442.47124693255,62267.69015873728,4.786302726060019,66642.47124693255
AS-ABMO,6,20,222,68249.11262217996,62263.58504194133,4.629850401109969,66449.11262217996
AS-ABMO,6,20,223,68164.50353901967,62263.46949744578,4.4647649889777865,66364.50353901967
AS-ABMO,6,20,224,67866.54547123694,62263.46949744578,4.292329422571395,66066.54547123694
AS-ABMO,6,20,225,67803.69550114019,61875.561419498204,4.113793194740084,66003.69550114019
AS-ABMO,6,20,226,67427.115205939,61875.561419498204,3.993227823271128,65627.115205939
AS-ABMO,6,20,227,67381.10628294139,61875.561419498204,3.829488779417841,65581.10628294139
AS-ABMO,6,20,228,67082.73475074982,61875.561419498204,3.67957550220636,65282.73475074982
AS-ABMO,6,20,229,66962.91739796998,61875.561419498204,3.523291952781052,65162.917397969984
AS-ABMO,6,20,230,66800.72864839974,61875.561419498204,3.375954027407386,65000.728648399745
AS-ABMO,6,20,231,66456.06193271559,61875.561419498204,3.286857788519739,64656.06193271559
AS-ABMO,6,20,232,66436.0589137887,61875.561419498204,3.2027851436254755,64636.0589137887
AS-ABMO,6,20,233,66290.12919957635,61875.561419498204,3.1212668965616706,64490.129199576346
AS-ABMO,6,20,234,66170.11193763811,61875.561419498204,3.0315566701570207,64370.11193763811
AS-ABMO,6,20,235,66156.99644195865,61875.561419498204,2.9458723376920983,64356.99644195865
AS-ABMO,6,20,236,65784.77534733465,61875.561419498204,2.870073389769353,63984.77534733465
AS-ABMO,6,20,237,65756.01477029991,61875.561419498204,2.8003953246764106,63956.01477029991
AS-ABMO,6,20,238,65706.88658389915,61875.561419498204,2.764111546861252,63906.88658389915
AS-ABMO,6,20,239,65655.2724272807,61875.561419498204,2.7209772659867624,63855.272427280695
AS-ABMO,6,20,240,65540.29859394724,61746.92148350354,2.637007844432625,63740.29859394724
AS-ABMO,6,20,241,65406.60280381934,61718.00835289605,2.5345873994290087,63606.60280381934
AS-ABMO,6,20,242,65378.61006368008,61718.00835289605,2.522254090446631,63578.61006368008
AS-ABMO,6,20,243,65173.19012510569,61576.22037868241,2.452416704421293,63373.19012510569
AS-ABMO,6,20,244,64430.84993285867,59723.85729115442,2.4270988707144823,62630.84993285867
AS-ABMO,6,20,245,64290.79791588962,59723.85729115442,2.3537426780549024,62490.79791588962
AS-ABMO,6,20,246,64261.935071651606,59536.36855840613,2.2826043744067284,62461.935071651606
AS-ABMO,6,20,247,63992.84901116852,59536.36855840613,2.220281227113857,62192.84901116852
AS-ABMO,6,20,248,63934.42743790416,59536.36855840613,2.168353354132693,62134.42743790416
AS-ABMO,6,20,249,63924.43565273538,59389.10367382417,2.105365496603133,62124.43565273538
AS-ABMO,6,20,250,63379.05322149564,59267.538021894274,2.070196216252432,61579.05322149564
AS-ABMO,6,20,251,63286.41077072908,59267.538021894274,2.0117096645184467,61486.41077072908
AS-ABMO,6,20,252,63208.96948529173,59267.538021894274,1.9685653232397524,61408.96948529173
AS-ABMO,6,20,253,63208.61726038803,59267.538021894274,1.8804803831938048,61408.61726038803
AS-ABMO,6,20,254,63208.32448062279,59267.538021894274,1.836220060859614,61408.32448062279
AS-ABMO,6,20,255,62993.52242880614,59267.538021894274,1.7619682246264894,61193.52242880614
AS-ABMO,6,20,256,62952.28623408648,59267.538021894274,1.7201934812321,61152.28623408648
AS-ABMO,6,20,257,62869.22490435297,59191.909307767,1.6503472171785163,61069.22490435297
AS-ABMO,6,20,258,62778.89335639671,58529.11495788679,1.591018330385805,60978.89335639671
AS-ABMO,6,20,259,62772.45338949964,58529.11495788679,1.5484422822075985,60972.45338949964
AS-ABMO,6,20,260,62749.80203248557,58529.11495788679,1.4994142630958267,60949.80203248557
AS-ABMO,6,20,261,62748.36707655146,58529.11495788679,1.4515613215307004,60948.36707655146
AS-ABMO,6,20,262,62725.21464418677,58529.11495788679,1.3851888825188026,60925.21464418677
AS-ABMO,6,20,263,62711.99237532511,58529.11495788679,1.3396473635487924,60911.99237532511
AS-ABMO,6,20,264,62710.92037204288,58529.11495788679,1.29611644625046,60910.92037204288
AS-ABMO,6,20,265,62696.66194096524,58529.11495788679,1.2363706170875717,60896.66194096524
AS-ABMO,6,20,266,62693.24434795227,58529.11495788679,1.1921775853575256,60893.24434795227
AS-ABMO,6,20,267,62684.073158111845,58529.11495788679,1.1221947354736348,60884.073158111845
AS-ABMO,6,20,268,62672.59463086058,58529.11495788679,1.0556473226170515,60872.59463086058
AS-ABMO,6,20,269,62671.51447862864,58529.11495788679,0.9954851773224072,60871.51447862864
AS-ABMO,6,20,270,62650.50106168496,58459.05064974968,0.930053789021981,60850.50106168496
AS-ABMO,6,20,271,62614.87169681301,58143.73405213897,0.8882921252451127,60814.87169681301
AS-ABMO,6,20,272,62342.1730934373,58142.762565328056,0.8267475129755493,60542.1730934373
AS-ABMO,6,20,273,62302.56683810851,58142.762565328056,0.755716976966773,60502.56683810851
AS-ABMO,6,20,274,62240.4860694564,58142.762565328056,0.7169415887524206,60440.4860694564
AS-ABMO,6,20,275,62229.03511574438,58142.762565328056,0.6644063943986416,60429.03511574438
AS-ABMO,6,20,276,62202.2259811042,58071.30800976836,0.6197567383434657,60402.2259811042
AS-ABMO,6,20,277,62200.85675003535,58071.30800976836,0.5872288151119527,60400.85675003535
AS-ABMO,6,20,278,62152.11585273893,58071.30800976836,0.5565167788074897,60352.11585273893
AS-ABMO,6,20,279,62032.92792522322,58071.30800976836,0.5176231869421933,60232.92792522322
AS-ABMO,6,20,280,62018.79282991605,58071.30800976836,0.4845632750491466,60218.79282991605
AS-ABMO,6,20,281,61986.01545965039,57922.30926544028,0.4639668572915433,60186.01545965039
AS-ABMO,6,20,282,61959.98970473322,57897.6026961796,0.4323479406009445,60159.98970473322
AS-ABMO,6,20,283,61918.032434304434,57700.03054712736,0.4056437371447589,60118.032434304434
AS-ABMO,6,20,284,61912.17866098157,57700.03054712736,0.3810233273507358,60112.17866098157
AS-ABMO,6,20,285,61911.63164995184,57695.2844113033,0.3570812618837048,60111.63164995184
AS-ABMO,6,20,286,61893.91167232423,57695.2844113033,0.3385590160093261,60093.91167232423
AS-ABMO,6,20,287,61889.79197745199,57695.2844113033,0.3258490334186461,60089.79197745199
AS-ABMO,6,20,288,61886.3594238458,57695.2844113033,0.3086035276402337,60086.3594238458
AS-ABMO,6,20,289,61883.15557399018,57695.14267340412,0.2907497819414503,60083.15557399018
AS-ABMO,6,20,290,61862.5233024668,57695.02394744368,0.2796167898585435,60062.5233024668
AS-ABMO,6,20,291,61862.40097354633,57695.02394744368,0.2649251244740866,60062.40097354633
AS-ABMO,6,20,292,61862.33857487941,57695.01733956333,0.2564390812970397,60062.33857487941
AS-ABMO,6,20,293,61842.48488838786,57604.60986369567,0.2476431140845271,60042.48488838786
AS-ABMO,6,20,294,61809.70662404491,57604.60986369567,0.2398030450730539,60009.70662404491
AS-ABMO,6,20,295,61809.462337218494,57604.60986369567,0.232641638749319,60009.462337218494
AS-ABMO,6,20,296,61789.12957407107,57604.60129509702,0.2238722053726783,59989.12957407107
AS-ABMO,6,20,297,61758.59616857521,57300.73838123109,0.2177593743296283,59958.59616857521
AS-ABMO,6,20,298,61717.16065916761,57300.73503622989,0.2116413326146825,59917.16065916761
AS-ABMO,6,20,299,61704.46503444106,57300.73503622989,0.2074106187808172,59904.46503444106
AS-ABMO,6,20,300,61690.5938301303,57300.73503622989,0.1993347678107355,59890.5938301303
AS-ABMO,6,20,301,61687.65626107262,57300.73503622989,0.1923629228364801,59887.65626107262
AS-ABMO,6,20,302,61679.41360885261,57300.7350089722,0.1881461670535198,59879.41360885261
AS-ABMO,6,20,303,61670.10941412021,57261.19527974973,0.1869019183839825,59870.10941412021
AS-ABMO,6,20,304,61641.540430874185,57250.00650241766,0.1846437641256182,59841.540430874185
AS-ABMO,6,20,305,61641.18872375687,57249.98351234164,0.1813589543289802,59841.18872375687
AS-ABMO,6,20,306,61639.41811754601,57249.98350089966,0.1762514250303037,59839.41811754601
AS-ABMO,6,20,307,61631.10846492496,57249.98350089966,0.1730399619798474,59831.10846492496
AS-ABMO,6,20,308,61627.14638124104,57249.98350089966,0.1702470937568666,59827.14638124104
AS-ABMO,6,20,309,61625.78811476706,57249.98350089966,0.1660365570748325,59825.78811476706
AS-ABMO,6,20,310,61625.58966989976,57249.98283313066,0.1594315690213888,59825.58966989976
AS-ABMO,6,20,311,61625.079080684,57249.98239402702,0.1559061106860086,59825.079080684
AS-ABMO,6,20,312,61617.82330447753,57211.12811629499,0.1527679433330533,59817.82330447753
AS-ABMO,6,20,313,61585.63854417154,57211.12811629499,0.1576109850084231,59785.63854417154
AS-ABMO,6,20,314,61584.94022147018,57211.12811629499,0.1597480585351774,59784.94022147018
AS-ABMO,6,20,315,61584.59677274856,57211.12811629499,0.158150747259094,59784.59677274856
AS-ABMO,6,20,316,61573.10823600817,57211.12811629499,0.1532720721511363,59773.10823600817
AS-ABMO,6,20,317,61567.09322358949,57211.12811629499,0.1638205804035368,59767.09322358949
AS-ABMO,6,20,318,61566.75674392474,57211.12811629499,0.1674707325205973,59766.75674392474
AS-ABMO,6,20,319,61566.38261827199,57211.12811629499,0.1693068392766029,59766.38261827199
AS-ABMO,6,20,320,61566.37253649371,57211.12811616463,0.1690339589741397,59766.37253649371
AS-ABMO,6,20,321,61565.68067687606,57211.12811610922,0.1711286825176046,59765.68067687606
AS-ABMO,6,20,322,61565.04669089973,57211.12811610922,0.1758397820323667,59765.04669089973
AS-ABMO,6,20,323,61563.96034562108,57211.12811610114,0.1786325178808886,59763.96034562108
AS-ABMO,6,20,324,61563.52391515475,57211.128116100735,0.1931682429352195,59763.52391515475
AS-ABMO,6,20,325,61558.711507410575,57211.12811610052,0.2065645704161254,59758.711507410575
AS-ABMO,6,20,326,61555.71025356482,57211.12811610052,0.2301391082110241,59755.71025356482
AS-ABMO,6,20,327,61545.16989792832,57211.128116100415,0.2259547704962894,59745.16989792832
AS-ABMO,6,20,328,61544.897660838215,57211.1281161003,0.2256616150763381,59744.897660838215
AS-ABMO,6,20,329,61531.79859068703,57211.128116100284,0.2389419987801801,59731.79859068703
AS-ABMO,6,20,330,61530.58110824878,57211.128116100284,0.2591809359565193,59730.58110824878
AS-ABMO,6,20,331,61522.4898675216,57211.128116100284,0.2763062344693633,59722.4898675216
AS-ABMO,6,20,332,61522.48644820095,57211.128116100284,0.2951158199328785,59722.48644820095
AS-ABMO,6,20,333,61522.14527839467,57211.128116100284,0.30859677518722,59722.14527839467
AS-ABMO,6,20,334,61521.51826320923,57211.128116100284,0.3084633007029049,59721.51826320923
AS-ABMO,6,20,335,61520.07898635794,57211.128116100284,0.3228064329605719,59720.07898635794
AS-ABMO,6,20,336,61518.63145168559,57211.128116100284,0.3545467650666752,59718.63145168559
AS-ABMO,6,20,337,61508.66731000017,57211.128116100284,0.4108987156452712,59708.66731000017
AS-ABMO,6,20,338,61508.66608964464,57211.128116100284,0.4324576685667468,59708.66608964464
AS-ABMO,6,20,339,61506.79050589622,57211.128116100284,0.4321585372772861,59706.79050589622
AS-ABMO,6,20,340,61503.24780973523,57211.12811610028,0.4319399429941485,59703.24780973523
AS-ABMO,6,20,341,61502.68213287548,57211.12811610028,0.4316692778105391,59702.68213287548
AS-ABMO,6,20,342,61497.22679609851,57211.12811610028,0.4318191702863872,59697.22679609851
AS-ABMO,6,20,343,61477.087506908014,57211.12811610028,0.4099340201392047,59677.087506908014
AS-ABMO,6,20,344,61473.18298555102,57211.12811610028,0.3899357818546933,59673.18298555102
AS-ABMO,6,20,345,61460.21236205934,57211.12811610028,0.3710086094879928,59660.21236205934
AS-ABMO,6,20,346,61457.49509977784,57211.12811610028,0.344772269585826,59657.49509977784
AS-ABMO,6,20,347,61457.49064029875,57211.12811610028,0.3288464027207338,59657.49064029875
AS-ABMO,6,20,348,61447.52413998885,57211.12811610028,0.3212728780371331,59647.52413998885
AS-ABMO,6,20,349,61441.409321071646,57211.01951574251,0.3212728780371331,59641.409321071646
AS-ABMO,6,20,350,61410.65075437638,57211.01951574251,0.3212728780371331,59610.65075437638
AS-ABMO,6,20,351,61404.92667318399,57211.01951574251,0.3289989147791008,59604.92667318399
AS-ABMO,6,20,352,61404.60184523374,57211.01951574251,0.314370820267733,59604.60184523374
AS-ABMO,6,20,353,61404.302791503294,57211.01951574251,0.3144876335751785,59604.302791503294
AS-ABMO,6,20,354,61404.25634646958,57211.01951574251,0.3005497398122198,59604.25634646958
AS-ABMO,6,20,355,61403.59798045282,57207.54237715869,0.2938548221621481,59603.59798045282
AS-ABMO,6,20,356,61403.5937985205,57207.54237715869,0.3006515207879117,59603.5937985205
AS-ABMO,6,20,357,61386.32758763289,57207.44545715755,0.2877867887930956,59586.32758763289
AS-ABMO,6,20,358,61384.47066874769,57205.64490426739,0.2879669605013351,59584.47066874769
AS-ABMO,6,20,359,61369.59141962944,57205.64490426739,0.2758818714680504,59569.59141962944
AS-ABMO,6,20,360,61368.93498594585,57205.64490426739,0.2817662829336759,59568.93498594585
AS-ABMO,6,20,361,61362.93219967154,57205.64490426739,0.2759551664050805,59562.93219967154
AS-ABMO,6,20,362,61359.7723600157,57205.17316682638,0.2649354972651049,59559.7723600157
AS-ABMO,6,20,363,61359.2829139988,57205.17316682638,0.2491833840403755,59559.2829139988
AS-ABMO,6,20,364,61348.43055605578,57205.17316682638,0.2442731321703277,59548.43055605578
AS-ABMO,6,20,365,61347.63402124095,57205.17316682638,0.2353621197501734,59547.63402124095
AS-ABMO,6,20,366,61338.457643154696,57205.16120422174,0.2270547286447449,59538.457643154696
AS-ABMO,6,20,367,61338.37276444985,57205.076895033664,0.2193446999260034,59538.37276444985
AS-ABMO,6,20,368,61337.52062218183,57197.939698498325,0.2112288376810186,59537.52062218183
AS-ABMO,6,20,369,61335.17697505072,57196.80341608953,0.2148062974076731,59535.17697505072
AS-ABMO,6,20,370,61332.40060996783,57196.80341608953,0.2074440049351244,59532.40060996783
AS-ABMO,6,20,371,61329.530992440064,57193.27262086909,0.1972517022396593,59529.530992440064
AS-ABMO,6,20,372,61326.60446200703,57192.05923468216,0.1939571298229451,59526.60446200703
AS-ABMO,6,20,373,61323.72569349363,57192.05923468216,0.1851329109947907,59523.72569349363
AS-ABMO,6,20,374,61320.27978948312,57192.05923468216,0.1797312182056508,59520.27978948312
AS-ABMO,6,20,375,61316.338789744346,57191.4694037282,0.1720524110087347,59516.338789744346
AS-ABMO,6,20,376,61314.567158489575,57191.4694037282,0.1677557060760134,59514.567158489575
AS-ABMO,6,20,377,61293.05099627748,57191.421235759626,0.1635896660007094,59493.05099627748
AS-ABMO,6,20,378,61275.47611901666,57191.421235759626,0.1600087143757477,59475.47611901666
AS-ABMO,6,20,379,61274.26583524868,57190.3346290582,0.1549345559186049,59474.26583524868
AS-ABMO,6,20,380,61271.78865011396,57189.94100112691,0.1504835836249796,59471.78865011396
AS-ABMO,6,20,381,61267.81012770178,57189.94100112691,0.1462190693219349,59467.81012770178
AS-ABMO,6,20,382,61257.197188920574,57189.62157840654,0.1420308790483831,59457.197188920574
AS-ABMO,6,20,383,61255.31957931496,57189.45197664801,0.1389703963449469,59455.31957931496
AS-ABMO,6,20,384,61250.83474073746,57189.43805276233,0.1370741709653785,59450.83474073746
AS-ABMO,6,20,385,61242.649020651,57189.31066527418,0.1353972787437828,59442.649020651
AS-ABMO,6,20,386,61242.27313612752,57189.23092785699,0.1328598173859064,59442.27313612752
AS-ABMO,6,20,387,61241.8475880604,57184.81658966048,0.1307629957328595,59441.8475880604
AS-ABMO,6,20,388,61241.83148231036,57184.81658966048,0.1281715659732926,59441.83148231036
AS-ABMO,6,20,389,61241.68832533919,57183.22602786007,0.12653062917265,59441.68832533919
AS-ABMO,6,20,390,61241.36500159606,57182.77679514421,0.1258397236348048,59441.36500159606
AS-ABMO,6,20,391,61217.25963242352,57182.77679514421,0.1248677226522074,59417.25963242352
AS-ABMO,6,20,392,61203.14118618116,57182.417894188,0.1254275911373885,59403.14118618116
AS-ABMO,6,20,393,61202.07719190911,57182.417894188,0.1253763539598821,59402.07719190911
AS-ABMO,6,20,394,61201.405430538434,57182.33387407294,0.1258106134025803,59401.405430538434
AS-ABMO,6,20,395,61201.20780254835,57182.313093239056,0.125875698163025,59401.20780254835
AS-ABMO,6,20,396,61199.49699972561,57182.30440677359,0.1267540627359999,59399.49699972561
AS-ABMO,6,20,397,61196.8023994776,57182.29019238713,0.1274113193237969,59396.8023994776
AS-ABMO,6,20,398,61196.746164298194,57182.28202072172,0.1283337104512826,59396.746164298194
AS-ABMO,6,20,399,61195.10439377231,57182.28080524506,0.1297359487884678,59395.10439377231
AS-ABMO,6,20,400,61194.899309631975,57182.23025988825,0.1310137503796244,59394.899309631975
AS-ABMO,6,20,401,61194.75263744611,57182.23025988825,0.1320610278540677,59394.75263744611
AS-ABMO,6,20,402,61194.17475270016,57182.17333475489,0.1327509689556704,59394.17475270016
AS-ABMO,6,20,403,61190.453436544296,57182.16010272335,0.1354979232162043,59390.453436544296
AS-ABMO,6,20,404,61163.25126139174,57182.148169782144,0.138865711066288,59363.25126139174
AS-ABMO,6,20,405,61163.010803555175,57182.14182214956,0.1405083742171611,59363.010803555175
AS-ABMO,6,20,406,61124.48514123557,57182.10980565454,0.1435087517349998,59324.48514123557
AS-ABMO,6,20,407,61124.09831640376,57182.10682725391,0.1463207070875549,59324.09831640376
AS-ABMO,6,20,408,61124.06076834528,57182.03034771882,0.1488128052506253,59324.06076834528
AS-ABMO,6,20,409,61123.509364994505,57182.03034771882,0.152207852176389,59323.509364994505
AS-ABMO,6,20,410,61123.310672368025,57181.78104981915,0.1548762514088331,59323.310672368025
AS-ABMO,6,20,411,61122.239713531286,57181.78104981915,0.1574210110726931,59322.239713531286
AS-ABMO,6,20,412,61120.033300972944,57181.215913027,0.1622829741110673,59320.033300972944
AS-ABMO,6,20,413,61120.017326367386,57181.215913027,0.1599572701753765,59320.017326367386
AS-ABMO,6,20,414,61119.75113196387,57180.89206167511,0.1604197872535744,59319.75113196387
AS-ABMO,6,20,415,61119.28088377894,57180.75113815728,0.1615976572533841,59319.28088377894
AS-ABMO,6,20,416,61118.92681507934,57180.75113815728,0.1644507268007532,59318.92681507934
AS-ABMO,6,20,417,61117.93006318879,57180.62184073214,0.1676485702659574,59317.93006318879
AS-ABMO,6,20,418,61116.98300850323,57180.59377418105,0.168262860236008,59316.98300850323
AS-ABMO,6,20,419,61115.1827727344,57180.554000870754,0.1710163445576472,59315.1827727344
AS-ABMO,6,20,420,61114.93352087271,57180.47671025765,0.1768298254139174,59314.93352087271
AS-ABMO,6,20,421,61113.85829592737,57180.35402818382,0.1780515601916352,59313.85829592737
AS-ABMO,6,20,422,61112.518005365455,57179.85526977715,0.18059880943482,59312.518005365455
AS-ABMO,6,20,423,61112.41113535653,57179.60996213282,0.1801355686692754,59312.41113535653
AS-ABMO,6,20,424,61112.36776322702,57179.60996213282,0.183272784234024,59312.36776322702
AS-ABMO,6,20,425,61109.86083521992,57178.70648451759,0.1875839515808558,59309.86083521992
AS-ABMO,6,20,426,61107.33695883772,57178.70648451759,0.1948105606951858,59307.33695883772
AS-ABMO,6,20,427,61100.01852608855,57178.62607907756,0.2013424960784529,59300.01852608855
AS-ABMO,6,20,428,61096.53033782181,57178.55494135723,0.2033771087588807,59296.53033782181
AS-ABMO,6,20,429,61096.514779476325,57178.52538018591,0.2053673913868854,59296.514779476325
AS-ABMO,6,20,430,61096.43093893558,57178.43161617081,0.2071757037969401,59296.43093893558
AS-ABMO,6,20,431,61096.343343831744,57178.23815179276,0.2159821569841463,59296.343343831744
AS-ABMO,6,20,432,61088.08668077104,57178.13411213661,0.2262027159168436,59288.08668077104
AS-ABMO,6,20,433,61088.02675858127,57177.84110666398,0.2294312937951256,59288.02675858127
AS-ABMO,6,20,434,61075.18935429095,57176.53761002833,0.2289550021375637,59275.18935429095
AS-ABMO,6,20,435,61075.05546199425,57176.042221970514,0.221608508685613,59275.05546199425
AS-ABMO,6,20,436,61073.62817067888,57175.764243729056,0.2297069666518897,59273.62817067888
AS-ABMO,6,20,437,61070.26789825225,57175.764243729056,0.2425737859215961,59270.26789825225
AS-ABMO,6,20,438,61070.19714439474,57175.726876708286,0.2522509886887699,59270.19714439474
AS-ABMO,6,20,439,61069.826956390105,57175.726876708286,0.2668664963650523,59269.826956390105
AS-ABMO,6,20,440,61069.78210327856,57175.72034674645,0.2833783163780003,59269.78210327856
AS-ABMO,6,20,441,61069.65877429267,57175.61405482842,0.3021018279988812,59269.65877429267
AS-ABMO,6,20,442,61040.71883786272,57175.55828936492,0.3228693310153713,59240.71883786272
AS-ABMO,6,20,443,61040.36641271771,57175.476798740805,0.330096286585019,59240.36641271771
AS-ABMO,6,20,444,61040.00956624293,57175.2061064857,0.3543709542289229,59240.00956624293
AS-ABMO,6,20,445,61039.96525382959,57174.66214909756,0.3558661538148491,59239.96525382959
AS-ABMO,6,20,446,61039.92644333414,57174.54267316661,0.3830487442946989,59239.92644333414
AS-ABMO,6,20,447,61037.07958582893,57174.50373346397,0.4128603557518313,59237.07958582893
AS-ABMO,6,20,448,61037.05310882205,57174.416918806615,0.4340535708375184,59237.05310882205
AS-ABMO,6,20,449,61032.62248216067,57174.244173762025,0.4475386601373906,59232.62248216067
AS-ABMO,6,20,450,61032.60888170595,57174.07502048128,0.4618832156564016,59232.60888170595
AS-ABMO,6,20,451,61032.56853171835,57173.93113091531,0.4633895445554951,59232.56853171835
AS-ABMO,6,20,452,61031.59517955321,57173.906802648766,0.4643683831483655,59231.59517955321
AS-ABMO,6,20,453,61031.30808479868,57173.906802648766,0.4655729921711391,59231.30808479868
AS-ABMO,6,20,454,61023.85139008578,57173.86757552181,0.4680388972485303,59223.85139008578
AS-ABMO,6,20,455,60997.24908289557,57173.72604859719,0.4718824482174527,59197.24908289557
AS-ABMO,6,20,456,60997.24372857041,57173.6485212159,0.4743856846303373,59197.24372857041
AS-ABMO,6,20,457,60996.68951764199,57166.33683475226,0.4757713879357615,59196.68951764199
AS-ABMO,6,20,458,60996.65242186738,57166.33683475226,0.4785514744453487,59196.65242186738
AS-ABMO,6,20,459,60996.30929890849,57166.33683475226,0.4817119529228144,59196.30929890849
AS-ABMO,6,20,460,60995.200626492646,57166.327021813486,0.4638763987683373,59195.200626492646
AS-ABMO,6,20,461,60936.63173024341,57166.32589114507,0.4575796729778283,59136.63173024341
AS-ABMO,6,20,462,60936.62696272811,57166.29041760889,0.4425586817525423,59136.62696272811
AS-ABMO,6,20,463,60934.61482871391,57166.28744644088,0.4316402627773182,59134.61482871391
AS-ABMO,6,20,464,60932.47007099261,57166.28689124437,0.4169998855169796,59132.47007099261
AS-ABMO,6,20,465,60901.09727177329,57166.28672926848,0.4035540510478765,59101.09727177329
AS-ABMO,6,20,466,60901.09701450234,57166.28335028983,0.4015500226740893,59101.09701450234
AS-ABMO,6,20,467,60900.39045258642,57166.28335028983,0.3943455603704741,59100.39045258642
AS-ABMO,6,20,468,60865.82441181087,57166.28120017417,0.3831551545471409,59065.82441181087
AS-ABMO,6,20,469,60820.546564331125,57166.2811201017,0.3674674366126892,59020.546564331125
AS-ABMO,6,20,470,60680.17891617916,56787.87550878232,0.3527759536182095,58880.17891617916
AS-ABMO,6,20,471,60679.70928234286,56787.875508771525,0.3719763765686834,58879.70928234286
AS-ABMO,6,20,472,60679.55611381377,56787.8755087482,0.3832050542151997,58879.55611381377
AS-ABMO,6,20,473,60679.55220497945,56787.87550872787,0.3912060269022259,58879.55220497945
AS-ABMO,6,20,474,60679.1645328705,56787.875508671685,0.404096404472255,58879.1645328705
AS-ABMO,6,20,475,60678.84115549636,56783.17724585557,0.402353777884991,58878.84115549636
AS-ABMO,6,20,476,60677.26893400871,56783.17724585557,0.4135959541442673,58877.26893400871
AS-ABMO,6,20,477,60676.4291603526,56783.17724555034,0.4218424602758813,58876.4291603526
AS-ABMO,6,20,478,60675.36471071155,56783.177234442606,0.4302206422572309,58875.36471071155
AS-ABMO,6,20,479,60669.32589374629,56771.20350567347,0.43964368085821,58869.32589374629
AS-ABMO,6,20,480,60669.09384411571,56771.20344523976,0.458191895863222,58869.09384411571
AS-ABMO,6,20,481,60667.94496884036,56771.20341065645,0.4750051648544203,58867.94496884036
AS-ABMO,6,20,482,60667.911905335306,56771.20340442671,0.4988478618157057,58867.911905335306
AS-ABMO,6,20,483,60667.89656970909,56771.20328292976,0.5218590833988979,58867.89656970909
AS-ABMO,6,20,484,60667.253733424,56771.16065740941,0.522634715930347,58867.253733424
AS-ABMO,6,20,485,60663.80411840999,56771.160386100615,0.5179741511166349,58863.80411840999
AS-ABMO,6,20,486,60663.76810817159,56770.67611870318,0.5121272347148225,58863.76810817159
AS-ABMO,6,20,487,60662.92762988238,56770.48521687304,0.4753009835356664,58862.92762988238
AS-ABMO,6,20,488,60652.82791432588,56770.418198953485,0.4389199546860911,58852.82791432588
AS-ABMO,6,20,489,60652.50290516247,56770.00551403397,0.4061032703663351,58852.50290516247
AS-ABMO,6,20,490,60649.42370827647,56769.79864526729,0.3786568482188158,58849.42370827647
AS-ABMO,6,20,491,60647.1055446826,56764.51128652215,0.3534961414116025,58847.1055446826
AS-ABMO,6,20,492,60646.07703598856,56763.961268194405,0.332501842390466,58846.07703598856
AS-ABMO,6,20,493,60645.2326765719,56760.49439283821,0.3149331141279611,58845.2326765719
AS-ABMO,6,20,494,60637.71159831805,56760.49439283821,0.2936486709260935,58837.71159831805
AS-ABMO,6,20,495,60629.75144811229,56703.15091053688,0.2742689375872212,58829.75144811229
AS-ABMO,6,20,496,60629.737068805065,56703.15091053688,0.2583025335273153,58829.737068805065
AS-ABMO,6,20,497,60629.737068805065,56703.15091053688,0.2426036384923133,58829.737068805065
AS-ABMO,6,20,498,60629.737068805065,56703.15091053688,0.2294583972596675,58829.737068805065
AS-ABMO,6,20,499,60629.737068805065,56703.15091053688,0.2165043847064175,58829.737068805065
AS-ABMO,6,20,500,60629.737068805065,56703.15091053688,0.2047831094345293,58829.737068805065
AS-ABMO,7,10,1,4106.361832855707,4149.296796319144,1.865900664648648,2106.361832855707
AS-ABMO,7,10,2,3281.929553891938,2934.862396296224,2.951770226616645,1281.9295538919382
AS-ABMO,7,10,3,2899.011639679001,2738.7241522295617,4.158270802346604,899.0116396790008
AS-ABMO,7,10,4,2749.032221325412,2567.8159094144003,5.301045943203042,749.0322213254121
AS-ABMO,7,10,5,2588.5576658587747,2444.763328142847,6.168944402121673,588.5576658587747
AS-ABMO,7,10,6,2529.8106049638354,2444.763328142847,6.830057706698623,529.8106049638354
AS-ABMO,7,10,7,2464.8249403833784,2391.8549585589712,7.207912944084006,464.82494038337836
AS-ABMO,7,10,8,2391.266747876065,2368.8303261084266,7.768967518041852,391.266747876065
AS-ABMO,7,10,9,2358.3640591536687,2337.187251067984,8.110286466903048,358.3640591536687
AS-ABMO,7,10,10,2339.733055969852,2337.187251067984,8.164113652845673,339.7330559698521
AS-ABMO,7,10,11,2331.953274836436,2335.329041617033,8.379502949687572,331.95327483643587
AS-ABMO,7,10,12,2309.8601259438324,2290.425424230771,8.407662338589038,309.8601259438324
AS-ABMO,7,10,13,2298.856920393433,2270.2203632802293,8.330134079529198,298.85692039343303
AS-ABMO,7,10,14,2281.1522649173803,2240.5970041364208,8.396575037779103,281.1522649173803
AS-ABMO,7,10,15,2258.9500837723763,2215.799611348678,8.369956169685944,258.9500837723763
AS-ABMO,7,10,16,2247.249890525337,2203.182213141766,8.334036454350493,247.24989052533692
AS-ABMO,7,10,17,2217.0925283421484,2165.52300193391,8.396709700852552,217.0925283421484
AS-ABMO,7,10,18,2205.137664614717,2165.52300193391,8.253257839045473,205.13766461471687
AS-ABMO,7,10,19,2199.017391805687,2162.1153018922714,8.200239837146208,199.0173918056871
AS-ABMO,7,10,20,2196.465410280978,2160.4005364166733,8.072223492488128,196.46541028097818
AS-ABMO,7,10,21,2190.29939086054,2156.2119316299054,7.974154575743289,190.29939086053992
AS-ABMO,7,10,22,2182.182006137103,2150.5348131756086,7.820019931405227,182.18200613710314
AS-ABMO,7,10,23,2180.0180667133213,2148.666548646509,7.686087684482918,180.01806671332133
AS-ABMO,7,10,24,2161.197018517957,2141.3093766779,7.495197325050486,161.19701851795708
AS-ABMO,7,10,25,2157.059621836684,2140.366018126412,7.432052155662499,157.05962183668407
AS-ABMO,7,10,26,2153.646822868925,2140.005126900637,7.412954067602228,153.64682286892503
AS-ABMO,7,10,27,2152.698262353392,2139.4457261845846,7.339017429649434,152.69826235339178
AS-ABMO,7,10,28,2151.4374722513194,2137.4602469140336,7.151910799309346,151.43747225131938
AS-ABMO,7,10,29,2147.819676578517,2133.958681267796,6.974550971046686,147.81967657851692
AS-ABMO,7,10,30,2139.4968074219005,2126.8920683203496,6.901400408346412,139.49680742190048
AS-ABMO,7,10,31,2133.412978062944,2122.0205965751275,6.856420762713253,133.41297806294415
AS-ABMO,7,10,32,2126.015957639689,2111.97472143881,6.754429447980941,126.01595763968908
AS-ABMO,7,10,33,2125.2744363282227,2111.97472143881,6.676729652566442,125.27443632822269
AS-ABMO,7,10,34,2124.0397926548403,2111.97472143881,6.508240132608548,124.03979265484031
AS-ABMO,7,10,35,2123.925498875305,2111.97472143881,6.401128421375122,123.92549887530504
AS-ABMO,7,10,36,2123.2392902683405,2111.97472143881,6.280322100503453,123.23929026834048
AS-ABMO,7,10,37,2122.879923120839,2111.97472143881,6.220810892992332,122.87992312083907
AS-ABMO,7,10,38,2118.89588490348,2111.97472143881,6.0685183268642255,118.89588490347978
AS-ABMO,7,10,39,2117.888580777368,2111.97472143881,5.922710439136793,117.88858077736813
AS-ABMO,7,10,40,2111.645862036486,2108.6553759584035,5.751118022287135,111.64586203648605
AS-ABMO,7,10,41,2109.5430591431464,2106.469483107695,5.602761803115487,109.54305914314637
AS-ABMO,7,10,42,2108.438100541548,2106.469483107695,5.57052640813862,108.43810054154801
AS-ABMO,7,10,43,2107.8620766748363,2106.469483107695,5.432078896419481,107.86207667483632
AS-ABMO,7,10,44,2105.873642167597,2106.469483107695,5.357398876587798,105.87364216759715
AS-ABMO,7,10,45,2104.0918448178327,2104.113229782235,5.29758809866502,104.09184481783268
AS-ABMO,7,10,46,2100.332069000559,2097.560544555891,5.199648545490419,100.33206900055893
AS-ABMO,7,10,47,2095.694678702885,2091.360657382901,5.103831272006687,95.69467870288508
AS-ABMO,7,10,48,2093.8294058381325,2091.360657382901,4.959502137032769,93.82940583813252
AS-ABMO,7,10,49,2092.1323463587223,2089.5184224409,4.8664236280022815,92.13234635872232
AS-ABMO,7,10,50,2092.0169120441533,2089.5184224409,4.755753540705119,92.01691204415329
AS-ABMO,7,10,51,2090.849061502334,2087.301297145432,4.648990353304367,90.84906150233383
AS-ABMO,7,10,52,2089.7038756202724,2086.9821165761014,4.559171816752025,89.70387562027236
AS-ABMO,7,10,53,2088.710555487109,2086.9821165761014,4.509300176792413,88.7105554871091
AS-ABMO,7,10,54,2086.2401713545714,2084.2040507828992,4.419317305477656,86.24017135457143
AS-ABMO,7,10,55,2082.584937252607,2075.1253254429816,4.3367924541964165,82.58493725260678
AS-ABMO,7,10,56,2080.519145423617,2073.724744194391,4.250417678836313,80.51914542361692
AS-ABMO,7,10,57,2079.173107472257,2073.724744194391,4.130369007147341,79.17310747225702
AS-ABMO,7,10,58,2076.918803783323,2073.724744194391,4.033904101105961,76.9188037833228
AS-ABMO,7,10,59,2076.189554337829,2073.724744194391,3.8948459089251632,76.18955433782912
AS-ABMO,7,10,60,2076.189554337829,2073.724744194391,3.8124807665258778,76.18955433782912
AS-ABMO,7,10,61,2075.36376081081,2073.724744194391,3.742075410127133,75.36376081081016
AS-ABMO,7,10,62,2074.292168349544,2071.13067966189,3.603998939553365,74.29216834954423
AS-ABMO,7,10,63,2071.78128239824,2066.55740519368,3.5058955614720664,71.78128239823991
AS-ABMO,7,10,64,2071.662336440715,2066.55740519368,3.425494866274925,71.66233644071508
AS-ABMO,7,10,65,2071.4917531947763,2066.55740519368,3.339596196682415,71.49175319477627
AS-ABMO,7,10,66,2071.374172380761,2066.55740519368,3.25977636634539,71.37417238076114
AS-ABMO,7,10,67,2070.574078287988,2065.2960601855,3.154172547643898,70.57407828798796
AS-ABMO,7,10,68,2070.2071705841745,2063.682992185335,3.0406779885571256,70.20717058417449
AS-ABMO,7,10,69,2069.3831270210703,2063.682992185335,2.9145148674755696,69.38312702107032
AS-ABMO,7,10,70,2069.361576326853,2063.682992185335,2.787421730783263,69.36157632685308
AS-ABMO,7,10,71,2068.9832668613626,2063.4917723683484,2.6613062304198447,68.98326686136261
AS-ABMO,7,10,72,2067.5673757673035,2061.73475125371,2.558362057611563,67.56737576730347
AS-ABMO,7,10,73,2067.383320323417,2061.73475125371,2.493301571961807,67.38332032341714
AS-ABMO,7,10,74,2066.676826012996,2059.355925441785,2.403626567281913,66.67682601299612
AS-ABMO,7,10,75,2065.630319970002,2059.355925441785,2.331254007885007,65.63031997000189
AS-ABMO,7,10,76,2064.5638422287657,2056.9736280296333,2.2918148868872774,64.56384222876568
AS-ABMO,7,10,77,2064.466259478153,2056.394937353354,2.208644116803914,64.466259478153
AS-ABMO,7,10,78,2064.264256413236,2056.394937353354,2.116537531223723,64.26425641323613
AS-ABMO,7,10,79,2063.368543271832,2056.004485306191,2.018372543796361,63.368543271832095
AS-ABMO,7,10,80,2062.7114781262594,2055.575114316965,1.9742678250624803,62.71147812625941
AS-ABMO,7,10,81,2062.5581821968453,2055.575114316965,1.9175061326896763,62.55818219684534
AS-ABMO,7,10,82,2062.477912116533,2055.575114316965,1.836936241906299,62.477912116532934
AS-ABMO,7,10,83,2060.7849404081576,2054.7681138889548,1.7843477107817791,60.78494040815758
AS-ABMO,7,10,84,2059.985504325351,2054.7681138889548,1.7221780584099309,59.98550432535103
AS-ABMO,7,10,85,2059.0478397143656,2052.8162456627824,1.6920689899418857,59.04783971436564
AS-ABMO,7,10,86,2058.3540871229457,2051.274117044899,1.6139204965036418,58.35408712294566
AS-ABMO,7,10,87,2058.0190005786444,2051.274117044899,1.5458156125829452,58.01900057864441
AS-ABMO,7,10,88,2057.283639193085,2050.5041226572466,1.4573565651030562,57.28363919308504
AS-ABMO,7,10,89,2057.1650670757253,2050.5041226572466,1.3955342668632484,57.16506707572535
AS-ABMO,7,10,90,2057.0044887489084,2050.5041226572466,1.3180889599843648,57.00448874890844
AS-ABMO,7,10,91,2056.6011871113265,2050.5041226572466,1.256211633493216,56.60118711132645
AS-ABMO,7,10,92,2056.068245367012,2050.5041226572466,1.191214575980412,56.06824536701197
AS-ABMO,7,10,93,2055.193996137879,2050.5041226572466,1.1422875581393808,55.19399613787891
AS-ABMO,7,10,94,2054.486374917981,2050.303063527604,1.089850834330893,54.48637491798081
AS-ABMO,7,10,95,2054.187678721405,2050.303063527604,1.039646305212628,54.187678721405064
AS-ABMO,7,10,96,2054.171467804015,2050.303063527604,0.984661928660746,54.17146780401481
AS-ABMO,7,10,97,2053.8240878543497,2049.691528470056,0.943967478806279,53.82408785434973
AS-ABMO,7,10,98,2053.660722948986,2049.691528470056,0.889377691506698,53.66072294898595
AS-ABMO,7,10,99,2052.5878508225733,2048.382094205324,0.8398007423567934,52.58785082257327
AS-ABMO,7,10,100,2052.295539631033,2048.382094205324,0.8042197557225333,52.29553963103308
AS-ABMO,7,10,101,2052.235127831262,2048.382094205324,0.7675949344600345,52.23512783126216
AS-ABMO,7,10,102,2052.155921185569,2048.382094205324,0.7367666137829295,52.155921185568786
AS-ABMO,7,10,103,2051.847080268284,2048.382094205324,0.6981331827516304,51.84708026828412
AS-ABMO,7,10,104,2051.626797720487,2046.981226226152,0.6684879040471906,51.62679772048705
AS-ABMO,7,10,105,2051.0205230985853,2044.7685843725224,0.6305233155181382,51.02052309858527
AS-ABMO,7,10,106,2049.9446277662346,2043.9061063566528,0.5955770351071082,49.94462776623459
AS-ABMO,7,10,107,2049.298582701126,2043.2533756567173,0.5685039713770899,49.29858270112618
AS-ABMO,7,10,108,2049.173322627652,2043.2533756567173,0.5385728294739144,49.17332262765194
AS-ABMO,7,10,109,2049.173322627652,2043.2533756567173,0.5096234694582589,49.17332262765194
AS-ABMO,7,10,110,2049.0109853979425,2043.2533756567173,0.4937796383815322,49.01098539794248
AS-ABMO,7,10,111,2049.0109853979425,2043.2533756567173,0.4613494535685801,49.01098539794248
AS-ABMO,7,10,112,2048.9369333552754,2043.2533756567173,0.4341862073226637,48.936933355275414
AS-ABMO,7,10,113,2048.9369333552754,2043.2533756567173,0.4082034643432479,48.936933355275414
AS-ABMO,7,10,114,2048.734448535892,2042.742361586396,0.3895697166869757,48.73444853589217
AS-ABMO,7,10,115,2048.6047781417865,2042.742361586396,0.3682496700553097,48.60477814178648
AS-ABMO,7,10,116,2048.445404926116,2042.742361586396,0.3497399671995471,48.445404926116225
AS-ABMO,7,10,117,2048.343657618745,2042.742361586396,0.3337860119926378,48.343657618745056
AS-ABMO,7,10,118,2047.9537655171569,2042.345627405672,0.32027280396283,47.95376551715685
AS-ABMO,7,10,119,2047.5074123057047,2041.780327234602,0.3013251279859176,47.50741230570475
AS-ABMO,7,10,120,2047.242057516847,2041.780327234602,0.2876859248318063,47.2420575168469
AS-ABMO,7,10,121,2047.194559926984,2041.780327234602,0.2758673731212911,47.194559926984084
AS-ABMO,7,10,122,2046.730194849726,2039.738112571372,0.2640013436616574,46.730194849726104
AS-ABMO,7,10,123,2046.0949943569992,2039.279188446306,0.2530608437118797,46.09499435699922
AS-ABMO,7,10,124,2045.8567418457096,2039.279188446306,0.2453722695158368,45.85674184570962
AS-ABMO,7,10,125,2045.7099814735004,2039.279188446306,0.2405600008488993,45.70998147350042
AS-ABMO,7,10,126,2045.6913984294192,2039.279188446306,0.2270103687152086,45.69139842941922
AS-ABMO,7,10,127,2045.521695594085,2039.279188446306,0.2174337400597802,45.52169559408503
AS-ABMO,7,10,128,2045.5102024457617,2039.279188446306,0.2091129184748511,45.510202445761706
AS-ABMO,7,10,129,2045.320613251002,2039.279188446306,0.2009922318975912,45.32061325100199
AS-ABMO,7,10,130,2045.190250882297,2039.279188446306,0.1927147345567973,45.19025088229705
AS-ABMO,7,10,131,2045.190250882297,2039.279188446306,0.1832530432813637,45.19025088229705
AS-ABMO,7,10,132,2044.9492701357728,2039.0314893365808,0.1768943348171521,44.94927013577285
AS-ABMO,7,10,133,2044.862285218096,2039.0314893365808,0.1717540731742259,44.862285218096076
AS-ABMO,7,10,134,2044.7858050508576,2039.0314893365808,0.1677845521988031,44.78580505085756
AS-ABMO,7,10,135,2044.684826313704,2039.0314893365808,0.1670196345856593,44.68482631370398
AS-ABMO,7,10,136,2044.6284008334453,2039.0314893365808,0.1658068142964823,44.62840083344531
AS-ABMO,7,10,137,2044.515631884192,2038.5063785760976,0.1613682902529496,44.51563188419209
AS-ABMO,7,10,138,2044.462834020209,2038.5063785760976,0.1573854000342165,44.4628340202089
AS-ABMO,7,10,139,2044.3235362093435,2038.5063785760976,0.1523807902243124,44.3235362093435
AS-ABMO,7,10,140,2044.2859525528927,2038.5063785760976,0.1481164266851068,44.285952552892695
AS-ABMO,7,10,141,2044.0151759424416,2038.5063785760976,0.1478997501127768,44.0151759424416
AS-ABMO,7,10,142,2043.467421881676,2038.5063785760976,0.1490084642201956,43.467421881676046
AS-ABMO,7,10,143,2043.2284334069125,2038.3630065583327,0.1514264093200955,43.22843340691247
AS-ABMO,7,10,144,2042.9902046009145,2038.0540034793871,0.1571823666240743,42.99020460091447
AS-ABMO,7,10,145,2042.8519319401803,2038.0540034793871,0.1616260012918856,42.85193194018029
AS-ABMO,7,10,146,2042.6294400109853,2037.8617565152929,0.1647916948658739,42.62944001098526
AS-ABMO,7,10,147,2042.182917905004,2037.193477794464,0.1746096801737455,42.18291790500393
AS-ABMO,7,10,148,2042.1180214082856,2037.16622308004,0.1818966375071366,42.118021408285585
AS-ABMO,7,10,149,2041.8526679665704,2035.7937218989248,0.1922459917367797,41.85266796657038
AS-ABMO,7,10,150,2041.7972905355705,2035.7937218989248,0.1969196346130594,41.79729053557048
AS-ABMO,7,10,151,2041.779682183077,2035.7937218989248,0.2084632850487006,41.77968218307706
AS-ABMO,7,10,152,2041.428657669568,2035.3830652661943,0.2293995091306791,41.42865766956811
AS-ABMO,7,10,153,2041.2374141606988,2035.3830652661943,0.2563354861047345,41.23741416069879
AS-ABMO,7,10,154,2040.9854733998536,2035.3830652661943,0.2622954262202408,40.98547339985362
AS-ABMO,7,10,155,2040.8831519930784,2035.3830652661943,0.2759034067965821,40.8831519930784
AS-ABMO,7,10,156,2040.7822592223893,2034.6439972172589,0.2904831601852064,40.78225922238926
AS-ABMO,7,10,157,2040.60146923468,2033.8544705092445,0.3127179154901632,40.60146923468005
AS-ABMO,7,10,158,2040.520798634727,2033.8544705092445,0.3483255322839239,40.52079863472704
AS-ABMO,7,10,159,2040.408527139418,2033.8544705092445,0.3786497830719944,40.408527139418084
AS-ABMO,7,10,160,2040.3312486428988,2033.8544705092445,0.4085785191427992,40.3312486428988
AS-ABMO,7,10,161,2040.1441333153768,2033.8544705092445,0.4527057506393038,40.14413331537685
AS-ABMO,7,10,162,2039.9965612723809,2033.8544705092445,0.4681155949242094,39.99656127238086
AS-ABMO,7,10,163,2039.8373329212816,2033.5307615474435,0.4945492806169099,39.837332921281586
AS-ABMO,7,10,164,2039.645754739556,2033.5307615474435,0.5264811967188314,39.64575473955597
AS-ABMO,7,10,165,2039.0282318980528,2032.813113466452,0.5464212057160932,39.02823189805281
AS-ABMO,7,10,166,2038.863780956424,2032.813113466452,0.6310582464234872,38.86378095642408
AS-ABMO,7,10,167,2038.730699956671,2032.813113466452,0.7159811232570255,38.73069995667106
AS-ABMO,7,10,168,2038.3556455489827,2032.813113466452,0.8646567675444278,38.35564554898269
AS-ABMO,7,10,169,2038.3449764265267,2032.813113466452,0.9230989458301848,38.34497642652673
AS-ABMO,7,10,170,2038.2508054820487,2032.748642712917,0.9523947502027658,38.25080548204869
AS-ABMO,7,10,171,2038.1637827956808,2032.4061259671848,0.9879559934171028,38.163782795680845
AS-ABMO,7,10,172,2038.0871131722697,2031.7719647954573,1.027677246264951,38.08711317226971
AS-ABMO,7,10,173,2037.7387565764373,2030.8602796564355,1.0750648685641224,37.738756576437254
AS-ABMO,7,10,174,2037.7380558551029,2030.8528121963705,1.1207703550254486,37.73805585510286
AS-ABMO,7,10,175,2037.6756178734804,2030.8332073035947,1.1218728806946987,37.675617873480405
AS-ABMO,7,10,176,2037.6510084432869,2030.824183200783,1.1280258108166352,37.651008443286855
AS-ABMO,7,10,177,2037.5998600200933,2030.686018916136,1.137222430531477,37.599860020093274
AS-ABMO,7,10,178,2037.562909920674,2030.601618379136,1.1490858070065555,37.562909920673974
AS-ABMO,7,10,179,2037.464151750912,2030.3821958968065,1.1618208461817667,37.464151750911924
AS-ABMO,7,10,180,2037.4526948992443,2030.299856358944,1.1802846026538458,37.45269489924431
AS-ABMO,7,10,181,2037.2664161095483,2030.2622702413,1.204958262585312,37.266416109548345
AS-ABMO,7,10,182,2037.2604810889347,2030.214722462758,1.2424550665369116,37.26048108893474
AS-ABMO,7,10,183,2037.1510378890928,2030.106618109009,1.2636343053597616,37.15103788909278
AS-ABMO,7,10,184,2037.116661472046,2030.069692165672,1.2906358196168812,37.11666147204596
AS-ABMO,7,10,185,2036.998572305052,2029.8572846325249,1.343640115023701,36.998572305051994
AS-ABMO,7,10,186,2036.959249975141,2029.6051090593187,1.4273532694788822,36.95924997514089
AS-ABMO,7,10,187,2036.8273113826456,2029.502566069512,1.4666142034542995,36.827311382645576
AS-ABMO,7,10,188,2036.7460074723133,2029.502566069512,1.4845234721595209,36.746007472313295
AS-ABMO,7,10,189,2036.6988658927849,2029.502566069512,1.5067787945978175,36.69886589278485
AS-ABMO,7,10,190,2036.506786041795,2029.502566069512,1.537789248726783,36.50678604179507
AS-ABMO,7,10,191,2036.4724170903555,2029.3822061834985,1.5701770575894332,36.47241709035552
AS-ABMO,7,10,192,2036.395896207995,2029.3822061834985,1.598948002505226,36.395896207995065
AS-ABMO,7,10,193,2036.2931615449204,2028.886420616688,1.6376958385429432,36.293161544920395
AS-ABMO,7,10,194,2036.210093088181,2028.886420616688,1.700039385336512,36.21009308818111
AS-ABMO,7,10,195,2036.1086552301704,2028.886420616688,1.75318757904106,36.10865523017037
AS-ABMO,7,10,196,2035.956876070709,2028.2974979848923,1.850424286804496,35.956876070709086
AS-ABMO,7,10,197,2035.435025530208,2028.163824640156,1.8975896917986148,35.435025530207895
AS-ABMO,7,10,198,2035.3824458421432,2028.1634203402189,1.9279127678290768,35.38244584214317
AS-ABMO,7,10,199,2035.3668527657856,2028.1634203402189,1.994878099395611,35.36685276578555
AS-ABMO,7,10,200,2035.3617275086008,2028.163414267848,2.0998671733954004,35.36172750860078
AS-ABMO,7,10,201,2035.2970491380145,2028.1633674887908,2.101977690389357,35.29704913801447
AS-ABMO,7,10,202,2035.0764339062328,2028.1633674887908,2.1041066059110323,35.07643390623275
AS-ABMO,7,10,203,2035.0417784634144,2028.163112220644,2.106448771365917,35.0417784634144
AS-ABMO,7,10,204,2034.98830687712,2028.1627931004305,2.107934008225058,34.98830687712007
AS-ABMO,7,10,205,2034.9717637004,2028.162567893199,2.109425945586976,34.97176370040006
AS-ABMO,7,10,206,2034.9229269887835,2028.1625175543213,2.1100544164751427,34.9229269887835
AS-ABMO,7,10,207,2034.8491996249884,2028.162225291562,2.11302984369998,34.84919962498839
AS-ABMO,7,10,208,2034.794571024158,2028.162019719195,2.1139067108659666,34.794571024157904
AS-ABMO,7,10,209,2034.7787143739904,2028.162019719195,2.113958974931538,34.7787143739904
AS-ABMO,7,10,210,2034.768282425856,2028.162019719195,2.1183659525888108,34.76828242585589
AS-ABMO,7,10,211,2034.7623559800409,2028.1617829292304,2.123101696377685,34.762355980040866
AS-ABMO,7,10,212,2034.737551971754,2028.161598010493,2.1275366525583426,34.7375519717541
AS-ABMO,7,10,213,2034.572342103668,2028.1615427448305,2.1294477212547185,34.57234210366801
AS-ABMO,7,10,214,2034.393771964891,2028.1615394409832,2.135266886683801,34.3937719648909
AS-ABMO,7,10,215,2034.3858857675848,2028.161439840349,2.1414377053046376,34.385885767584796
AS-ABMO,7,10,216,2034.3716499140285,2028.161439840349,2.1489078147888696,34.37164991402847
AS-ABMO,7,10,217,2034.2995590020207,2028.161439840349,2.1618525969764324,34.299559002020715
AS-ABMO,7,10,218,2034.271119623348,2028.161410859821,2.1756301196368857,34.27111962334811
AS-ABMO,7,10,219,2034.215625783128,2028.161410859821,2.1894557258292493,34.21562578312796
AS-ABMO,7,10,220,2034.1398543126115,2028.1613674812663,2.192839228004688,34.13985431261153
AS-ABMO,7,10,221,2034.13517627368,2028.1613333635744,2.2108583845625165,34.13517627367992
AS-ABMO,7,10,222,2034.092267625177,2028.161303418236,2.227871504989256,34.0922676251771
AS-ABMO,7,10,223,2034.015038686873,2028.161292373052,2.238002575603892,34.01503868687291
AS-ABMO,7,10,224,2034.008729153756,2028.161292373052,2.247349527420044,34.008729153755894
AS-ABMO,7,10,225,2033.9861314455693,2028.1612894908465,2.2882834990865137,33.9861314455693
AS-ABMO,7,10,226,2033.9716206998703,2028.1612894908465,2.303985004310324,33.9716206998703
AS-ABMO,7,10,227,2033.968432447452,2028.161281040695,2.337196476071846,33.96843244745196
AS-ABMO,7,10,228,2033.927467222274,2028.1612557428443,2.359692711513904,33.92746722227389
AS-ABMO,7,10,229,2033.9171883822817,2028.161206375562,2.387309478312153,33.917188382281665
AS-ABMO,7,10,230,2033.890797435692,2028.159655631156,2.431747627317846,33.89079743569209
AS-ABMO,7,10,231,2033.863785393128,2028.113926165346,2.497506912155288,33.863785393127955
AS-ABMO,7,10,232,2033.8472711564443,2027.94743177396,2.566291338361764,33.84727115644432
AS-ABMO,7,10,233,2033.839436471509,2027.94743177396,2.6041506716894376,33.83943647150909
AS-ABMO,7,10,234,2033.83785765131,2027.94743177396,2.6388178190258182,33.83785765131006
AS-ABMO,7,10,235,2033.8224645078576,2027.9416105717507,2.648279932586223,33.8224645078576
AS-ABMO,7,10,236,2033.816130751284,2027.9345267073995,2.7048433165837937,33.816130751283936
AS-ABMO,7,10,237,2033.8150172005328,2027.9345267073995,2.735702705874249,33.81501720053279
AS-ABMO,7,10,238,2033.7330019528465,2027.9254001719823,2.791928553996368,33.73300195284651
AS-ABMO,7,10,239,2033.7067463985247,2027.9170939792432,2.8271642000721493,33.70674639852473
AS-ABMO,7,10,240,2033.704349144605,2027.9113177438712,2.8305611946515064,33.704349144604976
AS-ABMO,7,10,241,2033.6269937878767,2027.910954150436,2.835544580418409,33.6269937878767
AS-ABMO,7,10,242,2033.6232066404973,2027.910954150436,2.824227966887668,33.6232066404973
AS-ABMO,7,10,243,2033.618037235193,2027.910954150436,2.817071738626604,33.618037235193015
AS-ABMO,7,10,244,2033.6169159273315,2027.910844595202,2.8007610589666347,33.61691592733155
AS-ABMO,7,10,245,2033.616531032828,2027.9105563195712,2.7751694167303573,33.61653103282811
AS-ABMO,7,10,246,2033.4246863595213,2027.9105438679844,2.785731695003581,33.424686359521274
AS-ABMO,7,10,247,2033.4226227882127,2027.9105438679844,2.761294036908518,33.42262278821272
AS-ABMO,7,10,248,2033.4219355975604,2027.9104986982609,2.756020317232533,33.42193559756038
AS-ABMO,7,10,249,2033.4210689165143,2027.9104986982609,2.752402733024964,33.42106891651429
AS-ABMO,7,10,250,2033.4120161160129,2027.9104986982609,2.7524230215775534,33.412016116012865
AS-ABMO,7,10,251,2033.4026528236152,2027.9104986982609,2.736865350648395,33.4026528236152
AS-ABMO,7,10,252,2033.4019948040736,2027.9104817044267,2.7475920557099385,33.40199480407364
AS-ABMO,7,10,253,2033.396301272472,2027.9104817044267,2.742268022814128,33.3963012724721
AS-ABMO,7,10,254,2033.3890788760507,2027.9104817044267,2.765116800409315,33.38907887605069
AS-ABMO,7,10,255,2033.3881969085744,2027.9104817044267,2.762029942517405,33.3881969085744
AS-ABMO,7,10,256,2033.3019655828416,2027.9104811159973,2.7379836112416576,33.3019655828416
AS-ABMO,7,10,257,2033.293341690009,2027.910480488782,2.753903026612204,33.2933416900089
AS-ABMO,7,10,258,2033.27989182666,2027.91047826942,2.8037143930681614,33.279891826660105
AS-ABMO,7,10,259,2033.2623315986843,2027.9104781018373,2.827968273215055,33.26233159868434
AS-ABMO,7,10,260,2033.2585120362123,2027.9104764965173,2.855244879817618,33.25851203621232
AS-ABMO,7,10,261,2033.2557910523035,2027.910474066186,2.9054753222364003,33.25579105230349
AS-ABMO,7,10,262,2033.2519630225825,2027.910474066186,2.946355096406251,33.25196302258246
AS-ABMO,7,10,263,2033.2498154737489,2027.91047406368,2.972165521475605,33.24981547374887
AS-ABMO,7,10,264,2033.228801885433,2027.9104738264152,2.9698582434843166,33.228801885433086
AS-ABMO,7,10,265,2033.1725377282487,2027.5358868457208,2.967524854001488,33.1725377282487
AS-ABMO,7,10,266,2033.1723077819065,2027.5358858647417,2.9831039948452003,33.17230778190651
AS-ABMO,7,10,267,2033.1695462131631,2027.5358858647417,3.0210977303552755,33.16954621316313
AS-ABMO,7,10,268,2033.165840255543,2027.5358858647417,3.046673421419207,33.16584025554289
AS-ABMO,7,10,269,2033.1308855325888,2027.434357646172,3.0857213680849083,33.13088553258876
AS-ABMO,7,10,270,2033.13006762316,2027.434357646172,3.128016203238145,33.1300676231599
AS-ABMO,7,10,271,2033.125919914843,2027.434357646172,3.15612682561186,33.12591991484305
AS-ABMO,7,10,272,2033.1001887645275,2027.3786140839616,3.212638061748516,33.1001887645275
AS-ABMO,7,10,273,2033.0923840392072,2027.335085423808,3.2216442812186807,33.09238403920722
AS-ABMO,7,10,274,2033.091926346632,2027.335085423808,3.26711592698319,33.09192634663191
AS-ABMO,7,10,275,2033.087923796998,2027.286191169892,3.3090331085394475,33.087923796997984
AS-ABMO,7,10,276,2033.087014752973,2027.275552291609,3.3355894840732128,33.08701475297289
AS-ABMO,7,10,277,2032.998412139018,2027.1629398921168,3.36869871632712,32.998412139018
AS-ABMO,7,10,278,2032.977724799753,2027.1629398921168,3.397279290898092,32.977724799753105
AS-ABMO,7,10,279,2032.9695183450365,2027.0647141084005,3.437905448905981,32.96951834503648
AS-ABMO,7,10,280,2032.968978703544,2027.0647141084005,3.4438106032546965,32.96897870354405
AS-ABMO,7,10,281,2032.9563878968029,2026.940821888988,3.4474463305146665,32.95638789680288
AS-ABMO,7,10,282,2032.9303844750784,2026.593968661304,3.447507358249526,32.93038447507843
AS-ABMO,7,10,283,2032.9117535485057,2026.4610980094208,3.449685948686783,32.91175354850566
AS-ABMO,7,10,284,2032.9105861128048,2026.4610980094208,3.451013084127076,32.91058611280482
AS-ABMO,7,10,285,2032.906511123644,2026.4610980094208,3.4576982838085457,32.906511123643895
AS-ABMO,7,10,286,2032.9012235707864,2026.4610980094208,3.460178284457291,32.90122357078644
AS-ABMO,7,10,287,2032.8265841903165,2026.4610980094208,3.455697701162295,32.82658419031645
AS-ABMO,7,10,288,2032.81588637307,2026.3764844000584,3.465355715515156,32.81588637307004
AS-ABMO,7,10,289,2032.8150331611705,2026.3764844000584,3.461519418861048,32.815033161170504
AS-ABMO,7,10,290,2032.78353385305,2026.3764844000584,3.479171285050571,32.7835338530499
AS-ABMO,7,10,291,2032.718853105536,2026.3764844000584,3.4710760438306423,32.71885310553603
AS-ABMO,7,10,292,2032.7141533294805,2026.314785774636,3.469354879649216,32.714153329480496
AS-ABMO,7,10,293,2032.7069117300327,2026.314785774636,3.471519488967641,32.70691173003274
AS-ABMO,7,10,294,2032.6894133503229,2026.314785774636,3.432480794786942,32.689413350322866
AS-ABMO,7,10,295,2032.6859560748403,2026.284416511706,3.430633912460108,32.685956074840306
AS-ABMO,7,10,296,2032.6849552376084,2026.2844164225685,3.451561268933342,32.68495523760839
AS-ABMO,7,10,297,2032.6747908973543,2026.2844164225685,3.4209617106606944,32.67479089735434
AS-ABMO,7,10,298,2032.6661223858653,2026.28441641312,3.433821548730766,32.666122385865265
AS-ABMO,7,10,299,2032.6431612287304,2026.284416387252,3.4267859583723004,32.64316122873038
AS-ABMO,7,10,300,2032.5970950626245,2026.284416387252,3.440873358963592,32.597095062624476
AS-ABMO,7,10,301,2032.5721906800648,2026.2844163825605,3.45490275724991,32.57219068006475
AS-ABMO,7,10,302,2032.5702354374948,2026.2844163715183,3.465229066735923,32.57023543749483
AS-ABMO,7,10,303,2032.5631512355203,2026.2844163715183,3.478906283236681,32.56315123552031
AS-ABMO,7,10,304,2032.560479241568,2026.2844163705367,3.552700301840402,32.56047924156792
AS-ABMO,7,10,305,2032.553897499044,2026.2844163495915,3.612774519603462,32.55389749904407
AS-ABMO,7,10,306,2032.547883872348,2026.2844163423429,3.615770515731825,32.54788387234794
AS-ABMO,7,10,307,2032.534722028072,2026.228778375112,3.618304289384023,32.53472202807211
AS-ABMO,7,10,308,2032.4227745998107,2026.0242423226869,3.612751592969756,32.42277459981074
AS-ABMO,7,10,309,2032.4118007060747,2026.0242423221264,3.619142247869664,32.4118007060747
AS-ABMO,7,10,310,2032.2784778692724,2026.024242320904,3.66403363674478,32.278477869272365
AS-ABMO,7,10,311,2032.262432456711,2025.9720603543365,3.700225013244956,32.26243245671094
AS-ABMO,7,10,312,2032.2587166521344,2025.9720603543365,3.7568991821769,32.25871665213435
AS-ABMO,7,10,313,2032.24355695618,2025.9720603542944,3.818763933890302,32.2435569561801
AS-ABMO,7,10,314,2032.2239033829287,2025.8828071289545,3.8620647180422703,32.22390338292871
AS-ABMO,7,10,315,2032.21443087032,2025.837478059541,3.907269137568489,32.21443087032003
AS-ABMO,7,10,316,2032.0966550249568,2025.8374780591105,3.948845776251287,32.09665502495682
AS-ABMO,7,10,317,2032.092303103754,2025.8374780588315,4.016030836271164,32.09230310375392
AS-ABMO,7,10,318,2032.077275033615,2025.837478058182,4.076016064014038,32.077275033615024
AS-ABMO,7,10,319,2032.0646471148025,2025.7658056684884,4.082451575885286,32.06464711480248
AS-ABMO,7,10,320,2032.0609777570785,2025.7658056684884,4.10199707752335,32.06097775707849
AS-ABMO,7,10,321,2032.0549507989765,2025.7658056684363,4.10510583739359,32.054950798976506
AS-ABMO,7,10,322,2032.0415645354428,2025.765805668333,4.15091391569534,32.04156453544283
AS-ABMO,7,10,323,2032.029783960974,2025.765805668333,4.177051522932673,32.0297839609741
AS-ABMO,7,10,324,2032.0277568001648,2025.7658056682967,4.198281456412412,32.02775680016475
AS-ABMO,7,10,325,2032.0247341393635,2025.762348569648,4.202257126771403,32.024734139363545
AS-ABMO,7,10,326,2032.018744854632,2025.7451984856884,4.237137211568524,32.018744854631905
AS-ABMO,7,10,327,2032.015307223304,2025.745198485683,4.2427420181915965,32.015307223304035
AS-ABMO,7,10,328,2031.9761129268927,2025.7450286751923,4.271595944062115,31.97611292689271
AS-ABMO,7,10,329,2031.973027445643,2025.7387874248657,4.3153632061917016,31.973027445643083
AS-ABMO,7,10,330,2031.9707189863432,2025.7387028806368,4.2868699334971865,31.970718986343172
AS-ABMO,7,10,331,2031.968367308816,2025.7376597345344,4.337967072594456,31.968367308815914
AS-ABMO,7,10,332,2031.967502473063,2025.73741082338,4.3575672514243085,31.96750247306295
AS-ABMO,7,10,333,2031.9644502636008,2025.737410823378,4.359527580133581,31.96445026360084
AS-ABMO,7,10,334,2031.9638139370445,2025.7374079176143,4.373701897566052,31.963813937044506
AS-ABMO,7,10,335,2031.9634044983216,2025.7374079176127,4.370207462296079,31.96340449832155
AS-ABMO,7,10,336,2031.963154338043,2025.737403095403,4.378495778689066,31.96315433804307
AS-ABMO,7,10,337,2031.962613474668,2025.737403095401,4.388973215273452,31.962613474667933
AS-ABMO,7,10,338,2031.9620187603955,2025.7372759832604,4.359032603254287,31.962018760395495
AS-ABMO,7,10,339,2031.961964033542,2025.737089413412,4.357537165666498,31.961964033542017
AS-ABMO,7,10,340,2031.9617608692736,2025.7370504275327,4.369255465378301,31.961760869273576
AS-ABMO,7,10,341,2031.926327171192,2025.7370448976685,4.3883725923448935,31.926327171192042
AS-ABMO,7,10,342,2031.926274093136,2025.7369561116104,4.422946181849999,31.926274093136044
AS-ABMO,7,10,343,2031.924741918451,2025.736902117416,4.4690989996635135,31.92474191845099
AS-ABMO,7,10,344,2031.921186748231,2025.736902117416,4.562322740615875,31.921186748231094
AS-ABMO,7,10,345,2031.9210036354143,2025.736865190808,4.616793813948608,31.92100363541431
AS-ABMO,7,10,346,2031.9195727718025,2025.736849151329,4.697621144638922,31.91957277180245
AS-ABMO,7,10,347,2031.8931656600616,2025.7368060295207,4.730841288093111,31.89316566006164
AS-ABMO,7,10,348,2031.89260630088,2025.73676164863,4.736178181042378,31.89260630088006
AS-ABMO,7,10,349,2031.8916107302323,2025.736736519264,4.716071552160214,31.891610730232287
AS-ABMO,7,10,350,2031.890450510325,2025.7367327180627,4.747024721889316,31.89045051032508
AS-ABMO,7,10,351,2031.8901459582933,2025.7367327180625,4.762224952277945,31.89014595829326
AS-ABMO,7,10,352,2031.8889401749263,2025.7367327180625,4.815005222071817,31.888940174926347
AS-ABMO,7,10,353,2031.888753462375,2025.7367312036024,4.832209491889225,31.888753462375007
AS-ABMO,7,10,354,2031.8882592904445,2025.736730906371,4.875714446529287,31.888259290444466
AS-ABMO,7,10,355,2031.8865954652408,2025.736729596864,4.878536954178053,31.886595465240816
AS-ABMO,7,10,356,2031.886473344657,2025.7367283532712,4.903957104227271,31.886473344656906
AS-ABMO,7,10,357,2031.8859581944428,2025.7367283532712,4.914830896628561,31.885958194442765
AS-ABMO,7,10,358,2031.8855822650148,2025.7367263327872,4.952383574788254,31.88558226501482
AS-ABMO,7,10,359,2031.8842304699072,2025.7367263327872,5.025689538963936,31.884230469907152
AS-ABMO,7,10,360,2031.884182630372,2025.736724695987,5.124755179605234,31.884182630371924
AS-ABMO,7,10,361,2031.8816398687995,2025.736724695987,5.160172417454891,31.88163986879954
AS-ABMO,7,10,362,2031.8741938348896,2025.7367241388783,5.25376435868092,31.87419383488964
AS-ABMO,7,10,363,2031.873186773232,2025.7367241388783,5.233391280925102,31.873186773231964
AS-ABMO,7,10,364,2031.873171180892,2025.736723763366,5.228118162740956,31.873171180892086
AS-ABMO,7,10,365,2031.872240799736,2025.736723763366,5.256693726886876,31.87224079973589
AS-ABMO,7,10,366,2031.8697176169944,2025.736723110097,5.270690669425059,31.86971761699442
AS-ABMO,7,10,367,2031.868935568614,2025.736722731399,5.23005448694914,31.868935568614006
AS-ABMO,7,10,368,2031.86869622292,2025.736722731399,5.291594981010974,31.868696222920107
AS-ABMO,7,10,369,2031.868092200673,2025.7367225957328,5.426408779711639,31.86809220067289
AS-ABMO,7,10,370,2031.834715457937,2025.6630552864588,5.549376465911404,31.83471545793691
AS-ABMO,7,10,371,2031.7786559860965,2025.5153141891888,5.583319945004179,31.77865598609651
AS-ABMO,7,10,372,2031.7716577255617,2025.515314188808,5.591532931538305,31.77165772556168
AS-ABMO,7,10,373,2031.7714409372672,2025.515314188808,5.613368050139158,31.771440937267243
AS-ABMO,7,10,374,2031.7641415934188,2025.515314188723,5.6475012676094645,31.7641415934188
AS-ABMO,7,10,375,2031.758575029233,2025.5153141884284,5.679901368911658,31.758575029233043
AS-ABMO,7,10,376,2031.758516471236,2025.5153141879373,5.675649335219549,31.758516471235907
AS-ABMO,7,10,377,2031.7535833391964,2025.5153141879373,5.616197369320939,31.75358333919644
AS-ABMO,7,10,378,2031.7408700522549,2025.5153141879373,5.606890189912635,31.740870052254877
AS-ABMO,7,10,379,2031.740713919979,2025.5153141879373,5.606794758944097,31.740713919979044
AS-ABMO,7,10,380,2031.7384000050088,2025.5153141879373,5.568234740651629,31.73840000500877
AS-ABMO,7,10,381,2031.7383863202588,2025.5153141878416,5.54383979307713,31.73838632025877
AS-ABMO,7,10,382,2031.7382364175853,2025.5153141878209,5.552865887319383,31.738236417585313
AS-ABMO,7,10,383,2031.6582894671687,2025.515314187784,5.554951879683148,31.658289467168743
AS-ABMO,7,10,384,2031.658221520691,2025.515314187784,5.567033593170578,31.658221520691086
AS-ABMO,7,10,385,2031.657068783196,2025.5153141877624,5.5504308994507054,31.65706878319611
AS-ABMO,7,10,386,2031.656536988785,2025.5153141877613,5.534577552070698,31.656536988785092
AS-ABMO,7,10,387,2031.6562582548936,2025.5153141877613,5.527237663532653,31.6562582548936
AS-ABMO,7,10,388,2031.656131991168,2025.5153141877583,5.525138312580984,31.656131991167967
AS-ABMO,7,10,389,2031.6557054067384,2025.5153141877583,5.5213083245583485,31.655705406738434
AS-ABMO,7,10,390,2031.655125407376,2025.5153141877545,5.530147216577558,31.65512540737609
AS-ABMO,7,10,391,2031.654905922201,2025.515314187753,5.529120277014471,31.654905922200896
AS-ABMO,7,10,392,2031.65488587329,2025.5153141877408,5.52688852335049,31.654885873289913
AS-ABMO,7,10,393,2031.652974070016,2025.515314187737,5.520610067797167,31.652974070015944
AS-ABMO,7,10,394,2031.637669944328,2025.515314187734,5.542246164542027,31.63766994432808
AS-ABMO,7,10,395,2031.633268063896,2025.5153141877288,5.540540497607377,31.633268063895912
AS-ABMO,7,10,396,2031.6331721405527,2025.515314187728,5.583966299230681,31.633172140552688
AS-ABMO,7,10,397,2031.6331637451256,2025.515314187724,5.5939507367987416,31.633163745125557
AS-ABMO,7,10,398,2031.6136817953943,2025.5153141877167,5.623540539746971,31.613681795394314
AS-ABMO,7,10,399,2031.5528062123865,2025.515314187716,5.624721277541946,31.552806212386486
AS-ABMO,7,10,400,2031.550808923288,2025.5153141877088,5.599509494843924,31.55080892328806
AS-ABMO,7,10,401,2031.5508054843308,2025.5153141877088,5.58717893085309,31.550805484330795
AS-ABMO,7,10,402,2031.5503325966304,2025.5153141877072,5.5560152183578975,31.55033259663037
AS-ABMO,7,10,403,2031.546946495504,2025.5153141877065,5.551151930409947,31.546946495504017
AS-ABMO,7,10,404,2031.5108616012544,2025.5153141877056,5.549085146109814,31.51086160125442
AS-ABMO,7,10,405,2031.466068859468,2025.515314187705,5.6093904020202405,31.466068859467896
AS-ABMO,7,10,406,2031.465411096116,2025.515314187704,5.649980231096376,31.465411096115986
AS-ABMO,7,10,407,2031.4585716079173,2025.5153141877013,5.698345494129281,31.458571607917293
AS-ABMO,7,10,408,2031.4488503028963,2025.5153141877008,5.6677663434712136,31.44885030289629
AS-ABMO,7,10,409,2031.4312942570216,2025.5153141877,5.687470412788882,31.43129425702159
AS-ABMO,7,10,410,2031.429806515053,2025.5153141877,5.691344255806806,31.429806515053087
AS-ABMO,7,10,411,2031.4193844411484,2025.5153141877,5.6946755779355,31.419384441148395
AS-ABMO,7,10,412,2031.4137222399909,2025.5153141877,5.673099433019654,31.413722239990875
AS-ABMO,7,10,413,2031.41122333438,2025.5153141877,5.661154076668904,31.41122333438011
AS-ABMO,7,10,414,2031.4079355130675,2025.5153141877,5.626583733615604,31.407935513067514
AS-ABMO,7,10,415,2031.4021949079067,2025.5153141877,5.662806481973657,31.402194907906733
AS-ABMO,7,10,416,2031.395303852349,2025.5153141877,5.6777636143413,31.39530385234889
AS-ABMO,7,10,417,2031.378029911778,2025.5153141877,5.659174644467244,31.378029911777958
AS-ABMO,7,10,418,2031.3657182636512,2025.5153141877,5.636314225738631,31.36571826365116
AS-ABMO,7,10,419,2031.357190200652,2025.5153141877,5.592841004743568,31.357190200651985
AS-ABMO,7,10,420,2031.3541456077617,2025.5153141877,5.554073471226382,31.354145607761666
AS-ABMO,7,10,421,2031.3529825399312,2025.5153141877,5.525604650380743,31.35298253993119
AS-ABMO,7,10,422,2031.339957289851,2025.5153141877,5.522667775932873,31.3399572898511
AS-ABMO,7,10,423,2031.3369286375373,2025.5153141877,5.507368031207178,31.336928637537312
AS-ABMO,7,10,424,2031.3355186437293,2025.5153141877,5.474858580173607,31.3355186437293
AS-ABMO,7,10,425,2031.3353497821088,2025.5153141877,5.434082766178732,31.33534978210878
AS-ABMO,7,10,426,2031.328082015989,2025.5153141877,5.404291386252808,31.32808201598891
AS-ABMO,7,10,427,2031.327787775124,2025.5153141877,5.383388595047162,31.32778777512408
AS-ABMO,7,10,428,2031.3274849191887,2025.5153141877,5.386262349222333,31.32748491918869
AS-ABMO,7,10,429,2031.327346062138,2025.5153141877,5.351598520031983,31.327346062138076
AS-ABMO,7,10,430,2031.3272733304343,2025.5153141877,5.3334251011344325,31.32727333043431
AS-ABMO,7,10,431,2031.326368827852,2025.5153141877,5.292183942830119,31.326368827852093
AS-ABMO,7,10,432,2031.3163238665247,2025.5153141877,5.296244920304703,31.316323866524726
AS-ABMO,7,10,433,2031.30758787914,2025.5153141877,5.29585594245459,31.3075878791401
AS-ABMO,7,10,434,2031.3061945242216,2025.5153141877,5.281329337360261,31.30619452422161
AS-ABMO,7,10,435,2031.29784181894,2025.5153141877,5.278631291230963,31.297841818940014
AS-ABMO,7,10,436,2031.286460584089,2025.5153141877,5.25971927950132,31.2864605840889
AS-ABMO,7,10,437,2031.2778204880328,2025.5153141877,5.214621666772461,31.27782048803283
AS-ABMO,7,10,438,2031.2715035572703,2025.5153141877,5.193068862716528,31.271503557270307
AS-ABMO,7,10,439,2031.2677508871648,2025.5153141877,5.192578765010338,31.267750887164766
AS-ABMO,7,10,440,2031.2637812233504,2025.5153141877,5.185845221639753,31.263781223350406
AS-ABMO,7,10,441,2031.25917032034,2025.5153141877,5.1579441927867125,31.25917032033999
AS-ABMO,7,10,442,2031.2579640145727,2025.5153141877,5.1285277610975575,31.257964014572735
AS-ABMO,7,10,443,2031.2574639347447,2025.5153141877,5.107432591335038,31.257463934744692
AS-ABMO,7,10,444,2031.2570021908973,2025.5153141877,5.072582309383183,31.25700219089731
AS-ABMO,7,10,445,2031.2568474086736,2025.5153141877,5.064152577697894,31.256847408673593
AS-ABMO,7,10,446,2031.256675372672,2025.5153141877,5.038803804057353,31.256675372671907
AS-ABMO,7,10,447,2031.256642050742,2025.5153141877,5.035882856950461,31.256642050741902
AS-ABMO,7,10,448,2031.256597585089,2025.5153141877,5.012184612660387,31.25659758508891
AS-ABMO,7,10,449,2031.2565871566112,2025.5153141877,5.0131927158856655,31.256587156611204
AS-ABMO,7,10,450,2031.255450474044,2025.5153141877,5.005422992480117,31.255450474043982
AS-ABMO,7,10,451,2031.2549802631445,2025.5153141877,5.053827255368381,31.25498026314449
AS-ABMO,7,10,452,2031.2547373014413,2025.5153141877,5.047816033979576,31.25473730144131
AS-ABMO,7,10,453,2031.2545730689144,2025.5153141877,5.0752949784517885,31.254573068914397
AS-ABMO,7,10,454,2031.2545391120373,2025.5153141877,5.091165600587283,31.254539112037264
AS-ABMO,7,10,455,2031.254435038179,2025.5153141877,5.1200050773656,31.254435038179054
AS-ABMO,7,10,456,2031.253368967008,2025.5153141877,5.151561204614136,31.2533689670081
AS-ABMO,7,10,457,2031.2469720014308,2025.5153141877,5.21651334231181,31.246972001430777
AS-ABMO,7,10,458,2031.1715898353184,2025.5153141877,5.19867580973158,31.1715898353184
AS-ABMO,7,10,459,2031.0986598586155,2025.5153141877,5.220559501267289,31.09865985861552
AS-ABMO,7,10,460,2031.0864203940216,2025.5153141877,5.19247974930906,31.086420394021616
AS-ABMO,7,10,461,2031.083269229591,2025.5153141877,5.201137032064706,31.083269229590996
AS-ABMO,7,10,462,2031.044892067188,2025.5153141877,5.175942864081817,31.044892067187902
AS-ABMO,7,10,463,2031.038661152688,2025.5153141877,5.179919699784574,31.038661152688064
AS-ABMO,7,10,464,2031.03051481495,2025.5153141877,5.123251514723124,31.03051481495004
AS-ABMO,7,10,465,2031.030480005288,2025.5153141877,5.070720031038347,31.030480005287927
AS-ABMO,7,10,466,2031.0187589809268,2025.475132619816,5.016645421582238,31.018758980926805
AS-ABMO,7,10,467,2031.0159779288017,2025.4353785032936,4.966612820244745,31.015977928801703
AS-ABMO,7,10,468,2031.0094359880973,2025.3962288026064,4.889274134820762,31.009435988097266
AS-ABMO,7,10,469,2030.99617707914,2025.334664691948,4.845103957433022,30.996177079139898
AS-ABMO,7,10,470,2030.994223628176,2025.334664493372,4.752552493329821,30.994223628176087
AS-ABMO,7,10,471,2030.9905796200767,2025.295734296624,4.668707538471856,30.990579620076687
AS-ABMO,7,10,472,2030.982207114798,2025.2523571266008,4.544875639099929,30.98220711479803
AS-ABMO,7,10,473,2030.9819238911512,2025.2482388608205,4.357436113256584,30.981923891151155
AS-ABMO,7,10,474,2030.9687051091616,2025.248063252784,4.205531860034934,30.968705109161647
AS-ABMO,7,10,475,2030.9686534557948,2025.2480632521024,4.030632256212425,30.968653455794765
AS-ABMO,7,10,476,2030.9625799216024,2025.246608448744,3.829616860746196,30.962579921602355
AS-ABMO,7,10,477,2030.962373599577,2025.2451917855567,3.6354110210957273,30.96237359957695
AS-ABMO,7,10,478,2030.9609981581543,2025.2442387628173,3.43834215294586,30.960998158154325
AS-ABMO,7,10,479,2030.9609603001388,2025.2440348904968,3.2418523397675,30.960960300138822
AS-ABMO,7,10,480,2030.9600257243217,2025.2439259053087,3.08045441594842,30.960025724321667
AS-ABMO,7,10,481,2030.9348558915565,2025.2439259053087,2.9006677521454494,30.93485589155648
AS-ABMO,7,10,482,2030.9334499368888,2025.24388586548,2.752065587679257,30.933449936888792
AS-ABMO,7,10,483,2030.9310570912808,2025.243727054796,2.601712156604587,30.931057091280763
AS-ABMO,7,10,484,2030.9241615275964,2025.243485415344,2.4967665755879835,30.924161527596425
AS-ABMO,7,10,485,2030.896563648183,2025.243485415344,2.366100016402405,30.89656364818302
AS-ABMO,7,10,486,2030.845296634351,2025.243485415344,2.243959719273416,30.845296634350916
AS-ABMO,7,10,487,2030.8441671966025,2025.2434850285133,2.101410989787475,30.844167196602484
AS-ABMO,7,10,488,2030.8025110279696,2025.2434850285133,1.9733290008791589,30.802511027969558
AS-ABMO,7,10,489,2030.795710300873,2025.2434850285133,1.832318467132982,30.795710300872997
AS-ABMO,7,10,490,2030.795415853113,2025.2406166389408,1.717519199553531,30.7954158531129
AS-ABMO,7,10,491,2030.7947253816649,2025.2386491007987,1.573498215402171,30.794725381664875
AS-ABMO,7,10,492,2030.7931962563564,2025.235800538412,1.4439448607476986,30.793196256356396
AS-ABMO,7,10,493,2030.738718926605,2025.235800538412,1.3115495283122005,30.738718926605088
AS-ABMO,7,10,494,2030.727900848384,2025.235800538412,1.1983804882792866,30.727900848384024
AS-ABMO,7,10,495,2030.698922782564,2024.9263635485845,1.092537048523699,30.69892278256407
AS-ABMO,7,10,496,2030.698922782564,2024.9263635485845,0.992549992941705,30.69892278256407
AS-ABMO,7,10,497,2030.698922782564,2024.9263635485845,0.901585667556997,30.69892278256407
AS-ABMO,7,10,498,2030.698922782564,2024.9263635485845,0.8192777422425149,30.69892278256407
AS-ABMO,7,10,499,2030.698922782564,2024.9263635485845,0.7448024516170624,30.69892278256407
AS-ABMO,7,10,500,2030.698922782564,2024.9263635485845,0.6774144219400502,30.69892278256407
AS-ABMO,7,20,1,11089.979039012633,11121.400251892142,1.985873296726248,9089.979039012633
AS-ABMO,7,20,2,8243.731051489734,7603.027861741723,3.4428322955067423,6243.731051489734
AS-ABMO,7,20,3,7118.87407192688,6742.346052398985,4.982375370366545,5118.87407192688
AS-ABMO,7,20,4,6331.159864416452,5975.057913280275,6.34629886737721,4331.159864416452
AS-ABMO,7,20,5,5737.360817355523,5633.766687177995,7.503911664370037,3737.360817355523
AS-ABMO,7,20,6,5247.417668436623,5148.387900102926,8.400076007763339,3247.417668436623
AS-ABMO,7,20,7,5037.6458327685,4884.303754126497,9.032934718353546,3037.6458327685004
AS-ABMO,7,20,8,4775.930994117041,4613.9543634374495,9.442943345569285,2775.9309941170413
AS-ABMO,7,20,9,4610.977014530991,4465.604522324416,9.522736955135308,2610.9770145309913
AS-ABMO,7,20,10,4429.704665032967,4262.178646661654,9.55956736546774,2429.7046650329667
AS-ABMO,7,20,11,4280.69328510293,4104.124595762359,9.65502317525678,2280.6932851029296
AS-ABMO,7,20,12,4122.921119546497,4075.5509787876927,9.580973063039623,2122.921119546497
AS-ABMO,7,20,13,4025.884400807919,4002.875265116289,9.626816254185064,2025.884400807919
AS-ABMO,7,20,14,4013.7540490877686,3905.7466137841457,9.538329949247249,2013.7540490877686
AS-ABMO,7,20,15,3939.548516391362,3806.6242452320607,9.452206500376027,1939.5485163913622
AS-ABMO,7,20,16,3801.742677043008,3757.456210179672,9.412709549145086,1801.742677043008
AS-ABMO,7,20,17,3744.351014309471,3731.557117664409,9.30922118468098,1744.3510143094709
AS-ABMO,7,20,18,3654.424394841157,3654.866039952163,9.227163206023702,1654.4243948411572
AS-ABMO,7,20,19,3594.083322356402,3594.7160452822336,9.055352221050503,1594.0833223564018
AS-ABMO,7,20,20,3523.0674167357315,3593.1130489299794,9.077158215891904,1523.0674167357315
AS-ABMO,7,20,21,3453.185726133113,3437.21411314454,8.965032126971568,1453.185726133113
AS-ABMO,7,20,22,3344.494728093672,3250.7721044079644,8.87891873253947,1344.4947280936722
AS-ABMO,7,20,23,3336.7859532276066,3250.7721044079644,8.777884071000987,1336.7859532276066
AS-ABMO,7,20,24,3296.3230230223,3220.888187848161,8.847705603300827,1296.3230230222998
AS-ABMO,7,20,25,3272.7787745347528,3220.888187848161,8.923881960536438,1272.7787745347528
AS-ABMO,7,20,26,3272.7135863078606,3220.888187848161,8.82934262452323,1272.7135863078606
AS-ABMO,7,20,27,3240.5389596613336,3150.4173719508944,8.65693337171835,1240.5389596613336
AS-ABMO,7,20,28,3202.113235927021,3145.3131429050704,8.582780587769868,1202.113235927021
AS-ABMO,7,20,29,3141.0008130150227,3076.50652345802,8.506469522202673,1141.0008130150227
AS-ABMO,7,20,30,3129.221901719668,3076.50652345802,8.45119042612434,1129.221901719668
AS-ABMO,7,20,31,3053.781964230798,2989.564455357968,8.419551690544306,1053.7819642307982
AS-ABMO,7,20,32,3005.359136111727,2960.21867927961,8.326753573889262,1005.3591361117269
AS-ABMO,7,20,33,2974.376748814592,2953.5031801383684,8.243495758502714,974.3767488145918
AS-ABMO,7,20,34,2940.903990393186,2940.2930125281464,8.172389821163812,940.9039903931862
AS-ABMO,7,20,35,2909.9953294173924,2925.54101909559,8.0531884086711,909.9953294173924
AS-ABMO,7,20,36,2883.6501515457044,2920.156628837198,8.032971176411978,883.6501515457044
AS-ABMO,7,20,37,2880.693658049104,2885.640433588348,7.959813171934965,880.6936580491042
AS-ABMO,7,20,38,2852.9960561895405,2771.4819927615044,7.842087261619195,852.9960561895405
AS-ABMO,7,20,39,2835.1685260706017,2733.669428716946,7.845147018075737,835.1685260706017
AS-ABMO,7,20,40,2824.4985872198204,2725.4278001681587,7.725122516366074,824.4985872198204
AS-ABMO,7,20,41,2813.2637473790446,2725.4278001681587,7.599898027942606,813.2637473790446
AS-ABMO,7,20,42,2783.518093176496,2725.4278001681587,7.521472913835705,783.5180931764962
AS-ABMO,7,20,43,2772.1148981466467,2709.4719145466343,7.386884862123233,772.1148981466467
AS-ABMO,7,20,44,2762.2452907962474,2709.4719145466343,7.175437477042407,762.2452907962474
AS-ABMO,7,20,45,2739.254719391593,2654.0813435594428,7.063074988251506,739.254719391593
AS-ABMO,7,20,46,2728.7728910672804,2615.04925041902,6.966030608440894,728.7728910672804
AS-ABMO,7,20,47,2710.4995852182115,2615.04925041902,6.804647384599453,710.4995852182115
AS-ABMO,7,20,48,2687.663791058968,2582.610489263569,6.8502396173876825,687.663791058968
AS-ABMO,7,20,49,2668.578736063444,2570.738371423392,6.749101395065084,668.578736063444
AS-ABMO,7,20,50,2660.9490848684554,2570.738371423392,6.574907852073938,660.9490848684554
AS-ABMO,7,20,51,2645.7182481778123,2553.5419583564826,6.460372787336046,645.7182481778123
AS-ABMO,7,20,52,2625.729948234074,2521.266890195078,6.248760225620564,625.7299482340741
AS-ABMO,7,20,53,2600.623370844089,2521.266890195078,6.241173804049518,600.6233708440891
AS-ABMO,7,20,54,2597.41702024781,2521.266890195078,6.267502956948088,597.4170202478099
AS-ABMO,7,20,55,2593.259141843552,2521.266890195078,6.122237958755674,593.2591418435518
AS-ABMO,7,20,56,2565.153867879972,2521.266890195078,5.978903135496753,565.153867879972
AS-ABMO,7,20,57,2557.689616935285,2504.42872058819,5.827998993583724,557.6896169352849
AS-ABMO,7,20,58,2537.528856366136,2491.245248032395,5.71131768195076,537.5288563661361
AS-ABMO,7,20,59,2534.935354064374,2472.19655321345,5.635714213775703,534.9353540643742
AS-ABMO,7,20,60,2525.065294993793,2468.6115855269954,5.517263118091612,525.065294993793
AS-ABMO,7,20,61,2519.319783744419,2468.6115855269954,5.471006225925034,519.319783744419
AS-ABMO,7,20,62,2519.319783744419,2468.6115855269954,5.464619287731739,519.319783744419
AS-ABMO,7,20,63,2514.58571008187,2468.6115855269954,5.281339181829755,514.5857100818698
AS-ABMO,7,20,64,2489.017012572477,2393.6119198224783,5.246482348250768,489.01701257247714
AS-ABMO,7,20,65,2484.326031045317,2393.6119198224783,5.126963758213947,484.326031045317
AS-ABMO,7,20,66,2464.7353871542464,2393.6119198224783,5.05593769681986,464.7353871542464
AS-ABMO,7,20,67,2452.374116123616,2369.045708980761,5.048943241598871,452.3741161236162
AS-ABMO,7,20,68,2440.222575897636,2346.76197133124,5.012539173304982,440.22257589763603
AS-ABMO,7,20,69,2425.987965209108,2346.3696045395936,4.957083368274485,425.9879652091081
AS-ABMO,7,20,70,2415.3550955139667,2344.9854840848807,4.887153091717929,415.3550955139667
AS-ABMO,7,20,71,2405.852187426976,2344.9854840848807,4.825015230658617,405.8521874269759
AS-ABMO,7,20,72,2399.4338260288228,2344.9854840848807,4.79375013038244,399.43382602882275
AS-ABMO,7,20,73,2394.820269223759,2344.9854840848807,4.729360520914209,394.82026922375917
AS-ABMO,7,20,74,2391.0002485370787,2344.9854840848807,4.598602649617544,391.00024853707873
AS-ABMO,7,20,75,2378.6003995704937,2344.9854840848807,4.603319699327283,378.60039957049366
AS-ABMO,7,20,76,2371.320554249359,2314.1315856612746,4.528064892054585,371.3205542493588
AS-ABMO,7,20,77,2358.017334381339,2283.228672377747,4.547263676360222,358.01733438133897
AS-ABMO,7,20,78,2354.902642118653,2276.9437731292487,4.50535560936188,354.90264211865315
AS-ABMO,7,20,79,2348.8967032495334,2276.9437731292487,4.473253590192716,348.8967032495334
AS-ABMO,7,20,80,2325.1899726969004,2256.224189853,4.422300145729403,325.18997269690044
AS-ABMO,7,20,81,2318.799887174426,2241.8631904377985,4.402187968879295,318.7998871744262
AS-ABMO,7,20,82,2307.952590387778,2234.779009524247,4.42058443945057,307.95259038777795
AS-ABMO,7,20,83,2307.038588053584,2234.779009524247,4.334670897044471,307.03858805358414
AS-ABMO,7,20,84,2302.8365056347693,2234.779009524247,4.254933211584247,302.8365056347693
AS-ABMO,7,20,85,2301.422551600755,2234.779009524247,4.22757020650798,301.422551600755
AS-ABMO,7,20,86,2300.0410846252275,2234.779009524247,4.200560368273648,300.04108462522754
AS-ABMO,7,20,87,2290.434598786495,2230.2671237352324,4.1618460411810085,290.4345987864949
AS-ABMO,7,20,88,2281.8750381814907,2230.2671237352324,4.068053705173907,281.8750381814907
AS-ABMO,7,20,89,2280.628136747538,2220.751645519611,4.055711244166265,280.62813674753806
AS-ABMO,7,20,90,2255.721249479446,2207.678121186077,3.946341770828769,255.72124947944621
AS-ABMO,7,20,91,2252.064251564417,2202.351472525615,3.904070611958456,252.0642515644172
AS-ABMO,7,20,92,2249.1132779980085,2196.0183470282072,3.8814488503509774,249.11327799800847
AS-ABMO,7,20,93,2244.808223681831,2187.844456482404,3.802362043094432,244.8082236818309
AS-ABMO,7,20,94,2243.34009173376,2187.844456482404,3.77575089923596,243.3400917337599
AS-ABMO,7,20,95,2237.680940499571,2187.844456482404,3.658757531111392,237.68094049957108
AS-ABMO,7,20,96,2237.139954750447,2187.844456482404,3.5847284567151823,237.13995475044703
AS-ABMO,7,20,97,2232.94525500055,2187.844456482404,3.538477871003741,232.94525500054988
AS-ABMO,7,20,98,2230.383378505855,2184.0086495593705,3.441963938305254,230.38337850585503
AS-ABMO,7,20,99,2224.310578196277,2172.9082105961875,3.395684157415768,224.31057819627722
AS-ABMO,7,20,100,2219.08232518806,2165.8664629920986,3.318825485518901,219.08232518806017
AS-ABMO,7,20,101,2209.656857169785,2165.8664629920986,3.235340020198396,209.65685716978487
AS-ABMO,7,20,102,2208.32697930843,2165.4556663200947,3.169243734741919,208.32697930843005
AS-ABMO,7,20,103,2206.2485464525807,2160.0707112041696,3.088076045474594,206.24854645258074
AS-ABMO,7,20,104,2204.160733583563,2160.0707112041696,3.028924967160952,204.1607335835629
AS-ABMO,7,20,105,2200.837333643414,2160.0707112041696,3.0133631918463872,200.83733364341379
AS-ABMO,7,20,106,2197.8118990217285,2157.453455474942,3.001107996710318,197.81189902172855
AS-ABMO,7,20,107,2196.1878952765305,2153.7890384982384,2.97947760004364,196.18789527653053
AS-ABMO,7,20,108,2195.690591341398,2153.7890384982384,2.917488044809199,195.69059134139798
AS-ABMO,7,20,109,2191.9680094743567,2146.664541045214,2.868527734594226,191.96800947435668
AS-ABMO,7,20,110,2189.024255350402,2144.4615100698893,2.813004962538096,189.0242553504022
AS-ABMO,7,20,111,2187.053753429212,2144.4615100698893,2.793103258719416,187.05375342921207
AS-ABMO,7,20,112,2180.5875368183706,2141.3982984357417,2.7584008659993966,180.5875368183706
AS-ABMO,7,20,113,2180.472543922844,2141.3982984357417,2.763095639956477,180.47254392284412
AS-ABMO,7,20,114,2179.486510149309,2141.3982984357417,2.7252422941207533,179.4865101493092
AS-ABMO,7,20,115,2178.44191626879,2133.3135294030544,2.716982863911494,178.44191626879
AS-ABMO,7,20,116,2178.44191626879,2133.3135294030544,2.613354695942069,178.44191626879
AS-ABMO,7,20,117,2176.9843415006026,2129.262419872753,2.5583725851783368,176.98434150060257
AS-ABMO,7,20,118,2175.386937229844,2129.262419872753,2.480196060090054,175.38693722984408
AS-ABMO,7,20,119,2175.07527021169,2128.131399984542,2.4359806596562463,175.07527021169017
AS-ABMO,7,20,120,2174.6263659803253,2128.131399984542,2.348228800393265,174.62636598032532
AS-ABMO,7,20,121,2171.970777913524,2128.131399984542,2.288305931781181,171.97077791352422
AS-ABMO,7,20,122,2170.939093932066,2127.4747312944264,2.1914355878863945,170.93909393206604
AS-ABMO,7,20,123,2170.21783227278,2127.4747312944264,2.176552846733174,170.21783227278002
AS-ABMO,7,20,124,2168.30126337725,2124.9056705287903,2.083979761044182,168.30126337725005
AS-ABMO,7,20,125,2165.107020133428,2120.2506852093748,2.073706615920483,165.1070201334278
AS-ABMO,7,20,126,2164.7442337732987,2120.2506852093748,1.9849742075861128,164.74423377329867
AS-ABMO,7,20,127,2161.868338009512,2120.2506852093748,1.8866119336856544,161.86833800951217
AS-ABMO,7,20,128,2161.2596260367663,2118.1471127543705,1.7989675650588304,161.25962603676635
AS-ABMO,7,20,129,2160.430623207112,2118.1471127543705,1.789449304012458,160.43062320711215
AS-ABMO,7,20,130,2159.1213445430253,2118.1471127543705,1.7240470158325123,159.12134454302532
AS-ABMO,7,20,131,2158.632774289612,2118.1471127543705,1.6115714647032384,158.63277428961192
AS-ABMO,7,20,132,2156.869598096093,2116.6661179599,1.5580666700190828,156.8695980960929
AS-ABMO,7,20,133,2156.8320536537103,2116.6661179599,1.5026288126248124,156.83205365371032
AS-ABMO,7,20,134,2156.7834396689564,2116.6661179599,1.4541131665233096,156.78343966895636
AS-ABMO,7,20,135,2156.7834396689564,2116.6661179599,1.4062943829413603,156.78343966895636
AS-ABMO,7,20,136,2155.4263056937248,2113.5303020177166,1.3470216157137282,155.42630569372477
AS-ABMO,7,20,137,2155.205640417397,2113.5303020177166,1.3016038734859348,155.2056404173968
AS-ABMO,7,20,138,2154.061664082908,2110.6872482177314,1.240296436011074,154.061664082908
AS-ABMO,7,20,139,2153.821013300059,2110.6872482177314,1.2008031467201077,153.8210133000589
AS-ABMO,7,20,140,2152.757633564217,2110.6872482177314,1.155757832891569,152.75763356421703
AS-ABMO,7,20,141,2150.5358245434995,2110.6872482177314,1.1531736773268355,150.53582454349953
AS-ABMO,7,20,142,2146.3153207006862,2110.6872482177314,1.1221268897475694,146.31532070068624
AS-ABMO,7,20,143,2145.329153318982,2109.1594949306364,1.0772878422940622,145.3291533189822
AS-ABMO,7,20,144,2144.731602029989,2108.453197281515,1.0591727541072022,144.73160202998906
AS-ABMO,7,20,145,2144.527398112746,2108.453197281515,1.0190991228864483,144.52739811274614
AS-ABMO,7,20,146,2143.6423545601906,2108.453197281515,0.993004934727157,143.6423545601906
AS-ABMO,7,20,147,2142.8952211671,2108.453197281515,0.9653418003313202,142.89522116709986
AS-ABMO,7,20,148,2142.4296441098595,2108.453197281515,0.9121966500983328,142.4296441098595
AS-ABMO,7,20,149,2141.761689532203,2108.453197281515,0.8754834781962482,141.76168953220304
AS-ABMO,7,20,150,2138.022179932997,2108.453197281515,0.8565609588451611,138.022179932997
AS-ABMO,7,20,151,2137.817814815163,2108.453197281515,0.8344732915903254,137.81781481516282
AS-ABMO,7,20,152,2137.655795880656,2108.453197281515,0.8054097878580032,137.65579588065611
AS-ABMO,7,20,153,2136.2866141772465,2105.805842513104,0.7956018265242163,136.28661417724652
AS-ABMO,7,20,154,2135.865431597926,2104.5700734587217,0.7603799505682619,135.8654315979261
AS-ABMO,7,20,155,2135.2223931516974,2104.5700734587217,0.7450466393454498,135.22239315169736
AS-ABMO,7,20,156,2133.952616860885,2103.145736822548,0.7467276745763207,133.95261686088497
AS-ABMO,7,20,157,2132.297677281775,2103.1092010991647,0.7368654641247253,132.29767728177512
AS-ABMO,7,20,158,2131.9171686484656,2102.3732592063566,0.7257324146869356,131.91716864846558
AS-ABMO,7,20,159,2131.2975788070016,2101.9228702111004,0.731912265768621,131.29757880700163
AS-ABMO,7,20,160,2130.194033384731,2098.4457697614425,0.7561424965112233,130.19403338473103
AS-ABMO,7,20,161,2129.947504378507,2097.824541438149,0.7811250431294516,129.9475043785069
AS-ABMO,7,20,162,2129.497580965242,2095.9608058269914,0.7965038532428509,129.49758096524192
AS-ABMO,7,20,163,2128.754185221937,2092.67927807555,0.8303049966046926,128.75418522193695
AS-ABMO,7,20,164,2128.20682840706,2092.67927807555,0.9020665474830024,128.20682840706013
AS-ABMO,7,20,165,2127.3032833971306,2092.4038645820883,0.9464294801996902,127.3032833971306
AS-ABMO,7,20,166,2126.980201651357,2092.4038645820883,1.0787831563545554,126.98020165135722
AS-ABMO,7,20,167,2126.626052502807,2092.4038645820883,1.092479098510674,126.62605250280694
AS-ABMO,7,20,168,2126.52340077916,2092.4038645820883,1.1042883693710897,126.52340077916006
AS-ABMO,7,20,169,2126.0544456502184,2092.4038645820883,1.1107008306202273,126.05444565021844
AS-ABMO,7,20,170,2125.6533812981274,2092.3855741853404,1.1710727722742609,125.65338129812744
AS-ABMO,7,20,171,2125.080128672365,2092.3855741853404,1.1975515814469715,125.08012867236494
AS-ABMO,7,20,172,2124.897284881683,2092.3855741853404,1.1898678715294069,124.89728488168294
AS-ABMO,7,20,173,2124.0865014868755,2092.3855741853404,1.1966431718988972,124.08650148687548
AS-ABMO,7,20,174,2123.659032334276,2092.0882163828537,1.1943642600009514,123.65903233427616
AS-ABMO,7,20,175,2123.350056756119,2092.0882163828537,1.197092934492994,123.3500567561191
AS-ABMO,7,20,176,2122.9788112734886,2092.0882163828537,1.2007964939160642,122.97881127348865
AS-ABMO,7,20,177,2122.1519464214616,2088.2015100201425,1.2084923882923428,122.15194642146162
AS-ABMO,7,20,178,2121.738067050095,2088.198122858358,1.2345308987988737,121.7380670500952
AS-ABMO,7,20,179,2120.901588773956,2088.198122858358,1.2506999657453082,120.90158877395606
AS-ABMO,7,20,180,2120.2279849725373,2088.198122858358,1.2742496521001636,120.22798497253734
AS-ABMO,7,20,181,2119.47421371571,2086.6308359578143,1.2970326592094326,119.47421371571
AS-ABMO,7,20,182,2110.350569390059,2086.6308359578143,1.3126024402666976,110.35056939005881
AS-ABMO,7,20,183,2109.974315477347,2086.6308359578143,1.3415456682959543,109.97431547734686
AS-ABMO,7,20,184,2109.529076037309,2084.8367078553115,1.3757203189173175,109.5290760373091
AS-ABMO,7,20,185,2109.0838407588003,2083.7504042750643,1.3993021776949506,109.0838407588003
AS-ABMO,7,20,186,2105.814314748253,2082.485544423952,1.419812095606494,105.81431474825285
AS-ABMO,7,20,187,2104.7128903048965,2081.568495796056,1.4678881524809513,104.71289030489652
AS-ABMO,7,20,188,2104.366125750593,2080.213411073505,1.5198205423116633,104.3661257505928
AS-ABMO,7,20,189,2104.1559783152647,2080.213411073505,1.5880811478439945,104.15597831526475
AS-ABMO,7,20,190,2104.0583944057407,2080.213411073505,1.6759760772440662,104.05839440574073
AS-ABMO,7,20,191,2103.8786331877627,2079.904309928481,1.7757949951181111,103.87863318776272
AS-ABMO,7,20,192,2103.668221199064,2079.904309928481,1.8023950288299784,103.66822119906419
AS-ABMO,7,20,193,2103.621469777619,2079.904309928481,1.8213083909086984,103.62146977761904
AS-ABMO,7,20,194,2103.4921349764063,2079.904309928481,1.8564944485515835,103.4921349764063
AS-ABMO,7,20,195,2103.4312653154584,2079.904309928481,1.8919582463844904,103.4312653154584
AS-ABMO,7,20,196,2103.314946659938,2079.904309928481,1.9394344755170947,103.31494665993796
AS-ABMO,7,20,197,2101.831954121226,2079.857189199228,1.981374417676804,101.83195412122586
AS-ABMO,7,20,198,2101.56968401011,2079.77195002882,2.057204081315701,101.56968401011
AS-ABMO,7,20,199,2101.3864134111373,2079.77195002882,2.1333854044559435,101.38641341113726
AS-ABMO,7,20,200,2100.9740978283185,2079.77195002882,2.241475391712736,100.97409782831846
AS-ABMO,7,20,201,2100.509610454052,2079.77195002882,2.3450875823751955,100.50961045405211
AS-ABMO,7,20,202,2099.642268491141,2079.751348346675,2.5099793278112696,99.64226849114084
AS-ABMO,7,20,203,2099.177515063258,2079.751348346675,2.6708574192872847,99.17751506325794
AS-ABMO,7,20,204,2098.592831892924,2079.751348346675,2.717178085747545,98.5928318929241
AS-ABMO,7,20,205,2098.382622032305,2079.729085072473,2.7659596077563107,98.38262203230488
AS-ABMO,7,20,206,2098.267516245502,2079.729085072473,2.7857865433849565,98.26751624550207
AS-ABMO,7,20,207,2097.9690625168814,2079.729085072473,2.81431983809976,97.96906251688142
AS-ABMO,7,20,208,2097.2006335928,2079.729085072473,2.836905452318,97.20063359279993
AS-ABMO,7,20,209,2096.881836839173,2079.729085072473,2.93189356106133,96.88183683917305
AS-ABMO,7,20,210,2096.7833173872154,2079.729085072473,3.040030470522501,96.78331738721545
AS-ABMO,7,20,211,2096.386230912974,2079.696878627658,3.126873635879738,96.38623091297404
AS-ABMO,7,20,212,2096.213220636238,2079.65296092186,3.1552869120496125,96.21322063623802
AS-ABMO,7,20,213,2095.637335539864,2074.538937817568,3.2310740031789966,95.63733553986413
AS-ABMO,7,20,214,2095.500782503261,2074.538937817568,3.308405035064868,95.50078250326078
AS-ABMO,7,20,215,2095.275371651629,2074.538937817568,3.4188392755126875,95.27537165162903
AS-ABMO,7,20,216,2095.1629106373603,2074.076928117357,3.5154552773910046,95.16291063736026
AS-ABMO,7,20,217,2094.666328283005,2074.0204855363027,3.657455452709828,94.66632828300499
AS-ABMO,7,20,218,2094.615594194789,2073.8640238278786,3.765140196143357,94.61559419478908
AS-ABMO,7,20,219,2094.350510252096,2073.5389915792584,3.881956374919348,94.35051025209577
AS-ABMO,7,20,220,2094.277631740285,2073.507076229552,4.075151055607942,94.27763174028496
AS-ABMO,7,20,221,2093.6819209632285,2073.4261986511865,4.2936805055401726,93.68192096322855
AS-ABMO,7,20,222,2093.494267605917,2073.2786802408004,4.453381674576379,93.49426760591678
AS-ABMO,7,20,223,2093.3525209791937,2073.2013262427354,4.586998394321151,93.35252097919374
AS-ABMO,7,20,224,2093.1658821231445,2072.874594750304,4.768211990550521,93.16588212314446
AS-ABMO,7,20,225,2092.9902893168046,2072.5772595679828,4.937017537415403,92.99028931680459
AS-ABMO,7,20,226,2092.717367925741,2072.519465844399,5.025411202728508,92.7173679257412
AS-ABMO,7,20,227,2092.6685415000084,2072.5188049447183,5.1213127097367,92.66854150000836
AS-ABMO,7,20,228,2091.892083462825,2071.9423173083346,5.281119492461992,91.89208346282521
AS-ABMO,7,20,229,2091.6191816329306,2071.895021990668,5.442031069149544,91.61918163293058
AS-ABMO,7,20,230,2090.74912305515,2070.477262706868,5.604482474988734,90.74912305515
AS-ABMO,7,20,231,2090.6805553619065,2070.4368957180327,5.849278091571355,90.6805553619065
AS-ABMO,7,20,232,2090.6569426280453,2070.375449058972,5.987852517905695,90.65694262804527
AS-ABMO,7,20,233,2090.5915283755216,2070.2652884775384,6.035780959767744,90.59152837552165
AS-ABMO,7,20,234,2090.4450159344765,2069.1654654128624,6.079565394693694,90.44501593447649
AS-ABMO,7,20,235,2090.351479857584,2069.1654654128624,6.158450961062391,90.35147985758385
AS-ABMO,7,20,236,2090.2615913350933,2069.1613260194904,6.214217403863682,90.26159133509327
AS-ABMO,7,20,237,2088.788933202818,2069.1228063119543,6.326017201043132,88.78893320281804
AS-ABMO,7,20,238,2088.6849855975247,2068.822081983594,6.410465723316197,88.6849855975247
AS-ABMO,7,20,239,2088.016129359414,2068.816395701556,6.46715249356565,88.01612935941421
AS-ABMO,7,20,240,2087.5259316791025,2068.678348773218,6.5157438593772445,87.52593167910254
AS-ABMO,7,20,241,2086.963533333148,2068.67793954987,6.581985065879191,86.963533333148
AS-ABMO,7,20,242,2086.31947318852,2068.672838751748,6.711782082827394,86.31947318852008
AS-ABMO,7,20,243,2085.344274937203,2068.62955189799,6.714329188624215,85.34427493720295
AS-ABMO,7,20,244,2083.827005739561,2059.4554267501508,6.727232901450904,83.82700573956117
AS-ABMO,7,20,245,2083.584184129096,2059.4369334837656,6.7311113637423245,83.58418412909577
AS-ABMO,7,20,246,2083.459208314735,2059.3975025821323,6.72173969004185,83.45920831473495
AS-ABMO,7,20,247,2083.142103926245,2059.383450336903,6.731616570523562,83.142103926245
AS-ABMO,7,20,248,2082.052539911236,2058.140919808778,6.730665269674079,82.05253991123618
AS-ABMO,7,20,249,2081.773343778938,2058.0536934177376,6.733965404814099,81.77334377893794
AS-ABMO,7,20,250,2081.5233446100124,2058.0536934177376,6.744971195297175,81.52334461001237
AS-ABMO,7,20,251,2081.004611074002,2058.0536934177376,6.756405783896753,81.00461107400179
AS-ABMO,7,20,252,2080.7045981694314,2057.951391135881,6.729690682534017,80.70459816943139
AS-ABMO,7,20,253,2080.595824856168,2057.9336540133418,6.74441543592014,80.59582485616784
AS-ABMO,7,20,254,2080.134406572665,2057.8540938919127,6.756983833564188,80.13440657266483
AS-ABMO,7,20,255,2080.006003708378,2057.817548896171,6.748397102039919,80.0060037083781
AS-ABMO,7,20,256,2079.597765729455,2057.787069966743,6.752859063253914,79.5977657294552
AS-ABMO,7,20,257,2079.363103908467,2057.787069966743,6.768067567024206,79.36310390846711
AS-ABMO,7,20,258,2079.0656273498266,2057.7836285848853,6.829088127945004,79.06562734982663
AS-ABMO,7,20,259,2078.917875538152,2057.7836285848853,6.839361038731435,78.9178755381522
AS-ABMO,7,20,260,2078.5699101526125,2057.766988753824,6.88624282136462,78.56991015261247
AS-ABMO,7,20,261,2078.1024908321283,2057.764356633857,6.970070938230196,78.1024908321283
AS-ABMO,7,20,262,2077.7543437821023,2057.46684411207,7.025091450660745,77.7543437821023
AS-ABMO,7,20,263,2077.525090602536,2057.4093743317053,7.036087435213994,77.52509060253578
AS-ABMO,7,20,264,2077.12344389309,2057.4042650672973,7.037979571603623,77.1234438930901
AS-ABMO,7,20,265,2076.8759966045463,2057.393834663657,7.040270018414945,76.87599660454634
AS-ABMO,7,20,266,2076.6029228942825,2055.364422358408,7.019397035748377,76.60292289428253
AS-ABMO,7,20,267,2076.3693548435053,2054.696563943802,7.000994758229227,76.36935484350533
AS-ABMO,7,20,268,2075.9556250547566,2053.8097303173704,6.989701031216601,75.95562505475664
AS-ABMO,7,20,269,2075.783179148296,2053.687980577123,6.939057420197686,75.78317914829586
AS-ABMO,7,20,270,2075.7083779160143,2053.685868312109,6.911938633410744,75.70837791601434
AS-ABMO,7,20,271,2075.643489414932,2053.679721978685,6.934343017735841,75.64348941493199
AS-ABMO,7,20,272,2075.518279585946,2053.276294004271,6.940295959155656,75.51827958594595
AS-ABMO,7,20,273,2075.184095787516,2053.276294004271,6.926778200909171,75.18409578751607
AS-ABMO,7,20,274,2075.0398628126018,2053.249607673648,6.916487573291009,75.03986281260177
AS-ABMO,7,20,275,2074.5516833702927,2053.249607673648,6.928157673986127,74.55168337029272
AS-ABMO,7,20,276,2073.89045241142,2053.249607673648,6.941527004369833,73.89045241142003
AS-ABMO,7,20,277,2069.30198768868,2053.230320541189,6.936460569738022,69.30198768868013
AS-ABMO,7,20,278,2068.2846783441087,2053.1800535014445,6.99171434526372,68.28467834410867
AS-ABMO,7,20,279,2068.074721828905,2053.1800535014445,7.02078186657904,68.07472182890479
AS-ABMO,7,20,280,2067.5740352153834,2053.102783639934,7.044906048201122,67.57403521538345
AS-ABMO,7,20,281,2067.236912392548,2052.960101969882,7.065981736960132,67.23691239254822
AS-ABMO,7,20,282,2066.90113606968,2052.960101969882,7.107935075328716,66.90113606967998
AS-ABMO,7,20,283,2066.627963362784,2052.9446199477325,7.14165534236159,66.62796336278416
AS-ABMO,7,20,284,2066.0692756049352,2052.921318466747,7.17111167866318,66.06927560493523
AS-ABMO,7,20,285,2065.667888743676,2052.921318466747,7.241315849084911,65.66788874367603
AS-ABMO,7,20,286,2065.4353447797057,2052.864207062201,7.257090513669649,65.4353447797057
AS-ABMO,7,20,287,2065.276275081814,2052.653273297939,7.251152433379281,65.27627508181422
AS-ABMO,7,20,288,2064.9714556289146,2051.71657236485,7.281939545846985,64.97145562891455
AS-ABMO,7,20,289,2064.5465286759654,2050.7527213308194,7.290350100398573,64.54652867596542
AS-ABMO,7,20,290,2063.8887393271084,2050.1476632230792,7.286498821056321,63.8887393271084
AS-ABMO,7,20,291,2063.426939169464,2049.6949646208104,7.280598638462307,63.42693916946382
AS-ABMO,7,20,292,2063.2060200301544,2049.674137397995,7.260203294393347,63.20602003015438
AS-ABMO,7,20,293,2063.0816299469548,2049.57705148481,7.187310471231567,63.08162994695476
AS-ABMO,7,20,294,2063.06645392176,2049.576071687382,7.165685650877617,63.06645392176006
AS-ABMO,7,20,295,2062.9584869117507,2049.5644924252856,7.153251943910901,62.9584869117507
AS-ABMO,7,20,296,2062.6253332598453,2049.557341102908,7.156981253325868,62.62533325984532
AS-ABMO,7,20,297,2062.5568874582286,2049.557341102908,7.130594644657593,62.55688745822863
AS-ABMO,7,20,298,2062.526390450754,2049.557341102908,7.129718493601938,62.52639045075421
AS-ABMO,7,20,299,2062.403376739651,2049.556395055467,7.130898708432882,62.40337673965087
AS-ABMO,7,20,300,2062.313964552678,2049.3823332726806,7.16802755542973,62.313964552678044
AS-ABMO,7,20,301,2062.275567402203,2049.360600946741,7.1687046950733775,62.275567402202796
AS-ABMO,7,20,302,2062.028860346941,2049.356169019203,7.187430321293418,62.0288603469412
AS-ABMO,7,20,303,2061.972318618074,2049.3450277892366,7.209080454720517,61.97231861807404
AS-ABMO,7,20,304,2061.821682655548,2049.341563791121,7.182977324510594,61.8216826555481
AS-ABMO,7,20,305,2061.64118263264,2049.325771419136,7.184677803840248,61.64118263263981
AS-ABMO,7,20,306,2061.5298161357264,2049.3248594231964,7.213897305440887,61.52981613572638
AS-ABMO,7,20,307,2061.4095445577505,2049.3243119386825,7.202775646055731,61.40954455775045
AS-ABMO,7,20,308,2060.853617877597,2049.323129473279,7.165071056683203,60.85361787759712
AS-ABMO,7,20,309,2059.746118914559,2049.322764088259,7.203352661124113,59.74611891455879
AS-ABMO,7,20,310,2059.262870747173,2049.3216415138904,7.211473151543687,59.26287074717311
AS-ABMO,7,20,311,2059.2408879977243,2049.3201229298447,7.216391399185416,59.24088799772426
AS-ABMO,7,20,312,2059.212563224281,2049.319326828334,7.201070700032294,59.212563224280984
AS-ABMO,7,20,313,2059.0500911327103,2049.3157630681626,7.258428951599713,59.05009113271035
AS-ABMO,7,20,314,2058.868197054711,2049.312044076649,7.242642989806538,58.86819705471089
AS-ABMO,7,20,315,2058.754040901051,2049.249618660709,7.279627476444401,58.75404090105121
AS-ABMO,7,20,316,2058.703141921103,2049.2477833790304,7.296240800314175,58.703141921103
AS-ABMO,7,20,317,2058.610480837928,2049.228311258142,7.320575762838728,58.61048083792821
AS-ABMO,7,20,318,2058.484517466829,2049.2233012532497,7.331624409634017,58.48451746682895
AS-ABMO,7,20,319,2058.441330411873,2049.2108842359494,7.329627499252207,58.44133041187297
AS-ABMO,7,20,320,2058.266148978241,2049.192265934267,7.355467532659676,58.266148978240835
AS-ABMO,7,20,321,2058.2021793415,2049.1318643525574,7.390446790250015,58.20217934150014
AS-ABMO,7,20,322,2058.0665646262432,2049.1271425601,7.404855180635129,58.066564626243235
AS-ABMO,7,20,323,2057.9379305132484,2049.1271425601,7.446923045993178,57.937930513248375
AS-ABMO,7,20,324,2057.887964731744,2049.1039659060016,7.501864000314947,57.88796473174398
AS-ABMO,7,20,325,2057.7898494854944,2049.103709320072,7.501840695378038,57.789849485494415
AS-ABMO,7,20,326,2057.7698356875258,2049.1036870875064,7.539098688627136,57.769835687525756
AS-ABMO,7,20,327,2057.7161035793097,2049.102899184244,7.617614277922576,57.716103579309674
AS-ABMO,7,20,328,2057.706005004133,2049.102899184244,7.611947870867268,57.7060050041332
AS-ABMO,7,20,329,2057.612143990349,2049.102301999987,7.59104438364817,57.61214399034907
AS-ABMO,7,20,330,2057.526387298721,2049.101033757505,7.609563903582521,57.52638729872115
AS-ABMO,7,20,331,2057.43390796889,2049.0958402586184,7.744112600504275,57.4339079688898
AS-ABMO,7,20,332,2057.39613323666,2049.092422807965,7.802648749200757,57.39613323665981
AS-ABMO,7,20,333,2057.2858520537475,2049.082267335647,7.905863751152684,57.285852053747476
AS-ABMO,7,20,334,2057.218757477926,2049.069939959078,7.935612748118872,57.21875747792592
AS-ABMO,7,20,335,2057.172623420628,2049.0305937410694,8.046081536263245,57.17262342062804
AS-ABMO,7,20,336,2057.11262887624,2049.0305937410694,8.010028274059383,57.112628876239796
AS-ABMO,7,20,337,2057.0599706960265,2049.0068992055694,8.010310921856185,57.05997069602654
AS-ABMO,7,20,338,2056.939815975356,2048.998008104604,8.094584750913585,56.93981597535594
AS-ABMO,7,20,339,2056.75752128404,2048.998008104604,8.142511169953396,56.757521284040195
AS-ABMO,7,20,340,2056.3827972620898,2048.961716097476,8.11796216872259,56.38279726208975
AS-ABMO,7,20,341,2056.0478204639217,2048.2820242055614,8.111408008843501,56.04782046392165
AS-ABMO,7,20,342,2056.007277407562,2048.281237955673,8.089756812289545,56.007277407562015
AS-ABMO,7,20,343,2055.937453758422,2048.280972163528,8.122710836226757,55.93745375842218
AS-ABMO,7,20,344,2055.8406720458484,2048.2808580371657,8.120155594947875,55.84067204584835
AS-ABMO,7,20,345,2055.663030484927,2048.199531094143,8.140891599368238,55.66303048492682
AS-ABMO,7,20,346,2055.509076693404,2048.199118669446,8.198320028026282,55.50907669340404
AS-ABMO,7,20,347,2055.250896800735,2048.198858474612,8.238881973696422,55.25089680073506
AS-ABMO,7,20,348,2055.240324433405,2048.171018913916,8.258623340053084,55.24032443340502
AS-ABMO,7,20,349,2055.1852808253225,2048.0338412680853,8.249574412981973,55.18528082532248
AS-ABMO,7,20,350,2054.9943194332595,2048.0338412680853,8.31385796881099,54.994319433259534
AS-ABMO,7,20,351,2054.980957744735,2048.0337477098988,8.309657510352556,54.98095774473495
AS-ABMO,7,20,352,2054.9169773912045,2048.0337477098988,8.285902824436118,54.916977391204455
AS-ABMO,7,20,353,2054.8915010550595,2048.0337477098988,8.298463923563615,54.89150105505951
AS-ABMO,7,20,354,2054.787585257593,2048.033662533091,8.337178176349743,54.78758525759304
AS-ABMO,7,20,355,2054.7320624615063,2047.9889198435071,8.406169439526286,54.7320624615063
AS-ABMO,7,20,356,2054.703156550748,2047.9227515765697,8.48103091253741,54.70315655074819
AS-ABMO,7,20,357,2054.6468175513664,2047.846096999005,8.58607905898257,54.64681755136644
AS-ABMO,7,20,358,2054.616900852797,2047.8166510528029,8.646231484080317,54.61690085279679
AS-ABMO,7,20,359,2054.5505316379868,2047.8018113147864,8.65803486091592,54.55053163798675
AS-ABMO,7,20,360,2054.494018081068,2047.7897578015013,8.657868098990283,54.494018081068134
AS-ABMO,7,20,361,2054.453952502392,2047.7897578015013,8.626344833104081,54.453952502391985
AS-ABMO,7,20,362,2054.394172659985,2047.754496289084,8.596330207830876,54.39417265998509
AS-ABMO,7,20,363,2054.3768663562923,2047.7292805260129,8.570670849348973,54.37686635629234
AS-ABMO,7,20,364,2054.339211851845,2047.6925151523285,8.544746935360308,54.33921185184499
AS-ABMO,7,20,365,2054.301714993019,2047.5986058270275,8.558363449402657,54.30171499301878
AS-ABMO,7,20,366,2054.2843849857945,2047.5542562550231,8.519973904915098,54.28438498579453
AS-ABMO,7,20,367,2054.275294935665,2047.551126252544,8.488899576284577,54.27529493566499
AS-ABMO,7,20,368,2054.233917832036,2047.5444548189084,8.456233495346924,54.233917832035786
AS-ABMO,7,20,369,2054.216443206152,2047.5444548189084,8.421527408901293,54.21644320615178
AS-ABMO,7,20,370,2054.2094440875835,2047.540244838578,8.356960621389346,54.209444087583506
AS-ABMO,7,20,371,2054.195454333002,2047.5322034172216,8.288864028734459,54.19545433300209
AS-ABMO,7,20,372,2054.1873970344795,2047.5178247107403,8.224499977467932,54.187397034479545
AS-ABMO,7,20,373,2054.152772307192,2047.51052149862,8.228641105680856,54.15277230719221
AS-ABMO,7,20,374,2054.127745631953,2047.50031068695,8.18449818295626,54.127745631953076
AS-ABMO,7,20,375,2054.0882126014803,2047.499936680848,8.154376727740775,54.088212601480336
AS-ABMO,7,20,376,2054.073333090432,2047.4877065607127,8.142345050366963,54.07333309043179
AS-ABMO,7,20,377,2054.048531341448,2047.3704754705363,8.146091076836958,54.04853134144787
AS-ABMO,7,20,378,2054.034035388326,2047.2823172252977,8.081442467341539,54.034035388326174
AS-ABMO,7,20,379,2054.0113558031367,2047.2652908945447,8.075255092404355,54.01135580313667
AS-ABMO,7,20,380,2053.9676971376543,2047.252344535706,8.059078124903104,53.96769713765434
AS-ABMO,7,20,381,2053.926750183453,2047.2488525893496,8.07391220279881,53.926750183452896
AS-ABMO,7,20,382,2053.897250558052,2047.2308983396017,8.04365804799473,53.89725055805184
AS-ABMO,7,20,383,2053.8940844134386,2047.2304452833712,7.996364674124357,53.89408441343858
AS-ABMO,7,20,384,2053.887524871639,2047.2286294317923,7.937373720264811,53.887524871639016
AS-ABMO,7,20,385,2053.8700799568423,2047.0883197876924,7.892924833401112,53.870079956842346
AS-ABMO,7,20,386,2053.850198932827,2047.02407829436,7.922622930221478,53.85019893282697
AS-ABMO,7,20,387,2053.846070006249,2047.017728592248,7.954845010087971,53.84607000624919
AS-ABMO,7,20,388,2053.8239147272343,2047.009042461904,7.97301914782461,53.823914727234296
AS-ABMO,7,20,389,2053.820514471233,2047.009042461904,7.950436798055408,53.820514471232855
AS-ABMO,7,20,390,2053.80811179607,2046.993197664428,7.867873011644078,53.80811179607008
AS-ABMO,7,20,391,2053.802872695782,2046.9571359311528,7.884303967563644,53.80287269578184
AS-ABMO,7,20,392,2053.7868873815,2046.9449659062711,7.8434477362724415,53.78688738150004
AS-ABMO,7,20,393,2053.7702410138777,2046.91201256798,7.928337913775854,53.770241013877694
AS-ABMO,7,20,394,2053.768856613504,2046.91201256798,7.971142250292496,53.768856613503885
AS-ABMO,7,20,395,2053.760332492612,2046.9115328195635,8.007378388917171,53.76033249261218
AS-ABMO,7,20,396,2053.7540456122306,2046.902970421189,8.109109453316655,53.754045612230584
AS-ABMO,7,20,397,2053.749298455636,2046.902970421189,8.15509965926243,53.74929845563611
AS-ABMO,7,20,398,2053.7187135148915,2046.902970421189,8.198126934325813,53.71871351489153
AS-ABMO,7,20,399,2053.69611233442,2046.8921328082213,8.233944468414457,53.69611233441992
AS-ABMO,7,20,400,2053.4763408735744,2046.877974225308,8.183385833489698,53.47634087357437
AS-ABMO,7,20,401,2053.438552921642,2046.877974225308,8.241462296372926,53.438552921641985
AS-ABMO,7,20,402,2053.413580547258,2046.8713663300405,8.295421425913295,53.41358054725788
AS-ABMO,7,20,403,2053.171480002105,2046.7904709319032,8.308894464776133,53.171480002105
AS-ABMO,7,20,404,2052.7879534325943,2046.3856837101528,8.318029996220066,52.78795343259435
AS-ABMO,7,20,405,2052.7854051573418,2046.3821283521984,8.293315832841891,52.785405157341756
AS-ABMO,7,20,406,2052.7578792255854,2046.379957508876,8.278408893795826,52.757879225585384
AS-ABMO,7,20,407,2052.746887294476,2046.379957508876,8.267695159333293,52.74688729447598
AS-ABMO,7,20,408,2052.724509101019,2046.3770837811107,8.26198520149485,52.724509101019066
AS-ABMO,7,20,409,2052.69488618434,2046.3220846128,8.293065381130706,52.69488618433979
AS-ABMO,7,20,410,2052.673473971336,2046.2623249462824,8.288331543925295,52.67347397133608
AS-ABMO,7,20,411,2052.6687161357963,2046.2570966544567,8.271974937761062,52.66871613579633
AS-ABMO,7,20,412,2052.640865781539,2046.2253570913208,8.27611158505391,52.640865781539105
AS-ABMO,7,20,413,2052.6268046353093,2046.2139414214407,8.260829470368428,52.62680463530933
AS-ABMO,7,20,414,2052.560919923222,2046.2060313015693,8.24748127748199,52.56091992322217
AS-ABMO,7,20,415,2052.494054311256,2046.096728042628,8.272630583899321,52.49405431125615
AS-ABMO,7,20,416,2052.387748135057,2046.03893952436,8.25684158460784,52.38774813505688
AS-ABMO,7,20,417,2052.313128588227,2046.0291736860088,8.292787985504251,52.313128588226846
AS-ABMO,7,20,418,2052.303975142427,2045.9953378564865,8.36879007614546,52.303975142427134
AS-ABMO,7,20,419,2052.2716230663,2045.9953378564865,8.36720393877101,52.27162306629998
AS-ABMO,7,20,420,2052.264198758538,2045.9953378564865,8.356380880001621,52.26419875853799
AS-ABMO,7,20,421,2052.192014023537,2045.9940450270133,8.336459709528809,52.19201402353701
AS-ABMO,7,20,422,2052.1363659961035,2045.988096814372,8.39042871435431,52.13636599610345
AS-ABMO,7,20,423,2052.121339068496,2045.975400967448,8.393115600241421,52.12133906849613
AS-ABMO,7,20,424,2052.074232774564,2045.9747040344864,8.332617315721011,52.074232774563825
AS-ABMO,7,20,425,2052.0318220336544,2045.9739342885628,8.31962015200654,52.03182203365441
AS-ABMO,7,20,426,2052.010911930173,2045.8916728931845,8.323898584190799,52.010911930172824
AS-ABMO,7,20,427,2051.996870043227,2045.886077492328,8.381135430034904,51.99687004322686
AS-ABMO,7,20,428,2051.958108277282,2045.8729128263417,8.383664903734132,51.95810827728201
AS-ABMO,7,20,429,2051.9437961125177,2045.8668020758823,8.371233392349826,51.9437961125177
AS-ABMO,7,20,430,2051.9326040777228,2045.852716638559,8.380643233390819,51.93260407772277
AS-ABMO,7,20,431,2051.9075887732065,2045.8432153858644,8.37415044226935,51.9075887732065
AS-ABMO,7,20,432,2051.852205592396,2045.835066827732,8.363432861671152,51.852205592395876
AS-ABMO,7,20,433,2051.8364852957243,2045.719013341547,8.341208392679848,51.83648529572429
AS-ABMO,7,20,434,2051.805333262747,2045.3690274122905,8.319614893713789,51.8053332627469
AS-ABMO,7,20,435,2051.7845041999503,2045.2524498062253,8.333156588389818,51.784504199950334
AS-ABMO,7,20,436,2051.776188318805,2045.2524498062253,8.393003858093241,51.776188318805
AS-ABMO,7,20,437,2051.7683001332234,2045.2444759407867,8.3913626449911,51.76830013322342
AS-ABMO,7,20,438,2051.763283562334,2045.2329224776065,8.401142304227298,51.76328356233398
AS-ABMO,7,20,439,2051.7624435979856,2045.2329224776065,8.370859493895598,51.762443597985566
AS-ABMO,7,20,440,2051.6644136863733,2045.2329224776065,8.368607285794022,51.66441368637334
AS-ABMO,7,20,441,2051.66015665874,2045.215621043348,8.309849809420474,51.66015665874011
AS-ABMO,7,20,442,2051.208314114637,2044.4456638876443,8.293737130788761,51.20831411463678
AS-ABMO,7,20,443,2051.2062643498234,2044.4456638876443,8.277714666536957,51.206264349823414
AS-ABMO,7,20,444,2051.189458521056,2044.300527734116,8.243811356832786,51.18945852105617
AS-ABMO,7,20,445,2051.186548470758,2044.295909122188,8.218452369180179,51.186548470758225
AS-ABMO,7,20,446,2051.185231190842,2044.295909122188,8.153153120635622,51.18523119084193
AS-ABMO,7,20,447,2051.182289316419,2044.2897628918709,8.13181639352208,51.182289316418974
AS-ABMO,7,20,448,2051.1797259079885,2044.2897628918709,8.066484957913282,51.17972590798854
AS-ABMO,7,20,449,2051.1709158593653,2044.1669258372328,8.100444789615482,51.17091585936532
AS-ABMO,7,20,450,2051.170044169964,2044.1669258372328,8.078616059875037,51.17004416996406
AS-ABMO,7,20,451,2051.1577786093744,2044.005551482064,8.06884485011859,51.15777860937442
AS-ABMO,7,20,452,2051.1560825248366,2044.0044549121144,8.081752945663958,51.15608252483662
AS-ABMO,7,20,453,2051.152242313281,2043.9909833844183,8.071605345512424,51.15224231328102
AS-ABMO,7,20,454,2051.120267410108,2043.5451303121552,8.140073917565612,51.12026741010823
AS-ABMO,7,20,455,2051.0850963829207,2043.0553858714352,8.179469706539852,51.08509638292071
AS-ABMO,7,20,456,2051.0811379196693,2043.0257216715047,8.231365810873644,51.081137919669345
AS-ABMO,7,20,457,2051.077467794663,2043.004093965076,8.29198542150391,51.07746779466288
AS-ABMO,7,20,458,2051.0691564284084,2042.9181241872463,8.275862467233917,51.069156428408405
AS-ABMO,7,20,459,2051.0642880486057,2042.9181241872463,8.26238023514505,51.064288048605704
AS-ABMO,7,20,460,2051.057820935632,2042.894886072399,8.216319748463542,51.05782093563221
AS-ABMO,7,20,461,2051.0437090666387,2042.8946488856425,8.179909204028089,51.04370906663871
AS-ABMO,7,20,462,2051.043059672832,2042.8946196753848,8.157877224095616,51.04305967283199
AS-ABMO,7,20,463,2051.03739558646,2042.892242412017,8.159238804493869,51.03739558646021
AS-ABMO,7,20,464,2051.0323556911544,2042.8913917007856,8.163472161698119,51.03235569115441
AS-ABMO,7,20,465,2051.024476547192,2042.8799412903645,8.184108824307236,51.02447654719208
AS-ABMO,7,20,466,2051.0216130298368,2042.879941290364,8.190217842461077,51.02161302983677
AS-ABMO,7,20,467,2051.005749542356,2042.878739508912,8.162833595861285,51.00574954235617
AS-ABMO,7,20,468,2051.002335726218,2042.878739508821,8.201449561881317,51.00233572621801
AS-ABMO,7,20,469,2051.001214897655,2042.8707604239369,8.19385745757536,51.00121489765479
AS-ABMO,7,20,470,2051.0007487599646,2042.8707604223443,8.195666292183878,51.00074875996461
AS-ABMO,7,20,471,2050.9994427788724,2042.8660119446088,8.184062908333978,50.999442778872435
AS-ABMO,7,20,472,2050.9977393340423,2042.8660119410088,8.1748999012845,50.99773933404231
AS-ABMO,7,20,473,2050.9924581468963,2042.863385759329,8.235453467600738,50.9924581468963
AS-ABMO,7,20,474,2050.982065820336,2042.8633857484133,8.251576779013202,50.982065820336175
AS-ABMO,7,20,475,2050.9704198387863,2042.8633855915173,8.260274881418484,50.970419838786256
AS-ABMO,7,20,476,2050.969601531935,2042.8595322865456,8.241387487780027,50.96960153193504
AS-ABMO,7,20,477,2050.9671772693987,2042.8547979834584,8.240529715261742,50.96717726939869
AS-ABMO,7,20,478,2050.957122858543,2042.8508464333056,8.241228058302012,50.95712285854279
AS-ABMO,7,20,479,2050.791270462654,2042.8473016040243,8.237577861626256,50.79127046265421
AS-ABMO,7,20,480,2050.787120532984,2042.846749933501,8.212369988170957,50.78712053298386
AS-ABMO,7,20,481,2050.77149086443,2042.837955288493,8.13264716910617,50.77149086442978
AS-ABMO,7,20,482,2050.76896727752,2042.8350979248976,8.08943736282268,50.768967277520005
AS-ABMO,7,20,483,2050.763584424976,2042.83079422692,8.014035152489651,50.763584424976216
AS-ABMO,7,20,484,2050.763106280686,2042.8246756430176,7.938417963639704,50.76310628068586
AS-ABMO,7,20,485,2050.758842056372,2042.824257966707,7.778053339786157,50.75884205637203
AS-ABMO,7,20,486,2050.72675899672,2042.8241537097683,7.577151070314178,50.72675899672004
AS-ABMO,7,20,487,2050.726193434032,2042.822509196656,7.201143310874878,50.72619343403221
AS-ABMO,7,20,488,2050.724476330468,2042.818415487452,6.973234476481551,50.72447633046795
AS-ABMO,7,20,489,2050.724438207684,2042.818415487452,6.544883825003854,50.724438207684216
AS-ABMO,7,20,490,2050.7244125851344,2042.818415487452,6.123402440773694,50.72441258513436
AS-ABMO,7,20,491,2050.723203107611,2042.818415487452,5.678199735340495,50.72320310761097
AS-ABMO,7,20,492,2050.7230087620987,2042.818415487452,5.182428769406831,50.72300876209874
AS-ABMO,7,20,493,2050.722194540984,2042.818415487452,4.714916406636603,50.72219454098422
AS-ABMO,7,20,494,2050.722194540984,2042.818415487452,4.284982887235982,50.72219454098422
AS-ABMO,7,20,495,2050.722194540984,2042.818415487452,3.890433476380925,50.72219454098422
AS-ABMO,7,20,496,2050.722194540984,2042.818415487452,3.530282580252213,50.72219454098422
AS-ABMO,7,20,497,2050.722194540984,2042.818415487452,3.19836919606663,50.72219454098422
AS-ABMO,7,20,498,2050.722194540984,2042.818415487452,2.8963284242833107,50.72219454098422
AS-ABMO,7,20,499,2050.722194540984,2042.818415487452,2.625934325348458,50.72219454098422
AS-ABMO,7,20,500,2050.722194540984,2042.818415487452,2.3766780520933914,50.72219454098422
AS-ABMO,12,10,1,3026.661308629328,2988.829680473591,2.294176551917796,326.6613086293278
AS-ABMO,12,10,2,2983.697270046263,2964.1522463455644,4.484952533449817,283.69727004626293
AS-ABMO,12,10,3,2960.6210465920603,2943.650780060305,6.877771139694828,260.62104659206034
AS-ABMO,12,10,4,2944.21421367794,2931.313284253553,8.680461759726207,244.21421367793982
AS-ABMO,12,10,5,2935.595232120836,2929.413254816825,9.403052572586173,235.59523212083604
AS-ABMO,12,10,6,2931.6548685901216,2928.6390110916964,9.824560809671697,231.65486859012162
AS-ABMO,12,10,7,2927.252717814833,2919.743185001426,9.966769278709302,227.25271781483298
AS-ABMO,12,10,8,2924.095822776666,2911.371284722564,10.0,224.09582277666595
AS-ABMO,12,10,9,2922.1411337115105,2909.4355796882,9.935148723675749,222.14113371151052
AS-ABMO,12,10,10,2919.393405358006,2902.9807911218218,9.978502328343872,219.39340535800602
AS-ABMO,12,10,11,2917.485779781848,2902.141638571743,9.967574361837874,217.48577978184812
AS-ABMO,12,10,12,2915.0408970775165,2899.157800338805,9.989072033494002,215.04089707751655
AS-ABMO,12,10,13,2913.5205694961205,2893.6757419467776,9.913997568171196,213.52056949612052
AS-ABMO,12,10,14,2911.6273723364498,2889.8829252000514,9.956646395331877,211.62737233644975
AS-ABMO,12,10,15,2908.1542542142693,2888.75345893996,9.967574361837874,208.15425421426926
AS-ABMO,12,10,16,2907.5505440117627,2887.672665421473,9.956646395331877,207.55054401176267
AS-ABMO,12,10,17,2905.995574540659,2886.0780339569224,9.956288133976008,205.99557454065916
AS-ABMO,12,10,18,2903.9937929597627,2885.842259201124,9.935148723675749,203.9937929597627
AS-ABMO,12,10,19,2900.5275816272424,2884.862458867214,9.95735117283932,200.5275816272424
AS-ABMO,12,10,20,2899.036237030383,2884.091470242378,9.924925534677197,199.03623703038284
AS-ABMO,12,10,21,2897.7721972971863,2881.8532645529203,9.904109535173529,197.77219729718627
AS-ABMO,12,10,22,2891.8397359474225,2879.2617506517063,9.924925534677197,191.83973594742247
AS-ABMO,12,10,23,2889.2586309273,2879.2617506517063,9.91365105201962,189.25863092730015
AS-ABMO,12,10,24,2888.401688507451,2879.2617506517063,9.91640160346808,188.40168850745113
AS-ABMO,12,10,25,2886.951402500084,2877.642399192357,9.967574361837874,186.951402500084
AS-ABMO,12,10,26,2885.5963947794294,2877.007786087528,9.925607206829657,185.59639477942937
AS-ABMO,12,10,27,2884.985085878994,2876.5517236410724,9.91640160346808,184.98508587899414
AS-ABMO,12,10,28,2884.468566536066,2875.129757411459,9.88727625077747,184.4685665360662
AS-ABMO,12,10,29,2884.023499587812,2874.4826434718093,9.85555539012279,184.02349958781178
AS-ABMO,12,10,30,2883.63386760039,2874.379472106184,9.935148723675749,183.6338676003902
AS-ABMO,12,10,31,2883.4719997983125,2874.379472106184,9.945718428825876,183.47199979831248
AS-ABMO,12,10,32,2883.2979890959905,2874.1817887019506,9.883975965305954,183.2979890959905
AS-ABMO,12,10,33,2883.171662572732,2873.867377297768,9.885362414965858,183.1716625727322
AS-ABMO,12,10,34,2882.8332731903124,2873.6894919514234,9.866906487666736,182.8332731903124
AS-ABMO,12,10,35,2882.295801397491,2873.6894919514234,9.876470352384183,182.29580139749078
AS-ABMO,12,10,36,2882.0131203485244,2873.392768459953,9.760727964159631,182.01312034852435
AS-ABMO,12,10,37,2881.376681565274,2872.552445747371,9.772185443498476,181.37668156527388
AS-ABMO,12,10,38,2881.1689861843465,2872.552445747371,9.789427987047054,181.16898618434652
AS-ABMO,12,10,39,2880.964837618624,2872.53161645768,9.814476009303288,180.9648376186242
AS-ABMO,12,10,40,2880.6509879154487,2872.53161645768,9.830757432995146,180.6509879154487
AS-ABMO,12,10,41,2878.993880205996,2871.67884458559,9.79076898348062,178.993880205996
AS-ABMO,12,10,42,2878.74740332967,2871.666057039871,9.873752776307402,178.74740332966985
AS-ABMO,12,10,43,2878.3041452993352,2871.305983025401,9.82383452946811,178.30414529933523
AS-ABMO,12,10,44,2877.959077023483,2871.305983025401,9.814651273977884,177.95907702348313
AS-ABMO,12,10,45,2876.385431163568,2871.1569027152336,9.863205419028622,176.38543116356777
AS-ABMO,12,10,46,2876.2449158929803,2871.1569027152336,9.809259761339018,176.24491589298032
AS-ABMO,12,10,47,2876.0943639060747,2871.1569027152336,9.82419279082398,176.0943639060747
AS-ABMO,12,10,48,2875.986960469668,2871.1563931280607,9.810646210998923,175.9869604696678
AS-ABMO,12,10,49,2875.7501023799696,2870.7236501742827,9.811283920059047,175.75010237996958
AS-ABMO,12,10,50,2875.490847722756,2870.493361177288,9.853227969712282,175.49084772275592
AS-ABMO,12,10,51,2875.2065695511005,2870.039136729244,9.844627423616792,175.20656955110053
AS-ABMO,12,10,52,2875.132543679966,2870.020715881196,9.730576549846129,175.13254367996615
AS-ABMO,12,10,53,2874.874540060352,2870.020715881196,9.734601029280832,174.87454006035205
AS-ABMO,12,10,54,2874.5989878734204,2870.020715881196,9.78222563581576,174.59898787342036
AS-ABMO,12,10,55,2874.270549761806,2869.5240088380115,9.813687955355933,174.2705497618058
AS-ABMO,12,10,56,2874.140866706649,2869.218335503003,9.821830519854192,174.14086670664892
AS-ABMO,12,10,57,2873.667962576877,2869.218335503003,9.73194065163468,173.66796257687702
AS-ABMO,12,10,58,2873.133408677669,2868.967992063712,9.737249388244573,173.1334086776692
AS-ABMO,12,10,59,2873.010538323862,2868.967992063712,9.77687957640323,173.01053832386197
AS-ABMO,12,10,60,2872.7908899228905,2868.967992063712,9.809282109210368,172.79088992289053
AS-ABMO,12,10,61,2872.6913070619803,2868.967992063712,9.842300003206285,172.6913070619803
AS-ABMO,12,10,62,2872.658050284431,2868.95403244358,9.76899335425424,172.65805028443083
AS-ABMO,12,10,63,2872.6080354654605,2868.95403244358,9.769293659695844,172.6080354654605
AS-ABMO,12,10,64,2872.5645072575057,2868.791881683669,9.811015832505486,172.56450725750574
AS-ABMO,12,10,65,2872.41319279078,2868.791881683669,9.701941396640786,172.41319279078016
AS-ABMO,12,10,66,2872.147874907315,2868.746084315598,9.711209743003304,172.14787490731487
AS-ABMO,12,10,67,2872.126862017018,2868.746084315598,9.70336824143028,172.12686201701808
AS-ABMO,12,10,68,2872.082202394828,2868.746084315598,9.715485777700604,172.08220239482807
AS-ABMO,12,10,69,2871.9775754153547,2868.746084315598,9.78456260266532,171.97757541535475
AS-ABMO,12,10,70,2871.767060812005,2868.7231944580726,9.728257347538458,171.76706081200518
AS-ABMO,12,10,71,2871.719034194449,2868.7231944580726,9.617424957368678,171.7190341944488
AS-ABMO,12,10,72,2871.6895195653133,2868.7231944580726,9.60679805378792,171.68951956531328
AS-ABMO,12,10,73,2871.635703061536,2868.705041557314,9.570501103091113,171.63570306153588
AS-ABMO,12,10,74,2871.620791039441,2868.705041557314,9.52201778212271,171.62079103944097
AS-ABMO,12,10,75,2871.5286050883565,2868.673538466123,9.6359568881333,171.52860508835647
AS-ABMO,12,10,76,2871.498475129108,2868.672134711848,9.639845793291768,171.4984751291081
AS-ABMO,12,10,77,2871.4964815463727,2868.672134711848,9.586952805767195,171.4964815463727
AS-ABMO,12,10,78,2871.447695305279,2868.654730845656,9.61126829336098,171.447695305279
AS-ABMO,12,10,79,2871.3989022529413,2868.554957978091,9.652637317141222,171.3989022529413
AS-ABMO,12,10,80,2871.3376117789894,2868.5294184156046,9.62951895776995,171.3376117789894
AS-ABMO,12,10,81,2871.278915872941,2868.5294184156046,9.54963338004916,171.27891587294107
AS-ABMO,12,10,82,2871.2586573264925,2868.5079251270167,9.564094953988056,171.25865732649254
AS-ABMO,12,10,83,2871.2313929974066,2868.395175098417,9.580246426998563,171.2313929974066
AS-ABMO,12,10,84,2871.1293032392014,2868.372112452924,9.560823077330635,171.12930323920136
AS-ABMO,12,10,85,2871.1095826249366,2868.354795406942,9.56994701871374,171.1095826249366
AS-ABMO,12,10,86,2870.9758860587785,2868.354550128124,9.510419487354724,170.97588605877854
AS-ABMO,12,10,87,2870.414226054032,2868.3476458613404,9.59205861092872,170.41422605403204
AS-ABMO,12,10,88,2870.40931833404,2868.3476458613404,9.488296838758345,170.4093183340401
AS-ABMO,12,10,89,2870.3067302224376,2868.3476458613404,9.554319469051396,170.30673022243764
AS-ABMO,12,10,90,2870.289977654688,2868.3398519640023,9.472541769163396,170.28997765468785
AS-ABMO,12,10,91,2870.1795609632,2868.296221085584,9.470858207864058,170.17956096319995
AS-ABMO,12,10,92,2870.151055824731,2868.261152870423,9.521415216303138,170.15105582473097
AS-ABMO,12,10,93,2870.132082242893,2868.22881151361,9.525399452828529,170.13208224289292
AS-ABMO,12,10,94,2870.113585882357,2868.22881151361,9.53199666665756,170.1135858823568
AS-ABMO,12,10,95,2870.084953104133,2868.153918783354,9.56839479614078,170.0849531041331
AS-ABMO,12,10,96,2870.0688183193056,2868.0477191290665,9.53105562921976,170.0688183193056
AS-ABMO,12,10,97,2870.0552103374407,2868.04675949207,9.538613215247349,170.0552103374407
AS-ABMO,12,10,98,2870.030960053185,2868.0322509823727,9.501353486538402,170.03096005318503
AS-ABMO,12,10,99,2869.998520461406,2867.794729231963,9.538662560418958,169.99852046140586
AS-ABMO,12,10,100,2869.9811688614773,2867.794729231963,9.548487002781076,169.98116886147727
AS-ABMO,12,10,101,2869.971949208938,2867.794255003434,9.533811448714127,169.97194920893799
AS-ABMO,12,10,102,2869.961616050647,2867.792700565715,9.494096833450069,169.96161605064708
AS-ABMO,12,10,103,2869.951035789056,2867.7925829721344,9.487949540122017,169.95103578905582
AS-ABMO,12,10,104,2869.9392247426827,2867.781064729243,9.513178880744595,169.93922474268265
AS-ABMO,12,10,105,2869.932044446086,2867.781064729243,9.47539978539661,169.9320444460859
AS-ABMO,12,10,106,2869.9197476273457,2867.780564210726,9.485460428451024,169.9197476273457
AS-ABMO,12,10,107,2869.9164132213164,2867.780286546693,9.446774824759023,169.91641322131636
AS-ABMO,12,10,108,2869.913505239536,2867.774614306647,9.457456226543488,169.91350523953588
AS-ABMO,12,10,109,2869.906664874077,2867.774614306647,9.423251733379791,169.9066648740768
AS-ABMO,12,10,110,2869.9037522431413,2867.773426511649,9.452795356210755,169.9037522431413
AS-ABMO,12,10,111,2869.8986835834417,2867.773426511649,9.449154489201142,169.89868358344165
AS-ABMO,12,10,112,2869.8977684379115,2867.770586417013,9.472662781491776,169.8977684379115
AS-ABMO,12,10,113,2869.8951844380344,2867.770586417013,9.481841507441992,169.89518443803445
AS-ABMO,12,10,114,2869.890503279777,2867.770586417013,9.511979440210892,169.89050327977702
AS-ABMO,12,10,115,2869.8881539461245,2867.7672631088826,9.51090821902454,169.88815394612448
AS-ABMO,12,10,116,2869.883732417857,2867.7672631088826,9.543208450181677,169.88373241785712
AS-ABMO,12,10,117,2869.880672610171,2867.7672631088826,9.51512002402878,169.88067261017113
AS-ABMO,12,10,118,2869.879804250297,2867.766578885885,9.520008711609496,169.87980425029718
AS-ABMO,12,10,119,2869.875902946051,2867.76590093012,9.511159534396713,169.87590294605116
AS-ABMO,12,10,120,2869.86628976403,2867.76590093012,9.491236584127272,169.86628976403017
AS-ABMO,12,10,121,2869.8646225178954,2867.765736093491,9.47684837307497,169.86462251789544
AS-ABMO,12,10,122,2869.8619640531147,2867.765736093491,9.491516655020495,169.86196405311466
AS-ABMO,12,10,123,2869.850169089173,2867.765736093491,9.53637296138536,169.85016908917305
AS-ABMO,12,10,124,2869.849144965746,2867.765731960977,9.551486649271007,169.84914496574584
AS-ABMO,12,10,125,2869.8479368287244,2867.765246215873,9.585489959748994,169.84793682872441
AS-ABMO,12,10,126,2869.84659276754,2867.764976577895,9.560977954314184,169.8465927675402
AS-ABMO,12,10,127,2869.843849544747,2867.7649624647142,9.593270218487795,169.84384954474717
AS-ABMO,12,10,128,2869.840670788438,2867.7649594545865,9.600101524012905,169.84067078843782
AS-ABMO,12,10,129,2869.8400727558765,2867.7649250702952,9.61251769875033,169.84007275587646
AS-ABMO,12,10,130,2869.839307586013,2867.764891367612,9.633292551106267,169.8393075860131
AS-ABMO,12,10,131,2869.832675105496,2867.764876052493,9.6769933049412,169.83267510549604
AS-ABMO,12,10,132,2869.8300407888264,2867.764876052493,9.707014131737813,169.8300407888264
AS-ABMO,12,10,133,2869.829820814833,2867.764863459238,9.668612719225614,169.82982081483306
AS-ABMO,12,10,134,2869.829263887123,2867.764863459238,9.702993957526443,169.82926388712303
AS-ABMO,12,10,135,2869.8288119243366,2867.764843752573,9.702993957526443,169.8288119243366
AS-ABMO,12,10,136,2869.8285344120973,2867.7647623501507,9.697427937734014,169.82853441209727
AS-ABMO,12,10,137,2869.826954427891,2867.764741250705,9.698067069490746,169.826954427891
AS-ABMO,12,10,138,2869.8251981613785,2867.748179849034,9.678114126092064,169.82519816137847
AS-ABMO,12,10,139,2869.780799554069,2867.3618676966253,9.682470547322996,169.78079955406884
AS-ABMO,12,10,140,2869.780702637187,2867.3618676966253,9.703073842974751,169.780702637187
AS-ABMO,12,10,141,2869.7806277003388,2867.3618676966253,9.727797093409857,169.78062770033875
AS-ABMO,12,10,142,2869.7771573910286,2867.361866620148,9.71348918614317,169.7771573910286
AS-ABMO,12,10,143,2869.776793199603,2867.3615826224705,9.691417609570063,169.77679319960316
AS-ABMO,12,10,144,2869.776491056578,2867.3615826224705,9.681170656056162,169.77649105657792
AS-ABMO,12,10,145,2869.7750550839583,2867.361582501875,9.667444455113555,169.77505508395825
AS-ABMO,12,10,146,2869.7679452513867,2867.3615824697818,9.693373153948142,169.76794525138666
AS-ABMO,12,10,147,2869.763856395399,2867.3615823235577,9.660965207943535,169.76385639539922
AS-ABMO,12,10,148,2869.7632482619074,2867.3615822701045,9.654313371729108,169.7632482619074
AS-ABMO,12,10,149,2869.763096450559,2867.3615820965592,9.63454732812994,169.7630964505588
AS-ABMO,12,10,150,2869.762896336391,2867.3615820965592,9.585427940551275,169.7628963363909
AS-ABMO,12,10,151,2869.756590561672,2867.36158207238,9.573433848899672,169.75659056167206
AS-ABMO,12,10,152,2869.7564845871166,2867.3615820494624,9.613849519703145,169.75648458711657
AS-ABMO,12,10,153,2869.755348239944,2867.3615820494624,9.688684702234886,169.75534823994394
AS-ABMO,12,10,154,2869.7540025797293,2867.361582046706,9.678439223835763,169.75400257972933
AS-ABMO,12,10,155,2869.752843841614,2867.361580957549,9.666276037526,169.75284384161387
AS-ABMO,12,10,156,2869.75249040232,2867.361580957549,9.60773394482128,169.75249040231984
AS-ABMO,12,10,157,2869.75233994861,2867.361533834377,9.5423270629501,169.75233994860992
AS-ABMO,12,10,158,2869.7501944563046,2867.3615338325494,9.511850751125031,169.7501944563046
AS-ABMO,12,10,159,2869.7492335161924,2867.361533830782,9.467914653571226,169.74923351619236
AS-ABMO,12,10,160,2869.748970708583,2867.361481229173,9.392760028656436,169.74897070858287
AS-ABMO,12,10,161,2869.74829266804,2867.361480790173,9.349262437161755,169.74829266804
AS-ABMO,12,10,162,2869.7481871575733,2867.361480790173,9.347570217963396,169.74818715757328
AS-ABMO,12,10,163,2869.747663009495,2867.361480790173,9.289604393579877,169.74766300949523
AS-ABMO,12,10,164,2869.746572133202,2867.361480790173,9.232902467427532,169.74657213320188
AS-ABMO,12,10,165,2869.746016868265,2867.361480790143,9.132722738681997,169.7460168682651
AS-ABMO,12,10,166,2869.744979608457,2867.3614807899307,9.06963551211512,169.74497960845702
AS-ABMO,12,10,167,2869.744789871115,2867.36148078908,8.972155109602765,169.7447898711148
AS-ABMO,12,10,168,2869.7444919137643,2867.36148078908,8.938523614136493,169.74449191376425
AS-ABMO,12,10,169,2869.743918698847,2867.361480789068,8.882958620709067,169.7439186988472
AS-ABMO,12,10,170,2869.7432845692933,2867.3614807883505,8.895594211664745,169.74328456929334
AS-ABMO,12,10,171,2869.743208179326,2867.36148078793,8.788578375481073,169.74320817932585
AS-ABMO,12,10,172,2869.743149929223,2867.36148078793,8.713986227361,169.7431499292229
AS-ABMO,12,10,173,2869.74310366106,2867.3614807875865,8.57883195445079,169.7431036610601
AS-ABMO,12,10,174,2869.7428432067013,2867.36148078745,8.413128337496694,169.7428432067013
AS-ABMO,12,10,175,2869.7422362331254,2867.3614792183544,8.33027778550471,169.74223623312537
AS-ABMO,12,10,176,2869.7420970396765,2867.361479218353,8.224228049556732,169.74209703967654
AS-ABMO,12,10,177,2869.7420760247983,2867.3614792182507,8.12529941418807,169.74207602479828
AS-ABMO,12,10,178,2869.7419236761566,2867.361479218243,7.982863610477542,169.7419236761566
AS-ABMO,12,10,179,2869.7416609917664,2867.361479218184,8.00377737792638,169.74166099176637
AS-ABMO,12,10,180,2869.741561376032,2867.361479218161,7.94695032768017,169.74156137603222
AS-ABMO,12,10,181,2869.7413588552827,2867.361479218117,7.784622081375139,169.74135885528267
AS-ABMO,12,10,182,2869.741086266756,2867.3614792181056,7.726780427091743,169.74108626675616
AS-ABMO,12,10,183,2869.740165661626,2867.361479218105,7.562188295550433,169.74016566162618
AS-ABMO,12,10,184,2869.739831708501,2867.361479218102,7.401408309725836,169.7398317085008
AS-ABMO,12,10,185,2869.739729289484,2867.361479218101,7.310785647802833,169.73972928948388
AS-ABMO,12,10,186,2869.73962598608,2867.3614792180983,7.2336950079181825,169.73962598607977
AS-ABMO,12,10,187,2869.738838653633,2867.3614792180983,7.1339691459881065,169.73883865363314
AS-ABMO,12,10,188,2869.73843012724,2867.361479218098,7.133025571861788,169.73843012724
AS-ABMO,12,10,189,2869.7384085162967,2867.361479218098,7.114040068099126,169.73840851629666
AS-ABMO,12,10,190,2869.7381279722567,2867.3612812069623,7.035565349217401,169.73812797225673
AS-ABMO,12,10,191,2869.738126712385,2867.3612812069614,6.990805674197701,169.7381267123851
AS-ABMO,12,10,192,2869.7378040117624,2867.3612812069614,6.946848221883672,169.73780401176236
AS-ABMO,12,10,193,2869.73740762951,2867.361281206961,6.913725717630143,169.73740762951002
AS-ABMO,12,10,194,2869.7373697921907,2867.361281206961,6.81998070669843,169.73736979219075
AS-ABMO,12,10,195,2869.737255330153,2867.361281206961,6.698653313970628,169.73725533015295
AS-ABMO,12,10,196,2869.737165074255,2867.361281206961,6.652425646712496,169.7371650742548
AS-ABMO,12,10,197,2869.7371618531006,2867.361281206961,6.564508960119096,169.7371618531006
AS-ABMO,12,10,198,2869.7371348440856,2867.361281206961,6.530685033657203,169.73713484408563
AS-ABMO,12,10,199,2869.737021615412,2867.361281206961,6.470735438532133,169.73702161541178
AS-ABMO,12,10,200,2869.736973456441,2867.361278865388,6.480717012488706,169.73697345644086
AS-ABMO,12,10,201,2869.736846320912,2867.361278865388,6.491455861372888,169.7368463209118
AS-ABMO,12,10,202,2869.736039740322,2867.361278865388,6.440758560197869,169.7360397403222
AS-ABMO,12,10,203,2869.736030154664,2867.361274797805,6.4499054365291135,169.73603015466415
AS-ABMO,12,10,204,2869.73597420366,2867.361274797805,6.4336689568627685,169.73597420366013
AS-ABMO,12,10,205,2869.7359734519587,2867.361274797805,6.378498657242975,169.73597345195867
AS-ABMO,12,10,206,2869.7356858071016,2867.361274797805,6.268443598701124,169.73568580710162
AS-ABMO,12,10,207,2869.735559582975,2867.361274797805,6.281262944957825,169.73555958297493
AS-ABMO,12,10,208,2869.7355587922,2867.361274797805,6.246640483139208,169.7355587922002
AS-ABMO,12,10,209,2869.7355555475515,2867.361274797805,6.173652703586894,169.73555554755148
AS-ABMO,12,10,210,2869.73519606631,2867.361274797805,6.066303455407195,169.73519606630998
AS-ABMO,12,10,211,2869.735139076552,2867.361274797805,5.918997031876626,169.73513907655206
AS-ABMO,12,10,212,2869.735102624523,2867.361274797805,5.801603307412461,169.73510262452282
AS-ABMO,12,10,213,2869.735058172491,2867.361274797805,5.725993524751423,169.73505817249088
AS-ABMO,12,10,214,2869.7350083830725,2867.361274719283,5.631705813691228,169.73500838307245
AS-ABMO,12,10,215,2869.735000966858,2867.361274700132,5.538544654557829,169.73500096685802
AS-ABMO,12,10,216,2869.734985697768,2867.361274700132,5.448832556609674,169.73498569776802
AS-ABMO,12,10,217,2869.7349853387145,2867.361274700132,5.367682753848615,169.73498533871452
AS-ABMO,12,10,218,2869.734981466826,2867.361274700132,5.249968964299166,169.73498146682596
AS-ABMO,12,10,219,2869.7349697866425,2867.361274700132,5.140869252693575,169.73496978664252
AS-ABMO,12,10,220,2869.734954933533,2867.361274700132,5.020306355555827,169.73495493353312
AS-ABMO,12,10,221,2869.7349474890507,2867.361274700132,4.990005750960081,169.73494748905068
AS-ABMO,12,10,222,2869.734940942556,2867.361274700132,4.958300459359851,169.73494094255602
AS-ABMO,12,10,223,2869.734940506934,2867.361274700132,4.894791412777021,169.73494050693398
AS-ABMO,12,10,224,2869.734937410467,2867.361274700132,4.928952123068101,169.73493741046696
AS-ABMO,12,10,225,2869.734924640443,2867.361274700132,4.898288030186835,169.73492464044284
AS-ABMO,12,10,226,2869.7348936396,2867.361274700132,4.841440565446747,169.73489363960016
AS-ABMO,12,10,227,2869.734893111144,2867.361274579854,4.821453096479706,169.73489311114417
AS-ABMO,12,10,228,2869.7348901883065,2867.3612743115,4.765095520296089,169.7348901883065
AS-ABMO,12,10,229,2869.734881508115,2867.361273999983,4.695328430979809,169.734881508115
AS-ABMO,12,10,230,2869.734881442903,2867.361273596708,4.650555313710364,169.73488144290286
AS-ABMO,12,10,231,2869.734877438096,2867.3612731904223,4.61217481540342,169.7348774380962
AS-ABMO,12,10,232,2869.734861991078,2867.361272772788,4.545046305328409,169.7348619910781
AS-ABMO,12,10,233,2869.734789967592,2867.361272772788,4.473045553818661,169.73478996759195
AS-ABMO,12,10,234,2869.734788553944,2867.361272772788,4.426044010778534,169.73478855394387
AS-ABMO,12,10,235,2869.734770317612,2867.361271127031,4.424718994538171,169.73477031761195
AS-ABMO,12,10,236,2869.7347681376323,2867.361271127031,4.437514560635475,169.73476813763227
AS-ABMO,12,10,237,2869.7347533309453,2867.361270489376,4.490103601708244,169.7347533309453
AS-ABMO,12,10,238,2869.734748233321,2867.361270489376,4.475563029469867,169.73474823332117
AS-ABMO,12,10,239,2869.7347478819,2867.361270489376,4.409339028160306,169.73474788190015
AS-ABMO,12,10,240,2869.7347467957447,2867.361270489376,4.390358378009326,169.73474679574474
AS-ABMO,12,10,241,2869.7347459026964,2867.361270489376,4.319543673647842,169.73474590269643
AS-ABMO,12,10,242,2869.734724272104,2867.36126761602,4.302566412596069,169.7347242721039
AS-ABMO,12,10,243,2869.7347186820484,2867.361263269117,4.236389654144913,169.73471868204842
AS-ABMO,12,10,244,2869.7347119997885,2867.361263269117,4.173768700642946,169.7347119997885
AS-ABMO,12,10,245,2869.734709546232,2867.361261877209,4.137790889508815,169.7347095462319
AS-ABMO,12,10,246,2869.7347039882616,2867.361261877209,4.08358839887156,169.73470398826157
AS-ABMO,12,10,247,2869.7347032425846,2867.361261877209,4.055052402449625,169.7347032425846
AS-ABMO,12,10,248,2869.734680780105,2867.361261877209,4.032937667069848,169.734680780105
AS-ABMO,12,10,249,2869.7346444224504,2867.361261877209,4.00487343687065,169.7346444224504
AS-ABMO,12,10,250,2869.734643046096,2867.361261877209,3.916751633508568,169.73464304609615
AS-ABMO,12,10,251,2869.7345899434067,2867.361261877209,3.852927459664388,169.73458994340672
AS-ABMO,12,10,252,2869.734586074768,2867.3612612990373,3.827201381368604,169.73458607476778
AS-ABMO,12,10,253,2869.734431464024,2867.3612612990373,3.795986497520892,169.73443146402406
AS-ABMO,12,10,254,2869.7344304857347,2867.361258790878,3.7781665935228266,169.73443048573472
AS-ABMO,12,10,255,2869.734428985457,2867.3612579318865,3.749601616926853,169.73442898545682
AS-ABMO,12,10,256,2869.734425926542,2867.3612579318865,3.673076114580597,169.73442592654192
AS-ABMO,12,10,257,2869.734418687006,2867.3612579318865,3.623436784943781,169.73441868700593
AS-ABMO,12,10,258,2869.734413318215,2867.3612579318865,3.612458703060471,169.73441331821505
AS-ABMO,12,10,259,2869.734409129886,2867.3612579318865,3.5762594754726544,169.734409129886
AS-ABMO,12,10,260,2869.734403681407,2867.3612579318865,3.586610321870813,169.734403681407
AS-ABMO,12,10,261,2869.734402654586,2867.3612579318865,3.5608590847434027,169.73440265458612
AS-ABMO,12,10,262,2869.734395972162,2867.3612579318865,3.5935456741890826,169.73439597216202
AS-ABMO,12,10,263,2869.734366527181,2867.3612579318865,3.616954878124935,169.734366527181
AS-ABMO,12,10,264,2869.7343245318407,2867.3612579318865,3.6579053765509535,169.73432453184068
AS-ABMO,12,10,265,2869.733047234362,2867.3612579318865,3.718155772936419,169.73304723436195
AS-ABMO,12,10,266,2869.732447386928,2867.3612579318865,3.666901512626042,169.73244738692802
AS-ABMO,12,10,267,2869.732419322311,2867.3612579318865,3.670832046130366,169.73241932231122
AS-ABMO,12,10,268,2869.732261108717,2867.3612579318865,3.693513548099025,169.732261108717
AS-ABMO,12,10,269,2869.7322608247,2867.361257927172,3.6607746862129646,169.7322608247
AS-ABMO,12,10,270,2869.7322258661766,2867.361257927172,3.7009149298898767,169.73222586617658
AS-ABMO,12,10,271,2869.7321629990925,2867.3612578153297,3.660064579479005,169.73216299909245
AS-ABMO,12,10,272,2869.7321204076125,2867.3612578153297,3.651178753706426,169.73212040761246
AS-ABMO,12,10,273,2869.731820186639,2867.361257745791,3.6566452072102953,169.7318201866392
AS-ABMO,12,10,274,2869.731013323008,2867.3612577395106,3.642427539165532,169.73101332300803
AS-ABMO,12,10,275,2869.730876916657,2867.3612577395106,3.653974364552887,169.73087691665705
AS-ABMO,12,10,276,2869.730789030124,2867.3612575460456,3.5937029614180203,169.73078903012401
AS-ABMO,12,10,277,2869.729765897506,2867.3612575460456,3.5644795397149096,169.72976589750579
AS-ABMO,12,10,278,2869.72976304299,2867.361257511709,3.528698369979639,169.72976304298982
AS-ABMO,12,10,279,2869.729763035205,2867.361257511709,3.4787299387828083,169.729763035205
AS-ABMO,12,10,280,2869.7297629868845,2867.361256941277,3.4131986595263006,169.72976298688445
AS-ABMO,12,10,281,2869.72975575841,2867.361256941277,3.4443294988530786,169.7297557584102
AS-ABMO,12,10,282,2869.729745845446,2867.361256377986,3.4817134142734902,169.7297458454459
AS-ABMO,12,10,283,2869.729745839249,2867.361256377986,3.454851649345444,169.72974583924906
AS-ABMO,12,10,284,2869.729744295938,2867.361256377986,3.47036389110226,169.72974429593796
AS-ABMO,12,10,285,2869.7297436716544,2867.361256377986,3.4240051251895034,169.72974367165443
AS-ABMO,12,10,286,2869.729641719915,2867.3612552613013,3.432541372681605,169.72964171991498
AS-ABMO,12,10,287,2869.729550166652,2867.3612552613013,3.3877570508843675,169.7295501666522
AS-ABMO,12,10,288,2869.7295360744856,2867.3612552613013,3.3969453904991065,169.72953607448562
AS-ABMO,12,10,289,2869.729533898167,2867.3612552613013,3.372467882384963,169.72953389816712
AS-ABMO,12,10,290,2869.7294385920177,2867.3612552613013,3.331211720910672,169.7294385920177
AS-ABMO,12,10,291,2869.7292313797434,2867.3612552613013,3.334741704870334,169.7292313797434
AS-ABMO,12,10,292,2869.729189200938,2867.361255255848,3.3175417967002967,169.72918920093798
AS-ABMO,12,10,293,2869.7291081909384,2867.3612551542974,3.3041342341451525,169.7291081909384
AS-ABMO,12,10,294,2869.7289888431064,2867.3612551542974,3.339618212475121,169.72898884310644
AS-ABMO,12,10,295,2869.728943787799,2867.3612551542974,3.3449980276340496,169.72894378779893
AS-ABMO,12,10,296,2869.728275154738,2867.3612551542974,3.344795213674202,169.72827515473818
AS-ABMO,12,10,297,2869.72819675569,2867.361255128361,3.309211997046129,169.72819675569008
AS-ABMO,12,10,298,2869.7281805703856,2867.361255128361,3.3436009473700827,169.72818057038558
AS-ABMO,12,10,299,2869.7281794190653,2867.361255128361,3.3102749967625327,169.72817941906533
AS-ABMO,12,10,300,2869.728164585209,2867.361255128361,3.319561244554119,169.72816458520902
AS-ABMO,12,10,301,2869.728143727864,2867.361255128361,3.310552383983378,169.72814372786388
AS-ABMO,12,10,302,2869.7281425550464,2867.361255128361,3.267805779125377,169.72814255504636
AS-ABMO,12,10,303,2869.728134097418,2867.3612551259803,3.2240998031241697,169.7281340974182
AS-ABMO,12,10,304,2869.7280918357,2867.3612551259803,3.2309147801049383,169.72809183570007
AS-ABMO,12,10,305,2869.7280906294814,2867.3612551240794,3.2236152727910263,169.72809062948136
AS-ABMO,12,10,306,2869.728058515671,2867.3612551240794,3.176191290351628,169.7280585156709
AS-ABMO,12,10,307,2869.7280427136407,2867.361255123993,3.179691811408249,169.72804271364066
AS-ABMO,12,10,308,2869.7280305537847,2867.361251424856,3.119393061502772,169.72803055378472
AS-ABMO,12,10,309,2869.727991633385,2867.361251424856,3.0709450149072097,169.72799163338505
AS-ABMO,12,10,310,2869.727968426468,2867.361251424856,3.094858395618344,169.72796842646812
AS-ABMO,12,10,311,2869.7279600957936,2867.361251424856,3.0672797454950227,169.7279600957936
AS-ABMO,12,10,312,2869.727903317106,2867.361251424856,2.994652335731712,169.7279033171062
AS-ABMO,12,10,313,2869.7278976056336,2867.361251424856,2.965406626865403,169.72789760563364
AS-ABMO,12,10,314,2869.727860644938,2867.361249419323,2.8917749834877,169.72786064493812
AS-ABMO,12,10,315,2869.727859030099,2867.361249419323,2.8501917541200186,169.7278590300989
AS-ABMO,12,10,316,2869.7278482971083,2867.361249419323,2.775460481253426,169.72784829710827
AS-ABMO,12,10,317,2869.7278430667893,2867.361249419323,2.724047050159767,169.72784306678932
AS-ABMO,12,10,318,2869.7277952311324,2867.361249419323,2.705310964389406,169.7277952311324
AS-ABMO,12,10,319,2869.7277740487143,2867.361249419323,2.615016197034828,169.7277740487143
AS-ABMO,12,10,320,2869.7277716426106,2867.361249419323,2.55255553261115,169.7277716426106
AS-ABMO,12,10,321,2869.7277638491632,2867.361246743424,2.542777744594527,169.72776384916324
AS-ABMO,12,10,322,2869.727760014632,2867.361246743424,2.496590826708722,169.72776001463217
AS-ABMO,12,10,323,2869.727755305044,2867.361246743424,2.4995070436167195,169.72775530504396
AS-ABMO,12,10,324,2869.7277261215804,2867.361246743424,2.482931063326584,169.72772612158042
AS-ABMO,12,10,325,2869.7276901831483,2867.361246743424,2.455042545648764,169.7276901831483
AS-ABMO,12,10,326,2869.727656695772,2867.3612454272675,2.4165621136129243,169.7276566957721
AS-ABMO,12,10,327,2869.7276532502324,2867.3612454272675,2.379351451948366,169.72765325023238
AS-ABMO,12,10,328,2869.7276522312663,2867.3612454272675,2.303898140592452,169.72765223126635
AS-ABMO,12,10,329,2869.727652155105,2867.3612454272675,2.252523559445992,169.7276521551048
AS-ABMO,12,10,330,2869.7276517723444,2867.3612454272675,2.2341665066629983,169.72765177234442
AS-ABMO,12,10,331,2869.727647532125,2867.3612454272675,2.205209300780548,169.72764753212505
AS-ABMO,12,10,332,2869.7276432962567,2867.3612454272675,2.157741886554422,169.7276432962567
AS-ABMO,12,10,333,2869.72764214004,2867.3612454272675,2.169822010342469,169.7276421400402
AS-ABMO,12,10,334,2869.727640757889,2867.3612454272675,2.115121061233488,169.72764075788882
AS-ABMO,12,10,335,2869.727640700142,2867.3612454272675,2.0927161495819715,169.72764070014182
AS-ABMO,12,10,336,2869.727637638916,2867.3612450741616,2.0549083416769105,169.7276376389159
AS-ABMO,12,10,337,2869.727621761213,2867.3612450741616,2.0399106014341264,169.72762176121296
AS-ABMO,12,10,338,2869.7276217437534,2867.3612450741616,2.022942085027004,169.7276217437534
AS-ABMO,12,10,339,2869.7276216770288,2867.3612450741616,2.0205140230575456,169.72762167702876
AS-ABMO,12,10,340,2869.7276215646693,2867.3612450741616,2.0288380209710635,169.72762156466933
AS-ABMO,12,10,341,2869.7276203912547,2867.3612450741616,2.047964692724592,169.72762039125473
AS-ABMO,12,10,342,2869.727620088745,2867.3612417535287,2.0421250171891123,169.72762008874497
AS-ABMO,12,10,343,2869.7276195883824,2867.3612417535287,2.0184216059771543,169.72761958838237
AS-ABMO,12,10,344,2869.7275341850964,2867.3612417535287,1.989907107891374,169.72753418509637
AS-ABMO,12,10,345,2869.7274142670585,2867.3612417535287,1.9536505902504075,169.72741426705852
AS-ABMO,12,10,346,2869.7272606733727,2867.3612417535287,1.9302121666253025,169.7272606733727
AS-ABMO,12,10,347,2869.7272427506696,2867.3612417535287,1.8810555206226336,169.72724275066957
AS-ABMO,12,10,348,2869.727203503804,2867.3612417535287,1.850390570207798,169.72720350380405
AS-ABMO,12,10,349,2869.7271043190094,2867.3612377435,1.8406216343409607,169.7271043190094
AS-ABMO,12,10,350,2869.727062281866,2867.3612377435,1.782185259852407,169.72706228186598
AS-ABMO,12,10,351,2869.727061708769,2867.3612377435,1.7454173618198514,169.72706170876882
AS-ABMO,12,10,352,2869.7270492625707,2867.3612377435,1.753375250138547,169.72704926257074
AS-ABMO,12,10,353,2869.727048588656,2867.3612372910625,1.7397128992902806,169.7270485886561
AS-ABMO,12,10,354,2869.7270267296467,2867.3612372910625,1.7077417374173016,169.7270267296467
AS-ABMO,12,10,355,2869.727013290023,2867.3612372910625,1.6745591269326956,169.72701329002302
AS-ABMO,12,10,356,2869.727012903585,2867.3612372910625,1.6665597104457623,169.7270129035851
AS-ABMO,12,10,357,2869.72701193634,2867.3612372910625,1.638434228327776,169.7270119363402
AS-ABMO,12,10,358,2869.7269742541,2867.3612372910625,1.6106338784971252,169.7269742540998
AS-ABMO,12,10,359,2869.7269695055315,2867.3612372910625,1.581599566962242,169.72696950553154
AS-ABMO,12,10,360,2869.726946444761,2867.3612372910625,1.57860159047842,169.72694644476087
AS-ABMO,12,10,361,2869.7269032102195,2867.3612372910625,1.553657148985835,169.72690321021946
AS-ABMO,12,10,362,2869.726862762177,2867.3612372910625,1.5487111478734554,169.726862762177
AS-ABMO,12,10,363,2869.72685151645,2867.3612372910625,1.542267523676877,169.7268515164501
AS-ABMO,12,10,364,2869.7267834729014,2867.3612372910625,1.5364276410330688,169.7267834729014
AS-ABMO,12,10,365,2869.726783315786,2867.3612372910625,1.5204800181904907,169.72678331578618
AS-ABMO,12,10,366,2869.726781503256,2867.3612372910625,1.5263724606011853,169.726781503256
AS-ABMO,12,10,367,2869.7267605706447,2867.3612372910625,1.520906500634876,169.72676057064473
AS-ABMO,12,10,368,2869.7267446876385,2867.3612372910625,1.516633041852333,169.72674468763853
AS-ABMO,12,10,369,2869.726733411999,2867.3612372910625,1.502169098928898,169.7267334119988
AS-ABMO,12,10,370,2869.7266506482247,2867.3612370560395,1.4894041754589955,169.72665064822468
AS-ABMO,12,10,371,2869.7266506297283,2867.3612370560395,1.4793605525100737,169.72665062972828
AS-ABMO,12,10,372,2869.726605188339,2867.3612370560395,1.4390746895993691,169.7266051883389
AS-ABMO,12,10,373,2869.7265771188627,2867.3612370560395,1.4297094575723122,169.72657711886268
AS-ABMO,12,10,374,2869.7265525571647,2867.3612370560395,1.403626040767859,169.72655255716472
AS-ABMO,12,10,375,2869.7265136637134,2867.3612370560395,1.3736069570668397,169.72651366371338
AS-ABMO,12,10,376,2869.726186369646,2867.3612370560395,1.3530600181333907,169.7261863696458
AS-ABMO,12,10,377,2869.726182599413,2867.3612370560395,1.3357661828922671,169.72618259941282
AS-ABMO,12,10,378,2869.7258264322136,2867.3612370560395,1.3637621877853967,169.72582643221358
AS-ABMO,12,10,379,2869.725826431272,2867.3612370560395,1.347402651873351,169.7258264312718
AS-ABMO,12,10,380,2869.7256572830897,2867.3612370560395,1.3384496228388028,169.72565728308973
AS-ABMO,12,10,381,2869.725632756166,2867.3612370560395,1.3478866437047776,169.72563275616585
AS-ABMO,12,10,382,2869.7256308581595,2867.3612370560395,1.3265905016068364,169.72563085815955
AS-ABMO,12,10,383,2869.725442618224,2867.3612370560395,1.295307904006807,169.72544261822395
AS-ABMO,12,10,384,2869.7253567655184,2867.3612370560395,1.308825899092899,169.72535676551843
AS-ABMO,12,10,385,2869.724710902909,2867.3612370560395,1.3098858483390652,169.724710902909
AS-ABMO,12,10,386,2869.724595879529,2867.3612370560395,1.303460653621027,169.7245958795288
AS-ABMO,12,10,387,2869.7242467862825,2867.3612370560395,1.3203032826314984,169.7242467862825
AS-ABMO,12,10,388,2869.7241426468754,2867.3612370560395,1.349005780205549,169.7241426468754
AS-ABMO,12,10,389,2869.724031080061,2867.3612370560395,1.353778224248829,169.7240310800612
AS-ABMO,12,10,390,2869.724031079831,2867.3612370560395,1.3652025063897368,169.7240310798311
AS-ABMO,12,10,391,2869.723875254213,2867.3612370560395,1.4140719286763954,169.723875254213
AS-ABMO,12,10,392,2869.723380331772,2867.3612370560395,1.4314644571275106,169.7233803317722
AS-ABMO,12,10,393,2869.7217973746824,2867.3612370560395,1.4879903789587936,169.7217973746824
AS-ABMO,12,10,394,2869.72179354055,2867.3612370560395,1.5065591664205134,169.72179354055015
AS-ABMO,12,10,395,2869.7217768088576,2867.3612370560395,1.5092015728337091,169.7217768088576
AS-ABMO,12,10,396,2869.7217709254223,2867.3612370560395,1.5085413069036002,169.72177092542233
AS-ABMO,12,10,397,2869.7212354085577,2867.3612370560395,1.5050066683308114,169.72123540855773
AS-ABMO,12,10,398,2869.7211552858766,2867.3612370560395,1.5092916771939209,169.72115528587665
AS-ABMO,12,10,399,2869.721141962487,2867.3612370560395,1.5058243832637486,169.72114196248685
AS-ABMO,12,10,400,2869.7210024798915,2867.3612370560395,1.5042089469098072,169.72100247989147
AS-ABMO,12,10,401,2869.7210018295937,2867.3612370560395,1.487194884660989,169.72100182959366
AS-ABMO,12,10,402,2869.72099142237,2867.3612370560395,1.4871495270749917,169.72099142236993
AS-ABMO,12,10,403,2869.7209877580776,2867.3612370560395,1.4606551691271237,169.72098775807763
AS-ABMO,12,10,404,2869.7209821589345,2867.3612370560395,1.447484902657951,169.72098215893448
AS-ABMO,12,10,405,2869.7209378558587,2867.3612370560395,1.4514864837473869,169.72093785585866
AS-ABMO,12,10,406,2869.720932561745,2867.3612370560395,1.4458496918988726,169.72093256174503
AS-ABMO,12,10,407,2869.720922940144,2867.3612370560395,1.4383214868821557,169.7209229401442
AS-ABMO,12,10,408,2869.7209072870687,2867.361234398475,1.4393650862252352,169.7209072870687
AS-ABMO,12,10,409,2869.720901551672,2867.361234398475,1.411627567044485,169.7209015516719
AS-ABMO,12,10,410,2869.720901308371,2867.361231442688,1.403583075634536,169.72090130837114
AS-ABMO,12,10,411,2869.7208708723297,2867.361231442688,1.3929189488932752,169.72087087232967
AS-ABMO,12,10,412,2869.7208690048355,2867.361231442688,1.38513570104072,169.72086900483555
AS-ABMO,12,10,413,2869.720857039574,2867.361231442688,1.3745236465296478,169.72085703957418
AS-ABMO,12,10,414,2869.7208496564203,2867.361231442688,1.3774056740757947,169.72084965642034
AS-ABMO,12,10,415,2869.720837152987,2867.361229140552,1.3682276945037326,169.72083715298686
AS-ABMO,12,10,416,2869.720832477661,2867.361229140552,1.3567400328866357,169.72083247766113
AS-ABMO,12,10,417,2869.720830963014,2867.361229140552,1.3477710659676705,169.72083096301412
AS-ABMO,12,10,418,2869.7208148468567,2867.361229140552,1.3169984183774588,169.72081484685668
AS-ABMO,12,10,419,2869.72081426703,2867.361229140552,1.2955261862556144,169.72081426703016
AS-ABMO,12,10,420,2869.7207998890144,2867.361229140552,1.287756518151484,169.72079988901442
AS-ABMO,12,10,421,2869.7207965111656,2867.361229140552,1.260488569597444,169.72079651116564
AS-ABMO,12,10,422,2869.7207957981864,2867.361229140552,1.2366506950086866,169.72079579818637
AS-ABMO,12,10,423,2869.720794340151,2867.361229140552,1.2056294885319432,169.72079434015086
AS-ABMO,12,10,424,2869.720793507553,2867.361229140552,1.1531672216591389,169.72079350755303
AS-ABMO,12,10,425,2869.720792513353,2867.361229140552,1.1114597218843394,169.720792513353
AS-ABMO,12,10,426,2869.7207888393723,2867.361229140552,1.0654522453957032,169.7207888393723
AS-ABMO,12,10,427,2869.720787052012,2867.361229140552,1.0431515332662444,169.72078705201193
AS-ABMO,12,10,428,2869.720786771579,2867.361229140552,1.0207466543317034,169.7207867715788
AS-ABMO,12,10,429,2869.720786487217,2867.361229140552,0.9901331789009756,169.72078648721708
AS-ABMO,12,10,430,2869.720785790563,2867.361229140552,0.952109706231332,169.7207857905628
AS-ABMO,12,10,431,2869.7207819704354,2867.361229140552,0.9267248748836228,169.72078197043538
AS-ABMO,12,10,432,2869.720781819297,2867.361229140552,0.8714344338010526,169.72078181929692
AS-ABMO,12,10,433,2869.7207801328404,2867.361229140552,0.8404631636437734,169.72078013284045
AS-ABMO,12,10,434,2869.720777921914,2867.361229140552,0.8292666122094876,169.72077792191385
AS-ABMO,12,10,435,2869.720772700124,2867.361229140552,0.7964841801813537,169.72077270012414
AS-ABMO,12,10,436,2869.7207697862127,2867.361229140552,0.7909396890784139,169.7207697862127
AS-ABMO,12,10,437,2869.720769085147,2867.361229140552,0.7521393838950982,169.7207690851469
AS-ABMO,12,10,438,2869.7207680677066,2867.361229140552,0.7176220814125185,169.72076806770656
AS-ABMO,12,10,439,2869.7207680675983,2867.361229140552,0.7093502300067004,169.72076806759833
AS-ABMO,12,10,440,2869.7207680655547,2867.361229140552,0.6852197624259346,169.7207680655547
AS-ABMO,12,10,441,2869.720768060223,2867.361229140552,0.6679033907580014,169.72076806022278
AS-ABMO,12,10,442,2869.7207672429145,2867.361229140552,0.6471142423074271,169.72076724291446
AS-ABMO,12,10,443,2869.7207664490484,2867.361229140552,0.6456730974483968,169.72076644904837
AS-ABMO,12,10,444,2869.720765547271,2867.361229140552,0.6495114823029149,169.72076554727118
AS-ABMO,12,10,445,2869.7207645659896,2867.361229140552,0.652745871980759,169.7207645659896
AS-ABMO,12,10,446,2869.7207641034624,2867.361229140552,0.6546054546229312,169.72076410346244
AS-ABMO,12,10,447,2869.7207640615115,2867.361229140552,0.7033210170403037,169.72076406151155
AS-ABMO,12,10,448,2869.7207638598206,2867.361229140552,0.7210021160415662,169.72076385982064
AS-ABMO,12,10,449,2869.7207638589,2867.361229140552,0.7034336129836096,169.72076385890023
AS-ABMO,12,10,450,2869.7207638058376,2867.361229140552,0.6831612412030554,169.72076380583758
AS-ABMO,12,10,451,2869.720762554189,2867.361228307004,0.6790152036556486,169.72076255418915
AS-ABMO,12,10,452,2869.7207625439714,2867.361228307004,0.6625765130724629,169.72076254397143
AS-ABMO,12,10,453,2869.720762305595,2867.3612282305608,0.6444781374852318,169.72076230559514
AS-ABMO,12,10,454,2869.7207621565435,2867.3612282305608,0.6403607950803285,169.72076215654351
AS-ABMO,12,10,455,2869.720762006614,2867.3612282305608,0.629624704454484,169.72076200661422
AS-ABMO,12,10,456,2869.720761983342,2867.3612282305608,0.619354810537477,169.72076198334207
AS-ABMO,12,10,457,2869.720761716666,2867.3612242982526,0.6083632644271284,169.72076171666595
AS-ABMO,12,10,458,2869.7207616855508,2867.3612242982526,0.5995313642279086,169.72076168555077
AS-ABMO,12,10,459,2869.7207616587007,2867.3612242982526,0.5881005497218953,169.72076165870067
AS-ABMO,12,10,460,2869.7207616587007,2867.3612242982526,0.5835444855292772,169.72076165870067
AS-ABMO,12,10,461,2869.72076164816,2867.3612242982526,0.5697160951656005,169.72076164816008
AS-ABMO,12,10,462,2869.7207598349373,2867.3612242982526,0.566139241338896,169.72075983493733
AS-ABMO,12,10,463,2869.7207598338555,2867.3612242982526,0.5753499861924961,169.72075983385548
AS-ABMO,12,10,464,2869.720758698973,2867.3612242982526,0.5563348846513776,169.720758698973
AS-ABMO,12,10,465,2869.72075812154,2867.3612242982526,0.5398824338377082,169.7207581215398
AS-ABMO,12,10,466,2869.7207581156767,2867.3612242982526,0.516034159636196,169.72075811567674
AS-ABMO,12,10,467,2869.7207577276904,2867.3612242982526,0.4950977137648705,169.7207577276904
AS-ABMO,12,10,468,2869.720757652556,2867.3612242982526,0.4834912652610809,169.72075765255613
AS-ABMO,12,10,469,2869.720757323892,2867.3612242982526,0.4702835342477211,169.72075732389203
AS-ABMO,12,10,470,2869.7207572643506,2867.3612242982526,0.468087985212211,169.7207572643506
AS-ABMO,12,10,471,2869.720757264344,2867.3612242982526,0.4448855611551728,169.72075726434377
AS-ABMO,12,10,472,2869.7207572637576,2867.3612242982526,0.4446030846059464,169.7207572637576
AS-ABMO,12,10,473,2869.720744935635,2867.361224298252,0.4301935682831976,169.72074493563514
AS-ABMO,12,10,474,2869.720744935621,2867.361224298251,0.4180742960455412,169.72074493562104
AS-ABMO,12,10,475,2869.7207447769,2867.361224298249,0.4041832406059073,169.72074477690012
AS-ABMO,12,10,476,2869.7207447131486,2867.3612238080086,0.4161202204469558,169.72074471314863
AS-ABMO,12,10,477,2869.720744304299,2867.361218604104,0.4281133429880855,169.72074430429893
AS-ABMO,12,10,478,2869.720744302748,2867.3612186040127,0.4377072633337703,169.7207443027478
AS-ABMO,12,10,479,2869.7207441590845,2867.361218603707,0.4453343562871865,169.72074415908446
AS-ABMO,12,10,480,2869.7207441530586,2867.361218602915,0.4503428920075542,169.7207441530586
AS-ABMO,12,10,481,2869.720744103388,2867.361217993348,0.4784798330520504,169.72074410338791
AS-ABMO,12,10,482,2869.720744041481,2867.3612179930865,0.4677407141502513,169.72074404148088
AS-ABMO,12,10,483,2869.720744017708,2867.361217992828,0.4520879754691253,169.72074401770806
AS-ABMO,12,10,484,2869.7207439853382,2867.361217943538,0.4395891726110463,169.72074398533823
AS-ABMO,12,10,485,2869.7207439375,2867.361217943538,0.4369255775134439,169.72074393750017
AS-ABMO,12,10,486,2869.720743860309,2867.361217943538,0.4065440742768035,169.72074386030908
AS-ABMO,12,10,487,2869.720743824151,2867.361217943538,0.3776002765652315,169.7207438241512
AS-ABMO,12,10,488,2869.720743765597,2867.361217576582,0.3542618190111276,169.72074376559704
AS-ABMO,12,10,489,2869.720743728787,2867.361217576582,0.3292499945862555,169.72074372878706
AS-ABMO,12,10,490,2869.7207436905373,2867.3612170914985,0.3064353251043036,169.72074369053735
AS-ABMO,12,10,491,2869.7207436905373,2867.3612170914985,0.2850162535897442,169.72074369053735
AS-ABMO,12,10,492,2869.7207433898484,2867.3612170914985,0.265627150261311,169.7207433898484
AS-ABMO,12,10,493,2869.7207393658928,2867.361212663329,0.2481612038426527,169.72073936589277
AS-ABMO,12,10,494,2869.7207379670017,2867.361212663329,0.2327929667118981,169.7207379670017
AS-ABMO,12,10,495,2869.72073785609,2867.361212663329,0.2190873633950538,169.72073785609018
AS-ABMO,12,10,496,2869.72073785609,2867.361212663329,0.2064858679889033,169.72073785609018
AS-ABMO,12,10,497,2869.720737620105,2867.361212663329,0.1950835634222101,169.72073762010496
AS-ABMO,12,10,498,2869.720737620105,2867.361212663329,0.1847663315984238,169.72073762010496
AS-ABMO,12,10,499,2869.720737620105,2867.361212663329,0.1754309141937105,169.72073762010496
AS-ABMO,12,10,500,2869.720737620105,2867.361212663329,0.1669838792129418,169.72073762010496
AS-ABMO,12,20,1,3597.4879551370527,3539.389358828253,2.298892004533743,897.4879551370527
AS-ABMO,12,20,2,3469.364232750276,3434.620762300466,4.461022840602762,769.3642327502762
AS-ABMO,12,20,3,3361.9863227825545,3310.8690551206705,6.996520566636423,661.9863227825545
AS-ABMO,12,20,4,3325.753288817557,3278.697612522698,8.78760703748476,625.753288817557
AS-ABMO,12,20,5,3299.445829505712,3261.204025909706,9.76400459846248,599.445829505712
AS-ABMO,12,20,6,3281.038503071737,3219.1356316003216,9.90098532525132,581.0385030717371
AS-ABMO,12,20,7,3266.7317311673683,3219.1356316003216,9.988239661981398,566.7317311673683
AS-ABMO,12,20,8,3257.341727469884,3212.571210005227,10.0,557.3417274698841
AS-ABMO,12,20,9,3229.642611626468,3208.2882255366103,9.946423206333325,529.6426116264679
AS-ABMO,12,20,10,3215.616632913982,3179.486389845536,10.0,515.6166329139819
AS-ABMO,12,20,11,3202.436716727854,3163.9114312081992,9.967574361837874,502.4367167278542
AS-ABMO,12,20,12,3174.64147961944,3156.36203239227,9.978144066988005,474.6414796194399
AS-ABMO,12,20,13,3163.2764674805508,3139.8596136010783,9.945718428825876,463.27646748055076
AS-ABMO,12,20,14,3155.2021531070595,3139.8596136010783,9.978144066988005,455.20215310705953
AS-ABMO,12,20,15,3151.180404840979,3139.8596136010783,9.925965468185524,451.180404840979
AS-ABMO,12,20,16,3146.601617294321,3133.9502741728143,9.917720984680663,446.60161729432093
AS-ABMO,12,20,17,3141.517629994347,3115.719952281438,9.956288133976008,441.51762999434686
AS-ABMO,12,20,18,3136.9525433895374,3106.533703666166,9.924579018525618,436.95254338953737
AS-ABMO,12,20,19,3128.7708422837195,3100.731979215475,9.935853501183194,428.7708422837195
AS-ABMO,12,20,20,3122.998373774907,3100.731979215475,9.989072033494002,422.9983737749071
AS-ABMO,12,20,21,3117.9266583217727,3100.731979215475,9.903069601665202,417.9266583217727
AS-ABMO,12,20,22,3110.385107957597,3088.4406347011786,9.924220757169753,410.38510795759703
AS-ABMO,12,20,23,3109.2455463366696,3088.4406347011786,9.935853501183194,409.2455463366696
AS-ABMO,12,20,24,3102.8571218236752,3081.386954429161,9.989072033494002,402.85712182367524
AS-ABMO,12,20,25,3098.359047333359,3073.6055982552307,9.935148723675749,398.35904733335883
AS-ABMO,12,20,26,3097.235797330966,3073.6055982552307,9.95735117283932,397.23579733096585
AS-ABMO,12,20,27,3092.563983713588,3072.03417066284,9.91604334211221,392.5639837135882
AS-ABMO,12,20,28,3087.2355993041,3058.4672880705066,9.95839110634765,387.2355993041001
AS-ABMO,12,20,29,3081.860728734222,3058.4672880705066,9.947463139841652,381.860728734222
AS-ABMO,12,20,30,3078.336063084483,3056.0763477331884,9.936535173335653,378.33606308448316
AS-ABMO,12,20,31,3075.793739807697,3051.2781967864285,9.945360167470009,375.79373980769697
AS-ABMO,12,20,32,3072.60595134554,3050.4408135636795,9.924220757169753,372.6059513455398
AS-ABMO,12,20,33,3069.086064304008,3050.4408135636795,9.90378612437694,369.0860643040078
AS-ABMO,12,20,34,3066.2684347995187,3044.9457356784987,9.967216100482004,366.2684347995187
AS-ABMO,12,20,35,3062.323451393156,3037.117274256666,9.935495239827326,362.3234513931561
AS-ABMO,12,20,36,3058.796916031239,3037.117274256666,9.967574361837874,358.7969160312391
AS-ABMO,12,20,37,3057.3481349237177,3035.1632943183613,9.967574361837874,357.3481349237177
AS-ABMO,12,20,38,3054.07302952219,3035.1632943183613,9.978144066988005,354.07302952219015
AS-ABMO,12,20,39,3052.12237352825,3031.1183254287243,9.978144066988005,352.12237352825014
AS-ABMO,12,20,40,3050.0893276998618,3029.088985077736,9.956288133976008,350.08932769986177
AS-ABMO,12,20,41,3048.3458704103305,3026.31273208062,9.935148723675749,348.34587041033046
AS-ABMO,12,20,42,3046.443192852518,3025.4480209395924,9.924925534677197,346.4431928525182
AS-ABMO,12,20,43,3044.384883149164,3025.195952549462,9.892499896515073,344.3848831491641
AS-ABMO,12,20,44,3042.352359136298,3024.877776058509,9.945718428825876,342.3523591362982
AS-ABMO,12,20,45,3037.283429053342,3020.166472712208,9.967574361837874,337.28342905334193
AS-ABMO,12,20,46,3036.1143976331127,3019.2930462082886,9.967574361837874,336.11439763311273
AS-ABMO,12,20,47,3034.314362568969,3018.5371167047624,9.978502328343872,334.31436256896905
AS-ABMO,12,20,48,3032.602039920348,3017.7979990672,9.924220757169753,332.60203992034803
AS-ABMO,12,20,49,3031.568114372217,3017.7979990672,9.902723085513625,331.5681143722172
AS-ABMO,12,20,50,3030.352202043914,3016.9015945027404,9.914702345678643,330.3522020439141
AS-ABMO,12,20,51,3028.236635104775,3016.9015945027404,9.956646395331877,328.2366351047749
AS-ABMO,12,20,52,3027.666111604336,3016.8558736766167,9.946423206333325,327.66611160433604
AS-ABMO,12,20,53,3026.034944635161,3015.0841396303304,9.957004656687744,326.0349446351611
AS-ABMO,12,20,54,3024.174040328436,3014.825047638964,9.913292790663752,324.17404032843615
AS-ABMO,12,20,55,3023.163492961905,3014.825047638964,9.956646395331877,323.1634929619049
AS-ABMO,12,20,56,3021.936141400892,3013.422722662885,9.902006562801889,321.9361414008922
AS-ABMO,12,20,57,3021.4876083162376,3013.327062009096,9.93479046231988,321.4876083162376
AS-ABMO,12,20,58,3020.1569259429903,3013.300148481609,9.913997568171196,320.15692594299026
AS-ABMO,12,20,59,3019.012338838856,3011.766894261249,9.914679240323656,319.01233883885607
AS-ABMO,12,20,60,3016.4817406601755,3011.5498618341608,9.948827241630203,316.48174066017555
AS-ABMO,12,20,61,3013.998059213492,3010.160660734032,9.978144066988005,313.99805921349207
AS-ABMO,12,20,62,3008.840688104786,3006.74990324756,9.967574361837874,308.84068810478584
AS-ABMO,12,20,63,3007.7874085455715,3006.348829219616,9.935506985031616,307.78740854557145
AS-ABMO,12,20,64,3006.9205214163026,3005.74990931014,9.945718428825876,306.92052141630256
AS-ABMO,12,20,65,3006.15722181458,3003.826854907304,9.935148723675749,306.1572218145802
AS-ABMO,12,20,66,3005.7118600410945,3003.826854907304,9.925607206829657,305.7118600410945
AS-ABMO,12,20,67,3005.136459056992,3003.198693163063,9.978144066988005,305.13645905699195
AS-ABMO,12,20,68,3004.179269394855,3000.059881191649,9.956646395331877,304.17926939485505
AS-ABMO,12,20,69,3002.8356713904386,2999.6398005118904,9.978144066988005,302.8356713904386
AS-ABMO,12,20,70,3001.6823608073983,2997.491051845644,9.978144066988005,301.68236080739825
AS-ABMO,12,20,71,3001.460409335428,2995.459301958187,9.91400931337549,301.4604093354278
AS-ABMO,12,20,72,3000.217632882355,2992.4603552025715,9.893539830023398,300.2176328823548
AS-ABMO,12,20,73,2999.4082783392723,2988.55410345948,9.935148723675749,299.40827833927233
AS-ABMO,12,20,74,2998.7437049945224,2988.040473688975,9.946423206333325,298.74370499452243
AS-ABMO,12,20,75,2997.9842933369905,2988.040473688975,9.925607206829657,297.9842933369905
AS-ABMO,12,20,76,2997.625185096774,2986.926756017906,9.946423206333325,297.6251850967742
AS-ABMO,12,20,77,2996.927879109522,2986.926756017906,10.0,296.9278791095221
AS-ABMO,12,20,78,2996.1056009330973,2986.926756017906,9.967574361837874,296.1056009330973
AS-ABMO,12,20,79,2995.761488461046,2986.926756017906,9.913651052019622,295.76148846104616
AS-ABMO,12,20,80,2995.181329490672,2986.926756017906,9.978502328343872,295.18132949067194
AS-ABMO,12,20,81,2994.440779675423,2985.904486006744,9.967574361837874,294.4407796754231
AS-ABMO,12,20,82,2993.8494958986366,2984.929899501445,9.95839110634765,293.84949589863663
AS-ABMO,12,20,83,2993.740979148929,2984.5825204961384,9.930629855445597,293.740979148929
AS-ABMO,12,20,84,2993.52025929736,2984.5825204961384,9.894582470351931,293.5202592973601
AS-ABMO,12,20,85,2993.138623361061,2984.5825204961384,9.886752240189482,293.13862336106104
AS-ABMO,12,20,86,2992.881741377262,2983.82744499734,9.89768020669548,292.8817413772622
AS-ABMO,12,20,87,2992.683596794572,2983.561643711757,9.891750140548575,292.68359679457217
AS-ABMO,12,20,88,2992.4246073944373,2983.561643711757,9.889192213270222,292.4246073944373
AS-ABMO,12,20,89,2992.00860971684,2983.145175261323,9.89768020669548,292.00860971684006
AS-ABMO,12,20,90,2991.5552627184884,2982.687008876105,9.882781447000502,291.5552627184884
AS-ABMO,12,20,91,2990.49167083344,2982.5054922042027,9.886752240189482,290.4916708334399
AS-ABMO,12,20,92,2990.2998360432944,2982.448869159383,9.883654503845934,290.29983604329436
AS-ABMO,12,20,93,2990.1620441373334,2982.446676593523,9.875824273683484,290.1620441373334
AS-ABMO,12,20,94,2990.006278576752,2982.4370832260224,9.860387541249764,290.0062785767518
AS-ABMO,12,20,95,2989.8160655729025,2982.4370832260224,9.900478441132089,289.8160655729025
AS-ABMO,12,20,96,2989.6359691079992,2982.4225621901705,9.919701888939596,289.63596910799924
AS-ABMO,12,20,97,2989.41723104404,2982.373152518292,9.937899275124208,289.4172310440399
AS-ABMO,12,20,98,2989.342307201015,2982.3688429970825,9.96827913934532,289.34230720101505
AS-ABMO,12,20,99,2989.104903214763,2982.2721312122617,9.989072033494002,289.104903214763
AS-ABMO,12,20,100,2988.9728681245847,2982.2721312122617,9.967574361837874,288.9728681245847
AS-ABMO,12,20,101,2988.821703369701,2982.102524253077,9.978502328343872,288.821703369701
AS-ABMO,12,20,102,2988.748415896505,2982.100498609966,9.935148723675749,288.74841589650487
AS-ABMO,12,20,103,2988.3810292768458,2982.092675647371,9.935495239827326,288.38102927684577
AS-ABMO,12,20,104,2988.276041642351,2982.037026167384,9.925965468185524,288.2760416423512
AS-ABMO,12,20,105,2988.1905143317326,2982.033635547427,9.946781467689192,288.19051433173263
AS-ABMO,12,20,106,2987.919545725369,2982.033635547427,9.894545670456084,287.91954572536906
AS-ABMO,12,20,107,2987.790441235231,2982.033635547427,9.930629855445597,287.7904412352309
AS-ABMO,12,20,108,2987.7380335824737,2982.031555405487,9.93957691769266,287.7380335824737
AS-ABMO,12,20,109,2987.6839747410163,2981.936432279116,9.896223313024535,287.6839747410163
AS-ABMO,12,20,110,2987.647694516296,2981.9345135027124,9.887981028284916,287.6476945162958
AS-ABMO,12,20,111,2987.6266597134486,2981.9322745376608,9.864569520817176,287.6266597134486
AS-ABMO,12,20,112,2987.516027771949,2981.8455307696618,9.856683298668184,287.5160277719492
AS-ABMO,12,20,113,2987.4658703560503,2981.837502223524,9.846795265670517,287.46587035605035
AS-ABMO,12,20,114,2987.436400389846,2981.819222145844,9.777596372593086,287.43640038984586
AS-ABMO,12,20,115,2987.367358077359,2981.814811091772,9.7875184986664,287.36735807735886
AS-ABMO,12,20,116,2987.3305356455385,2981.808454512958,9.861069213402224,287.3305356455385
AS-ABMO,12,20,117,2987.24670087492,2981.8000640258533,9.855031379534802,287.24670087491995
AS-ABMO,12,20,118,2987.21635186852,2981.8000635656167,9.857681043849755,287.2163518685202
AS-ABMO,12,20,119,2987.11419402795,2981.7987050626552,9.839069580976512,287.1141940279499
AS-ABMO,12,20,120,2987.096694873986,2981.797946895534,9.905510436857927,287.09669487398605
AS-ABMO,12,20,121,2987.0173573617144,2981.7948630101755,9.890255252133535,287.0173573617144
AS-ABMO,12,20,122,2987.006563548171,2981.7938575423086,9.85297357669958,287.006563548171
AS-ABMO,12,20,123,2986.970699835983,2981.7929446769685,9.837257124388142,286.97069983598294
AS-ABMO,12,20,124,2986.945398104889,2981.7929207229217,9.842403871549452,286.94539810488914
AS-ABMO,12,20,125,2986.9230685487287,2981.7928086905004,9.85297357669958,286.9230685487287
AS-ABMO,12,20,126,2986.86165560408,2981.739467489234,9.811688851327457,286.86165560408017
AS-ABMO,12,20,127,2986.8292024420684,2981.739375915792,9.843409711982137,286.82920244206844
AS-ABMO,12,20,128,2986.8152845403806,2981.711084076522,9.871997179908222,286.8152845403806
AS-ABMO,12,20,129,2986.77018585136,2981.693240619116,9.847031458913673,286.7701858513601
AS-ABMO,12,20,130,2986.7122642134245,2981.6932157709816,9.866906487666736,286.71226421342453
AS-ABMO,12,20,131,2986.6785575154936,2981.693092033291,9.904467796529396,286.6785575154936
AS-ABMO,12,20,132,2986.659256373816,2981.6817198863446,9.905473636962082,286.6592563738159
AS-ABMO,12,20,133,2986.5840261955145,2981.6730932989403,9.894244607530844,286.5840261955145
AS-ABMO,12,20,134,2986.536313011338,2981.6593777854005,9.924925534677197,286.5363130113378
AS-ABMO,12,20,135,2986.5273361969257,2981.655150681663,9.862523746876162,286.5273361969257
AS-ABMO,12,20,136,2986.521752337425,2981.65155439841,9.896928090531985,286.5217523374249
AS-ABMO,12,20,137,2986.507788692584,2981.634481736128,9.864502452369855,286.5077886925842
AS-ABMO,12,20,138,2986.493879409119,2981.629929469852,9.814651273977884,286.493879409119
AS-ABMO,12,20,139,2986.49138912948,2981.6279553088125,9.795427826170377,286.49138912948
AS-ABMO,12,20,140,2986.484631238972,2981.622680049949,9.78462967111264,286.4846312389718
AS-ABMO,12,20,141,2986.472501200434,2981.597215326952,9.766961797760876,286.4725012004342
AS-ABMO,12,20,142,2986.462133773844,2981.582432060517,9.78775469190956,286.462133773844
AS-ABMO,12,20,143,2986.44791070655,2981.4750427024574,9.73056789651564,286.4479107065499
AS-ABMO,12,20,144,2986.4389144838688,2981.4738678874405,9.685324816948045,286.43891448386876
AS-ABMO,12,20,145,2986.433034569553,2981.455284756665,9.709561679901936,286.433034569553
AS-ABMO,12,20,146,2986.4310218291084,2981.455284756665,9.688709460641483,286.43102182910843
AS-ABMO,12,20,147,2986.425883734589,2981.4534112737147,9.7883987833763,286.4258837345892
AS-ABMO,12,20,148,2986.423578696512,2981.446251675343,9.8840127652018,286.42357869651187
AS-ABMO,12,20,149,2986.419951788032,2981.446251675343,9.857681043849755,286.419951788032
AS-ABMO,12,20,150,2986.4187663651014,2981.435969700876,9.879178715505882,286.4187663651014
AS-ABMO,12,20,151,2986.4157700747187,2981.417332012933,9.882781447000502,286.4157700747187
AS-ABMO,12,20,152,2986.4092036216903,2981.3849808112773,9.85384042874569,286.40920362169027
AS-ABMO,12,20,153,2986.392593398304,2981.3432268752745,9.875696361757688,286.39259339830414
AS-ABMO,12,20,154,2986.390664155396,2981.343118650064,9.822477829446878,286.3906641553958
AS-ABMO,12,20,155,2986.3865776707235,2981.299122844752,9.818634948183698,286.38657767072345
AS-ABMO,12,20,156,2986.382059064172,2981.2586381932606,9.844461674384672,286.38205906417215
AS-ABMO,12,20,157,2986.373714047916,2981.244037733914,9.844461674384672,286.3737140479161
AS-ABMO,12,20,158,2986.371301689338,2981.2374329928666,9.779263213165333,286.371301689338
AS-ABMO,12,20,159,2986.3501026438685,2981.225541254143,9.77240584806389,286.35010264386847
AS-ABMO,12,20,160,2986.34828438792,2981.2157669616827,9.709182730980308,286.3482843879201
AS-ABMO,12,20,161,2986.347741820104,2981.2101350037374,9.696830631485703,286.34774182010415
AS-ABMO,12,20,162,2986.341903428914,2981.2028869506603,9.685337336248152,286.34190342891407
AS-ABMO,12,20,163,2986.3412284552733,2981.2000809543933,9.678699370067648,286.34122845527327
AS-ABMO,12,20,164,2986.340635365431,2981.2000809543933,9.620242910397334,286.3406353654309
AS-ABMO,12,20,165,2986.339356855872,2981.1997067960174,9.581338346018956,286.3393568558722
AS-ABMO,12,20,166,2986.337779643998,2981.197260905364,9.501663956317788,286.33777964399815
AS-ABMO,12,20,167,2986.3354748414613,2981.197260905364,9.498971953616214,286.3354748414613
AS-ABMO,12,20,168,2986.334333090287,2981.197260905364,9.41770248782051,286.33433309028715
AS-ABMO,12,20,169,2986.3330714662616,2981.196450441166,9.380176252073314,286.3330714662616
AS-ABMO,12,20,170,2986.332938498102,2981.1959780968737,9.342237274758096,286.33293849810207
AS-ABMO,12,20,171,2986.3289220957104,2981.19576661822,9.287783427676391,286.32892209571037
AS-ABMO,12,20,172,2986.3285027771803,2981.195457502043,9.247591914496128,286.32850277718035
AS-ABMO,12,20,173,2986.314678581151,2981.195201381059,9.259215443263384,286.31467858115093
AS-ABMO,12,20,174,2986.306218004454,2981.19506872149,9.206526991051806,286.30621800445397
AS-ABMO,12,20,175,2986.305177767835,2981.194065376692,9.202285157966944,286.3051777678352
AS-ABMO,12,20,176,2986.303108206714,2981.193185990636,9.147364221659172,286.3031082067141
AS-ABMO,12,20,177,2986.3018915242496,2981.192865498353,9.110173702186122,286.30189152424964
AS-ABMO,12,20,178,2986.300539206435,2981.192104647461,9.082766155562751,286.30053920643513
AS-ABMO,12,20,179,2986.29962292598,2981.1921042884787,9.073304577851008,286.2996229259802
AS-ABMO,12,20,180,2986.2989763434407,2981.191973141321,9.021338281903953,286.2989763434407
AS-ABMO,12,20,181,2986.2972031484896,2981.1913726615912,8.966441974520688,286.29720314848964
AS-ABMO,12,20,182,2986.297072935021,2981.1913726615912,8.98367786112144,286.2970729350209
AS-ABMO,12,20,183,2986.2969509131826,2981.191169192194,8.974960379703058,286.2969509131826
AS-ABMO,12,20,184,2986.2942822144896,2981.191123469796,8.983013385163932,286.2942822144896
AS-ABMO,12,20,185,2986.293011547209,2981.1911011754955,8.949200557692885,286.29301154720906
AS-ABMO,12,20,186,2986.2928250357954,2981.191098575596,8.947321308013992,286.29282503579543
AS-ABMO,12,20,187,2986.292476064165,2981.1910922809266,8.894242488412363,286.29247606416493
AS-ABMO,12,20,188,2986.291870236822,2981.1910198841942,8.839952440791274,286.291870236822
AS-ABMO,12,20,189,2986.2918063117745,2981.190834413868,8.83357749019803,286.2918063117745
AS-ABMO,12,20,190,2986.2905836296222,2981.19045798335,8.873909862707064,286.29058362962223
AS-ABMO,12,20,191,2986.2899848135444,2981.1891786523765,8.800247963815885,286.2899848135444
AS-ABMO,12,20,192,2986.2889447213606,2981.173837708068,8.699431195027232,286.2889447213606
AS-ABMO,12,20,193,2986.2872799806487,2981.153632298344,8.625130247927158,286.2872799806487
AS-ABMO,12,20,194,2986.2678091922903,2980.8626055371224,8.603299030659748,286.2678091922903
AS-ABMO,12,20,195,2986.26706834526,2980.854200847224,8.557327766024107,286.2670683452602
AS-ABMO,12,20,196,2986.265249310228,2980.8308010845794,8.5647061672434,286.2652493102278
AS-ABMO,12,20,197,2986.257894042829,2980.7282164688336,8.550271696118932,286.25789404282887
AS-ABMO,12,20,198,2986.2571650602777,2980.7244044250283,8.53967868714415,286.25716506027766
AS-ABMO,12,20,199,2986.256590355592,2980.7243823992217,8.484670805763539,286.2565903555919
AS-ABMO,12,20,200,2986.25585705752,2980.7171631084293,8.49771810890963,286.2558570575202
AS-ABMO,12,20,201,2986.2542156828927,2980.698021425528,8.405100874038576,286.25421568289266
AS-ABMO,12,20,202,2986.2540710620347,2980.698021425528,8.402311929322465,286.25407106203465
AS-ABMO,12,20,203,2986.2539078793893,2980.698021425528,8.279748851109389,286.2539078793893
AS-ABMO,12,20,204,2986.2535921423846,2980.69422223964,8.285796395692294,286.2535921423846
AS-ABMO,12,20,205,2986.2524625408414,2980.69422223964,8.14320173725058,286.2524625408414
AS-ABMO,12,20,206,2986.2491932311923,2980.692173373764,8.132117602864831,286.2491932311923
AS-ABMO,12,20,207,2986.2490072236405,2980.692173373764,8.088294795362987,286.24900722364055
AS-ABMO,12,20,208,2986.2475499703582,2980.692173373764,8.054024745239037,286.24754997035825
AS-ABMO,12,20,209,2986.245092166736,2980.6916492456803,8.0266030358618,286.24509216673596
AS-ABMO,12,20,210,2986.2445272156724,2980.690770049158,7.94909487596156,286.2445272156724
AS-ABMO,12,20,211,2986.2445087338333,2980.690576099682,7.878188817745995,286.2445087338333
AS-ABMO,12,20,212,2986.2443188481043,2980.6896102623105,7.867329228773261,286.2443188481043
AS-ABMO,12,20,213,2986.244035208824,2980.6896102623105,7.816605341886075,286.2440352088238
AS-ABMO,12,20,214,2986.243952431973,2980.6894168760755,7.685871723117145,286.24395243197296
AS-ABMO,12,20,215,2986.2438632388094,2980.6894168760755,7.672945000499049,286.24386323880935
AS-ABMO,12,20,216,2986.243173368081,2980.68941288166,7.677971548574944,286.243173368081
AS-ABMO,12,20,217,2986.2431001531354,2980.689256383235,7.654898338537005,286.2431001531354
AS-ABMO,12,20,218,2986.230023555778,2980.6892414499307,7.569046373651821,286.2300235557782
AS-ABMO,12,20,219,2986.210976455219,2980.68923459502,7.53328058722135,286.2109764552192
AS-ABMO,12,20,220,2986.207986383953,2980.689186861918,7.45147502646214,286.2079863839531
AS-ABMO,12,20,221,2986.207954761901,2980.689127677178,7.364575150324511,286.20795476190096
AS-ABMO,12,20,222,2986.207485677505,2980.6891224838178,7.324931270193345,286.2074856775048
AS-ABMO,12,20,223,2986.20640650776,2980.6891224838178,7.269658742690709,286.2064065077602
AS-ABMO,12,20,224,2986.206055017564,2980.6891224838178,7.281397528313032,286.2060550175638
AS-ABMO,12,20,225,2986.2059358331044,2980.689068227381,7.243071238069115,286.2059358331044
AS-ABMO,12,20,226,2986.205876821713,2980.689043969993,7.133007715468555,286.205876821713
AS-ABMO,12,20,227,2986.205752279173,2980.689041696947,7.085260498103724,286.2057522791729
AS-ABMO,12,20,228,2986.205640080569,2980.689041696947,7.077395557311991,286.2056400805691
AS-ABMO,12,20,229,2986.205591727972,2980.689041649925,6.9185628578725415,286.2055917279722
AS-ABMO,12,20,230,2986.205341295518,2980.688955338401,6.869814961205053,286.2053412955179
AS-ABMO,12,20,231,2986.20497003053,2980.6889545674144,6.830609284489143,286.20497003053015
AS-ABMO,12,20,232,2986.2049567748227,2980.6889545674144,6.731028526805872,286.2049567748227
AS-ABMO,12,20,233,2986.204816770768,2980.688954452081,6.665824760499628,286.20481677076805
AS-ABMO,12,20,234,2986.204714442681,2980.688954452081,6.630025325113605,286.20471444268105
AS-ABMO,12,20,235,2986.2044357156087,2980.6889538088208,6.600066096878476,286.2044357156087
AS-ABMO,12,20,236,2986.2043718276645,2980.6889530691296,6.520062367388102,286.20437182766454
AS-ABMO,12,20,237,2986.204212338044,2980.6889530691296,6.375534336397461,286.2042123380438
AS-ABMO,12,20,238,2986.2039768483883,2980.6889069283384,6.257193407840735,286.20397684838827
AS-ABMO,12,20,239,2986.203863381594,2980.6889068431183,6.277645146246775,286.20386338159415
AS-ABMO,12,20,240,2986.203424263272,2980.6887790803685,6.297592149785349,286.20342426327215
AS-ABMO,12,20,241,2986.2026610508697,2980.688688608468,6.281548279579775,286.20266105086966
AS-ABMO,12,20,242,2986.202608676761,2980.688686871121,6.275000434608299,286.202608676761
AS-ABMO,12,20,243,2986.2022959660653,2980.688686821014,6.317706414592782,286.2022959660653
AS-ABMO,12,20,244,2986.20193444182,2980.688686799828,6.318068619548916,286.20193444181996
AS-ABMO,12,20,245,2986.2017794903227,2980.688686783824,6.323178034975447,286.2017794903227
AS-ABMO,12,20,246,2986.201777733998,2980.688683102408,6.235088318317435,286.2017777339979
AS-ABMO,12,20,247,2986.201772826813,2980.688683102408,6.26599323565295,286.2017728268129
AS-ABMO,12,20,248,2986.201689061303,2980.6886516929053,6.224473797802556,286.2016890613031
AS-ABMO,12,20,249,2986.201653195293,2980.688651689383,6.1461563590798285,286.20165319529315
AS-ABMO,12,20,250,2986.2016024609056,2980.688597912593,6.186674233422012,286.20160246090563
AS-ABMO,12,20,251,2986.2015400577,2980.688597912593,6.137832209948265,286.2015400577002
AS-ABMO,12,20,252,2986.201503466421,2980.688597912593,6.098677583471456,286.20150346642095
AS-ABMO,12,20,253,2986.2014950949865,2980.688597912593,6.008326678365505,286.2014950949865
AS-ABMO,12,20,254,2986.201470471816,2980.6885979108247,5.964525650176689,286.2014704718158
AS-ABMO,12,20,255,2986.2014224203767,2980.6885979088,5.859306640939066,286.20142242037673
AS-ABMO,12,20,256,2986.20125381358,2980.6885406052784,5.720874816245187,286.20125381358
AS-ABMO,12,20,257,2986.201134523299,2980.688540592426,5.642471485149125,286.20113452329906
AS-ABMO,12,20,258,2986.2010640025564,2980.6885405680064,5.536290242538339,286.20106400255645
AS-ABMO,12,20,259,2986.201061971781,2980.6885405680064,5.44904100209661,286.2010619717812
AS-ABMO,12,20,260,2986.201050152348,2980.6885405680064,5.422550399047961,286.2010501523482
AS-ABMO,12,20,261,2986.2010342103404,2980.6885405680064,5.327711113448007,286.20103421034037
AS-ABMO,12,20,262,2986.201006951094,2980.6885405680064,5.271037235413801,286.20100695109386
AS-ABMO,12,20,263,2986.2009712600648,2980.6885351851047,5.2793010224033,286.20097126006476
AS-ABMO,12,20,264,2986.200908727163,2980.688527330556,5.227684100365408,286.2009087271631
AS-ABMO,12,20,265,2986.20090220576,2980.6884817170167,5.136224092334938,286.20090220576003
AS-ABMO,12,20,266,2986.200901342809,2980.688481716896,5.055218477139972,286.2009013428092
AS-ABMO,12,20,267,2986.2008016611176,2980.688481716896,5.008214126816473,286.20080166111757
AS-ABMO,12,20,268,2986.2003049377654,2980.688462807013,5.009201375193928,286.2003049377654
AS-ABMO,12,20,269,2986.200280041283,2980.6884621159493,5.006049564599004,286.2002800412829
AS-ABMO,12,20,270,2986.200254623213,2980.6884621158742,4.991580102776881,286.2002546232129
AS-ABMO,12,20,271,2986.200239995281,2980.688424863696,4.947908704088817,286.2002399952812
AS-ABMO,12,20,272,2986.20022337717,2980.6884117369063,4.910600650001337,286.20022337717
AS-ABMO,12,20,273,2986.200205934372,2980.688411475272,4.873594142200753,286.2002059343722
AS-ABMO,12,20,274,2986.200181657461,2980.688403185308,4.860579003261946,286.20018165746114
AS-ABMO,12,20,275,2986.200161356856,2980.6883748118507,4.871549826736162,286.2001613568559
AS-ABMO,12,20,276,2986.200100922477,2980.688362582312,4.892299905003869,286.20010092247685
AS-ABMO,12,20,277,2986.200065482394,2980.688362582306,4.856593724524806,286.20006548239417
AS-ABMO,12,20,278,2986.200049860131,2980.68836258225,4.804352873924404,286.200049860131
AS-ABMO,12,20,279,2986.199795569768,2980.688362582239,4.781674178578887,286.19979556976796
AS-ABMO,12,20,280,2986.1996571904083,2980.6883625822347,4.7451876126294925,286.1996571904083
AS-ABMO,12,20,281,2986.199620546417,2980.6883625822347,4.748111832202792,286.199620546417
AS-ABMO,12,20,282,2986.1996037877648,2980.6883522382977,4.687726100551061,286.1996037877648
AS-ABMO,12,20,283,2986.1996016879657,2980.6883482912176,4.645621318369879,286.1996016879657
AS-ABMO,12,20,284,2986.1995985814915,2980.688332234156,4.604014572751818,286.1995985814915
AS-ABMO,12,20,285,2986.199592894804,2980.688332234138,4.571856725639169,286.199592894804
AS-ABMO,12,20,286,2986.19955496403,2980.688321678938,4.510434709022914,286.1995549640301
AS-ABMO,12,20,287,2986.199545841497,2980.688233729383,4.501212575479628,286.1995458414972
AS-ABMO,12,20,288,2986.19947294562,2980.687588951957,4.418654719563409,286.1994729456201
AS-ABMO,12,20,289,2986.194094162732,2980.6069793866245,4.350914260548064,286.1940941627322
AS-ABMO,12,20,290,2986.191909151194,2980.574439228982,4.340969983471827,286.19190915119407
AS-ABMO,12,20,291,2986.191822795491,2980.5731752199927,4.31460225042258,286.19182279549113
AS-ABMO,12,20,292,2986.1918192903167,2980.573175219991,4.220328729490069,286.19181929031674
AS-ABMO,12,20,293,2986.1918099761456,2980.573175219991,4.21715622202729,286.1918099761456
AS-ABMO,12,20,294,2986.191710101354,2980.571857549324,4.122094949330075,286.19171010135415
AS-ABMO,12,20,295,2986.1916038122927,2980.57043345662,4.074777191162857,286.19160381229267
AS-ABMO,12,20,296,2986.19157884328,2980.5702531214783,4.057304271387578,286.1915788432798
AS-ABMO,12,20,297,2986.190795386656,2980.558556183601,4.103183371734911,286.1907953866562
AS-ABMO,12,20,298,2986.19069072267,2980.557058038953,4.077550266729568,286.19069072266984
AS-ABMO,12,20,299,2986.1906812558227,2980.557050778777,4.018491827636523,286.1906812558227
AS-ABMO,12,20,300,2986.1906544998988,2980.556758880438,3.9487070098673582,286.19065449989876
AS-ABMO,12,20,301,2986.190613168792,2980.5562766446574,3.922206981019416,286.19061316879197
AS-ABMO,12,20,302,2986.1894416525693,2980.538847673852,3.8434383051459458,286.18944165256926
AS-ABMO,12,20,303,2986.189331747732,2980.537617516366,3.78135010599561,286.189331747732
AS-ABMO,12,20,304,2986.1892329395937,2980.537288758238,3.7626818758821146,286.1892329395937
AS-ABMO,12,20,305,2986.187809620136,2980.537288758238,3.77386443109917,286.1878096201358
AS-ABMO,12,20,306,2986.1861246912326,2980.5372807256927,3.77620864686462,286.18612469123264
AS-ABMO,12,20,307,2986.1824909054662,2980.537140404336,3.780588402940919,286.18249090546624
AS-ABMO,12,20,308,2986.1805984750704,2980.537128473617,3.745445056595705,286.1805984750704
AS-ABMO,12,20,309,2986.179614729969,2980.5371158410944,3.713753202795656,286.1796147299692
AS-ABMO,12,20,310,2986.1796069109428,2980.5371152121143,3.653644140270812,286.17960691094277
AS-ABMO,12,20,311,2986.1796001848606,2980.537110075715,3.644450663927789,286.17960018486065
AS-ABMO,12,20,312,2986.179413765921,2980.53709929308,3.6185699402799423,286.1794137659208
AS-ABMO,12,20,313,2986.1793429023046,2980.537084475506,3.57487939814886,286.1793429023046
AS-ABMO,12,20,314,2986.1791111468106,2980.5370781691045,3.5881720127209884,286.17911114681056
AS-ABMO,12,20,315,2986.1789728577523,2980.537045392053,3.567434585710876,286.17897285775234
AS-ABMO,12,20,316,2986.178874169877,2980.537045392053,3.5496342296284085,286.17887416987696
AS-ABMO,12,20,317,2986.1788593649912,2980.5370380266536,3.5282400396757123,286.17885936499124
AS-ABMO,12,20,318,2986.178825186601,2980.537035529088,3.4781067266791825,286.178825186601
AS-ABMO,12,20,319,2986.178767818323,2980.537028898305,3.446278428123222,286.1787678183232
AS-ABMO,12,20,320,2986.178703186956,2980.5370246337425,3.415084439133787,286.1787031869562
AS-ABMO,12,20,321,2986.178701431232,2980.5370246337425,3.374065126525321,286.1787014312322
AS-ABMO,12,20,322,2986.1786928209326,2980.5370230959534,3.328442450345051,286.1786928209326
AS-ABMO,12,20,323,2986.1786915283174,2980.5370230959534,3.271373296237099,286.17869152831736
AS-ABMO,12,20,324,2986.1786824137785,2980.537022378382,3.2509475536340986,286.17868241377846
AS-ABMO,12,20,325,2986.1786688990755,2980.53702146508,3.208277782436437,286.17866889907555
AS-ABMO,12,20,326,2986.1786582248887,2980.53702146508,3.1844046986377657,286.17865822488875
AS-ABMO,12,20,327,2986.178637980623,2980.5370212292178,3.1304712689705414,286.1786379806231
AS-ABMO,12,20,328,2986.178635264987,2980.5370209533107,3.0955042093327134,286.17863526498695
AS-ABMO,12,20,329,2986.1786348129203,2980.5370208493123,3.0537410599155126,286.17863481292034
AS-ABMO,12,20,330,2986.178633208794,2980.537020757916,3.0300655447130724,286.17863320879405
AS-ABMO,12,20,331,2986.178630912445,2980.537020757916,2.994742770189945,286.178630912445
AS-ABMO,12,20,332,2986.1786290057444,2980.537020757916,2.953901370078625,286.17862900574437
AS-ABMO,12,20,333,2986.1786238262453,2980.53702073738,2.909975668221132,286.17862382624526
AS-ABMO,12,20,334,2986.1786207197515,2980.53702073738,2.867947471322769,286.1786207197515
AS-ABMO,12,20,335,2986.17862048692,2980.53702073738,2.8271004446162227,286.17862048691995
AS-ABMO,12,20,336,2986.1786154367105,2980.53702073738,2.8275352766595607,286.1786154367105
AS-ABMO,12,20,337,2986.178613636655,2980.537020730037,2.786975063055643,286.178613636655
AS-ABMO,12,20,338,2986.1786110856187,2980.537020724625,2.735402709302004,286.17861108561874
AS-ABMO,12,20,339,2986.1786076497724,2980.5370207092624,2.7171138679054896,286.1786076497724
AS-ABMO,12,20,340,2986.178605283182,2980.5370207092624,2.679049728908648,286.17860528318215
AS-ABMO,12,20,341,2986.178604738252,2980.537020692724,2.6124943721084857,286.17860473825203
AS-ABMO,12,20,342,2986.178604461916,2980.5370206905304,2.583978918225447,286.17860446191617
AS-ABMO,12,20,343,2986.178604341036,2980.537020686218,2.575609513228861,286.17860434103613
AS-ABMO,12,20,344,2986.178602346069,2980.537020685668,2.5948170416982967,286.17860234606906
AS-ABMO,12,20,345,2986.1786001828905,2980.537020682992,2.6309490808381293,286.1786001828905
AS-ABMO,12,20,346,2986.1785987458866,2980.5370206818498,2.6364012046209995,286.1785987458866
AS-ABMO,12,20,347,2986.1785956030058,2980.537020681081,2.613039770189919,286.17859560300576
AS-ABMO,12,20,348,2986.178594125147,2980.537020678228,2.586854506023616,286.1785941251469
AS-ABMO,12,20,349,2986.1785744834547,2980.537020677365,2.588951634899186,286.17857448345467
AS-ABMO,12,20,350,2986.17857427613,2980.5370206773614,2.5913934832250747,286.1785742761299
AS-ABMO,12,20,351,2986.178571811296,2980.5370206773614,2.5823559778184326,286.178571811296
AS-ABMO,12,20,352,2986.1785689840303,2980.5370206773614,2.5760917677833013,286.17856898403033
AS-ABMO,12,20,353,2986.178567789486,2980.537020677229,2.5651596955021785,286.1785677894859
AS-ABMO,12,20,354,2986.178566646128,2980.537020677083,2.5522135787827813,286.1785666461278
AS-ABMO,12,20,355,2986.178553297053,2980.537020676832,2.56839898898049,286.178553297053
AS-ABMO,12,20,356,2986.178552072176,2980.537020676693,2.5656734271773143,286.178552072176
AS-ABMO,12,20,357,2986.1785516537807,2980.537020676362,2.5763672488823186,286.1785516537807
AS-ABMO,12,20,358,2986.178549158811,2980.537020676362,2.543958158187507,286.17854915881117
AS-ABMO,12,20,359,2986.178548102588,2980.537020676177,2.509755193035008,286.17854810258814
AS-ABMO,12,20,360,2986.178546774269,2980.5370206758607,2.4973760042790207,286.17854677426885
AS-ABMO,12,20,361,2986.178544294208,2980.537020675857,2.466595007842804,286.1785442942082
AS-ABMO,12,20,362,2986.178544243023,2980.537020673796,2.4669715576916795,286.1785442430232
AS-ABMO,12,20,363,2986.17854365948,2980.537020673747,2.441841333057336,286.17854365948006
AS-ABMO,12,20,364,2986.1785397733056,2980.537020673609,2.397343900762705,286.1785397733056
AS-ABMO,12,20,365,2986.178539655042,2980.537020673109,2.354625096955884,286.1785396550422
AS-ABMO,12,20,366,2986.1785369729705,2980.537020673094,2.3257501499424844,286.1785369729705
AS-ABMO,12,20,367,2986.1785345252374,2980.537020665988,2.3098179719060905,286.1785345252374
AS-ABMO,12,20,368,2986.1785332442696,2980.5370206659827,2.298022279870069,286.1785332442696
AS-ABMO,12,20,369,2986.1785326776853,2980.53702066598,2.263284404941066,286.1785326776853
AS-ABMO,12,20,370,2986.178531809828,2980.537020665979,2.2300129559763,286.1785318098282
AS-ABMO,12,20,371,2986.1785302356748,2980.537020628537,2.209508011308635,286.17853023567477
AS-ABMO,12,20,372,2986.178529804025,2980.5370206285343,2.193572252130286,286.17852980402495
AS-ABMO,12,20,373,2986.178529172073,2980.537020628532,2.1778241701878653,286.178529172073
AS-ABMO,12,20,374,2986.17852678547,2980.537020628532,2.1390150302917923,286.1785267854698
AS-ABMO,12,20,375,2986.178524643894,2980.5370206285315,2.155202892984454,286.178524643894
AS-ABMO,12,20,376,2986.178518808471,2980.5370206285315,2.192843713856024,286.1785188084709
AS-ABMO,12,20,377,2986.1785179419685,2980.537020628531,2.2010540369887,286.1785179419685
AS-ABMO,12,20,378,2986.1785175905343,2980.5370205612235,2.254603937237766,286.1785175905343
AS-ABMO,12,20,379,2986.178517346393,2980.5370205573686,2.2604578473834898,286.17851734639316
AS-ABMO,12,20,380,2986.178516581368,2980.537020557368,2.2862005154941465,286.17851658136806
AS-ABMO,12,20,381,2986.178512072778,2980.537020557368,2.251448946320621,286.1785120727782
AS-ABMO,12,20,382,2986.178512065094,2980.537020557368,2.2123683118446875,286.17851206509386
AS-ABMO,12,20,383,2986.178511689458,2980.537020557368,2.1862716633317576,286.178511689458
AS-ABMO,12,20,384,2986.1785113452065,2980.537020557367,2.171369907898777,286.1785113452065
AS-ABMO,12,20,385,2986.1785111365825,2980.5370205573668,2.1411025950839573,286.17851113658253
AS-ABMO,12,20,386,2986.17850820128,2980.5370205573668,2.128702131747483,286.1785082012798
AS-ABMO,12,20,387,2986.1785081177964,2980.5370205573668,2.124454620394312,286.17850811779635
AS-ABMO,12,20,388,2986.17850803702,2980.5370205573668,2.1052465367800024,286.17850803702004
AS-ABMO,12,20,389,2986.1785058588475,2980.5370205573668,2.0755860710946616,286.17850585884753
AS-ABMO,12,20,390,2986.178504179917,2980.5370205573668,2.082706549973543,286.1785041799171
AS-ABMO,12,20,391,2986.178504161177,2980.5370204617047,2.058420723020339,286.178504161177
AS-ABMO,12,20,392,2986.178503847839,2980.5370204617047,2.015440980055572,286.1785038478388
AS-ABMO,12,20,393,2986.178502475339,2980.5370204617047,1.9990015079715064,286.178502475339
AS-ABMO,12,20,394,2986.178502100201,2980.5370204617047,1.9487460722357373,286.17850210020106
AS-ABMO,12,20,395,2986.1785018218225,2980.5370204617047,1.949295654614646,286.17850182182246
AS-ABMO,12,20,396,2986.1785017192337,2980.5370204617047,1.9353369907617977,286.17850171923374
AS-ABMO,12,20,397,2986.1784992755547,2980.537020318045,1.9494439370102687,286.1784992755547
AS-ABMO,12,20,398,2986.178498851189,2980.537020318045,1.9540822607790589,286.17849885118903
AS-ABMO,12,20,399,2986.1784988434065,2980.537020318045,1.927598592918602,286.1784988434065
AS-ABMO,12,20,400,2986.1784978192204,2980.537020318045,1.9236691238802868,286.1784978192204
AS-ABMO,12,20,401,2986.1784967782805,2980.537020318045,1.901962147805728,286.17849677828053
AS-ABMO,12,20,402,2986.1784949305647,2980.537020318045,1.885020008313009,286.17849493056474
AS-ABMO,12,20,403,2986.17847553236,2980.537020318045,1.8902812979187595,286.17847553236015
AS-ABMO,12,20,404,2986.1784533815303,2980.537020318045,1.899631778002666,286.1784533815303
AS-ABMO,12,20,405,2986.178452873276,2980.537020318045,1.8936129109007187,286.178452873276
AS-ABMO,12,20,406,2986.1784446014817,2980.537020318045,1.860456239981369,286.1784446014817
AS-ABMO,12,20,407,2986.17835680041,2980.537020318045,1.8284362553018247,286.1783568004098
AS-ABMO,12,20,408,2986.178280898474,2980.537020318045,1.8012231026986956,286.178280898474
AS-ABMO,12,20,409,2986.1782793625875,2980.537020318045,1.752465882666718,286.17827936258755
AS-ABMO,12,20,410,2986.178279326667,2980.537020318045,1.6883880819763035,286.17827932666705
AS-ABMO,12,20,411,2986.178279239596,2980.537020318045,1.669805143593734,286.1782792395961
AS-ABMO,12,20,412,2986.178279207205,2980.537020318045,1.6461544212754438,286.1782792072049
AS-ABMO,12,20,413,2986.1782791583114,2980.537020318045,1.6196818464394889,286.1782791583114
AS-ABMO,12,20,414,2986.178276741137,2980.537020318045,1.619922841353977,286.17827674113687
AS-ABMO,12,20,415,2986.1782742387595,2980.537020318045,1.6103757200908284,286.1782742387595
AS-ABMO,12,20,416,2986.178274220875,2980.537020318045,1.571001478834849,286.1782742208752
AS-ABMO,12,20,417,2986.178274186122,2980.537020318045,1.5434752103589269,286.17827418612205
AS-ABMO,12,20,418,2986.1782741694024,2980.537020318045,1.563387963665197,286.17827416940236
AS-ABMO,12,20,419,2986.1782741692828,2980.537020318045,1.5802239116076289,286.17827416928276
AS-ABMO,12,20,420,2986.178274133684,2980.537020318045,1.533307122730662,286.1782741336842
AS-ABMO,12,20,421,2986.178274133113,2980.537020318045,1.5172406612295894,286.17827413311306
AS-ABMO,12,20,422,2986.17827373822,2980.537020318045,1.496924249844226,286.17827373822
AS-ABMO,12,20,423,2986.1782725907983,2980.5370201932046,1.478986517299198,286.1782725907983
AS-ABMO,12,20,424,2986.178266987796,2980.5370201932046,1.4809829068636682,286.1782669877962
AS-ABMO,12,20,425,2986.178266342782,2980.5370201932046,1.479274276822127,286.1782663427821
AS-ABMO,12,20,426,2986.1782625227647,2980.5370201932046,1.4371331126998332,286.1782625227647
AS-ABMO,12,20,427,2986.1782599793587,2980.5370201932046,1.451381119477289,286.1782599793587
AS-ABMO,12,20,428,2986.1782561301093,2980.5370201932046,1.4561648264468163,286.1782561301093
AS-ABMO,12,20,429,2986.17824963408,2980.5370201932046,1.4204785202856236,286.1782496340802
AS-ABMO,12,20,430,2986.1782494991085,2980.5370201932046,1.4309624915176282,286.17824949910846
AS-ABMO,12,20,431,2986.1782476290555,2980.5370201932046,1.4303501975046695,286.1782476290555
AS-ABMO,12,20,432,2986.1782455383627,2980.5370201932046,1.433774033777159,286.1782455383627
AS-ABMO,12,20,433,2986.178245514172,2980.5370201932046,1.4195373341157451,286.178245514172
AS-ABMO,12,20,434,2986.178245203627,2980.5370201932046,1.424833663252628,286.17824520362683
AS-ABMO,12,20,435,2986.17824502363,2980.5370201932046,1.367868091343038,286.1782450236301
AS-ABMO,12,20,436,2986.178244922522,2980.5370201932046,1.3630624288221884,286.178244922522
AS-ABMO,12,20,437,2986.178244911867,2980.5370201932046,1.3483779741242474,286.17824491186684
AS-ABMO,12,20,438,2986.178244568861,2980.5370201932046,1.3637459873924835,286.1782445688609
AS-ABMO,12,20,439,2986.178241968741,2980.5370201932046,1.36060845545208,286.1782419687411
AS-ABMO,12,20,440,2986.1782418126027,2980.5370201932046,1.3611328335612674,286.17824181260266
AS-ABMO,12,20,441,2986.178238304315,2980.5370201932046,1.3489145031750929,286.1782383043151
AS-ABMO,12,20,442,2986.178236238265,2980.5370201932046,1.335698201365871,286.1782362382651
AS-ABMO,12,20,443,2986.1782286055973,2980.5370201932046,1.2804028345470426,286.17822860559727
AS-ABMO,12,20,444,2986.17822771714,2980.5370201932046,1.220246356582907,286.1782277171401
AS-ABMO,12,20,445,2986.178227672282,2980.5370201932046,1.1768207053036224,286.178227672282
AS-ABMO,12,20,446,2986.178220664521,2980.5370201932046,1.1710925293271397,286.1782206645212
AS-ABMO,12,20,447,2986.1781643114964,2980.5370201932046,1.174900259763761,286.1781643114964
AS-ABMO,12,20,448,2986.178042121908,2980.5370201932046,1.160560285158699,286.1780421219082
AS-ABMO,12,20,449,2986.1778632550017,2980.5370201932046,1.1670330459615366,286.17786325500174
AS-ABMO,12,20,450,2986.1778149958195,2980.5370201932046,1.1668368434838854,286.1778149958195
AS-ABMO,12,20,451,2986.177814533808,2980.5370201932046,1.1598790137483423,286.17781453380803
AS-ABMO,12,20,452,2986.17777391925,2980.5370201932046,1.1409297713801625,286.17777391924983
AS-ABMO,12,20,453,2986.1777735180262,2980.5370201932046,1.1211615288442809,286.17777351802624
AS-ABMO,12,20,454,2986.177770569745,2980.5370201932046,1.1115586873516976,286.177770569745
AS-ABMO,12,20,455,2986.177757486992,2980.5370201932046,1.093477963222515,286.17775748699205
AS-ABMO,12,20,456,2986.177751986207,2980.5370201932046,1.0930472918677434,286.1777519862071
AS-ABMO,12,20,457,2986.177748286253,2980.5370201932046,1.08164252282675,286.17774828625306
AS-ABMO,12,20,458,2986.177748280145,2980.5370201932046,1.0814432174390938,286.1777482801449
AS-ABMO,12,20,459,2986.177746913441,2980.5370201932046,1.0526095345751267,286.17774691344084
AS-ABMO,12,20,460,2986.177739566976,2980.5370201932046,1.0091476701364877,286.177739566976
AS-ABMO,12,20,461,2986.1777302095747,2980.5370201932046,0.978324710618068,286.17773020957475
AS-ABMO,12,20,462,2986.1777252755555,2980.5370201932046,0.954093137862614,286.17772527555553
AS-ABMO,12,20,463,2986.1777210159653,2980.5370201932046,0.9347154670549724,286.1777210159653
AS-ABMO,12,20,464,2986.17770771006,2980.5370201932046,0.9105990329174268,286.1777077100601
AS-ABMO,12,20,465,2986.177682995431,2980.5370201932046,0.883021799715603,286.17768299543104
AS-ABMO,12,20,466,2986.1776829952964,2980.5370201932046,0.8527837021210727,286.17768299529644
AS-ABMO,12,20,467,2986.17768292954,2980.5370201932046,0.8079278003112617,286.17768292953997
AS-ABMO,12,20,468,2986.177682572218,2980.5370201932046,0.8013496594977794,286.17768257221815
AS-ABMO,12,20,469,2986.1776822252623,2980.5370201932046,0.7905254076305254,286.1776822252623
AS-ABMO,12,20,470,2986.177681170541,2980.5370201932046,0.8122937536603875,286.17768117054084
AS-ABMO,12,20,471,2986.177679417138,2980.5370201932046,0.7785394100007086,286.1776794171378
AS-ABMO,12,20,472,2986.1776794121806,2980.5370201932046,0.7945879185776658,286.1776794121806
AS-ABMO,12,20,473,2986.177679243726,2980.5370201932046,0.8026879116334579,286.17767924372583
AS-ABMO,12,20,474,2986.1776791691286,2980.5370201932046,0.8172717801780606,286.1776791691286
AS-ABMO,12,20,475,2986.17767916824,2980.5370201932046,0.8619288188399392,286.17767916824005
AS-ABMO,12,20,476,2986.177678219779,2980.5370201932046,0.8941268347173099,286.17767821977895
AS-ABMO,12,20,477,2986.17767818437,2980.5370201932046,0.9138013119128156,286.17767818437005
AS-ABMO,12,20,478,2986.1776745252714,2980.5370201932046,0.8929681739794173,286.1776745252714
AS-ABMO,12,20,479,2986.177668931241,2980.5370201884725,0.8785912863524826,286.177668931241
AS-ABMO,12,20,480,2986.177667504462,2980.5370201884725,0.8525133139724268,286.1776675044621
AS-ABMO,12,20,481,2986.1776658055087,2980.5370201884725,0.8169964732778887,286.1776658055087
AS-ABMO,12,20,482,2986.177664116121,2980.5370201884725,0.7838566432408264,286.1776641161209
AS-ABMO,12,20,483,2986.177664097166,2980.5370201884725,0.757537183823325,286.17766409716614
AS-ABMO,12,20,484,2986.1776640959565,2980.5370201884725,0.7367925406056686,286.1776640959565
AS-ABMO,12,20,485,2986.177664088458,2980.5370201884725,0.6852331372448954,286.1776640884582
AS-ABMO,12,20,486,2986.177663989981,2980.5370201884725,0.6303613417666374,286.17766398998083
AS-ABMO,12,20,487,2986.177663980591,2980.5370201884725,0.5939253960200631,286.1776639805912
AS-ABMO,12,20,488,2986.177663746808,2980.5370201884725,0.5540459525051697,286.17766374680787
AS-ABMO,12,20,489,2986.1776636161007,2980.5370201884725,0.5275672249407033,286.17766361610074
AS-ABMO,12,20,490,2986.177661583125,2980.5370201884725,0.4878589423690093,286.177661583125
AS-ABMO,12,20,491,2986.1776613615534,2980.5370201884725,0.4613789768362259,286.1776613615534
AS-ABMO,12,20,492,2986.1776611806936,2980.5370201884725,0.426092474151918,286.1776611806936
AS-ABMO,12,20,493,2986.177660858669,2980.5370201884725,0.3926827576803743,286.1776608586688
AS-ABMO,12,20,494,2986.177660858669,2980.5370201884725,0.3623359557837445,286.1776608586688
AS-ABMO,12,20,495,2986.177660858669,2980.5370201884725,0.3348337200369846,286.1776608586688
AS-ABMO,12,20,496,2986.177660858669,2980.5370201884725,0.3103536583311245,286.1776608586688
AS-ABMO,12,20,497,2986.177660858669,2980.5370201884725,0.2878907597691753,286.1776608586688
AS-ABMO,12,20,498,2986.177660858669,2980.5370201884725,0.2677901296965277,286.1776608586688
AS-ABMO,12,20,499,2986.177660858669,2980.5370201884725,0.2496023274806973,286.1776608586688
AS-ABMO,12,20,500,2986.177660858669,2980.5370201884725,0.2331453234839766,286.1776608586688
