fid,dim,iter,s_mean
4,10,1,1.6837397323191265
4,10,2,2.6088918943280293
4,10,3,3.5015729291726263
4,10,4,4.401386517957935
4,10,5,5.033246277958795
4,10,6,5.649063410413402
4,10,7,6.0376015092096535
4,10,8,6.347492888643656
4,10,9,6.714445132795105
4,10,10,6.805000555791834
4,10,11,6.913594979283796
4,10,12,6.891699148943991
4,10,13,6.840485045418213
4,10,14,6.711598215645813
4,10,15,6.552352453445547
4,10,16,6.347895692248793
4,10,17,6.128225409673232
4,10,18,6.033613594092446
4,10,19,5.875454000508042
4,10,20,5.772053199489921
4,10,21,5.561297481749677
4,10,22,5.408269530675609
4,10,23,5.1973419604408475
4,10,24,5.004917408931644
4,10,25,4.726910433472083
4,10,26,4.501470720904667
4,10,27,4.336834127984279
4,10,28,4.191410052609324
4,10,29,4.077296736441771
4,10,30,3.8664405989989015
4,10,31,3.67649380997994
4,10,32,3.4914091305771517
4,10,33,3.333620671929531
4,10,34,3.1616671072074705
4,10,35,3.050667383584014
4,10,36,2.9081684145714095
4,10,37,2.7710570034249487
4,10,38,2.6206330307459917
4,10,39,2.4552423553612
4,10,40,2.3259659215303046
4,10,41,2.184424492603748
4,10,42,2.03824210293196
4,10,43,1.912677512024929
4,10,44,1.8153155475914617
4,10,45,1.7233818534897105
4,10,46,1.6233325153614213
4,10,47,1.509239690513699
4,10,48,1.429134858204764
4,10,49,1.3579558616705276
4,10,50,1.26985192035264
4,10,51,1.1792488412073963
4,10,52,1.0953374122727204
4,10,53,1.0239339921226136
4,10,54,0.9680049837404877
4,10,55,0.9179038204510968
4,10,56,0.8654254639751631
4,10,57,0.819607461218421
4,10,58,0.7664145688567893
4,10,59,0.7218963233492521
4,10,60,0.6938458284453862
4,10,61,0.6627688903498817
4,10,62,0.6338425695072077
4,10,63,0.6141250609035683
4,10,64,0.5938958495281152
4,10,65,0.5717297654511001
4,10,66,0.5543475462227261
4,10,67,0.5544127952100196
4,10,68,0.5604616963628717
4,10,69,0.5867366809486037
4,10,70,0.640346334155223
4,10,71,0.6597610729008512
4,10,72,0.7045250323323196
4,10,73,0.765141245796757
4,10,74,0.7966910322826912
4,10,75,0.8134370331443872
4,10,76,0.8357543300571548
4,10,77,0.8604372415013526
4,10,78,0.9124364523004062
4,10,79,0.9637220043315494
4,10,80,0.9851286883142474
4,10,81,1.049919407552963
4,10,82,1.1051354025120261
4,10,83,1.1255132969851267
4,10,84,1.1566642863521424
4,10,85,1.2214505824498565
4,10,86,1.3277382351672284
4,10,87,1.427319492448534
4,10,88,1.5039861767212808
4,10,89,1.5836092102932267
4,10,90,1.6869244930791767
4,10,91,1.688887205593664
4,10,92,1.7892660241639746
4,10,93,1.9094358748506743
4,10,94,1.9894635520694552
4,10,95,2.0361092734530044
4,10,96,2.11671767453187
4,10,97,2.2089198571129747
4,10,98,2.33510826030042
4,10,99,2.455023877500124
4,10,100,2.5726695559236483
4,10,101,2.6180475021108522
4,10,102,2.69682428955699
4,10,103,2.854805835893614
4,10,104,2.95101990677108
4,10,105,3.0292320090889278
4,10,106,2.9946814942069526
4,10,107,3.0757405462882326
4,10,108,3.1339157191534044
4,10,109,3.1928346580573694
4,10,110,3.2510461751641824
4,10,111,3.2827399921086706
4,10,112,3.3007134258935737
4,10,113,3.3760119093867687
4,10,114,3.440079058985892
4,10,115,3.509875234689606
4,10,116,3.5867698390068825
4,10,117,3.580346164464889
4,10,118,3.604561974320053
4,10,119,3.646774567173998
4,10,120,3.6375518908204234
4,10,121,3.6509007404090354
4,10,122,3.7213226730296443
4,10,123,3.7253762790033558
4,10,124,3.746115691502088
4,10,125,3.783281129989651
4,10,126,3.8027939907542816
4,10,127,3.834578022895089
4,10,128,3.825838799966607
4,10,129,3.8056742070015144
4,10,130,3.8311236798336434
4,10,131,3.7879808010110905
4,10,132,3.7684710056343094
4,10,133,3.7930090946852206
4,10,134,3.8266158534045633
4,10,135,3.807961389999228
4,10,136,3.780749806675988
4,10,137,3.7619333792819996
4,10,138,3.7521941659950646
4,10,139,3.7142451140573387
4,10,140,3.6988831105560007
4,10,141,3.696224301866653
4,10,142,3.7398098434183167
4,10,143,3.7193438828031264
4,10,144,3.7064846171807697
4,10,145,3.7135333945259412
4,10,146,3.7281508462865895
4,10,147,3.723777340582022
4,10,148,3.701147771013422
4,10,149,3.739111434766693
4,10,150,3.762816816353087
4,10,151,3.8315117425615464
4,10,152,3.9099565561234986
4,10,153,3.9399306389457887
4,10,154,3.979077632174729
4,10,155,3.9575399675733247
4,10,156,3.9968275421901014
4,10,157,4.003203406723789
4,10,158,3.994399247294707
4,10,159,4.0606692499365575
4,10,160,4.08729055248221
4,10,161,4.112937645933502
4,10,162,4.126943785596449
4,10,163,4.192870113680342
4,10,164,4.266059252276273
4,10,165,4.28216231342505
4,10,166,4.327308424760449
4,10,167,4.349892262481735
4,10,168,4.383418036411351
4,10,169,4.4165854758713605
4,10,170,4.398905556001002
4,10,171,4.391199339230258
4,10,172,4.405946815464201
4,10,173,4.377853121572895
4,10,174,4.344747666475164
4,10,175,4.334559138905812
4,10,176,4.360649817490707
4,10,177,4.354133953883036
4,10,178,4.3317627802664544
4,10,179,4.3193966785015165
4,10,180,4.359627432270091
4,10,181,4.344463059590737
4,10,182,4.320573094949173
4,10,183,4.303435750858572
4,10,184,4.286317579967372
4,10,185,4.270846701786502
4,10,186,4.234051995107846
4,10,187,4.225703397527413
4,10,188,4.202117371494128
4,10,189,4.198924710238913
4,10,190,4.211415906993129
4,10,191,4.241040864339535
4,10,192,4.266571042166077
4,10,193,4.2847233320701195
4,10,194,4.280186055013486
4,10,195,4.311028321422627
4,10,196,4.336814981048506
4,10,197,4.319861329528311
4,10,198,4.332031823621757
4,10,199,4.327224473675667
4,10,200,4.355905576394088
4,10,201,4.353579908154301
4,10,202,4.29530271090456
4,10,203,4.279579822729608
4,10,204,4.322045794997209
4,10,205,4.318734885258521
4,10,206,4.305402542246539
4,10,207,4.289470471411373
4,10,208,4.284880642238495
4,10,209,4.22616456668146
4,10,210,4.186635236569654
4,10,211,4.193511373046143
4,10,212,4.1508556702009916
4,10,213,4.141763661744924
4,10,214,4.092897328837531
4,10,215,4.062205183616879
4,10,216,4.0214841629981075
4,10,217,4.000583602873613
4,10,218,3.983651211612678
4,10,219,3.99409872636298
4,10,220,3.923110147772061
4,10,221,3.840401299987921
4,10,222,3.8058236096396882
4,10,223,3.801195888844797
4,10,224,3.7409196728633374
4,10,225,3.6320742584097845
4,10,226,3.600318813062914
4,10,227,3.569175304176298
4,10,228,3.4983265155640093
4,10,229,3.4252961180910204
4,10,230,3.342625968187194
4,10,231,3.2485908194861013
4,10,232,3.1510414891868153
4,10,233,3.015370660112359
4,10,234,2.9422741157337744
4,10,235,2.826408074466211
4,10,236,2.7236966157666322
4,10,237,2.646120587219154
4,10,238,2.548473367019397
4,10,239,2.4343236008566658
4,10,240,2.327017206845389
4,10,241,2.229291263843542
4,10,242,2.153291247087625
4,10,243,2.0639318877692525
4,10,244,1.9701022683435527
4,10,245,1.8982554321783573
4,10,246,1.8243599346019161
4,10,247,1.742082302804659
4,10,248,1.6581577177996432
4,10,249,1.5702359625194335
4,10,250,1.4855910505592356
4,10,251,1.402289803814182
4,10,252,1.3484223145193057
4,10,253,1.2878782958242165
4,10,254,1.2246318583139895
4,10,255,1.1739261066965867
4,10,256,1.127132254625376
4,10,257,1.0806983067160154
4,10,258,1.0378721825700923
4,10,259,0.9895287699150023
4,10,260,0.9249539940377486
4,10,261,0.8911872045033092
4,10,262,0.8382553701703691
4,10,263,0.7939759894411609
4,10,264,0.747376178889231
4,10,265,0.7145270105469057
4,10,266,0.6873826243391667
4,10,267,0.6597212375384192
4,10,268,0.6376474828910841
4,10,269,0.6067774543735657
4,10,270,0.5672523085016157
4,10,271,0.5381338483379301
4,10,272,0.5178323839326496
4,10,273,0.4879361643359795
4,10,274,0.47261802199046005
4,10,275,0.4523471593737262
4,10,276,0.43216396794847584
4,10,277,0.407845322864338
4,10,278,0.385360380229984
4,10,279,0.3752352930288799
4,10,280,0.37072156169320264
4,10,281,0.3608587240738363
4,10,282,0.3555890029601138
4,10,283,0.34791916551854124
4,10,284,0.34089262899329004
4,10,285,0.32209645826763583
4,10,286,0.31592322946245477
4,10,287,0.30478242088454527
4,10,288,0.2900021055620707
4,10,289,0.27542372890213296
4,10,290,0.26585897505011313
4,10,291,0.260943049730697
4,10,292,0.2529791208371686
4,10,293,0.24637394965812798
4,10,294,0.24722712363501953
4,10,295,0.24442477550464545
4,10,296,0.24477019728510688
4,10,297,0.24186608081713193
4,10,298,0.2314038875401955
4,10,299,0.22541315033713116
4,10,300,0.21989608267654767
4,10,301,0.2182492824238975
4,10,302,0.21605574524191196
4,10,303,0.2116153621950532
4,10,304,0.2067990386632727
4,10,305,0.19589741681304226
4,10,306,0.1885082688144816
4,10,307,0.1846288012194904
4,10,308,0.1808694233486546
4,10,309,0.17799417453616836
4,10,310,0.17498714556472825
4,10,311,0.1674113006891616
4,10,312,0.16670237223927453
4,10,313,0.16442510003653346
4,10,314,0.16187217132360718
4,10,315,0.1599757706727728
4,10,316,0.15803661072356395
4,10,317,0.15211686580078101
4,10,318,0.15056445006945013
4,10,319,0.1457644000239777
4,10,320,0.1439120307176553
4,10,321,0.14117549611422744
4,10,322,0.1425164369394048
4,10,323,0.1425164369394048
4,10,324,0.14404550520197035
4,10,325,0.1439120307176553
4,10,326,0.1441584889136823
4,10,327,0.14238296245508972
4,10,328,0.1425164369394048
4,10,329,0.14131817221013127
4,10,330,0.1416181963868684
4,10,331,0.1434178434043418
4,10,332,0.14358639529590483
4,10,333,0.14376066027296527
4,10,334,0.14103143849869498
4,10,335,0.1396478803199944
4,10,336,0.1386885518070301
4,10,337,0.13634144878874635
4,10,338,0.13533646533065216
4,10,339,0.13459821856207757
4,10,340,0.13357844064421476
4,10,341,0.13369297818786277
4,10,342,0.13283258601586698
4,10,343,0.13369297818786277
4,10,344,0.13599689653103045
4,10,345,0.13459821856207757
4,10,346,0.1341653086170592
4,10,347,0.13376031833960483
4,10,348,0.13224868547660168
4,10,349,0.133201275397937
4,10,350,0.13524046844624887
4,10,351,0.13746598442155486
4,10,352,0.13988771816991105
4,10,353,0.13960704345689512
4,10,354,0.13934447030234692
4,10,355,0.13637707335709207
4,10,356,0.13748547608432732
4,10,357,0.14029948830324812
4,10,358,0.1388690342630279
4,10,359,0.13748547608432732
4,10,360,0.13748547608432732
4,10,361,0.13614727633793458
4,10,362,0.13748547608432732
4,10,363,0.13748547608432732
4,10,364,0.13748547608432732
4,10,365,0.13748547608432732
4,10,366,0.1348529479975626
4,10,367,0.13239019958410228
4,10,368,0.1300862812409346
4,10,369,0.1269059844298042
4,10,370,0.1259146216747648
4,10,371,0.12402833287463295
4,10,372,0.1231313107590261
4,10,373,0.1222636965263227
4,10,374,0.1222636965263227
4,10,375,0.12142452607144465
4,10,376,0.1198278170742672
4,10,377,0.11906850424658327
4,10,378,0.11906850424658327
4,10,379,0.11833408465434486
4,10,380,0.11833408465434486
4,10,381,0.11693668754173933
4,10,382,0.11627215721414332
4,10,383,0.11500774001880242
4,10,384,0.11440644811297385
4,10,385,0.11500774001880242
4,10,386,0.11382486890056694
4,10,387,0.11326235612262134
4,10,388,0.11271828470706548
4,10,389,0.11326235612262132
4,10,390,0.11326235612262132
4,10,391,0.11271828470706548
4,10,392,0.11271828470706548
4,10,393,0.11219205007412782
4,10,394,0.11119077128964056
4,10,395,0.11071461450309214
4,10,396,0.1098086199930025
4,10,397,0.10937777551568174
4,10,398,0.10896105580041333
4,10,399,0.1081681535779835
4,10,400,0.10707364238707698
4,10,401,0.10673246114077285
4,10,402,0.10640246514616497
4,10,403,0.10577457414909754
4,10,404,0.10547598142537433
4,10,405,0.1049078421567798
4,10,406,0.10437634390253887
4,10,407,0.10387912357316438
4,10,408,0.1034139704819348
4,10,409,0.1029788165159805
4,10,410,0.10237813603857586
4,10,411,0.10183461786633645
4,10,412,0.10150132111226028
4,10,413,0.10104124291231367
4,10,414,0.10062494694177933
4,10,415,0.10036966551274745
4,10,416,0.10013084795273926
4,10,417,0.1
4,10,418,0.1
4,10,419,0.1
4,10,420,0.1
4,10,421,0.1
4,10,422,0.1
4,10,423,0.1
4,10,424,0.1
4,10,425,0.1
4,10,426,0.1
4,10,427,0.1
4,10,428,0.1
4,10,429,0.1
4,10,430,0.1
4,10,431,0.1
4,10,432,0.1
4,10,433,0.1
4,10,434,0.1
4,10,435,0.1
4,10,436,0.10011298371171191
4,10,437,0.1
4,10,438,0.10011298371171191
4,10,439,0.10011298371171191
4,10,440,0.1
4,10,441,0.1
4,10,442,0.1
4,10,443,0.1
4,10,444,0.1
4,10,445,0.1
4,10,446,0.1
4,10,447,0.1
4,10,448,0.1
4,10,449,0.10011298371171191
4,10,450,0.10011298371171191
4,10,451,0.10011298371171191
4,10,452,0.1
4,10,453,0.1
4,10,454,0.10011298371171191
4,10,455,0.1
4,10,456,0.1
4,10,457,0.1
4,10,458,0.1
4,10,459,0.1
4,10,460,0.1
4,10,461,0.1
4,10,462,0.1
4,10,463,0.1
4,10,464,0.1
4,10,465,0.1
4,10,466,0.1
4,10,467,0.10011298371171191
4,10,468,0.10011298371171191
4,10,469,0.10011298371171191
4,10,470,0.10011298371171191
4,10,471,0.10011298371171191
4,10,472,0.10011298371171191
4,10,473,0.10022979701915749
4,10,474,0.10035056972691883
4,10,475,0.10047543603931909
4,10,476,0.10047543603931909
4,10,477,0.10047543603931909
4,10,478,0.10035056972691883
4,10,479,0.10047543603931909
4,10,480,0.10060453470955215
4,10,481,0.10047543603931909
4,10,482,0.10035056972691883
4,10,483,0.10047543603931909
4,10,484,0.10047543603931909
4,10,485,0.10060453470955215
4,10,486,0.10073800919386723
4,10,487,0.10087600781097934
4,10,488,0.10116619602525335
4,10,489,0.1013187080836203
4,10,490,0.1014763895555178
4,10,491,0.10163941565880424
4,10,492,0.10180796755036726
4,10,493,0.10198223252742773
4,10,494,0.1021624042356671
4,10,495,0.1021624042356671
4,10,496,0.10254127546909553
4,10,497,0.10254127546909553
4,10,498,0.10234868288440918
4,10,499,0.10180796755036726
4,10,500,0.10180796755036726
4,20,1,1.6816893009294362
4,20,2,2.7956694724128637
4,20,3,4.056471912632272
4,20,4,5.077431644300812
4,20,5,6.0564747354948745
4,20,6,6.7129595777250355
4,20,7,7.3316347543040195
4,20,8,7.730291115206638
4,20,9,7.946416733787469
4,20,10,7.922425285743278
4,20,11,8.123867568303282
4,20,12,8.141422932293352
4,20,13,8.061932407758373
4,20,14,8.060148397576636
4,20,15,7.898111042938672
4,20,16,7.816074946008883
4,20,17,7.691510432026789
4,20,18,7.529876326290667
4,20,19,7.3828370891948625
4,20,20,7.126140105719543
4,20,21,6.899794257111679
4,20,22,6.589532435017665
4,20,23,6.487405778304612
4,20,24,6.237123800591368
4,20,25,6.080910843405997
4,20,26,5.918240171540621
4,20,27,5.664444696392935
4,20,28,5.467036800201611
4,20,29,5.263408646877214
4,20,30,5.089357871796591
4,20,31,4.854211386173119
4,20,32,4.69849486955611
4,20,33,4.562928567360146
4,20,34,4.412581933543523
4,20,35,4.3007774559061716
4,20,36,4.137444818139432
4,20,37,3.94959331246791
4,20,38,3.8344176114631368
4,20,39,3.671007833522622
4,20,40,3.548167144081727
4,20,41,3.381825905802875
4,20,42,3.230818714963965
4,20,43,3.1350054995222374
4,20,44,3.0335648088066423
4,20,45,2.862664925543905
4,20,46,2.720488882443497
4,20,47,2.604341161337428
4,20,48,2.4940400199822585
4,20,49,2.4052800729009984
4,20,50,2.3122024615265473
4,20,51,2.242165692015716
4,20,52,2.1413566111827325
4,20,53,2.0568383929365086
4,20,54,1.9253435563975698
4,20,55,1.8099714264932742
4,20,56,1.7018199844774944
4,20,57,1.62324926220906
4,20,58,1.521934115143227
4,20,59,1.4411049032196384
4,20,60,1.362861837301522
4,20,61,1.2885173320271894
4,20,62,1.2165108334526495
4,20,63,1.1659317600491284
4,20,64,1.1059493265263132
4,20,65,1.0420984578218309
4,20,66,0.9855217058892267
4,20,67,0.9385357718126628
4,20,68,0.885237850532565
4,20,69,0.8500587676210726
4,20,70,0.8229712840894785
4,20,71,0.8004854428079281
4,20,72,0.7898753944198931
4,20,73,0.7756750663484773
4,20,74,0.7638402889858653
4,20,75,0.7466320413415335
4,20,76,0.7339421256829423
4,20,77,0.7140900439846306
4,20,78,0.7226595564637183
4,20,79,0.7193932735370453
4,20,80,0.7197725390088899
4,20,81,0.7212564833304065
4,20,82,0.7430067729860601
4,20,83,0.8011286162746866
4,20,84,0.8532994930672166
4,20,85,0.8905361215959505
4,20,86,0.9700960053173707
4,20,87,1.036950622878733
4,20,88,1.0963806659596038
4,20,89,1.177983266430534
4,20,90,1.2354312341873144
4,20,91,1.3302220764931327
4,20,92,1.4173694507515895
4,20,93,1.517219064803551
4,20,94,1.588068076338602
4,20,95,1.725828550854083
4,20,96,1.8371293543603566
4,20,97,1.9462703131761143
4,20,98,2.0708369054312317
4,20,99,2.307449976736573
4,20,100,2.485978560195167
4,20,101,2.7324232266656305
4,20,102,2.908635695500192
4,20,103,3.0687727010441352
4,20,104,3.270796576267274
4,20,105,3.461172879953485
4,20,106,3.548960395259023
4,20,107,3.637808674151942
4,20,108,3.687757435826505
4,20,109,3.8251957020005416
4,20,110,4.055552210795534
4,20,111,4.1550104028119295
4,20,112,4.250763295285058
4,20,113,4.422316355943893
4,20,114,4.561127915165409
4,20,115,4.660349394119076
4,20,116,4.777094342414423
4,20,117,4.967842901053207
4,20,118,5.074303537202826
4,20,119,5.142773853423151
4,20,120,5.292308916849671
4,20,121,5.418071565936796
4,20,122,5.516189011448463
4,20,123,5.63595275429994
4,20,124,5.756481786906869
4,20,125,5.760745157124295
4,20,126,5.897058755157034
4,20,127,5.995035097856796
4,20,128,6.10026132164648
4,20,129,6.223054776337629
4,20,130,6.2958858013001215
4,20,131,6.421176674106396
4,20,132,6.560952542899981
4,20,133,6.714598682065051
4,20,134,6.849688195951624
4,20,135,6.943453516889663
4,20,136,7.030188183780936
4,20,137,7.248404254433447
4,20,138,7.357423527643304
4,20,139,7.5093432611014865
4,20,140,7.510210543035192
4,20,141,7.541657915710354
4,20,142,7.575027164088552
4,20,143,7.615011748188177
4,20,144,7.725981499404802
4,20,145,7.779763435907788
4,20,146,7.7802310016269365
4,20,147,7.7419784264202995
4,20,148,7.808207632367917
4,20,149,7.808143261642887
4,20,150,7.838275020209872
4,20,151,7.81326202807902
4,20,152,7.800184227138686
4,20,153,7.7963739894077175
4,20,154,7.856324232481819
4,20,155,7.8346290731769805
4,20,156,7.881535415248734
4,20,157,7.892987013627837
4,20,158,7.899897191787291
4,20,159,7.8409278433600855
4,20,160,7.815419561637948
4,20,161,7.826272600059722
4,20,162,7.84083346810681
4,20,163,7.837231731194037
4,20,164,7.81642143907495
4,20,165,7.826641511183798
4,20,166,7.844955995229924
4,20,167,7.846340396059551
4,20,168,7.838485938217654
4,20,169,7.826195980022475
4,20,170,7.849640067764235
4,20,171,7.853839253052709
4,20,172,7.836726717244691
4,20,173,7.828322301226948
4,20,174,7.838400455044981
4,20,175,7.842427453672381
4,20,176,7.823402887384058
4,20,177,7.85897515063868
4,20,178,7.877403609676341
4,20,179,7.900105865016045
4,20,180,7.900355717483644
4,20,181,7.925296232144924
4,20,182,7.897741572946385
4,20,183,7.919941583241573
4,20,184,7.953478895056709
4,20,185,7.9775685133798016
4,20,186,8.008185061834205
4,20,187,8.028908448263806
4,20,188,8.085850124886742
4,20,189,8.150545996617067
4,20,190,8.156938101661085
4,20,191,8.179977368407739
4,20,192,8.19301367601128
4,20,193,8.240127103592485
4,20,194,8.311863657096502
4,20,195,8.35101330068736
4,20,196,8.433435558226256
4,20,197,8.477286340671027
4,20,198,8.507880334252802
4,20,199,8.527652429333703
4,20,200,8.538849555825076
4,20,201,8.545541867491348
4,20,202,8.56209485854784
4,20,203,8.595526165474093
4,20,204,8.644559893407868
4,20,205,8.675287218295704
4,20,206,8.700552145870057
4,20,207,8.715101210964088
4,20,208,8.748763070294151
4,20,209,8.76358236227086
4,20,210,8.780020467303165
4,20,211,8.813853821836695
4,20,212,8.860755231763468
4,20,213,8.860910441716575
4,20,214,8.909235688317345
4,20,215,8.943367616884903
4,20,216,8.984731509242266
4,20,217,9.039520620173016
4,20,218,9.021873790225404
4,20,219,9.010091720402293
4,20,220,9.01250486029323
4,20,221,8.99519248083314
4,20,222,8.981703890538109
4,20,223,8.9988944780329
4,20,224,8.986054397120027
4,20,225,8.978186628847386
4,20,226,8.992034509267263
4,20,227,9.00363078660266
4,20,228,9.008587570283016
4,20,229,9.054645772448833
4,20,230,9.054645772448833
4,20,231,9.040443339125831
4,20,232,9.085281791716925
4,20,233,9.0775138008177
4,20,234,9.069731871098808
4,20,235,9.046513192269071
4,20,236,9.03970265500843
4,20,237,8.974398430762013
4,20,238,8.961602335679878
4,20,239,8.926518241308692
4,20,240,8.938298033639487
4,20,241,8.94633160995008
4,20,242,8.923834742823693
4,20,243,8.885502536055759
4,20,244,8.798633002374283
4,20,245,8.766951985684818
4,20,246,8.71402858778566
4,20,247,8.584419521664556
4,20,248,8.497768624757263
4,20,249,8.456365595605497
4,20,250,8.388400491143663
4,20,251,8.328786103506093
4,20,252,8.250338487956776
4,20,253,8.138248077120101
4,20,254,8.0286348692765
4,20,255,7.9290809743289365
4,20,256,7.824554928856747
4,20,257,7.718942245415687
4,20,258,7.647475699543817
4,20,259,7.564951945788929
4,20,260,7.4160037050762755
4,20,261,7.282364703190113
4,20,262,7.210296796565403
4,20,263,7.115089394427059
4,20,264,6.931011079210243
4,20,265,6.814707420292355
4,20,266,6.705941942972678
4,20,267,6.545346890790717
4,20,268,6.3936734271476805
4,20,269,6.233297627437463
4,20,270,6.11798816811033
4,20,271,5.94131698341992
4,20,272,5.801538625109004
4,20,273,5.652989257812265
4,20,274,5.461404233397313
4,20,275,5.274710337087409
4,20,276,5.1839102120347285
4,20,277,5.06782501190572
4,20,278,4.921585681055456
4,20,279,4.781471830161939
4,20,280,4.666177278509671
4,20,281,4.485539395257136
4,20,282,4.33895370531177
4,20,283,4.221604814429007
4,20,284,4.090352494366955
4,20,285,3.9784763124646423
4,20,286,3.8289232069529646
4,20,287,3.7136662270403558
4,20,288,3.593446118141969
4,20,289,3.4813651035556377
4,20,290,3.378297599742638
4,20,291,3.2961235322371834
4,20,292,3.2114640648658455
4,20,293,3.140827892606425
4,20,294,3.0447052079619152
4,20,295,2.96642006145167
4,20,296,2.8681499240728536
4,20,297,2.82370077674011
4,20,298,2.751218976241239
4,20,299,2.6755951169695087
4,20,300,2.6106249308280565
4,20,301,2.5453400651591043
4,20,302,2.4838601496581654
4,20,303,2.4417682319152383
4,20,304,2.3730026706378724
4,20,305,2.296926088926652
4,20,306,2.2583116926105378
4,20,307,2.191403249650283
4,20,308,2.0993026626175695
4,20,309,1.983033811635072
4,20,310,1.9267710662499442
4,20,311,1.8240875546845101
4,20,312,1.7347463372264718
4,20,313,1.6411513235098985
4,20,314,1.5643140712424022
4,20,315,1.491145087799803
4,20,316,1.426984412742082
4,20,317,1.3493120494683375
4,20,318,1.312753021300549
4,20,319,1.246123847818202
4,20,320,1.1949397923847578
4,20,321,1.1447992836419592
4,20,322,1.0629123673424785
4,20,323,1.001759745178315
4,20,324,0.945353755223658
4,20,325,0.8960179195365329
4,20,326,0.8323775733141601
4,20,327,0.7610897217795972
4,20,328,0.723579817139342
4,20,329,0.6754029408635931
4,20,330,0.6417682816458204
4,20,331,0.594291735681773
4,20,332,0.5453317774250438
4,20,333,0.5087934304125896
4,20,334,0.47139844769136424
4,20,335,0.43667141658569597
4,20,336,0.4023983437862312
4,20,337,0.3788185571352223
4,20,338,0.3598571563869097
4,20,339,0.33710983096353825
4,20,340,0.3165992366557371
4,20,341,0.29769030426569765
4,20,342,0.28151137661524445
4,20,343,0.2659974386492501
4,20,344,0.25491889242499705
4,20,345,0.24459791216733148
4,20,346,0.24020051750635085
4,20,347,0.23191955753764212
4,20,348,0.22027112845158572
4,20,349,0.2148661221950486
4,20,350,0.20478606894889656
4,20,351,0.1932834665163568
4,20,352,0.18329832261423296
4,20,353,0.17938515427342033
4,20,354,0.17214362461626845
4,20,355,0.16891368564995599
4,20,356,0.1603823712159757
4,20,357,0.15428532716548007
4,20,358,0.1474549611903777
4,20,359,0.14243994738193036
4,20,360,0.13831200257357887
4,20,361,0.13583098526824794
4,20,362,0.13455192539891936
4,20,363,0.13240856254124292
4,20,364,0.13084539454195737
4,20,365,0.1293603214675491
4,20,366,0.12604546962750401
4,20,367,0.12495575965667247
4,20,368,0.12226369652632268
4,20,369,0.12061286689643776
4,20,370,0.11833408465434485
4,20,371,0.11762374220022243
4,20,372,0.11693668754173932
4,20,373,0.11562941278203384
4,20,374,0.11382486890056694
4,20,375,0.11219205007412782
4,20,376,0.11071461450309214
4,20,377,0.1098086199930025
4,20,378,0.10937777551568173
4,20,379,0.10937777551568173
4,20,380,0.10855799778241747
4,20,381,0.10779108998677536
4,20,382,0.10707364238707698
4,20,383,0.10640246514616497
4,20,384,0.10608328770708565
4,20,385,0.10547598142537433
4,20,386,0.10518717773550247
4,20,387,0.10437634390253887
4,20,388,0.10412359061872187
4,20,389,0.1034139704819348
4,20,390,0.10297881651598048
4,20,391,0.10257172694126603
4,20,392,0.10219089180058709
4,20,393,0.10183461786633645
4,20,394,0.10150132111226026
4,20,395,0.10134282228671171
4,20,396,0.10118951967073365
4,20,397,0.10075911330102282
4,20,398,0.10062494694177933
4,20,399,0.100495179078976
4,20,400,0.10036966551274745
4,20,401,0.10024826677066229
4,20,402,0.10024826677066229
4,20,403,0.10013084795273924
4,20,404,0.10001727858154454
4,20,405,0.1
4,20,406,0.1
4,20,407,0.1
4,20,408,0.1
4,20,409,0.1
4,20,410,0.1
4,20,411,0.1
4,20,412,0.1
4,20,413,0.1
4,20,414,0.1
4,20,415,0.1
4,20,416,0.1
4,20,417,0.1
4,20,418,0.1
4,20,419,0.1
4,20,420,0.1
4,20,421,0.1
4,20,422,0.1
4,20,423,0.1
4,20,424,0.1
4,20,425,0.1
4,20,426,0.1
4,20,427,0.1
4,20,428,0.1
4,20,429,0.1
4,20,430,0.1
4,20,431,0.1
4,20,432,0.1
4,20,433,0.1
4,20,434,0.1
4,20,435,0.1
4,20,436,0.1
4,20,437,0.1
4,20,438,0.1
4,20,439,0.1
4,20,440,0.1
4,20,441,0.1
4,20,442,0.1
4,20,443,0.1
4,20,444,0.1
4,20,445,0.1
4,20,446,0.1
4,20,447,0.1
4,20,448,0.1
4,20,449,0.1
4,20,450,0.1
4,20,451,0.1
4,20,452,0.1
4,20,453,0.1
4,20,454,0.1
4,20,455,0.1
4,20,456,0.1
4,20,457,0.1
4,20,458,0.1
4,20,459,0.1
4,20,460,0.1
4,20,461,0.1
4,20,462,0.1
4,20,463,0.1
4,20,464,0.1
4,20,465,0.1
4,20,466,0.1
4,20,467,0.1
4,20,468,0.1
4,20,469,0.1
4,20,470,0.1
4,20,471,0.1
4,20,472,0.1
4,20,473,0.1
4,20,474,0.1
4,20,475,0.1
4,20,476,0.1
4,20,477,0.1
4,20,478,0.1
4,20,479,0.1
4,20,480,0.1
4,20,481,0.1
4,20,482,0.1
4,20,483,0.1
4,20,484,0.1
4,20,485,0.1
4,20,486,0.1
4,20,487,0.1
4,20,488,0.1
4,20,489,0.1
4,20,490,0.1
4,20,491,0.1
4,20,492,0.1
4,20,493,0.1
4,20,494,0.1
4,20,495,0.1
4,20,496,0.1
4,20,497,0.1
4,20,498,0.1
4,20,499,0.1
4,20,500,0.1
6,10,1,2.1811631028458245
6,10,2,4.25415694249004
6,10,3,7.065224321344513
6,10,4,9.185566713680865
6,10,5,9.913032435887937
6,10,6,10.0
6,10,7,9.989072033494002
6,10,8,10.0
6,10,9,10.0
6,10,10,9.978502328343872
6,10,11,9.978144066988003
6,10,12,9.989072033494002
6,10,13,9.96827913934532
6,10,14,9.913292790663752
6,10,15,9.924925534677195
6,10,16,9.924579018525618
6,10,17,9.861114191861272
6,10,18,9.902364824157756
6,10,19,9.946423206333323
6,10,20,9.923862495813882
6,10,21,9.805446171027247
6,10,22,9.713068233587306
6,10,23,9.601102386350012
6,10,24,9.44364982759281
6,10,25,9.479228033431298
6,10,26,9.439408571370686
6,10,27,9.393060091587246
6,10,28,9.184917727451479
6,10,29,8.972870616589047
6,10,30,8.77095278441438
6,10,31,8.596903190934457
6,10,32,8.513767191646263
6,10,33,8.32739167851669
6,10,34,8.056839639337394
6,10,35,7.9255659045710685
6,10,36,7.591896973809837
6,10,37,7.373136651704798
6,10,38,7.237201265057691
6,10,39,7.08370940146696
6,10,40,6.81153285521475
6,10,41,6.755938861756681
6,10,42,6.68120081494131
6,10,43,6.494261885961467
6,10,44,6.4772387553585
6,10,45,6.27977051770728
6,10,46,6.063246052800947
6,10,47,5.925393861454075
6,10,48,5.7667098687235745
6,10,49,5.618636771471215
6,10,50,5.387206085317213
6,10,51,5.232064826008841
6,10,52,5.087008314302436
6,10,53,4.910889660608977
6,10,54,4.771169718391402
6,10,55,4.575057462056674
6,10,56,4.513003429300991
6,10,57,4.425898655259118
6,10,58,4.328194220329858
6,10,59,4.243866691554196
6,10,60,4.050231212158043
6,10,61,4.01315794942543
6,10,62,3.8904574461405255
6,10,63,3.801319180086805
6,10,64,3.720964217779338
6,10,65,3.616160159754515
6,10,66,3.5174225813721827
6,10,67,3.4400567656378005
6,10,68,3.339146640387347
6,10,69,3.277922568245287
6,10,70,3.2268344675295144
6,10,71,3.1798498115609615
6,10,72,3.102978215835263
6,10,73,3.0949652328112993
6,10,74,3.0287154366021816
6,10,75,2.977608125524729
6,10,76,2.908318694443128
6,10,77,2.820371315025381
6,10,78,2.767869238852536
6,10,79,2.669487720121485
6,10,80,2.601197187939228
6,10,81,2.4962119847718736
6,10,82,2.398178998962091
6,10,83,2.3768924342432163
6,10,84,2.3690820692772285
6,10,85,2.36486908403648
6,10,86,2.3866246120443058
6,10,87,2.3187508856278005
6,10,88,2.253397493928014
6,10,89,2.209556166560587
6,10,90,2.1471350737624992
6,10,91,2.135673869829491
6,10,92,2.0800295639037336
6,10,93,2.0606898821429964
6,10,94,2.0569017773596974
6,10,95,2.0500026360405457
6,10,96,2.0851291373671588
6,10,97,2.088663229558783
6,10,98,2.0687134308368815
6,10,99,2.0624650920941354
6,10,100,2.04606548496915
6,10,101,2.056366205200886
6,10,102,2.10156299232256
6,10,103,2.089992851480068
6,10,104,2.0760069724538206
6,10,105,2.104725174625255
6,10,106,2.123727133667155
6,10,107,2.1548580279596137
6,10,108,2.198470939107115
6,10,109,2.235910572419043
6,10,110,2.3273128233810225
6,10,111,2.2937854351792737
6,10,112,2.295080359928094
6,10,113,2.2775419608637906
6,10,114,2.250711232504833
6,10,115,2.2617391964663116
6,10,116,2.283738241756602
6,10,117,2.2561379675888236
6,10,118,2.2645791214192115
6,10,119,2.323004498005969
6,10,120,2.4147488206364267
6,10,121,2.4663628087415215
6,10,122,2.51700698847418
6,10,123,2.6186468148449458
6,10,124,2.7627488848468564
6,10,125,2.884939448900111
6,10,126,2.910129152896255
6,10,127,2.9247701840772637
6,10,128,3.0136367733375944
6,10,129,3.1239196567422236
6,10,130,3.2353610501568775
6,10,131,3.332763014488075
6,10,132,3.3905371277357554
6,10,133,3.4737538559908723
6,10,134,3.586777116413841
6,10,135,3.6642648993274554
6,10,136,3.750453540620626
6,10,137,3.841643207775347
6,10,138,3.8284833753512144
6,10,139,3.9275385802956966
6,10,140,3.9683785342912627
6,10,141,4.001776635616288
6,10,142,4.020081109248127
6,10,143,4.05448303652521
6,10,144,4.151892810939288
6,10,145,4.254912066891595
6,10,146,4.300949827019144
6,10,147,4.472575667401953
6,10,148,4.511284369055925
6,10,149,4.478568730853721
6,10,150,4.584879255326962
6,10,151,4.633321960271288
6,10,152,4.736785294580512
6,10,153,4.783210420354728
6,10,154,4.851162618152821
6,10,155,4.910049115112543
6,10,156,4.950698972600064
6,10,157,5.034110266960643
6,10,158,5.129776182043361
6,10,159,5.240859100806838
6,10,160,5.289398991189267
6,10,161,5.37290781393769
6,10,162,5.475159617001306
6,10,163,5.5900419923148625
6,10,164,5.620739611605128
6,10,165,5.639638414117204
6,10,166,5.635300998722426
6,10,167,5.611715708313668
6,10,168,5.594393296914238
6,10,169,5.601304278277561
6,10,170,5.574026658577296
6,10,171,5.517778187368176
6,10,172,5.484023661093178
6,10,173,5.45644894848422
6,10,174,5.469819102983425
6,10,175,5.457486063761639
6,10,176,5.464258503427176
6,10,177,5.402922009588849
6,10,178,5.3686440234739905
6,10,179,5.350940467483158
6,10,180,5.3214958256261005
6,10,181,5.3100959048545375
6,10,182,5.2996705706336575
6,10,183,5.272450748008868
6,10,184,5.270414581329242
6,10,185,5.247639283933255
6,10,186,5.237782354401385
6,10,187,5.168617358600836
6,10,188,5.159559635046862
6,10,189,5.088476500688634
6,10,190,5.062693844216225
6,10,191,4.995101974981271
6,10,192,4.964568183955067
6,10,193,4.886381210395571
6,10,194,4.809469709045301
6,10,195,4.744555269233484
6,10,196,4.633386670186977
6,10,197,4.489288263431462
6,10,198,4.443174164138038
6,10,199,4.392766533418409
6,10,200,4.273884245605255
6,10,201,4.1867702431938465
6,10,202,4.116265597044754
6,10,203,4.03065242694706
6,10,204,3.9567709710946835
6,10,205,3.9212556881280163
6,10,206,3.9153122827176565
6,10,207,3.89014596984638
6,10,208,3.8096168336832004
6,10,209,3.7450037987535865
6,10,210,3.665460997960503
6,10,211,3.6742063159255456
6,10,212,3.617332399422286
6,10,213,3.5582199057204167
6,10,214,3.495339625491028
6,10,215,3.4542778731019776
6,10,216,3.3960712494660408
6,10,217,3.329288842483924
6,10,218,3.2411921613957326
6,10,219,3.1608984982200545
6,10,220,3.0343923331756733
6,10,221,2.92108976404114
6,10,222,2.8065049896982788
6,10,223,2.733062469512463
6,10,224,2.6540152007329803
6,10,225,2.5616170062590995
6,10,226,2.4857142957298097
6,10,227,2.415957129725337
6,10,228,2.339818535987828
6,10,229,2.276414265852501
6,10,230,2.1993689572886868
6,10,231,2.150990941428824
6,10,232,2.0677050274359234
6,10,233,1.9888077080216153
6,10,234,1.891019857303879
6,10,235,1.8196616299868744
6,10,236,1.7528652442499324
6,10,237,1.6992794848068775
6,10,238,1.6422728141600664
6,10,239,1.5906273880194497
6,10,240,1.501135134678953
6,10,241,1.4231100888842694
6,10,242,1.3386593655286496
6,10,243,1.2810689468622376
6,10,244,1.230757924355331
6,10,245,1.16617102100068
6,10,246,1.0971955173973638
6,10,247,1.0726716948461177
6,10,248,1.0037777077277377
6,10,249,0.9742009072781204
6,10,250,0.9330881732865153
6,10,251,0.8866107854283702
6,10,252,0.8481241832018535
6,10,253,0.8103989102543103
6,10,254,0.784643471439622
6,10,255,0.762830803049629
6,10,256,0.7357915096395964
6,10,257,0.6960742949756417
6,10,258,0.6675715812846528
6,10,259,0.6314048154202107
6,10,260,0.5900992417254205
6,10,261,0.5628054598104472
6,10,262,0.5633324416727941
6,10,263,0.53180377496118
6,10,264,0.5002246803226819
6,10,265,0.4691827967805711
6,10,266,0.43564588895506834
6,10,267,0.42013819615536613
6,10,268,0.3966201005208016
6,10,269,0.3701320177189089
6,10,270,0.34331971315064674
6,10,271,0.32882132341841935
6,10,272,0.30608506686223563
6,10,273,0.28887126163969784
6,10,274,0.27574079847477595
6,10,275,0.26046189344276255
6,10,276,0.24557077814917988
6,10,277,0.23549625781411607
6,10,278,0.22404008512407328
6,10,279,0.21706874970415
6,10,280,0.21095538717304502
6,10,281,0.20898793151284942
6,10,282,0.2030569605348692
6,10,283,0.19466778276506563
6,10,284,0.18860661217043326
6,10,285,0.1857552709454702
6,10,286,0.1804398235111719
6,10,287,0.1762952897042242
6,10,288,0.17521020498206857
6,10,289,0.17120475843749255
6,10,290,0.16717470525441083
6,10,291,0.165195714655659
6,10,292,0.16599306934225722
6,10,293,0.16560651195373394
6,10,294,0.16625196460908098
6,10,295,0.1685179255612858
6,10,296,0.17238934788737292
6,10,297,0.17563650053939053
6,10,298,0.1789406897866038
6,10,299,0.18561670159328722
6,10,300,0.18635478405415778
6,10,301,0.19621125562392144
6,10,302,0.19791554920755197
6,10,303,0.20843073885837807
6,10,304,0.21718745279408044
6,10,305,0.2231479993540768
6,10,306,0.23166104095054874
6,10,307,0.23680374026014975
6,10,308,0.2465933522084937
6,10,309,0.26261852063188446
6,10,310,0.27197237763066207
6,10,311,0.27017186656748016
6,10,312,0.2855176843063287
6,10,313,0.30242243818963527
6,10,314,0.33703404473802145
6,10,315,0.3773482465049459
6,10,316,0.43412842511905514
6,10,317,0.4447413821150428
6,10,318,0.4443306565685632
6,10,319,0.44359967981971543
6,10,320,0.4427255960092669
6,10,321,0.44238362037120843
6,10,322,0.4414975398208828
6,10,323,0.4412643730790963
6,10,324,0.44141396252193255
6,10,325,0.441275030855488
6,10,326,0.4412853602091943
6,10,327,0.441562570186328
6,10,328,0.4396128869208729
6,10,329,0.43928486591922783
6,10,330,0.4389573924460597
6,10,331,0.4382486955818921
6,10,332,0.43833814069119104
6,10,333,0.4382193346118245
6,10,334,0.43866496978109654
6,10,335,0.438072278260143
6,10,336,0.43842357211732275
6,10,337,0.43852779948450676
6,10,338,0.43883054582308245
6,10,339,0.43901733522948855
6,10,340,0.4395205271072664
6,10,341,0.4400505463269837
6,10,342,0.4397976698645313
6,10,343,0.4399624408348767
6,10,344,0.44083220060967737
6,10,345,0.44246806256632537
6,10,346,0.4437676562959489
6,10,347,0.4450808567796986
6,10,348,0.4249761537084075
6,10,349,0.4358127787489023
6,10,350,0.4172364323573133
6,10,351,0.399054177263426
6,10,352,0.3903273874348802
6,10,353,0.37353738794887853
6,10,354,0.36620903133268057
6,10,355,0.35055114929066533
6,10,356,0.33686079166253907
6,10,357,0.36009852413405086
6,10,358,0.35284301461772066
6,10,359,0.3398709940302484
6,10,360,0.34074438643724275
6,10,361,0.33718152603118146
6,10,362,0.3297066269779174
6,10,363,0.3173052609303457
6,10,364,0.3121686331105383
6,10,365,0.3065821283952224
6,10,366,0.31927495284619484
6,10,367,0.3141921229584811
6,10,368,0.318923879021947
6,10,369,0.329112506444704
6,10,370,0.33358447728297663
6,10,371,0.31992470987360705
6,10,372,0.3171089475802897
6,10,373,0.3182029144444244
6,10,374,0.31787008245154763
6,10,375,0.31276419761774965
6,10,376,0.30801819161028504
6,10,377,0.3124265547728474
6,10,378,0.3135908159445542
6,10,379,0.31239146821970604
6,10,380,0.31439216022365973
6,10,381,0.31479485707900684
6,10,382,0.3122997267180685
6,10,383,0.3116462339540398
6,10,384,0.3297365786098926
6,10,385,0.34132075778729776
6,10,386,0.34511042800080216
6,10,387,0.3612253616061043
6,10,388,0.39047826201749913
6,10,389,0.4148781162926548
6,10,390,0.44678636243582687
6,10,391,0.45382810206553675
6,10,392,0.48097907607551604
6,10,393,0.5210378253807284
6,10,394,0.5310553373511254
6,10,395,0.5365856579978842
6,10,396,0.5397323914437506
6,10,397,0.5473136894740595
6,10,398,0.5504479072112118
6,10,399,0.5551208261240933
6,10,400,0.5693977756707187
6,10,401,0.586510997512652
6,10,402,0.6038271856511019
6,10,403,0.6014820540348856
6,10,404,0.617286014531065
6,10,405,0.6223372499959977
6,10,406,0.6410846289592523
6,10,407,0.6701898842967187
6,10,408,0.6961962843952422
6,10,409,0.7071618885230394
6,10,410,0.7122986725251764
6,10,411,0.7289322323883538
6,10,412,0.7481537329938636
6,10,413,0.757035452667991
6,10,414,0.7863066235137536
6,10,415,0.8217343235665223
6,10,416,0.8190395206710305
6,10,417,0.8347802299756117
6,10,418,0.8547848381195298
6,10,419,0.8727857615420379
6,10,420,0.8662794078265931
6,10,421,0.861986916060333
6,10,422,0.8669732907357182
6,10,423,0.8885738482127995
6,10,424,0.8900257258141122
6,10,425,0.8793714997018065
6,10,426,0.907027712876539
6,10,427,0.9240354435812639
6,10,428,0.9524196730838398
6,10,429,1.0067079531769827
6,10,430,1.0267570756682975
6,10,431,1.0449816136520815
6,10,432,1.0772845586321675
6,10,433,1.1050988801434
6,10,434,1.0960877621696419
6,10,435,1.1106425166244265
6,10,436,1.1365326942365732
6,10,437,1.1199995631621806
6,10,438,1.1631492007391897
6,10,439,1.152784266506761
6,10,440,1.1659318906645983
6,10,441,1.1556551088912639
6,10,442,1.1435279048097735
6,10,443,1.1448942529826758
6,10,444,1.1348897438632082
6,10,445,1.119582330800644
6,10,446,1.0921303006443754
6,10,447,1.0733583601104804
6,10,448,1.04919921754366
6,10,449,1.0466504598523623
6,10,450,1.0180968991318429
6,10,451,1.0165980346028967
6,10,452,1.0054809183351832
6,10,453,0.9993544486684244
6,10,454,0.9934976764739326
6,10,455,0.9938362747398952
6,10,456,0.9650080088131661
6,10,457,0.9625438891872096
6,10,458,0.9491790550399452
6,10,459,0.9547718662961863
6,10,460,0.9597377906987622
6,10,461,0.9861292059370693
6,10,462,0.9898177527770157
6,10,463,1.008210330806651
6,10,464,1.005303394409413
6,10,465,1.0177782748738073
6,10,466,1.0348596183828538
6,10,467,1.0364303851293906
6,10,468,1.0374502031324306
6,10,469,1.053251618969322
6,10,470,1.0444294666623706
6,10,471,1.0408740819647795
6,10,472,1.042244908696346
6,10,473,1.0495809595435035
6,10,474,1.0476939284008089
6,10,475,1.047727391249023
6,10,476,1.0628558617797192
6,10,477,1.0971517170413494
6,10,478,1.129483635188964
6,10,479,1.1537301274579959
6,10,480,1.1533585830306978
6,10,481,1.1615586164890197
6,10,482,1.1606352156152255
6,10,483,1.1715168947082897
6,10,484,1.163756500618928
6,10,485,1.1639304075195567
6,10,486,1.1702714470409665
6,10,487,1.127910553278449
6,10,488,1.0911579344799347
6,10,489,1.0380495099340694
6,10,490,0.9871647642519882
6,10,491,0.9144391571792018
6,10,492,0.854490372763357
6,10,493,0.7856975831205902
6,10,494,0.7282260745973184
6,10,495,0.6667655734546063
6,10,496,0.610155992365654
6,10,497,0.5589219053603529
6,10,498,0.5123948344674835
6,10,499,0.4707262442493242
6,10,500,0.4325921001858058
6,20,1,2.154735777685638
6,20,2,4.156080325830187
6,20,3,6.664460925214952
6,20,4,8.68383337161598
6,20,5,9.690394266590646
6,20,6,9.846469793065772
6,20,7,9.9550089406907
6,20,8,9.9776972452153
6,20,9,9.978144066988003
6,20,10,9.989072033494002
6,20,11,9.93479046231988
6,20,12,9.936535173335653
6,20,13,9.956288133976008
6,20,14,9.967216100482005
6,20,15,9.956288133976008
6,20,16,9.935148723675749
6,20,17,9.978144066988003
6,20,18,9.924925534677195
6,20,19,9.8826118635174
6,20,20,9.91365105201962
6,20,21,9.902711340309331
6,20,22,9.91604334211221
6,20,23,9.873047998799956
6,20,24,9.841707747372494
6,20,25,9.884356574533173
6,20,26,9.867523290137115
6,20,27,9.766587828823354
6,20,28,9.694980437660744
6,20,29,9.716669581984062
6,20,30,9.739207187148518
6,20,31,9.68098045824627
6,20,32,9.632580599196281
6,20,33,9.621988634149021
6,20,34,9.609807646246525
6,20,35,9.54822716669604
6,20,36,9.539725583358273
6,20,37,9.567030503255303
6,20,38,9.621735767628119
6,20,39,9.549770783853155
6,20,40,9.56304911838395
6,20,41,9.479935891591824
6,20,42,9.432290349555425
6,20,43,9.485278215068302
6,20,44,9.394711164390584
6,20,45,9.4109032198254
6,20,46,9.396589174464692
6,20,47,9.471151478839882
6,20,48,9.429714537344733
6,20,49,9.303444299253263
6,20,50,9.278212620523071
6,20,51,9.225023687999412
6,20,52,9.255670616843135
6,20,53,9.290881002575242
6,20,54,9.062388329347833
6,20,55,9.096092646394213
6,20,56,9.022244578467824
6,20,57,8.97704534634086
6,20,58,8.933371205576833
6,20,59,8.950666337893278
6,20,60,8.851920016556145
6,20,61,8.813844433646636
6,20,62,8.773887033649897
6,20,63,8.823703066639899
6,20,64,8.850091236501237
6,20,65,8.82509021578649
6,20,66,8.784244903482808
6,20,67,8.817268889389771
6,20,68,8.7123909090044
6,20,69,8.61599323102356
6,20,70,8.595062352970064
6,20,71,8.673713456129372
6,20,72,8.699782875495917
6,20,73,8.670367424668637
6,20,74,8.681619793942017
6,20,75,8.62228673420994
6,20,76,8.637807444099533
6,20,77,8.59047556804934
6,20,78,8.636228996065885
6,20,79,8.62274158126044
6,20,80,8.62626911291734
6,20,81,8.72919209804145
6,20,82,8.710793747140347
6,20,83,8.593137593845547
6,20,84,8.594684306239595
6,20,85,8.419641125518327
6,20,86,8.571532270017142
6,20,87,8.553680294906126
6,20,88,8.504915005099928
6,20,89,8.514094331736032
6,20,90,8.393279865013398
6,20,91,8.305787352468109
6,20,92,8.242505110362293
6,20,93,8.267979118843224
6,20,94,8.257783966198303
6,20,95,8.242848419523177
6,20,96,8.220243923714945
6,20,97,8.173189434261921
6,20,98,8.23773666636541
6,20,99,8.362794982073574
6,20,100,8.36587819655647
6,20,101,8.460009305298609
6,20,102,8.48734959135001
6,20,103,8.447702477253104
6,20,104,8.336414425277475
6,20,105,8.330898386463387
6,20,106,8.376579206118015
6,20,107,8.33575408986593
6,20,108,8.294835242478309
6,20,109,8.240345295025948
6,20,110,8.25584864203198
6,20,111,8.305106695971308
6,20,112,8.237328497561483
6,20,113,8.245719514637717
6,20,114,8.32060595434854
6,20,115,8.263155064101637
6,20,116,8.26194515101137
6,20,117,8.34011347447403
6,20,118,8.351307137449188
6,20,119,8.252942487383704
6,20,120,8.43420826614068
6,20,121,8.56602185058727
6,20,122,8.507114092827194
6,20,123,8.455538987813874
6,20,124,8.522328760088334
6,20,125,8.507276104471858
6,20,126,8.504550425670402
6,20,127,8.598579662244369
6,20,128,8.643093024955002
6,20,129,8.622440571767324
6,20,130,8.620821167702067
6,20,131,8.557834396688584
6,20,132,8.646611883665956
6,20,133,8.697413745340382
6,20,134,8.71344836083173
6,20,135,8.73185129208127
6,20,136,8.77002413263505
6,20,137,8.775225334200229
6,20,138,8.760428545024064
6,20,139,8.77913245036075
6,20,140,8.82288223351667
6,20,141,8.913615100034999
6,20,142,8.859645499497075
6,20,143,8.949701451450327
6,20,144,9.002035916141647
6,20,145,9.041652911051084
6,20,146,9.014324577528965
6,20,147,9.009488250481295
6,20,148,9.058270671392469
6,20,149,9.112616910851035
6,20,150,9.061447939264893
6,20,151,9.08069832786631
6,20,152,9.12733768585786
6,20,153,9.118229831303216
6,20,154,9.139073486105781
6,20,155,9.093890471608093
6,20,156,9.10763912872341
6,20,157,9.119685842808671
6,20,158,9.076989284844931
6,20,159,9.073721881929014
6,20,160,9.083626601593114
6,20,161,9.070001252602932
6,20,162,9.099854572359495
6,20,163,9.109066766456822
6,20,164,9.161461337424628
6,20,165,9.169812238277478
6,20,166,9.225809296175946
6,20,167,9.263633394928233
6,20,168,9.22737107564065
6,20,169,9.176563360475425
6,20,170,9.199010363957603
6,20,171,9.18493426917416
6,20,172,9.216803823593702
6,20,173,9.27809287077423
6,20,174,9.317957328269026
6,20,175,9.376877561202662
6,20,176,9.360458872562463
6,20,177,9.37156756058821
6,20,178,9.38213726573834
6,20,179,9.380461871197037
6,20,180,9.411378995949402
6,20,181,9.389246683959419
6,20,182,9.347936819787282
6,20,183,9.277439685883492
6,20,184,9.258732444995818
6,20,185,9.194405680653487
6,20,186,9.236019753239013
6,20,187,9.174105397565572
6,20,188,9.057704603605996
6,20,189,8.901326355782414
6,20,190,8.846332456165104
6,20,191,8.795448683192092
6,20,192,8.722592011829468
6,20,193,8.72843389115377
6,20,194,8.622154285672543
6,20,195,8.4635041087815
6,20,196,8.371800664170589
6,20,197,8.243519755958792
6,20,198,8.152144121340454
6,20,199,8.065003953403595
6,20,200,7.966042788470249
6,20,201,7.829210834505677
6,20,202,7.699530127745728
6,20,203,7.5687523008743245
6,20,204,7.462079762129215
6,20,205,7.345473721055821
6,20,206,7.242228837492245
6,20,207,7.094687386801672
6,20,208,6.961123254934951
6,20,209,6.828500027489315
6,20,210,6.7216568146393065
6,20,211,6.565275723719845
6,20,212,6.428331296778706
6,20,213,6.337406558097507
6,20,214,6.2134575880389145
6,20,215,6.015940389454155
6,20,216,5.843251332213874
6,20,217,5.578749330228519
6,20,218,5.3751448961681865
6,20,219,5.147118473891583
6,20,220,4.962195560804367
6,20,221,4.786302726060019
6,20,222,4.629850401109969
6,20,223,4.4647649889777865
6,20,224,4.292329422571395
6,20,225,4.113793194740084
6,20,226,3.9932278232711274
6,20,227,3.829488779417841
6,20,228,3.6795755022063594
6,20,229,3.5232919527810522
6,20,230,3.375954027407386
6,20,231,3.286857788519739
6,20,232,3.2027851436254755
6,20,233,3.1212668965616706
6,20,234,3.0315566701570207
6,20,235,2.9458723376920983
6,20,236,2.870073389769353
6,20,237,2.8003953246764106
6,20,238,2.764111546861252
6,20,239,2.7209772659867624
6,20,240,2.637007844432625
6,20,241,2.5345873994290087
6,20,242,2.522254090446631
6,20,243,2.452416704421293
6,20,244,2.4270988707144823
6,20,245,2.3537426780549024
6,20,246,2.2826043744067284
6,20,247,2.220281227113857
6,20,248,2.168353354132693
6,20,249,2.105365496603133
6,20,250,2.070196216252432
6,20,251,2.0117096645184467
6,20,252,1.9685653232397524
6,20,253,1.8804803831938048
6,20,254,1.836220060859614
6,20,255,1.7619682246264894
6,20,256,1.7201934812321
6,20,257,1.6503472171785163
6,20,258,1.591018330385805
6,20,259,1.5484422822075983
6,20,260,1.4994142630958267
6,20,261,1.4515613215307004
6,20,262,1.3851888825188026
6,20,263,1.3396473635487924
6,20,264,1.29611644625046
6,20,265,1.2363706170875717
6,20,266,1.1921775853575256
6,20,267,1.1221947354736348
6,20,268,1.0556473226170515
6,20,269,0.9954851773224073
6,20,270,0.930053789021981
6,20,271,0.8882921252451127
6,20,272,0.8267475129755493
6,20,273,0.755716976966773
6,20,274,0.7169415887524206
6,20,275,0.6644063943986416
6,20,276,0.6197567383434657
6,20,277,0.5872288151119527
6,20,278,0.5565167788074897
6,20,279,0.5176231869421933
6,20,280,0.4845632750491466
6,20,281,0.46396685729154336
6,20,282,0.4323479406009445
6,20,283,0.4056437371447589
6,20,284,0.38102332735073585
6,20,285,0.3570812618837048
6,20,286,0.3385590160093261
6,20,287,0.3258490334186461
6,20,288,0.30860352764023374
6,20,289,0.2907497819414503
6,20,290,0.27961678985854355
6,20,291,0.2649251244740866
6,20,292,0.2564390812970397
6,20,293,0.24764311408452713
6,20,294,0.23980304507305394
6,20,295,0.232641638749319
6,20,296,0.2238722053726783
6,20,297,0.21775937432962836
6,20,298,0.21164133261468251
6,20,299,0.2074106187808172
6,20,300,0.19933476781073559
6,20,301,0.19236292283648015
6,20,302,0.18814616705351986
6,20,303,0.1869019183839825
6,20,304,0.18464376412561823
6,20,305,0.18135895432898025
6,20,306,0.17625142503030372
6,20,307,0.17303996197984747
6,20,308,0.17024709375686664
6,20,309,0.1660365570748325
6,20,310,0.15943156902138889
6,20,311,0.15590611068600863
6,20,312,0.15276794333305332
6,20,313,0.15761098500842316
6,20,314,0.15974805853517743
6,20,315,0.15815074725909406
6,20,316,0.15327207215113633
6,20,317,0.16382058040353684
6,20,318,0.16747073252059733
6,20,319,0.16930683927660292
6,20,320,0.1690339589741397
6,20,321,0.1711286825176046
6,20,322,0.1758397820323667
6,20,323,0.17863251788088866
6,20,324,0.19316824293521953
6,20,325,0.2065645704161254
6,20,326,0.23013910821102412
6,20,327,0.22595477049628948
6,20,328,0.22566161507633817
6,20,329,0.23894199878018016
6,20,330,0.25918093595651936
6,20,331,0.2763062344693633
6,20,332,0.29511581993287855
6,20,333,0.30859677518722
6,20,334,0.3084633007029049
6,20,335,0.3228064329605719
6,20,336,0.35454676506667526
6,20,337,0.41089871564527125
6,20,338,0.43245766856674683
6,20,339,0.4321585372772861
6,20,340,0.4319399429941485
6,20,341,0.43166927781053915
6,20,342,0.4318191702863872
6,20,343,0.40993402013920477
6,20,344,0.3899357818546933
6,20,345,0.37100860948799286
6,20,346,0.344772269585826
6,20,347,0.32884640272073384
6,20,348,0.3212728780371331
6,20,349,0.3212728780371331
6,20,350,0.3212728780371331
6,20,351,0.3289989147791008
6,20,352,0.314370820267733
6,20,353,0.31448763357517856
6,20,354,0.3005497398122198
6,20,355,0.29385482216214814
6,20,356,0.30065152078791174
6,20,357,0.28778678879309566
6,20,358,0.2879669605013351
6,20,359,0.2758818714680504
6,20,360,0.28176628293367595
6,20,361,0.2759551664050805
6,20,362,0.2649354972651049
6,20,363,0.24918338404037557
6,20,364,0.24427313217032778
6,20,365,0.23536211975017343
6,20,366,0.22705472864474496
6,20,367,0.21934469992600344
6,20,368,0.21122883768101863
6,20,369,0.2148062974076731
6,20,370,0.20744400493512444
6,20,371,0.19725170223965932
6,20,372,0.19395712982294516
6,20,373,0.18513291099479073
6,20,374,0.17973121820565088
6,20,375,0.17205241100873475
6,20,376,0.16775570607601345
6,20,377,0.1635896660007094
6,20,378,0.16000871437574773
6,20,379,0.15493455591860497
6,20,380,0.15048358362497966
6,20,381,0.14621906932193499
6,20,382,0.14203087904838316
6,20,383,0.13897039634494698
6,20,384,0.13707417096537858
6,20,385,0.13539727874378282
6,20,386,0.13285981738590646
6,20,387,0.13076299573285957
6,20,388,0.1281715659732926
6,20,389,0.12653062917265
6,20,390,0.12583972363480486
6,20,391,0.1248677226522074
6,20,392,0.12542759113738852
6,20,393,0.1253763539598821
6,20,394,0.12581061340258037
6,20,395,0.125875698163025
6,20,396,0.12675406273599993
6,20,397,0.12741131932379693
6,20,398,0.12833371045128264
6,20,399,0.12973594878846784
6,20,400,0.13101375037962446
6,20,401,0.1320610278540677
6,20,402,0.13275096895567048
6,20,403,0.1354979232162043
6,20,404,0.13886571106628806
6,20,405,0.14050837421716117
6,20,406,0.14350875173499983
6,20,407,0.14632070708755493
6,20,408,0.14881280525062537
6,20,409,0.15220785217638907
6,20,410,0.15487625140883313
6,20,411,0.15742101107269316
6,20,412,0.16228297411106732
6,20,413,0.15995727017537653
6,20,414,0.16041978725357448
6,20,415,0.1615976572533841
6,20,416,0.16445072680075326
6,20,417,0.1676485702659574
6,20,418,0.16826286023600806
6,20,419,0.17101634455764728
6,20,420,0.1768298254139174
6,20,421,0.17805156019163523
6,20,422,0.18059880943482007
6,20,423,0.18013556866927546
6,20,424,0.18327278423402407
6,20,425,0.18758395158085583
6,20,426,0.19481056069518582
6,20,427,0.20134249607845298
6,20,428,0.20337710875888076
6,20,429,0.20536739138688548
6,20,430,0.20717570379694017
6,20,431,0.21598215698414633
6,20,432,0.22620271591684366
6,20,433,0.22943129379512567
6,20,434,0.22895500213756373
6,20,435,0.22160850868561305
6,20,436,0.22970696665188972
6,20,437,0.24257378592159615
6,20,438,0.2522509886887699
6,20,439,0.2668664963650523
6,20,440,0.28337831637800037
6,20,441,0.30210182799888124
6,20,442,0.32286933101537135
6,20,443,0.330096286585019
6,20,444,0.35437095422892295
6,20,445,0.35586615381484915
6,20,446,0.3830487442946989
6,20,447,0.4128603557518313
6,20,448,0.4340535708375184
6,20,449,0.4475386601373906
6,20,450,0.46188321565640167
6,20,451,0.46338954455549514
6,20,452,0.46436838314836554
6,20,453,0.4655729921711391
6,20,454,0.46803889724853037
6,20,455,0.4718824482174527
6,20,456,0.47438568463033737
6,20,457,0.4757713879357615
6,20,458,0.4785514744453487
6,20,459,0.48171195292281443
6,20,460,0.46387639876833736
6,20,461,0.45757967297782837
6,20,462,0.4425586817525423
6,20,463,0.43164026277731826
6,20,464,0.4169998855169796
6,20,465,0.4035540510478765
6,20,466,0.40155002267408935
6,20,467,0.3943455603704741
6,20,468,0.3831551545471409
6,20,469,0.36746743661268927
6,20,470,0.35277595361820957
6,20,471,0.3719763765686834
6,20,472,0.3832050542151997
6,20,473,0.3912060269022259
6,20,474,0.404096404472255
6,20,475,0.402353777884991
6,20,476,0.41359595414426736
6,20,477,0.4218424602758813
6,20,478,0.43022064225723095
6,20,479,0.43964368085821
6,20,480,0.45819189586322207
6,20,481,0.47500516485442035
6,20,482,0.4988478618157057
6,20,483,0.5218590833988979
6,20,484,0.522634715930347
6,20,485,0.5179741511166349
6,20,486,0.5121272347148225
6,20,487,0.47530098353566647
6,20,488,0.43891995468609113
6,20,489,0.4061032703663351
6,20,490,0.37865684821881584
6,20,491,0.3534961414116025
6,20,492,0.33250184239046604
6,20,493,0.31493311412796116
6,20,494,0.2936486709260935
6,20,495,0.2742689375872212
6,20,496,0.25830253352731536
6,20,497,0.24260363849231334
6,20,498,0.22945839725966752
6,20,499,0.2165043847064175
6,20,500,0.20478310943452935
7,10,1,1.8659006646486476
7,10,2,2.9517702266166452
7,10,3,4.158270802346604
7,10,4,5.301045943203042
7,10,5,6.168944402121673
7,10,6,6.830057706698623
7,10,7,7.207912944084006
7,10,8,7.768967518041852
7,10,9,8.110286466903048
7,10,10,8.164113652845673
7,10,11,8.379502949687572
7,10,12,8.407662338589038
7,10,13,8.330134079529198
7,10,14,8.396575037779103
7,10,15,8.369956169685944
7,10,16,8.334036454350493
7,10,17,8.396709700852552
7,10,18,8.253257839045473
7,10,19,8.200239837146208
7,10,20,8.072223492488128
7,10,21,7.974154575743289
7,10,22,7.820019931405227
7,10,23,7.686087684482918
7,10,24,7.495197325050486
7,10,25,7.432052155662499
7,10,26,7.412954067602228
7,10,27,7.339017429649434
7,10,28,7.151910799309346
7,10,29,6.974550971046686
7,10,30,6.901400408346412
7,10,31,6.856420762713253
7,10,32,6.754429447980941
7,10,33,6.676729652566442
7,10,34,6.508240132608548
7,10,35,6.401128421375122
7,10,36,6.280322100503453
7,10,37,6.220810892992332
7,10,38,6.0685183268642255
7,10,39,5.922710439136793
7,10,40,5.751118022287135
7,10,41,5.602761803115487
7,10,42,5.57052640813862
7,10,43,5.432078896419481
7,10,44,5.357398876587798
7,10,45,5.29758809866502
7,10,46,5.199648545490419
7,10,47,5.103831272006687
7,10,48,4.959502137032769
7,10,49,4.8664236280022815
7,10,50,4.755753540705119
7,10,51,4.648990353304367
7,10,52,4.559171816752025
7,10,53,4.509300176792413
7,10,54,4.419317305477656
7,10,55,4.3367924541964165
7,10,56,4.250417678836313
7,10,57,4.130369007147341
7,10,58,4.033904101105961
7,10,59,3.8948459089251632
7,10,60,3.8124807665258778
7,10,61,3.7420754101271325
7,10,62,3.603998939553365
7,10,63,3.5058955614720664
7,10,64,3.425494866274925
7,10,65,3.339596196682415
7,10,66,3.25977636634539
7,10,67,3.1541725476438986
7,10,68,3.0406779885571256
7,10,69,2.9145148674755696
7,10,70,2.787421730783263
7,10,71,2.6613062304198447
7,10,72,2.558362057611563
7,10,73,2.493301571961807
7,10,74,2.4036265672819135
7,10,75,2.331254007885007
7,10,76,2.2918148868872774
7,10,77,2.208644116803914
7,10,78,2.116537531223723
7,10,79,2.018372543796361
7,10,80,1.9742678250624803
7,10,81,1.9175061326896763
7,10,82,1.8369362419062987
7,10,83,1.7843477107817793
7,10,84,1.7221780584099309
7,10,85,1.6920689899418855
7,10,86,1.6139204965036418
7,10,87,1.5458156125829452
7,10,88,1.4573565651030562
7,10,89,1.3955342668632484
7,10,90,1.3180889599843648
7,10,91,1.2562116334932159
7,10,92,1.191214575980412
7,10,93,1.1422875581393808
7,10,94,1.089850834330893
7,10,95,1.039646305212628
7,10,96,0.9846619286607461
7,10,97,0.943967478806279
7,10,98,0.889377691506698
7,10,99,0.8398007423567934
7,10,100,0.8042197557225333
7,10,101,0.7675949344600345
7,10,102,0.7367666137829295
7,10,103,0.6981331827516304
7,10,104,0.6684879040471906
7,10,105,0.6305233155181382
7,10,106,0.5955770351071082
7,10,107,0.5685039713770899
7,10,108,0.5385728294739144
7,10,109,0.5096234694582589
7,10,110,0.4937796383815322
7,10,111,0.4613494535685801
7,10,112,0.4341862073226637
7,10,113,0.4082034643432479
7,10,114,0.3895697166869757
7,10,115,0.36824967005530973
7,10,116,0.3497399671995471
7,10,117,0.3337860119926378
7,10,118,0.32027280396283
7,10,119,0.30132512798591765
7,10,120,0.2876859248318063
7,10,121,0.27586737312129117
7,10,122,0.26400134366165745
7,10,123,0.2530608437118797
7,10,124,0.24537226951583685
7,10,125,0.2405600008488993
7,10,126,0.2270103687152086
7,10,127,0.21743374005978028
7,10,128,0.2091129184748511
7,10,129,0.20099223189759122
7,10,130,0.19271473455679733
7,10,131,0.18325304328136377
7,10,132,0.1768943348171521
7,10,133,0.17175407317422595
7,10,134,0.16778455219880312
7,10,135,0.16701963458565935
7,10,136,0.16580681429648234
7,10,137,0.16136829025294966
7,10,138,0.15738540003421653
7,10,139,0.15238079022431247
7,10,140,0.1481164266851068
7,10,141,0.14789975011277687
7,10,142,0.14900846422019567
7,10,143,0.15142640932009552
7,10,144,0.1571823666240743
7,10,145,0.16162600129188567
7,10,146,0.1647916948658739
7,10,147,0.1746096801737455
7,10,148,0.18189663750713667
7,10,149,0.1922459917367797
7,10,150,0.19691963461305942
7,10,151,0.20846328504870063
7,10,152,0.22939950913067916
7,10,153,0.25633548610473456
7,10,154,0.2622954262202408
7,10,155,0.27590340679658215
7,10,156,0.2904831601852064
7,10,157,0.3127179154901632
7,10,158,0.3483255322839239
7,10,159,0.37864978307199443
7,10,160,0.4085785191427992
7,10,161,0.4527057506393038
7,10,162,0.46811559492420945
7,10,163,0.49454928061690995
7,10,164,0.5264811967188314
7,10,165,0.5464212057160932
7,10,166,0.6310582464234872
7,10,167,0.7159811232570255
7,10,168,0.8646567675444278
7,10,169,0.9230989458301847
7,10,170,0.9523947502027658
7,10,171,0.9879559934171027
7,10,172,1.027677246264951
7,10,173,1.0750648685641224
7,10,174,1.1207703550254486
7,10,175,1.1218728806946987
7,10,176,1.1280258108166352
7,10,177,1.1372224305314773
7,10,178,1.1490858070065555
7,10,179,1.1618208461817667
7,10,180,1.1802846026538458
7,10,181,1.204958262585312
7,10,182,1.2424550665369116
7,10,183,1.2636343053597616
7,10,184,1.2906358196168812
7,10,185,1.343640115023701
7,10,186,1.4273532694788822
7,10,187,1.4666142034542997
7,10,188,1.4845234721595209
7,10,189,1.5067787945978175
7,10,190,1.537789248726783
7,10,191,1.5701770575894332
7,10,192,1.598948002505226
7,10,193,1.6376958385429432
7,10,194,1.700039385336512
7,10,195,1.75318757904106
7,10,196,1.8504242868044956
7,10,197,1.8975896917986148
7,10,198,1.9279127678290768
7,10,199,1.994878099395611
7,10,200,2.0998671733954004
7,10,201,2.101977690389357
7,10,202,2.1041066059110323
7,10,203,2.1064487713659172
7,10,204,2.107934008225058
7,10,205,2.1094259455869757
7,10,206,2.1100544164751427
7,10,207,2.1130298436999797
7,10,208,2.1139067108659666
7,10,209,2.113958974931538
7,10,210,2.1183659525888108
7,10,211,2.123101696377685
7,10,212,2.1275366525583426
7,10,213,2.1294477212547185
7,10,214,2.135266886683801
7,10,215,2.1414377053046376
7,10,216,2.1489078147888696
7,10,217,2.1618525969764324
7,10,218,2.1756301196368857
7,10,219,2.1894557258292493
7,10,220,2.192839228004688
7,10,221,2.2108583845625165
7,10,222,2.2278715049892557
7,10,223,2.238002575603892
7,10,224,2.247349527420044
7,10,225,2.2882834990865137
7,10,226,2.303985004310324
7,10,227,2.337196476071846
7,10,228,2.359692711513904
7,10,229,2.387309478312153
7,10,230,2.431747627317846
7,10,231,2.4975069121552878
7,10,232,2.566291338361764
7,10,233,2.6041506716894376
7,10,234,2.6388178190258182
7,10,235,2.648279932586223
7,10,236,2.7048433165837937
7,10,237,2.735702705874249
7,10,238,2.791928553996368
7,10,239,2.8271642000721493
7,10,240,2.8305611946515064
7,10,241,2.835544580418409
7,10,242,2.8242279668876678
7,10,243,2.817071738626604
7,10,244,2.8007610589666347
7,10,245,2.7751694167303573
7,10,246,2.7857316950035815
7,10,247,2.761294036908518
7,10,248,2.7560203172325335
7,10,249,2.752402733024964
7,10,250,2.7524230215775534
7,10,251,2.736865350648395
7,10,252,2.7475920557099385
7,10,253,2.742268022814128
7,10,254,2.765116800409315
7,10,255,2.762029942517405
7,10,256,2.7379836112416576
7,10,257,2.753903026612204
7,10,258,2.8037143930681614
7,10,259,2.827968273215055
7,10,260,2.855244879817618
7,10,261,2.9054753222364003
7,10,262,2.946355096406251
7,10,263,2.972165521475605
7,10,264,2.9698582434843166
7,10,265,2.9675248540014882
7,10,266,2.9831039948452003
7,10,267,3.0210977303552755
7,10,268,3.046673421419207
7,10,269,3.0857213680849083
7,10,270,3.128016203238145
7,10,271,3.1561268256118598
7,10,272,3.2126380617485157
7,10,273,3.2216442812186807
7,10,274,3.26711592698319
7,10,275,3.3090331085394475
7,10,276,3.3355894840732128
7,10,277,3.3686987163271196
7,10,278,3.397279290898092
7,10,279,3.4379054489059815
7,10,280,3.4438106032546965
7,10,281,3.4474463305146665
7,10,282,3.447507358249526
7,10,283,3.449685948686783
7,10,284,3.4510130841270756
7,10,285,3.4576982838085457
7,10,286,3.460178284457291
7,10,287,3.455697701162295
7,10,288,3.465355715515156
7,10,289,3.4615194188610476
7,10,290,3.479171285050571
7,10,291,3.4710760438306423
7,10,292,3.4693548796492153
7,10,293,3.471519488967641
7,10,294,3.432480794786942
7,10,295,3.430633912460108
7,10,296,3.451561268933342
7,10,297,3.4209617106606944
7,10,298,3.433821548730766
7,10,299,3.4267859583723004
7,10,300,3.4408733589635916
7,10,301,3.45490275724991
7,10,302,3.465229066735923
7,10,303,3.478906283236681
7,10,304,3.552700301840402
7,10,305,3.612774519603462
7,10,306,3.615770515731825
7,10,307,3.618304289384023
7,10,308,3.6127515929697562
7,10,309,3.6191422478696635
7,10,310,3.66403363674478
7,10,311,3.7002250132449555
7,10,312,3.7568991821768996
7,10,313,3.818763933890302
7,10,314,3.8620647180422703
7,10,315,3.9072691375684885
7,10,316,3.948845776251287
7,10,317,4.016030836271164
7,10,318,4.076016064014038
7,10,319,4.082451575885286
7,10,320,4.10199707752335
7,10,321,4.10510583739359
7,10,322,4.15091391569534
7,10,323,4.177051522932673
7,10,324,4.198281456412412
7,10,325,4.202257126771403
7,10,326,4.237137211568524
7,10,327,4.2427420181915965
7,10,328,4.271595944062115
7,10,329,4.3153632061917016
7,10,330,4.2868699334971865
7,10,331,4.337967072594456
7,10,332,4.3575672514243085
7,10,333,4.359527580133581
7,10,334,4.373701897566052
7,10,335,4.3702074622960785
7,10,336,4.378495778689066
7,10,337,4.388973215273452
7,10,338,4.359032603254287
7,10,339,4.357537165666498
7,10,340,4.369255465378301
7,10,341,4.3883725923448935
7,10,342,4.422946181849999
7,10,343,4.4690989996635135
7,10,344,4.562322740615875
7,10,345,4.6167938139486075
7,10,346,4.697621144638922
7,10,347,4.730841288093111
7,10,348,4.736178181042378
7,10,349,4.716071552160214
7,10,350,4.747024721889316
7,10,351,4.762224952277945
7,10,352,4.815005222071817
7,10,353,4.832209491889225
7,10,354,4.875714446529287
7,10,355,4.878536954178053
7,10,356,4.903957104227271
7,10,357,4.914830896628561
7,10,358,4.952383574788254
7,10,359,5.0256895389639356
7,10,360,5.124755179605234
7,10,361,5.160172417454891
7,10,362,5.25376435868092
7,10,363,5.233391280925102
7,10,364,5.228118162740956
7,10,365,5.256693726886876
7,10,366,5.270690669425059
7,10,367,5.23005448694914
7,10,368,5.291594981010974
7,10,369,5.426408779711639
7,10,370,5.549376465911404
7,10,371,5.583319945004179
7,10,372,5.591532931538305
7,10,373,5.613368050139158
7,10,374,5.6475012676094645
7,10,375,5.679901368911658
7,10,376,5.675649335219549
7,10,377,5.616197369320939
7,10,378,5.606890189912635
7,10,379,5.606794758944097
7,10,380,5.568234740651629
7,10,381,5.54383979307713
7,10,382,5.552865887319383
7,10,383,5.554951879683148
7,10,384,5.567033593170578
7,10,385,5.5504308994507054
7,10,386,5.534577552070698
7,10,387,5.527237663532653
7,10,388,5.525138312580984
7,10,389,5.5213083245583485
7,10,390,5.530147216577558
7,10,391,5.529120277014471
7,10,392,5.52688852335049
7,10,393,5.520610067797167
7,10,394,5.542246164542027
7,10,395,5.540540497607377
7,10,396,5.583966299230681
7,10,397,5.5939507367987416
7,10,398,5.623540539746971
7,10,399,5.624721277541946
7,10,400,5.599509494843924
7,10,401,5.58717893085309
7,10,402,5.5560152183578975
7,10,403,5.551151930409947
7,10,404,5.549085146109814
7,10,405,5.6093904020202405
7,10,406,5.649980231096376
7,10,407,5.698345494129281
7,10,408,5.6677663434712136
7,10,409,5.687470412788882
7,10,410,5.691344255806806
7,10,411,5.6946755779355
7,10,412,5.673099433019654
7,10,413,5.661154076668904
7,10,414,5.626583733615604
7,10,415,5.662806481973657
7,10,416,5.6777636143413
7,10,417,5.659174644467244
7,10,418,5.636314225738631
7,10,419,5.592841004743568
7,10,420,5.554073471226382
7,10,421,5.5256046503807426
7,10,422,5.522667775932873
7,10,423,5.507368031207178
7,10,424,5.474858580173607
7,10,425,5.434082766178732
7,10,426,5.404291386252808
7,10,427,5.383388595047162
7,10,428,5.386262349222333
7,10,429,5.351598520031983
7,10,430,5.3334251011344325
7,10,431,5.2921839428301185
7,10,432,5.296244920304703
7,10,433,5.29585594245459
7,10,434,5.281329337360261
7,10,435,5.278631291230963
7,10,436,5.25971927950132
7,10,437,5.214621666772461
7,10,438,5.193068862716528
7,10,439,5.192578765010338
7,10,440,5.185845221639753
7,10,441,5.1579441927867125
7,10,442,5.1285277610975575
7,10,443,5.107432591335038
7,10,444,5.072582309383183
7,10,445,5.064152577697894
7,10,446,5.038803804057353
7,10,447,5.035882856950461
7,10,448,5.012184612660387
7,10,449,5.0131927158856655
7,10,450,5.005422992480117
7,10,451,5.053827255368381
7,10,452,5.047816033979576
7,10,453,5.0752949784517885
7,10,454,5.091165600587283
7,10,455,5.1200050773656
7,10,456,5.1515612046141355
7,10,457,5.21651334231181
7,10,458,5.19867580973158
7,10,459,5.220559501267289
7,10,460,5.19247974930906
7,10,461,5.201137032064706
7,10,462,5.175942864081817
7,10,463,5.179919699784574
7,10,464,5.1232515147231235
7,10,465,5.070720031038347
7,10,466,5.016645421582238
7,10,467,4.966612820244745
7,10,468,4.889274134820762
7,10,469,4.845103957433022
7,10,470,4.752552493329821
7,10,471,4.668707538471856
7,10,472,4.544875639099929
7,10,473,4.357436113256584
7,10,474,4.205531860034934
7,10,475,4.030632256212425
7,10,476,3.8296168607461962
7,10,477,3.6354110210957273
7,10,478,3.43834215294586
7,10,479,3.2418523397674996
7,10,480,3.0804544159484193
7,10,481,2.9006677521454494
7,10,482,2.7520655876792572
7,10,483,2.601712156604587
7,10,484,2.4967665755879835
7,10,485,2.366100016402405
7,10,486,2.2439597192734153
7,10,487,2.101410989787475
7,10,488,1.9733290008791589
7,10,489,1.832318467132982
7,10,490,1.717519199553531
7,10,491,1.573498215402171
7,10,492,1.4439448607476986
7,10,493,1.3115495283122003
7,10,494,1.1983804882792866
7,10,495,1.092537048523699
7,10,496,0.992549992941705
7,10,497,0.901585667556997
7,10,498,0.8192777422425149
7,10,499,0.7448024516170624
7,10,500,0.6774144219400502
7,20,1,1.9858732967262474
7,20,2,3.4428322955067423
7,20,3,4.982375370366545
7,20,4,6.34629886737721
7,20,5,7.503911664370037
7,20,6,8.400076007763339
7,20,7,9.032934718353546
7,20,8,9.442943345569285
7,20,9,9.522736955135308
7,20,10,9.559567365467739
7,20,11,9.65502317525678
7,20,12,9.580973063039623
7,20,13,9.626816254185064
7,20,14,9.538329949247249
7,20,15,9.452206500376029
7,20,16,9.412709549145086
7,20,17,9.309221184680979
7,20,18,9.227163206023702
7,20,19,9.055352221050503
7,20,20,9.077158215891904
7,20,21,8.965032126971568
7,20,22,8.87891873253947
7,20,23,8.777884071000987
7,20,24,8.847705603300827
7,20,25,8.923881960536438
7,20,26,8.82934262452323
7,20,27,8.65693337171835
7,20,28,8.582780587769868
7,20,29,8.506469522202673
7,20,30,8.45119042612434
7,20,31,8.419551690544306
7,20,32,8.326753573889262
7,20,33,8.243495758502714
7,20,34,8.172389821163812
7,20,35,8.0531884086711
7,20,36,8.032971176411978
7,20,37,7.959813171934965
7,20,38,7.842087261619195
7,20,39,7.845147018075737
7,20,40,7.725122516366074
7,20,41,7.599898027942606
7,20,42,7.521472913835705
7,20,43,7.386884862123233
7,20,44,7.175437477042407
7,20,45,7.063074988251506
7,20,46,6.966030608440894
7,20,47,6.804647384599453
7,20,48,6.8502396173876825
7,20,49,6.749101395065084
7,20,50,6.574907852073938
7,20,51,6.460372787336046
7,20,52,6.248760225620564
7,20,53,6.241173804049518
7,20,54,6.267502956948088
7,20,55,6.122237958755674
7,20,56,5.978903135496753
7,20,57,5.827998993583724
7,20,58,5.71131768195076
7,20,59,5.635714213775703
7,20,60,5.517263118091612
7,20,61,5.471006225925034
7,20,62,5.464619287731739
7,20,63,5.281339181829755
7,20,64,5.246482348250768
7,20,65,5.126963758213947
7,20,66,5.05593769681986
7,20,67,5.048943241598871
7,20,68,5.012539173304982
7,20,69,4.957083368274485
7,20,70,4.887153091717929
7,20,71,4.825015230658617
7,20,72,4.79375013038244
7,20,73,4.729360520914209
7,20,74,4.598602649617544
7,20,75,4.603319699327283
7,20,76,4.528064892054585
7,20,77,4.547263676360222
7,20,78,4.50535560936188
7,20,79,4.473253590192716
7,20,80,4.422300145729403
7,20,81,4.402187968879295
7,20,82,4.42058443945057
7,20,83,4.334670897044471
7,20,84,4.254933211584247
7,20,85,4.22757020650798
7,20,86,4.200560368273648
7,20,87,4.1618460411810085
7,20,88,4.068053705173907
7,20,89,4.055711244166265
7,20,90,3.946341770828769
7,20,91,3.9040706119584545
7,20,92,3.8814488503509783
7,20,93,3.8023620430944316
7,20,94,3.7757508992359585
7,20,95,3.658757531111392
7,20,96,3.5847284567151823
7,20,97,3.5384778710037406
7,20,98,3.441963938305254
7,20,99,3.395684157415768
7,20,100,3.318825485518901
7,20,101,3.2353400201983957
7,20,102,3.169243734741919
7,20,103,3.088076045474594
7,20,104,3.028924967160952
7,20,105,3.0133631918463872
7,20,106,3.001107996710318
7,20,107,2.9794776000436394
7,20,108,2.917488044809199
7,20,109,2.868527734594226
7,20,110,2.8130049625380953
7,20,111,2.7931032587194156
7,20,112,2.7584008659993966
7,20,113,2.7630956399564774
7,20,114,2.7252422941207533
7,20,115,2.716982863911494
7,20,116,2.613354695942069
7,20,117,2.5583725851783368
7,20,118,2.480196060090054
7,20,119,2.4359806596562463
7,20,120,2.348228800393265
7,20,121,2.288305931781181
7,20,122,2.1914355878863945
7,20,123,2.176552846733174
7,20,124,2.083979761044182
7,20,125,2.073706615920483
7,20,126,1.9849742075861132
7,20,127,1.8866119336856546
7,20,128,1.7989675650588304
7,20,129,1.789449304012458
7,20,130,1.7240470158325123
7,20,131,1.6115714647032384
7,20,132,1.5580666700190828
7,20,133,1.5026288126248124
7,20,134,1.4541131665233096
7,20,135,1.4062943829413603
7,20,136,1.3470216157137282
7,20,137,1.3016038734859348
7,20,138,1.240296436011074
7,20,139,1.2008031467201077
7,20,140,1.155757832891569
7,20,141,1.1531736773268357
7,20,142,1.1221268897475694
7,20,143,1.0772878422940622
7,20,144,1.0591727541072022
7,20,145,1.0190991228864483
7,20,146,0.993004934727157
7,20,147,0.9653418003313202
7,20,148,0.9121966500983328
7,20,149,0.8754834781962482
7,20,150,0.8565609588451611
7,20,151,0.8344732915903254
7,20,152,0.8054097878580032
7,20,153,0.7956018265242163
7,20,154,0.7603799505682619
7,20,155,0.7450466393454498
7,20,156,0.7467276745763207
7,20,157,0.7368654641247253
7,20,158,0.7257324146869356
7,20,159,0.731912265768621
7,20,160,0.7561424965112233
7,20,161,0.7811250431294516
7,20,162,0.7965038532428509
7,20,163,0.8303049966046926
7,20,164,0.9020665474830025
7,20,165,0.9464294801996902
7,20,166,1.0787831563545554
7,20,167,1.092479098510674
7,20,168,1.1042883693710897
7,20,169,1.1107008306202273
7,20,170,1.1710727722742609
7,20,171,1.1975515814469717
7,20,172,1.1898678715294069
7,20,173,1.1966431718988972
7,20,174,1.1943642600009514
7,20,175,1.197092934492994
7,20,176,1.2007964939160642
7,20,177,1.2084923882923428
7,20,178,1.2345308987988737
7,20,179,1.2506999657453082
7,20,180,1.2742496521001636
7,20,181,1.2970326592094326
7,20,182,1.3126024402666976
7,20,183,1.3415456682959543
7,20,184,1.3757203189173175
7,20,185,1.3993021776949506
7,20,186,1.4198120956064941
7,20,187,1.4678881524809513
7,20,188,1.5198205423116633
7,20,189,1.5880811478439945
7,20,190,1.6759760772440662
7,20,191,1.7757949951181113
7,20,192,1.8023950288299782
7,20,193,1.8213083909086982
7,20,194,1.8564944485515833
7,20,195,1.8919582463844902
7,20,196,1.9394344755170947
7,20,197,1.9813744176768038
7,20,198,2.057204081315701
7,20,199,2.1333854044559435
7,20,200,2.241475391712736
7,20,201,2.3450875823751955
7,20,202,2.5099793278112696
7,20,203,2.6708574192872847
7,20,204,2.717178085747545
7,20,205,2.7659596077563107
7,20,206,2.7857865433849565
7,20,207,2.81431983809976
7,20,208,2.8369054523179993
7,20,209,2.93189356106133
7,20,210,3.040030470522501
7,20,211,3.126873635879738
7,20,212,3.1552869120496125
7,20,213,3.2310740031789966
7,20,214,3.308405035064868
7,20,215,3.4188392755126875
7,20,216,3.5154552773910046
7,20,217,3.6574554527098275
7,20,218,3.7651401961433573
7,20,219,3.8819563749193478
7,20,220,4.075151055607942
7,20,221,4.2936805055401726
7,20,222,4.453381674576379
7,20,223,4.586998394321151
7,20,224,4.768211990550521
7,20,225,4.937017537415403
7,20,226,5.025411202728508
7,20,227,5.1213127097367
7,20,228,5.2811194924619915
7,20,229,5.442031069149544
7,20,230,5.604482474988734
7,20,231,5.849278091571355
7,20,232,5.987852517905695
7,20,233,6.035780959767744
7,20,234,6.079565394693694
7,20,235,6.158450961062391
7,20,236,6.214217403863682
7,20,237,6.326017201043132
7,20,238,6.410465723316197
7,20,239,6.46715249356565
7,20,240,6.5157438593772445
7,20,241,6.5819850658791905
7,20,242,6.711782082827394
7,20,243,6.714329188624215
7,20,244,6.727232901450904
7,20,245,6.7311113637423245
7,20,246,6.72173969004185
7,20,247,6.731616570523562
7,20,248,6.730665269674079
7,20,249,6.733965404814099
7,20,250,6.7449711952971745
7,20,251,6.756405783896753
7,20,252,6.729690682534017
7,20,253,6.74441543592014
7,20,254,6.756983833564188
7,20,255,6.7483971020399185
7,20,256,6.752859063253914
7,20,257,6.768067567024206
7,20,258,6.829088127945004
7,20,259,6.839361038731435
7,20,260,6.88624282136462
7,20,261,6.9700709382301955
7,20,262,7.025091450660745
7,20,263,7.036087435213994
7,20,264,7.037979571603623
7,20,265,7.040270018414945
7,20,266,7.019397035748377
7,20,267,7.000994758229227
7,20,268,6.989701031216601
7,20,269,6.939057420197686
7,20,270,6.911938633410744
7,20,271,6.934343017735841
7,20,272,6.940295959155656
7,20,273,6.926778200909171
7,20,274,6.916487573291009
7,20,275,6.928157673986127
7,20,276,6.941527004369833
7,20,277,6.936460569738022
7,20,278,6.99171434526372
7,20,279,7.02078186657904
7,20,280,7.044906048201122
7,20,281,7.065981736960132
7,20,282,7.107935075328716
7,20,283,7.14165534236159
7,20,284,7.17111167866318
7,20,285,7.241315849084911
7,20,286,7.257090513669649
7,20,287,7.251152433379281
7,20,288,7.281939545846985
7,20,289,7.290350100398573
7,20,290,7.286498821056321
7,20,291,7.280598638462307
7,20,292,7.260203294393347
7,20,293,7.187310471231567
7,20,294,7.165685650877617
7,20,295,7.153251943910901
7,20,296,7.156981253325868
7,20,297,7.130594644657593
7,20,298,7.129718493601938
7,20,299,7.130898708432882
7,20,300,7.16802755542973
7,20,301,7.1687046950733775
7,20,302,7.187430321293418
7,20,303,7.209080454720517
7,20,304,7.182977324510594
7,20,305,7.1846778038402475
7,20,306,7.213897305440887
7,20,307,7.202775646055731
7,20,308,7.165071056683203
7,20,309,7.203352661124113
7,20,310,7.211473151543687
7,20,311,7.216391399185416
7,20,312,7.201070700032294
7,20,313,7.258428951599713
7,20,314,7.242642989806538
7,20,315,7.279627476444401
7,20,316,7.296240800314175
7,20,317,7.320575762838728
7,20,318,7.331624409634017
7,20,319,7.329627499252207
7,20,320,7.355467532659676
7,20,321,7.390446790250015
7,20,322,7.404855180635129
7,20,323,7.446923045993178
7,20,324,7.501864000314947
7,20,325,7.501840695378038
7,20,326,7.539098688627136
7,20,327,7.617614277922576
7,20,328,7.611947870867268
7,20,329,7.59104438364817
7,20,330,7.609563903582521
7,20,331,7.744112600504275
7,20,332,7.802648749200757
7,20,333,7.905863751152684
7,20,334,7.9356127481188725
7,20,335,8.046081536263245
7,20,336,8.010028274059383
7,20,337,8.010310921856185
7,20,338,8.094584750913585
7,20,339,8.142511169953396
7,20,340,8.11796216872259
7,20,341,8.111408008843501
7,20,342,8.089756812289545
7,20,343,8.122710836226757
7,20,344,8.120155594947875
7,20,345,8.140891599368238
7,20,346,8.198320028026282
7,20,347,8.238881973696422
7,20,348,8.258623340053084
7,20,349,8.249574412981973
7,20,350,8.31385796881099
7,20,351,8.309657510352556
7,20,352,8.285902824436118
7,20,353,8.298463923563615
7,20,354,8.337178176349743
7,20,355,8.406169439526286
7,20,356,8.48103091253741
7,20,357,8.58607905898257
7,20,358,8.646231484080317
7,20,359,8.65803486091592
7,20,360,8.657868098990283
7,20,361,8.626344833104081
7,20,362,8.596330207830876
7,20,363,8.570670849348973
7,20,364,8.544746935360308
7,20,365,8.558363449402657
7,20,366,8.519973904915098
7,20,367,8.488899576284577
7,20,368,8.456233495346924
7,20,369,8.421527408901293
7,20,370,8.356960621389346
7,20,371,8.288864028734459
7,20,372,8.224499977467932
7,20,373,8.228641105680856
7,20,374,8.18449818295626
7,20,375,8.154376727740775
7,20,376,8.142345050366963
7,20,377,8.146091076836958
7,20,378,8.081442467341539
7,20,379,8.075255092404355
7,20,380,8.059078124903104
7,20,381,8.07391220279881
7,20,382,8.04365804799473
7,20,383,7.996364674124357
7,20,384,7.937373720264811
7,20,385,7.892924833401112
7,20,386,7.922622930221478
7,20,387,7.954845010087971
7,20,388,7.97301914782461
7,20,389,7.950436798055408
7,20,390,7.867873011644078
7,20,391,7.884303967563644
7,20,392,7.8434477362724415
7,20,393,7.928337913775854
7,20,394,7.9711422502924965
7,20,395,8.007378388917171
7,20,396,8.109109453316655
7,20,397,8.15509965926243
7,20,398,8.198126934325813
7,20,399,8.233944468414457
7,20,400,8.183385833489698
7,20,401,8.241462296372926
7,20,402,8.295421425913295
7,20,403,8.308894464776133
7,20,404,8.318029996220066
7,20,405,8.293315832841891
7,20,406,8.278408893795826
7,20,407,8.267695159333293
7,20,408,8.26198520149485
7,20,409,8.293065381130706
7,20,410,8.288331543925295
7,20,411,8.271974937761062
7,20,412,8.27611158505391
7,20,413,8.260829470368428
7,20,414,8.24748127748199
7,20,415,8.272630583899321
7,20,416,8.25684158460784
7,20,417,8.292787985504251
7,20,418,8.36879007614546
7,20,419,8.36720393877101
7,20,420,8.356380880001621
7,20,421,8.336459709528809
7,20,422,8.39042871435431
7,20,423,8.393115600241421
7,20,424,8.332617315721011
7,20,425,8.31962015200654
7,20,426,8.323898584190799
7,20,427,8.381135430034904
7,20,428,8.383664903734132
7,20,429,8.371233392349826
7,20,430,8.380643233390819
7,20,431,8.37415044226935
7,20,432,8.363432861671152
7,20,433,8.341208392679848
7,20,434,8.319614893713789
7,20,435,8.333156588389818
7,20,436,8.393003858093241
7,20,437,8.3913626449911
7,20,438,8.401142304227298
7,20,439,8.370859493895598
7,20,440,8.368607285794022
7,20,441,8.309849809420474
7,20,442,8.293737130788761
7,20,443,8.277714666536957
7,20,444,8.243811356832786
7,20,445,8.218452369180179
7,20,446,8.153153120635622
7,20,447,8.13181639352208
7,20,448,8.066484957913282
7,20,449,8.100444789615482
7,20,450,8.078616059875037
7,20,451,8.06884485011859
7,20,452,8.081752945663958
7,20,453,8.071605345512424
7,20,454,8.140073917565612
7,20,455,8.179469706539852
7,20,456,8.231365810873644
7,20,457,8.29198542150391
7,20,458,8.275862467233917
7,20,459,8.26238023514505
7,20,460,8.216319748463542
7,20,461,8.179909204028089
7,20,462,8.157877224095616
7,20,463,8.159238804493869
7,20,464,8.163472161698119
7,20,465,8.184108824307236
7,20,466,8.190217842461077
7,20,467,8.162833595861285
7,20,468,8.201449561881317
7,20,469,8.19385745757536
7,20,470,8.195666292183878
7,20,471,8.184062908333978
7,20,472,8.1748999012845
7,20,473,8.235453467600738
7,20,474,8.251576779013202
7,20,475,8.260274881418484
7,20,476,8.241387487780027
7,20,477,8.240529715261742
7,20,478,8.241228058302012
7,20,479,8.237577861626256
7,20,480,8.212369988170957
7,20,481,8.13264716910617
7,20,482,8.08943736282268
7,20,483,8.014035152489651
7,20,484,7.938417963639704
7,20,485,7.778053339786157
7,20,486,7.577151070314178
7,20,487,7.201143310874878
7,20,488,6.973234476481551
7,20,489,6.544883825003854
7,20,490,6.123402440773694
7,20,491,5.6781997353404945
7,20,492,5.182428769406831
7,20,493,4.714916406636603
7,20,494,4.284982887235982
7,20,495,3.890433476380925
7,20,496,3.5302825802522135
7,20,497,3.19836919606663
7,20,498,2.8963284242833107
7,20,499,2.625934325348458
7,20,500,2.3766780520933914
12,10,1,2.2941765519177957
12,10,2,4.484952533449817
12,10,3,6.877771139694828
12,10,4,8.680461759726207
12,10,5,9.403052572586171
12,10,6,9.824560809671697
12,10,7,9.966769278709302
12,10,8,10.0
12,10,9,9.935148723675749
12,10,10,9.978502328343872
12,10,11,9.967574361837874
12,10,12,9.989072033494002
12,10,13,9.913997568171197
12,10,14,9.956646395331877
12,10,15,9.967574361837874
12,10,16,9.956646395331877
12,10,17,9.956288133976008
12,10,18,9.935148723675749
12,10,19,9.95735117283932
12,10,20,9.924925534677195
12,10,21,9.904109535173527
12,10,22,9.924925534677195
12,10,23,9.91365105201962
12,10,24,9.91640160346808
12,10,25,9.967574361837874
12,10,26,9.925607206829655
12,10,27,9.91640160346808
12,10,28,9.88727625077747
12,10,29,9.85555539012279
12,10,30,9.935148723675749
12,10,31,9.945718428825877
12,10,32,9.883975965305954
12,10,33,9.885362414965858
12,10,34,9.866906487666737
12,10,35,9.876470352384183
12,10,36,9.760727964159631
12,10,37,9.772185443498477
12,10,38,9.789427987047054
12,10,39,9.814476009303288
12,10,40,9.830757432995146
12,10,41,9.790768983480621
12,10,42,9.873752776307402
12,10,43,9.82383452946811
12,10,44,9.814651273977885
12,10,45,9.863205419028622
12,10,46,9.809259761339018
12,10,47,9.824192790823979
12,10,48,9.810646210998923
12,10,49,9.811283920059049
12,10,50,9.853227969712282
12,10,51,9.844627423616792
12,10,52,9.730576549846127
12,10,53,9.734601029280833
12,10,54,9.78222563581576
12,10,55,9.813687955355931
12,10,56,9.821830519854192
12,10,57,9.73194065163468
12,10,58,9.737249388244573
12,10,59,9.77687957640323
12,10,60,9.809282109210368
12,10,61,9.842300003206283
12,10,62,9.76899335425424
12,10,63,9.769293659695844
12,10,64,9.811015832505486
12,10,65,9.701941396640786
12,10,66,9.711209743003304
12,10,67,9.703368241430281
12,10,68,9.715485777700604
12,10,69,9.784562602665321
12,10,70,9.728257347538458
12,10,71,9.617424957368678
12,10,72,9.60679805378792
12,10,73,9.570501103091113
12,10,74,9.52201778212271
12,10,75,9.635956888133299
12,10,76,9.639845793291768
12,10,77,9.586952805767195
12,10,78,9.611268293360979
12,10,79,9.652637317141222
12,10,80,9.62951895776995
12,10,81,9.54963338004916
12,10,82,9.564094953988057
12,10,83,9.580246426998565
12,10,84,9.560823077330637
12,10,85,9.569947018713739
12,10,86,9.510419487354723
12,10,87,9.592058610928719
12,10,88,9.488296838758343
12,10,89,9.554319469051396
12,10,90,9.472541769163396
12,10,91,9.470858207864058
12,10,92,9.521415216303138
12,10,93,9.525399452828527
12,10,94,9.53199666665756
12,10,95,9.568394796140781
12,10,96,9.531055629219761
12,10,97,9.538613215247349
12,10,98,9.501353486538402
12,10,99,9.538662560418958
12,10,100,9.548487002781075
12,10,101,9.533811448714129
12,10,102,9.494096833450067
12,10,103,9.487949540122015
12,10,104,9.513178880744595
12,10,105,9.47539978539661
12,10,106,9.485460428451024
12,10,107,9.446774824759025
12,10,108,9.457456226543488
12,10,109,9.423251733379793
12,10,110,9.452795356210755
12,10,111,9.449154489201142
12,10,112,9.472662781491776
12,10,113,9.481841507441993
12,10,114,9.511979440210892
12,10,115,9.51090821902454
12,10,116,9.543208450181677
12,10,117,9.515120024028779
12,10,118,9.520008711609497
12,10,119,9.511159534396711
12,10,120,9.491236584127272
12,10,121,9.47684837307497
12,10,122,9.491516655020497
12,10,123,9.53637296138536
12,10,124,9.551486649271007
12,10,125,9.585489959748994
12,10,126,9.560977954314184
12,10,127,9.593270218487795
12,10,128,9.600101524012905
12,10,129,9.61251769875033
12,10,130,9.633292551106269
12,10,131,9.6769933049412
12,10,132,9.707014131737813
12,10,133,9.668612719225614
12,10,134,9.702993957526445
12,10,135,9.702993957526445
12,10,136,9.697427937734014
12,10,137,9.698067069490746
12,10,138,9.678114126092064
12,10,139,9.682470547322996
12,10,140,9.703073842974751
12,10,141,9.727797093409855
12,10,142,9.71348918614317
12,10,143,9.691417609570063
12,10,144,9.681170656056162
12,10,145,9.667444455113555
12,10,146,9.693373153948142
12,10,147,9.660965207943535
12,10,148,9.654313371729108
12,10,149,9.634547328129939
12,10,150,9.585427940551277
12,10,151,9.573433848899672
12,10,152,9.613849519703145
12,10,153,9.688684702234886
12,10,154,9.678439223835763
12,10,155,9.666276037526
12,10,156,9.60773394482128
12,10,157,9.5423270629501
12,10,158,9.511850751125031
12,10,159,9.467914653571226
12,10,160,9.392760028656436
12,10,161,9.349262437161757
12,10,162,9.347570217963396
12,10,163,9.289604393579875
12,10,164,9.232902467427532
12,10,165,9.132722738681995
12,10,166,9.06963551211512
12,10,167,8.972155109602765
12,10,168,8.938523614136493
12,10,169,8.882958620709067
12,10,170,8.895594211664745
12,10,171,8.788578375481073
12,10,172,8.713986227361
12,10,173,8.57883195445079
12,10,174,8.413128337496694
12,10,175,8.33027778550471
12,10,176,8.224228049556732
12,10,177,8.12529941418807
12,10,178,7.982863610477542
12,10,179,8.00377737792638
12,10,180,7.94695032768017
12,10,181,7.784622081375139
12,10,182,7.726780427091743
12,10,183,7.562188295550433
12,10,184,7.401408309725836
12,10,185,7.310785647802833
12,10,186,7.2336950079181825
12,10,187,7.1339691459881065
12,10,188,7.133025571861788
12,10,189,7.114040068099126
12,10,190,7.035565349217401
12,10,191,6.990805674197701
12,10,192,6.946848221883672
12,10,193,6.913725717630143
12,10,194,6.81998070669843
12,10,195,6.6986533139706275
12,10,196,6.652425646712496
12,10,197,6.564508960119096
12,10,198,6.530685033657203
12,10,199,6.470735438532133
12,10,200,6.480717012488706
12,10,201,6.491455861372888
12,10,202,6.440758560197869
12,10,203,6.4499054365291135
12,10,204,6.4336689568627685
12,10,205,6.378498657242975
12,10,206,6.268443598701124
12,10,207,6.281262944957825
12,10,208,6.246640483139208
12,10,209,6.173652703586894
12,10,210,6.066303455407195
12,10,211,5.918997031876626
12,10,212,5.801603307412461
12,10,213,5.725993524751423
12,10,214,5.631705813691228
12,10,215,5.538544654557829
12,10,216,5.448832556609674
12,10,217,5.367682753848615
12,10,218,5.249968964299166
12,10,219,5.140869252693575
12,10,220,5.020306355555827
12,10,221,4.990005750960081
12,10,222,4.958300459359851
12,10,223,4.894791412777021
12,10,224,4.928952123068101
12,10,225,4.898288030186835
12,10,226,4.841440565446747
12,10,227,4.821453096479706
12,10,228,4.765095520296089
12,10,229,4.695328430979809
12,10,230,4.650555313710364
12,10,231,4.61217481540342
12,10,232,4.545046305328409
12,10,233,4.473045553818661
12,10,234,4.426044010778534
12,10,235,4.424718994538171
12,10,236,4.437514560635475
12,10,237,4.490103601708244
12,10,238,4.475563029469867
12,10,239,4.409339028160306
12,10,240,4.390358378009326
12,10,241,4.319543673647842
12,10,242,4.302566412596069
12,10,243,4.236389654144913
12,10,244,4.173768700642946
12,10,245,4.137790889508815
12,10,246,4.08358839887156
12,10,247,4.055052402449625
12,10,248,4.032937667069848
12,10,249,4.00487343687065
12,10,250,3.916751633508568
12,10,251,3.8529274596643877
12,10,252,3.827201381368604
12,10,253,3.795986497520892
12,10,254,3.7781665935228266
12,10,255,3.7496016169268533
12,10,256,3.673076114580597
12,10,257,3.6234367849437814
12,10,258,3.612458703060471
12,10,259,3.5762594754726544
12,10,260,3.586610321870813
12,10,261,3.5608590847434027
12,10,262,3.5935456741890826
12,10,263,3.616954878124935
12,10,264,3.6579053765509544
12,10,265,3.718155772936419
12,10,266,3.6669015126260414
12,10,267,3.670832046130366
12,10,268,3.693513548099025
12,10,269,3.6607746862129646
12,10,270,3.7009149298898767
12,10,271,3.6600645794790054
12,10,272,3.651178753706426
12,10,273,3.6566452072102953
12,10,274,3.6424275391655323
12,10,275,3.653974364552887
12,10,276,3.5937029614180203
12,10,277,3.5644795397149096
12,10,278,3.528698369979639
12,10,279,3.4787299387828083
12,10,280,3.4131986595263006
12,10,281,3.4443294988530786
12,10,282,3.4817134142734902
12,10,283,3.4548516493454433
12,10,284,3.47036389110226
12,10,285,3.4240051251895034
12,10,286,3.432541372681605
12,10,287,3.3877570508843675
12,10,288,3.3969453904991065
12,10,289,3.372467882384963
12,10,290,3.3312117209106713
12,10,291,3.334741704870334
12,10,292,3.3175417967002967
12,10,293,3.3041342341451525
12,10,294,3.339618212475121
12,10,295,3.3449980276340496
12,10,296,3.344795213674202
12,10,297,3.309211997046129
12,10,298,3.3436009473700827
12,10,299,3.3102749967625327
12,10,300,3.319561244554119
12,10,301,3.310552383983378
12,10,302,3.267805779125377
12,10,303,3.2240998031241697
12,10,304,3.2309147801049383
12,10,305,3.2236152727910263
12,10,306,3.176191290351628
12,10,307,3.179691811408249
12,10,308,3.119393061502772
12,10,309,3.0709450149072097
12,10,310,3.094858395618344
12,10,311,3.0672797454950227
12,10,312,2.994652335731712
12,10,313,2.965406626865403
12,10,314,2.8917749834877
12,10,315,2.8501917541200186
12,10,316,2.775460481253426
12,10,317,2.724047050159767
12,10,318,2.705310964389406
12,10,319,2.6150161970348282
12,10,320,2.5525555326111506
12,10,321,2.542777744594527
12,10,322,2.496590826708722
12,10,323,2.4995070436167195
12,10,324,2.482931063326584
12,10,325,2.4550425456487637
12,10,326,2.4165621136129243
12,10,327,2.379351451948366
12,10,328,2.303898140592452
12,10,329,2.252523559445992
12,10,330,2.2341665066629983
12,10,331,2.2052093007805476
12,10,332,2.157741886554422
12,10,333,2.169822010342469
12,10,334,2.115121061233488
12,10,335,2.0927161495819715
12,10,336,2.0549083416769105
12,10,337,2.0399106014341264
12,10,338,2.022942085027004
12,10,339,2.0205140230575456
12,10,340,2.0288380209710635
12,10,341,2.0479646927245914
12,10,342,2.0421250171891123
12,10,343,2.0184216059771543
12,10,344,1.989907107891374
12,10,345,1.9536505902504073
12,10,346,1.9302121666253025
12,10,347,1.8810555206226336
12,10,348,1.850390570207798
12,10,349,1.8406216343409614
12,10,350,1.782185259852407
12,10,351,1.7454173618198514
12,10,352,1.753375250138547
12,10,353,1.7397128992902806
12,10,354,1.7077417374173016
12,10,355,1.6745591269326956
12,10,356,1.6665597104457623
12,10,357,1.638434228327776
12,10,358,1.6106338784971252
12,10,359,1.581599566962242
12,10,360,1.5786015904784199
12,10,361,1.553657148985835
12,10,362,1.5487111478734554
12,10,363,1.542267523676877
12,10,364,1.5364276410330688
12,10,365,1.5204800181904907
12,10,366,1.5263724606011853
12,10,367,1.5209065006348759
12,10,368,1.516633041852333
12,10,369,1.502169098928898
12,10,370,1.4894041754589955
12,10,371,1.4793605525100735
12,10,372,1.4390746895993691
12,10,373,1.4297094575723122
12,10,374,1.403626040767859
12,10,375,1.3736069570668397
12,10,376,1.3530600181333907
12,10,377,1.3357661828922673
12,10,378,1.3637621877853967
12,10,379,1.347402651873351
12,10,380,1.3384496228388028
12,10,381,1.3478866437047776
12,10,382,1.3265905016068364
12,10,383,1.295307904006807
12,10,384,1.308825899092899
12,10,385,1.3098858483390652
12,10,386,1.303460653621027
12,10,387,1.3203032826314984
12,10,388,1.349005780205549
12,10,389,1.353778224248829
12,10,390,1.3652025063897368
12,10,391,1.4140719286763954
12,10,392,1.4314644571275106
12,10,393,1.4879903789587936
12,10,394,1.5065591664205134
12,10,395,1.5092015728337091
12,10,396,1.5085413069036002
12,10,397,1.5050066683308114
12,10,398,1.5092916771939207
12,10,399,1.5058243832637486
12,10,400,1.5042089469098072
12,10,401,1.487194884660989
12,10,402,1.4871495270749915
12,10,403,1.4606551691271237
12,10,404,1.447484902657951
12,10,405,1.4514864837473869
12,10,406,1.4458496918988726
12,10,407,1.4383214868821557
12,10,408,1.4393650862252352
12,10,409,1.411627567044485
12,10,410,1.403583075634536
12,10,411,1.3929189488932752
12,10,412,1.3851357010407201
12,10,413,1.3745236465296478
12,10,414,1.3774056740757947
12,10,415,1.3682276945037326
12,10,416,1.3567400328866357
12,10,417,1.3477710659676703
12,10,418,1.3169984183774588
12,10,419,1.2955261862556144
12,10,420,1.287756518151484
12,10,421,1.260488569597444
12,10,422,1.2366506950086866
12,10,423,1.2056294885319432
12,10,424,1.1531672216591387
12,10,425,1.1114597218843394
12,10,426,1.0654522453957032
12,10,427,1.0431515332662444
12,10,428,1.0207466543317034
12,10,429,0.9901331789009755
12,10,430,0.9521097062313321
12,10,431,0.9267248748836229
12,10,432,0.8714344338010526
12,10,433,0.8404631636437734
12,10,434,0.8292666122094876
12,10,435,0.7964841801813537
12,10,436,0.7909396890784139
12,10,437,0.7521393838950982
12,10,438,0.7176220814125185
12,10,439,0.7093502300067004
12,10,440,0.6852197624259346
12,10,441,0.6679033907580014
12,10,442,0.6471142423074271
12,10,443,0.6456730974483968
12,10,444,0.6495114823029149
12,10,445,0.652745871980759
12,10,446,0.6546054546229312
12,10,447,0.7033210170403037
12,10,448,0.7210021160415662
12,10,449,0.7034336129836096
12,10,450,0.6831612412030554
12,10,451,0.6790152036556486
12,10,452,0.6625765130724629
12,10,453,0.6444781374852318
12,10,454,0.6403607950803285
12,10,455,0.629624704454484
12,10,456,0.619354810537477
12,10,457,0.6083632644271284
12,10,458,0.5995313642279086
12,10,459,0.5881005497218953
12,10,460,0.5835444855292772
12,10,461,0.5697160951656005
12,10,462,0.566139241338896
12,10,463,0.5753499861924961
12,10,464,0.5563348846513776
12,10,465,0.5398824338377082
12,10,466,0.516034159636196
12,10,467,0.49509771376487055
12,10,468,0.4834912652610809
12,10,469,0.4702835342477211
12,10,470,0.468087985212211
12,10,471,0.44488556115517286
12,10,472,0.44460308460594644
12,10,473,0.4301935682831976
12,10,474,0.4180742960455412
12,10,475,0.4041832406059073
12,10,476,0.4161202204469558
12,10,477,0.4281133429880855
12,10,478,0.4377072633337703
12,10,479,0.44533435628718654
12,10,480,0.45034289200755423
12,10,481,0.4784798330520504
12,10,482,0.46774071415025137
12,10,483,0.4520879754691253
12,10,484,0.4395891726110463
12,10,485,0.4369255775134439
12,10,486,0.4065440742768035
12,10,487,0.3776002765652315
12,10,488,0.3542618190111276
12,10,489,0.32924999458625553
12,10,490,0.3064353251043036
12,10,491,0.28501625358974425
12,10,492,0.26562715026131106
12,10,493,0.2481612038426527
12,10,494,0.23279296671189814
12,10,495,0.21908736339505389
12,10,496,0.20648586798890337
12,10,497,0.19508356342221014
12,10,498,0.18476633159842384
12,10,499,0.17543091419371057
12,10,500,0.16698387921294186
12,20,1,2.298892004533743
12,20,2,4.461022840602762
12,20,3,6.996520566636423
12,20,4,8.78760703748476
12,20,5,9.76400459846248
12,20,6,9.90098532525132
12,20,7,9.988239661981398
12,20,8,10.0
12,20,9,9.946423206333323
12,20,10,10.0
12,20,11,9.967574361837874
12,20,12,9.978144066988003
12,20,13,9.945718428825877
12,20,14,9.978144066988003
12,20,15,9.925965468185524
12,20,16,9.917720984680665
12,20,17,9.956288133976008
12,20,18,9.924579018525618
12,20,19,9.935853501183194
12,20,20,9.989072033494002
12,20,21,9.903069601665202
12,20,22,9.924220757169751
12,20,23,9.935853501183194
12,20,24,9.989072033494002
12,20,25,9.935148723675749
12,20,26,9.95735117283932
12,20,27,9.91604334211221
12,20,28,9.95839110634765
12,20,29,9.947463139841652
12,20,30,9.936535173335653
12,20,31,9.945360167470009
12,20,32,9.924220757169751
12,20,33,9.90378612437694
12,20,34,9.967216100482005
12,20,35,9.935495239827326
12,20,36,9.967574361837874
12,20,37,9.967574361837874
12,20,38,9.978144066988003
12,20,39,9.978144066988003
12,20,40,9.956288133976008
12,20,41,9.935148723675749
12,20,42,9.924925534677195
12,20,43,9.892499896515071
12,20,44,9.945718428825877
12,20,45,9.967574361837874
12,20,46,9.967574361837874
12,20,47,9.978502328343872
12,20,48,9.924220757169751
12,20,49,9.902723085513625
12,20,50,9.914702345678643
12,20,51,9.956646395331877
12,20,52,9.946423206333323
12,20,53,9.957004656687745
12,20,54,9.913292790663752
12,20,55,9.956646395331877
12,20,56,9.902006562801887
12,20,57,9.93479046231988
12,20,58,9.913997568171197
12,20,59,9.914679240323657
12,20,60,9.948827241630203
12,20,61,9.978144066988003
12,20,62,9.967574361837874
12,20,63,9.935506985031617
12,20,64,9.945718428825877
12,20,65,9.935148723675749
12,20,66,9.925607206829655
12,20,67,9.978144066988003
12,20,68,9.956646395331877
12,20,69,9.978144066988003
12,20,70,9.978144066988003
12,20,71,9.91400931337549
12,20,72,9.893539830023398
12,20,73,9.935148723675749
12,20,74,9.946423206333323
12,20,75,9.925607206829655
12,20,76,9.946423206333323
12,20,77,10.0
12,20,78,9.967574361837874
12,20,79,9.913651052019622
12,20,80,9.978502328343872
12,20,81,9.967574361837874
12,20,82,9.95839110634765
12,20,83,9.930629855445595
12,20,84,9.894582470351931
12,20,85,9.886752240189482
12,20,86,9.89768020669548
12,20,87,9.891750140548575
12,20,88,9.889192213270222
12,20,89,9.89768020669548
12,20,90,9.882781447000502
12,20,91,9.886752240189482
12,20,92,9.883654503845934
12,20,93,9.875824273683484
12,20,94,9.860387541249764
12,20,95,9.900478441132089
12,20,96,9.919701888939596
12,20,97,9.937899275124208
12,20,98,9.96827913934532
12,20,99,9.989072033494002
12,20,100,9.967574361837874
12,20,101,9.978502328343872
12,20,102,9.935148723675749
12,20,103,9.935495239827326
12,20,104,9.925965468185524
12,20,105,9.946781467689192
12,20,106,9.894545670456084
12,20,107,9.930629855445595
12,20,108,9.93957691769266
12,20,109,9.896223313024537
12,20,110,9.887981028284916
12,20,111,9.864569520817176
12,20,112,9.856683298668184
12,20,113,9.846795265670515
12,20,114,9.777596372593086
12,20,115,9.787518498666401
12,20,116,9.861069213402224
12,20,117,9.855031379534802
12,20,118,9.857681043849755
12,20,119,9.839069580976512
12,20,120,9.905510436857929
12,20,121,9.890255252133535
12,20,122,9.852973576699581
12,20,123,9.837257124388142
12,20,124,9.842403871549452
12,20,125,9.852973576699581
12,20,126,9.811688851327457
12,20,127,9.843409711982137
12,20,128,9.871997179908222
12,20,129,9.847031458913673
12,20,130,9.866906487666737
12,20,131,9.904467796529396
12,20,132,9.905473636962082
12,20,133,9.894244607530844
12,20,134,9.924925534677197
12,20,135,9.862523746876162
12,20,136,9.896928090531983
12,20,137,9.864502452369857
12,20,138,9.814651273977885
12,20,139,9.795427826170377
12,20,140,9.78462967111264
12,20,141,9.766961797760876
12,20,142,9.787754691909559
12,20,143,9.73056789651564
12,20,144,9.685324816948045
12,20,145,9.709561679901935
12,20,146,9.688709460641485
12,20,147,9.7883987833763
12,20,148,9.8840127652018
12,20,149,9.857681043849755
12,20,150,9.879178715505882
12,20,151,9.882781447000502
12,20,152,9.85384042874569
12,20,153,9.875696361757687
12,20,154,9.822477829446878
12,20,155,9.818634948183698
12,20,156,9.844461674384672
12,20,157,9.844461674384672
12,20,158,9.779263213165331
12,20,159,9.77240584806389
12,20,160,9.709182730980308
12,20,161,9.696830631485705
12,20,162,9.685337336248153
12,20,163,9.678699370067648
12,20,164,9.620242910397334
12,20,165,9.581338346018956
12,20,166,9.501663956317788
12,20,167,9.498971953616214
12,20,168,9.41770248782051
12,20,169,9.380176252073314
12,20,170,9.342237274758096
12,20,171,9.287783427676393
12,20,172,9.247591914496127
12,20,173,9.259215443263383
12,20,174,9.206526991051806
12,20,175,9.202285157966944
12,20,176,9.147364221659172
12,20,177,9.110173702186122
12,20,178,9.082766155562751
12,20,179,9.073304577851008
12,20,180,9.021338281903951
12,20,181,8.966441974520688
12,20,182,8.98367786112144
12,20,183,8.974960379703058
12,20,184,8.983013385163932
12,20,185,8.949200557692885
12,20,186,8.947321308013992
12,20,187,8.894242488412363
12,20,188,8.839952440791274
12,20,189,8.83357749019803
12,20,190,8.873909862707064
12,20,191,8.800247963815885
12,20,192,8.699431195027232
12,20,193,8.625130247927158
12,20,194,8.603299030659748
12,20,195,8.557327766024107
12,20,196,8.5647061672434
12,20,197,8.550271696118932
12,20,198,8.53967868714415
12,20,199,8.484670805763539
12,20,200,8.49771810890963
12,20,201,8.405100874038576
12,20,202,8.402311929322465
12,20,203,8.279748851109389
12,20,204,8.285796395692294
12,20,205,8.14320173725058
12,20,206,8.132117602864831
12,20,207,8.088294795362987
12,20,208,8.054024745239037
12,20,209,8.0266030358618
12,20,210,7.94909487596156
12,20,211,7.878188817745995
12,20,212,7.8673292287732615
12,20,213,7.816605341886075
12,20,214,7.685871723117145
12,20,215,7.672945000499049
12,20,216,7.677971548574944
12,20,217,7.654898338537005
12,20,218,7.569046373651821
12,20,219,7.53328058722135
12,20,220,7.45147502646214
12,20,221,7.364575150324511
12,20,222,7.324931270193345
12,20,223,7.2696587426907096
12,20,224,7.2813975283130326
12,20,225,7.243071238069115
12,20,226,7.133007715468555
12,20,227,7.0852604981037235
12,20,228,7.077395557311991
12,20,229,6.9185628578725415
12,20,230,6.869814961205053
12,20,231,6.830609284489143
12,20,232,6.731028526805872
12,20,233,6.6658247604996275
12,20,234,6.630025325113605
12,20,235,6.600066096878476
12,20,236,6.520062367388102
12,20,237,6.375534336397461
12,20,238,6.2571934078407345
12,20,239,6.277645146246775
12,20,240,6.297592149785349
12,20,241,6.281548279579775
12,20,242,6.275000434608299
12,20,243,6.317706414592782
12,20,244,6.318068619548916
12,20,245,6.323178034975447
12,20,246,6.235088318317435
12,20,247,6.26599323565295
12,20,248,6.224473797802556
12,20,249,6.1461563590798285
12,20,250,6.1866742334220115
12,20,251,6.137832209948265
12,20,252,6.0986775834714555
12,20,253,6.008326678365505
12,20,254,5.964525650176689
12,20,255,5.859306640939066
12,20,256,5.720874816245187
12,20,257,5.642471485149125
12,20,258,5.536290242538339
12,20,259,5.44904100209661
12,20,260,5.422550399047961
12,20,261,5.327711113448007
12,20,262,5.271037235413801
12,20,263,5.2793010224033
12,20,264,5.227684100365408
12,20,265,5.136224092334938
12,20,266,5.055218477139972
12,20,267,5.008214126816473
12,20,268,5.0092013751939275
12,20,269,5.006049564599004
12,20,270,4.991580102776881
12,20,271,4.947908704088817
12,20,272,4.910600650001337
12,20,273,4.873594142200753
12,20,274,4.860579003261946
12,20,275,4.871549826736162
12,20,276,4.892299905003869
12,20,277,4.856593724524806
12,20,278,4.804352873924404
12,20,279,4.781674178578887
12,20,280,4.7451876126294925
12,20,281,4.748111832202792
12,20,282,4.687726100551061
12,20,283,4.645621318369879
12,20,284,4.604014572751818
12,20,285,4.571856725639169
12,20,286,4.510434709022914
12,20,287,4.501212575479628
12,20,288,4.418654719563409
12,20,289,4.350914260548064
12,20,290,4.340969983471827
12,20,291,4.31460225042258
12,20,292,4.220328729490069
12,20,293,4.21715622202729
12,20,294,4.122094949330075
12,20,295,4.074777191162857
12,20,296,4.057304271387578
12,20,297,4.103183371734911
12,20,298,4.077550266729568
12,20,299,4.018491827636523
12,20,300,3.9487070098673582
12,20,301,3.9222069810194156
12,20,302,3.8434383051459458
12,20,303,3.78135010599561
12,20,304,3.7626818758821146
12,20,305,3.77386443109917
12,20,306,3.77620864686462
12,20,307,3.780588402940919
12,20,308,3.745445056595705
12,20,309,3.713753202795656
12,20,310,3.653644140270812
12,20,311,3.644450663927789
12,20,312,3.6185699402799423
12,20,313,3.57487939814886
12,20,314,3.5881720127209884
12,20,315,3.5674345857108762
12,20,316,3.5496342296284085
12,20,317,3.5282400396757123
12,20,318,3.4781067266791825
12,20,319,3.446278428123222
12,20,320,3.415084439133787
12,20,321,3.374065126525321
12,20,322,3.328442450345051
12,20,323,3.271373296237099
12,20,324,3.2509475536340986
12,20,325,3.208277782436437
12,20,326,3.1844046986377657
12,20,327,3.1304712689705414
12,20,328,3.0955042093327134
12,20,329,3.0537410599155126
12,20,330,3.0300655447130724
12,20,331,2.994742770189945
12,20,332,2.953901370078625
12,20,333,2.909975668221132
12,20,334,2.867947471322769
12,20,335,2.8271004446162227
12,20,336,2.8275352766595607
12,20,337,2.786975063055643
12,20,338,2.735402709302004
12,20,339,2.7171138679054896
12,20,340,2.6790497289086477
12,20,341,2.6124943721084857
12,20,342,2.583978918225447
12,20,343,2.575609513228861
12,20,344,2.5948170416982967
12,20,345,2.6309490808381293
12,20,346,2.6364012046209995
12,20,347,2.613039770189919
12,20,348,2.586854506023616
12,20,349,2.588951634899186
12,20,350,2.5913934832250747
12,20,351,2.5823559778184326
12,20,352,2.5760917677833013
12,20,353,2.5651596955021785
12,20,354,2.5522135787827813
12,20,355,2.56839898898049
12,20,356,2.5656734271773143
12,20,357,2.5763672488823186
12,20,358,2.543958158187507
12,20,359,2.5097551930350073
12,20,360,2.4973760042790207
12,20,361,2.466595007842804
12,20,362,2.4669715576916795
12,20,363,2.4418413330573356
12,20,364,2.3973439007627055
12,20,365,2.3546250969558837
12,20,366,2.3257501499424844
12,20,367,2.3098179719060905
12,20,368,2.298022279870069
12,20,369,2.263284404941066
12,20,370,2.2300129559763002
12,20,371,2.209508011308635
12,20,372,2.193572252130286
12,20,373,2.1778241701878653
12,20,374,2.1390150302917923
12,20,375,2.155202892984454
12,20,376,2.192843713856024
12,20,377,2.2010540369886997
12,20,378,2.254603937237766
12,20,379,2.2604578473834898
12,20,380,2.2862005154941465
12,20,381,2.251448946320621
12,20,382,2.2123683118446875
12,20,383,2.1862716633317576
12,20,384,2.171369907898777
12,20,385,2.1411025950839573
12,20,386,2.128702131747483
12,20,387,2.124454620394312
12,20,388,2.1052465367800024
12,20,389,2.0755860710946616
12,20,390,2.082706549973543
12,20,391,2.058420723020339
12,20,392,2.0154409800555713
12,20,393,1.9990015079715062
12,20,394,1.9487460722357375
12,20,395,1.949295654614646
12,20,396,1.9353369907617979
12,20,397,1.9494439370102694
12,20,398,1.9540822607790587
12,20,399,1.927598592918602
12,20,400,1.9236691238802868
12,20,401,1.9019621478057276
12,20,402,1.885020008313009
12,20,403,1.8902812979187595
12,20,404,1.899631778002666
12,20,405,1.8936129109007187
12,20,406,1.8604562399813693
12,20,407,1.8284362553018254
12,20,408,1.8012231026986956
12,20,409,1.752465882666718
12,20,410,1.6883880819763037
12,20,411,1.669805143593734
12,20,412,1.6461544212754438
12,20,413,1.6196818464394889
12,20,414,1.619922841353977
12,20,415,1.6103757200908284
12,20,416,1.571001478834849
12,20,417,1.5434752103589267
12,20,418,1.563387963665197
12,20,419,1.5802239116076287
12,20,420,1.533307122730662
12,20,421,1.5172406612295894
12,20,422,1.4969242498442261
12,20,423,1.478986517299198
12,20,424,1.4809829068636682
12,20,425,1.479274276822127
12,20,426,1.4371331126998332
12,20,427,1.451381119477289
12,20,428,1.4561648264468163
12,20,429,1.4204785202856236
12,20,430,1.4309624915176282
12,20,431,1.4303501975046697
12,20,432,1.433774033777159
12,20,433,1.4195373341157453
12,20,434,1.424833663252628
12,20,435,1.367868091343038
12,20,436,1.3630624288221884
12,20,437,1.3483779741242474
12,20,438,1.3637459873924835
12,20,439,1.36060845545208
12,20,440,1.3611328335612674
12,20,441,1.3489145031750929
12,20,442,1.335698201365871
12,20,443,1.2804028345470426
12,20,444,1.220246356582907
12,20,445,1.1768207053036224
12,20,446,1.1710925293271395
12,20,447,1.174900259763761
12,20,448,1.160560285158699
12,20,449,1.1670330459615366
12,20,450,1.1668368434838854
12,20,451,1.1598790137483423
12,20,452,1.1409297713801625
12,20,453,1.1211615288442807
12,20,454,1.1115586873516976
12,20,455,1.093477963222515
12,20,456,1.0930472918677434
12,20,457,1.08164252282675
12,20,458,1.0814432174390938
12,20,459,1.0526095345751267
12,20,460,1.0091476701364877
12,20,461,0.978324710618068
12,20,462,0.954093137862614
12,20,463,0.9347154670549724
12,20,464,0.9105990329174267
12,20,465,0.883021799715603
12,20,466,0.8527837021210727
12,20,467,0.8079278003112617
12,20,468,0.8013496594977794
12,20,469,0.7905254076305254
12,20,470,0.8122937536603875
12,20,471,0.7785394100007086
12,20,472,0.7945879185776658
12,20,473,0.8026879116334579
12,20,474,0.8172717801780606
12,20,475,0.8619288188399392
12,20,476,0.8941268347173099
12,20,477,0.9138013119128156
12,20,478,0.8929681739794173
12,20,479,0.8785912863524826
12,20,480,0.8525133139724268
12,20,481,0.8169964732778887
12,20,482,0.7838566432408264
12,20,483,0.757537183823325
12,20,484,0.7367925406056686
12,20,485,0.6852331372448954
12,20,486,0.6303613417666374
12,20,487,0.5939253960200631
12,20,488,0.5540459525051697
12,20,489,0.5275672249407033
12,20,490,0.48785894236900934
12,20,491,0.4613789768362259
12,20,492,0.426092474151918
12,20,493,0.3926827576803743
12,20,494,0.36233595578374456
12,20,495,0.33483372003698464
12,20,496,0.31035365833112455
12,20,497,0.28789075976917533
12,20,498,0.26779012969652777
12,20,499,0.24960232748069736
12,20,500,0.23314532348397662
